顧客名簿,,,,,,
,,,,,,
得意先ｺｰﾄﾞ,得意先名称１,郵便番号,住所１,住所２,住所３,電話番号
1,㈱井助商店,600-8066,京都府京都市下京区,柳馬場通五条上る柏屋町344,,075-361-5281
2,㈱アタゴ 丸岡工場*閉,910-0362,福井県坂井市,丸岡町上安田7-12,,0776-67-3140
3,㈱アパレルマシンサービス,915-0052,福井県越前市,矢放町13-12-7,,0778-24-1901
4,㈱アタゴ 本社,918-8005,福井県福井市,みのり4-13-1,,0776-35-3170
6,恵美須薬品化工㈱,540-0037,大阪府大阪市中央区,内平野町3-3-2,,06-6942-0055
7,㈱エフアールスクリーン,916-0084,福井県鯖江市,小泉町31-2-2,,0778-62-1106
8,㈱トーヨー特機 三重営業所,518-0822,三重県伊賀市,問屋町72,,0595-21-5659
9,㈲雨宮商会,920-0341,石川県金沢市,寺中町ﾁ-15-3,,076-268-1181
10,家坂商事㈱,940-0052,新潟県長岡市,神田町3-5-6,,0258-32-1411
11,井上プリーツ㈱,919-0503,福井県坂井市,坂井町長屋71,,0776-66-8282
12,㈱オークラ商事,101-0041,東京都千代田区,神田須田町2-5,ﾔﾏﾓﾄﾋﾞﾙ 4F,03-3252-1751
13,アズウェイ㈱ S&P Division,101-0041,東京都千代田区,神田須田町1-18-6,谷ﾋﾞﾙ 1F,03-5295-1800
14,イシカワ,918-8025,福井県福井市,江守中町1-17,,0776-35-1824
15,榎本産業㈱,640-8425,和歌山県和歌山市,松江北3-2-16,,073-452-8687
17,㈱浅田 本社,236-0003,神奈川県横浜市金沢区,幸浦2-15-10,,045-791-7191
18,㈱イトウ,114-0002,東京都北区,王子2-2-7,,03-3919-3085
20,アワサカ,212-0006,神奈川県川崎市幸区,遠藤町37,,044-544-1262
22,井上クリーニング,916-0051,福井県鯖江市,屋形町1-23,,0778-51-0713
23,岩本ブライダルハウス,910-0016,福井県福井市,大宮3-25-10,,0776-22-8458
24,エフアイニット㈱,939-1118,富山県高岡市,戸出栄町52-5,,0766-63-3065
25,AIT産業,491-0352,愛知県一宮市,萩原町富田方字西の川59,,0586-68-0485
26,㈱Ａｙｌｉｎａ 本社,861-2107,熊本県熊本市東区,秋津新町1-34,ｱﾑｰﾙPOWER.BLD1階,096-331-3330
28,㈲クリーンマスター有賀,918-8075,福井県福井市,羽坂町17-1-7,,0776-37-1855
29,㈱東京丁子,171-0021,東京都豊島区,西池袋1-1-25,東武百貨店池袋店 4F縫製室,03-5951-8010
30,㈱浅田 甲府営業所*閉,400-0049,山梨県甲府市,富竹3-3-7,,055-228-7035
31,石田ランドリー,828-0021,福岡県豊前市,八屋2534-18,,0979-83-2421
32,㈱石澤製作所,990-0301,山形県東村山郡山辺町,山辺2941,,0236-65-7389
33,㈱アルヴァ*禁1311,679-0211,兵庫県加東市,上滝野575,,0795-48-9311
35,㈱三京石田商会,481-0043,愛知県北名古屋市,沖村西ノ郷194,,0568-21-2893
36,アズマ㈱ 本社,111-0056,東京都台東区,小島2-1-1,,03-3865-4861
37,㈱市川,254-0043,神奈川県平塚市,紅谷町14-6,,0463-23-2205
38,㈱エムビーエス,850-0851,長崎県長崎市,古川町6-28,,095-821-5178
39,エンブレム㈱,376-0006,群馬県桐生市,新宿3-7-34,,0277-47-3397
40,いのうえ㈱,653-0024,兵庫県神戸市長田区,浜添通3-3-3,,078-681-0863
41,㈲瀬戸衣裳,973-8402,福島県いわき市,内郷御厩町久世原227,,0246-26-2009
42,㈱ウェディングボックス,860-0803,熊本県熊本市中央区,新市街4-4,ｳｴﾃﾞｨﾝｸﾞﾋﾞﾙ,096-324-5001
43,㈱秋山クリーニング,939-0643,富山県下新川郡入善町,青木1464,,0765-74-1818
44,㈱新木屋,462-0844,愛知県名古屋市北区,清水2-2-7,,052-931-2808
45,ジュンブライダル,611-0025,京都府宇治市,神明石塚1,WING 3F,0774-24-8990
47,大阪ガーデンパレス,532-0004,大阪府大阪市淀川区,西宮原1-3-35,,06-6396-6211
49,㈱エンパイアー東京,174-0051,東京都板橋区,小豆沢1-14-18,,03-3969-5451
52,㈲藤省,111-0043,東京都台東区,駒形1-1-4,ｳｨｽﾀﾘｱﾊｳｽ 303,03-3845-0558
53,三井クリーニング,561-0841,大阪府豊中市,名神口1-7-20,,06-6867-6400
54,㈱不入流,780-8075,高知県高知市,朝倉南町4-18-5,,088-843-6979
55,猪村工業㈱,451-0061,愛知県名古屋市西区,浄心1-8-25,,052-522-2321
57,株式会社　ＯＷＬ　イッツ　　ｵﾘ,212-0004,神奈川県川崎市幸区,小向西町4-25,,044-555-9051
58,㈱大橋製作所,459-8001,愛知県名古屋市緑区,大高町字己新田24-6,,052-624-4745
60,エヌ・エフ・テー技研㈱,535-0004,大阪府大阪市旭区,生江2-1-29,,06-4253-7799
61,小松洗材,932-0115,富山県小矢部市,津沢550,,0766-61-2130
62,㈱平安 マリエール 飯田衣装室,395-0073,長野県飯田市,羽場坂町2346-1,,0265-24-4122
63,㈱いんべクリーニング,020-0864,岩手県盛岡市,西仙北2-5-3,,019-365-2111
65,エリートクリーニング㈱ 本社,511-0002,三重県桑名市,福島916,,0594-22-4777
66,クリーニングよしだ,461-0003,愛知県名古屋市東区,筒井町4-24,,052-936-5852
68,大竹絹織㈱,192-0041,東京都八王子市,中野上町1-26-3,,042-622-8111
69,オクダ商会,496-8034,愛知県愛西市,二子町小判山210,,0567-37-2243
71,㈱オリエンタルクリーニング,090-0818,北海道北見市,本町5-8-9,,0157-24-4925
73,㈱アスト物流サービス,343-0807,埼玉県越谷市,赤山町5-7-52,,048-962-3905
74,伊藤忠テクスマック㈱,154-0004,東京都世田谷区,太子堂2-16-5,ｻｲﾄｳﾋﾞﾙ 5F,03-5430-7781
76,小田巻 詔之,422-8052,静岡県静岡市駿河区,緑が丘町2-40,,054-282-1688
77,㈲扇屋貸衣裳,526-0037,滋賀県長浜市,高田町14-24,,0749-63-8108
78,イーエヌビーシステム㈱,527-0091,滋賀県東近江市,小脇町2295,,0748-25-0388
79,㈲さんわドライ,694-0041,島根県大田市,長久町長久ﾛ78-1,,0854-82-1680
80,㈱よつやドライクリーニング商会,010-1433,秋田県秋田市,仁井田栄町11-8,,018-839-0211
82,㈱川崎彫刻所,918-8018,福井県福井市,大島町山崎207,,0776-38-3600
83,㈱クレア･アパレル,933-0041,富山県高岡市,城東1-2-10,,0766-22-7111
84,河内機料商店,376-0011,群馬県桐生市,相生町3-172,,0277-54-9325
85,総合商社小塚 小塚義信,921-8003,石川県金沢市,玉鉾町ｲ-24-3,,076-291-1677
86,岡市㈱アトリエ,145-0071,東京都大田区,田園調布1-52-13,,03-3722-2805
88,コスコ㈱,929-0121,石川県能美市,吉原釜屋町甲43,,0761-55-1378
89,㈲加藤直商店,466-0021,愛知県名古屋市昭和区,小坂町1-12,,052-733-1177
90,東洋ランドリー㈱,108-0014,東京都港区,芝4-18-3,JTM-26 1F,03-3451-3251
91,㈲和服の勝木,910-0856,福井県福井市,勝見2-12-13,,0776-26-0100
92,㈲小柳商事,321-0132,栃木県宇都宮市,雀の宮4-8-13,,028-654-0806
93,木村化学産業㈱,164-0011,東京都中野区,中央1-35-1,,03-3363-0721
94,㈱グロッツ･ベッケルト･ジャパン,578-0982,大阪府東大阪市,吉田本町2-3-10,,072-967-1700
96,加納商店,470-0162,愛知県愛知郡東郷町,春木白土1-1213,,052-801-5015
97,㈱クロサキ,771-0138,徳島県徳島市,川内町平石流通団地28,,088-665-1590
98,小宮山工房,948-0006,新潟県十日町市,四日町第3,,025-757-0019
100,㈲協立産業,940-1143,新潟県長岡市,片田町西荒田636,,0258-23-1530
101,㈲クリーン機材商事,379-2313,群馬県みどり市,笠懸町鹿35-8,,0277-76-9560
102,㈲兼六,178-0062,東京都練馬区,大泉町3-35-5,,03-3924-6906
103,㈱光栄産業,950-3304,新潟県新潟市北区,木崎1811-6,,025-386-9332
104,喜吉屋,948-0053,新潟県十日町市,錦町1-20,,025-752-3762
105,染色補正 彩徳,169-0075,東京都新宿区,高田馬場4-19-2,,03-3362-5660
110,きんらん,733-0011,広島県広島市西区,横川町1-6-2,,082-231-4915
111,桂由美フランチャイズ愛媛,790-0002,愛媛県松山市,二番町2-7-13,,089-947-0117
112,㈲幾久鶴,624-0923,京都府舞鶴市,魚屋住吉261-26,,0773-75-1991
115,三洋商事㈱ 本社,371-0845,群馬県前橋市,鳥羽町34-1,,027-253-2215
116,三洋商事㈱ 埼玉支店,362-0062,埼玉県上尾市,泉台1-15-6,,048-775-0861
117,三洋商事㈱ 足利支店,326-0064,栃木県足利市,東砂原後町1049-7,,0284-42-4388
120,三共工業㈱,390-0875,長野県松本市,城西1-3-36,,0263-32-2876
121,㈲山陰サービス,680-0941,鳥取県鳥取市,湖山町北1-553,,0857-28-2788
123,周敏織物㈱,376-0013,群馬県桐生市,広沢町5-1336,,0277-53-3612
124,㈱新菱 本社,950-0863,新潟県新潟市東区,卸新町2-916-11,,025-271-5780
125,㈱新菱 五泉営業所,959-1824,新潟県五泉市,吉沢2-137-1,,0250-43-3478
126,㈱新菱 新発田営業所,957-0056,新潟県新発田市,大栄町4-7-9,,0254-22-4223
127,㈱新菱 加茂営業所,959-1381,新潟県加茂市,新栄町5-7,,0256-52-1205
128,㈱新菱 見附営業所,954-0056,新潟県見附市,南本町2-19-33,,0258-62-1912
129,津山グンゼ㈱,708-0013,岡山県津山市,二宮2200,,0868-28-0112
130,㈲小山ミシン商会,110-0016,東京都台東区,台東2-11-2,,03-3834-0386
131,㈱きものセンター 弘前,036-8014,青森県弘前市,南瓦ケ町1,,0172-33-0011
132,㈱きものセンター 青森,030-0113,青森県青森市,第二問屋町4-1-3,,017-729-2222
133,㈱新菱 郡山営業所,963-8032,福島県郡山市,下亀田1-8-102,,024-953-3448
134,㈱ごとういしょう,493-0005,愛知県一宮市,木曽川町里小牧武蔵野178,,0586-87-0007
135,㈲こばやし,696-0103,島根県邑智郡邑南町,矢上105,,0855-95-0022
136,㈲梶谷ニット工業所,929-1105,石川県かほく市,横山ﾀ139-5,,076-285-2135
137,㈱加喜屋ブライダルハウス,768-0067,香川県観音寺市,坂本町2-10-70,,0875-25-3577
138,㈱神尾機材,442-0843,愛知県豊川市,桜町2-5-10,,0533-84-2380
140,トリヤマ洗機工業,651-0076,兵庫県神戸市中央区,吾妻通5-3-8,,078-231-5451
141,近藤貸衣裳店,830-0062,福岡県久留米市,荒木町白口1547-5,,0942-26-4608
142,㈱ブライサルサロン アカシア,760-0061,香川県高松市,築地町14-10,,087-833-3355
143,㈱ひぜん,849-1322,佐賀県鹿島市,浜町開浦282,,0954-63-3131
145,㈱木戸商事,333-0845,埼玉県川口市,上青木西1-16-2,,048-250-3977
146,㈲クリエイティブ,982-0003,宮城県仙台市太白区,郡山8-20-7,ｸﾞﾛｰﾘｰﾊｲﾂ 2-205号,022-246-0951
148,協栄クリーニング,400-0501,山梨県南巨摩郡富士川町,青柳町536-3,,090-3338-3413
149,㈱せんたくクラブﾞ,406-0022,山梨県笛吹市,石和町山崎133-4,,055-263-8881
150,柏屋染色㈱,984-0012,宮城県仙台市若林区,六丁の目中町17-28,,022-288-0676
152,㈱アクア,662-0074,兵庫県西宮市,石刎町7-12,,079-871-2145
153,加藤加工所,501-0232,岐阜県瑞穂市,野田新田4118-3,,058-260-9500
154,㈱黒川クリーニング社,919-0413,福井県坂井市,春江町随応寺20,,0776-51-0264
155,グンゼ産業㈱ 大阪支店機械部,540-0008,大阪府大阪市中央区,大手前1-7-31,OMﾋﾞﾙ,06-944-2619
156,海渡産業㈱ 札幌,003-0021,北海道札幌市白石区,栄通21-4-5,,011-836-3611
158,㈱エムケーニット,534-0002,大阪府大阪市都島区,大東町2-21-3,,06-6923-7772
159,コキュ,150-0033,東京都渋谷区,猿楽町13-1,,
160,㈱タケザキ,135-0053,東京都江東区,辰巳2-4-4,TND 1F,03-3522-8018
162,㈱シーエル,468-0055,愛知県名古屋市天白区,池場1-1305,,052-803-7641
163,有限会社　秀明堂　本店*禁,690-0044,島根県松江市,浜乃木2-15-40,,0852-23-1031
165,㈱シラカワ 本社,103-0002,東京都中央区,日本橋馬喰町1-13-11,,03-3663-1701
166,㈱シラカワ 足利営業所,326-0333,栃木県足利市,問屋町1177-18,,0284-72-2611
167,㈱シラカワ 一関営業所*閉　2025.11,021-0041,岩手県一関市,赤荻字雲南185-1,,0191-25-2131
168,㈱シラカワ 秋田営業所,010-0802,秋田県秋田市,外旭川字三千刈14-1,,018-864-1121
169,㈱シラカワ 山形営業所,990-0071,山形県山形市,流通センター2-10-7,,0236-33-3993
170,㈱シラカワ 郡山営業所,963-8832,福島県郡山市,山根町5-20,,024-933-0600
171,㈱シラカワ 盛岡営業所,020-0839,岩手県盛岡市,津志田南2-11-53,,019-637-5051
172,㈱シラカワ 諫早営業所,854-0001,長崎県諫早市,福田町1-9,,0957-23-3111
173,㈱シラカワ 笠間営業所,309-1625,茨城県笠間市,来栖140,,02967-2-7555
174,㈱シラカワ 弘前営業所,036-0524,青森県黒石市,緑ケ丘24,,0172-40-2181
175,㈱シラカワ 横手営業所,013-0072,秋田県横手市,卸町1-1,,0182-33-6011
176,㈱シラカワ 水沢営業所,023-0825,岩手県奥州市,水沢台町2-54,,0197-23-3141
177,㈱シラカワ 鷹巣営業所,018-3301,秋田県北秋田市,綴子掛泥道上111-2,,018-662-4711
178,㈱シラカワ 鶴岡営業所,997-0012,山形県鶴岡市,道形字二ツ屋61-4,,0235-23-6911
179,㈱シラカワ 札幌営業所,003-0827,北海道札幌市白石区,菊水元町七条1-6-23,,011-873-6471
181,㈱サンストーン アニエス会津*閉2023.11.30,965-0846,福島県会津若松市,門田町飯寺字村西817,,0242-29-7214
182,㈱SHIND,919-0614,福井県あわら市,伊井11-1-1,,0776-73-2211
183,サンオーシャン㈱,530-0001,大阪府大阪市北区,梅田2-4-34,,06-343-0825
184,鈴木産業㈱,615-8237,京都府京都市西京区,山田中吉見町5-6,,075-392-7577
185,㈲坂井商会,463-0021,愛知県名古屋市守山区,大森1-1603,,052-798-2161
186,ワタベウエディング㈱ 仙台東口店,983-0852,宮城県仙台市宮城野区,榴岡4-1-5,仙台ｶﾞｰﾃﾞﾝﾊﾟﾚｽ内 5F,022-292-3171
188,伸和商事㈱ 加古川工場,675-0057,兵庫県加古川市,東神吉町神吉1181-1,,079-431-4671
189,三京商会,462-0014,愛知県名古屋市北区,楠味鋺ﾏ5-2302,,052-901-8862
190,㈱篠崎衣裳店,327-0831,栃木県佐野市,浅沼町535-3,,0283-23-1122
191,㈲セイコー産業,712-8031,岡山県倉敷市,福田町浦田1502-41,,086-426-6352
192,㈱千昌,335-0011,埼玉県戸田市,下戸田1-15-15,,048-442-2221
194,㈱シラカワ 金沢営業所,920-0056,石川県金沢市,出雲町ｲ448,,076-264-4081
195,内藤ドライ,697-0031,島根県浜田市,紺屋町48,,0855-23-1450
197,渋谷ミシン商会,020-0878,岩手県盛岡市,肴町10-1,,019-651-0100
198,㈱ジョイントプラザマリオ,394-0011,長野県岡谷市,長地権現町3-2-45,,0266-28-8740
200,IMSテクノ㈱ テキスタイル部門,503-2303,岐阜県安八郡神戸町,安次700,,0584-27-4151
201,㈱フェイズ,150-0001,東京都渋谷区,神宮前3-39-9,HILL'S AOYAMA 1F,03-6447-2840
202,㈲鈴屋クリーニング,195-0074,東京都町田市,山崎町1343,,042-792-3557
204,㈱レッジーナミラ,650-0002,兵庫県神戸市中央区,北野町2-8-9,異人館倶楽部ﾊﾟｰﾄⅡ 3F,078-855-8188
206,㈱シャンデール,630-8106,奈良県奈良市,佐保台西町196,,0742-72-1250
207,ひかり商事㈱,910-0854,福井県福井市,御幸4-21-10,,0776-24-3111
208,㈲H&F,561-0841,大阪府豊中市,名神口1-8-2,,06-6867-6161
209,セーレン㈱,918-8003,福井県福井市,毛矢1-10-1,,0776-35-2121
210,㈱シスト長野,380-0948,長野県長野市,差出南2-16-17,,026-228-5987
211,㈱サン･ブライダル,332-0012,埼玉県川口市,本町4-5-26,ｷｬﾒﾘｱ110,048-224-8228
212,今井　健司,153-0051,東京都目黒区,上目黒2-47-7,,03-3713-5612
213,㈱制服のフジ,737-0046,広島県呉市,中通1-1-21,,0823-21-7731
214,コウノドライ 高野和之,956-0101,新潟県新潟市秋葉区,小須戸1045,,0250-38-2757
215,㈱マリエールウィル高崎 衣裳室,370-0069,群馬県高崎市,飯塚町1357-6,,027-363-2241
216,㈱ベルセレマ衣裳室 高岡,933-0902,富山県高岡市,向野町3-5-54,,0766-22-5128
217,齋藤機料店,376-0002,群馬県桐生市,境野町5-350,,0277-44-4825
218,㈱昭和商事,537-0012,大阪府大阪市東成区,大今里2-33-4,,06-6975-8844
219,ジェイ･エス･スクリーン㈱,918-8231,福井県福井市,問屋町1-207,,0776-26-2454
220,㈲芹澤ミシン商会,959-1834,新潟県五泉市,木越1895-1,,0250-43-2451
221,横田　和秀,103-0005,東京都中央区,日本橋久松町5-14,日伸ﾊｲﾂ,
222,㈱シャンテ,460-0003,愛知県名古屋市中区,錦3-21-21,,052-957-7655
223,サイトウ商事㈱,520-0065,滋賀県大津市,稲葉台29-8,,077-526-4125
224,SE 洗機,669-3128,兵庫県丹波市,山南町金屋282-1,,079-577-2048
225,㈱花みやび佳,920-0853,石川県金沢市,本町1-5-1,ﾘﾌｧｰﾚ1F,076-233-3064
226,㈱エルベ,711-0936,岡山県倉敷市,児島柳田町584,,086-473-4811
227,㈲三和化学工業所,921-8841,石川県野々市市,郷町2-141,,076-248-5205
228,㈲シルバークリーナース,080-0111,北海道河東郡音更町,木野大通東13-2-44,,0155-31-2033
230,㈱ベルセレマ,920-0364,石川県金沢市,松島1-30,,076-240-1105
231,㈱タケダレース,910-0831,福井県福井市,若栄町601,,0776-54-3440
232,津田レース㈱,910-0245,福井県坂井市,丸岡町谷町2-2,,0776-66-2515ｶｲ
233,スタジオ フォトキッズ パルル,064-0809,北海道札幌市中央区,南九条西15,,011-563-5633
234,㈱東亜染織,670-0092,兵庫県姫路市,新在家本町5-1-24,,079-292-0601
235,中央精機工業㈱,933-0838,富山県高岡市,北島428-2,,0766-25-1330
236,㈱タケモト,939-1104,富山県高岡市,戸出町3-5-12,,0766-63-2358
237,多田薬品工業㈱,933-0958,富山県高岡市,波岡188番地,,0766-24-7300
238,東洋クリーン販売㈱,502-0935,岐阜県岐阜市,萱場東町2-28,,058-232-3651
239,㈱デプロ,918-8003,福井県福井市,毛矢1-10-1,,0776-35-2118
240,渡海商事,919-0463,福井県坂井市,春江町江留上昭和120-2,,0776-51-2536
241,㈱南愛知冠婚葬祭互助会,475-0925,愛知県半田市,宮本町6-215-1,,0569-21-2222
242,オークス㈱ アンベール,939-8211,富山県富山市,二口町1-8-10,,
243,㈲竹内商会,346-0007,埼玉県久喜市,久喜北2-11-1,,0480-21-0471
244,アップルウエディングストーリー,321-0952,栃木県宇都宮市,泉が丘3-30-11,,028-662-4825
245,㈲中日,488-0822,愛知県尾張旭市,緑町緑ケ丘123-58,,0561-53-3346
246,㈲敦賀屋,910-0142,福井県福井市,上森田1-405,,0776-56-0245
247,㈱中部洗機 本社,416-0946,静岡県富士市,五貫島321,,0545-64-6700
248,㈱中部洗機 静岡営業所,420-0911,静岡県静岡市葵区,瀬名1-13-24,,054-261-1675
249,㈱中部洗機 沼津営業所,410-0012,静岡県沼津市,岡一色18-3,,055-924-8462
250,㈱太成 本社,130-0025,東京都墨田区,千歳2-13-4,跳豊ﾋﾞﾙ2F,03-3634-1826
251,㈱太成 横手営業所,013-0064,秋田県横手市,赤坂字荒沼129-2,,0182-32-8156
252,㈱太成 弘前ＣＰ,038-3644,青森県北津軽郡板柳町,横沢字花岡67,,0172-79-1505
253,㈲大栄ミシン工業,920-0015,石川県金沢市,諸江町上丁551-2,,076-262-6922
254,㈱ダイヤ服飾 五泉支店,959-1837,新潟県五泉市,寺沢1-5-7,,0250-42-0101
255,㈲ドルチェ,515-0075,三重県松阪市,新町565,,0598-21-0345
256,㈱トーヨー特機 浜松本社,433-8111,静岡県浜松市中央区,葵西5-14-10,,053-439-5755
257,㈲田崎染工,862-0950,熊本県熊本市中央区,水前寺1-18-23,,096-384-2266
259,十倉衣裳店,675-0065,兵庫県加古川市,加古川町篠原町3-1-1,,079-423-2882
260,タカラ産業㈱,520-1501,滋賀県高島市,新旭町旭714-6,,0740-25-2569
261,㈲茶堂,715-0019,岡山県井原市,井原町390-2,,0866-62-4241
262,㈱たかさわ,957-0056,新潟県新発田市,大栄町1-2-3,,0254-22-4238
263,徳用しみ抜き店,920-0831,石川県金沢市,東山3-13-1,,076-252-9085
266,帝国繊維㈱ 鹿沼工場 生産課,322-0032,栃木県鹿沼市,府所本町197,,0289-62-2121
267,㈱ツーエム化成,579-8005,大阪府東大阪市,元町2-3-60,,072-988-0771
268,太洋商事㈱,929-0115,石川県能美市,下ノ江町ﾎ88-1,,0761-55-8138
269,中国アイエイ㈲,738-0042,広島県廿日市市,地御前2-5-25,,0829-36-5603
270,ときめきブライサルサロン㈱,910-0016,福井県福井市,大宮3-69,,0776-21-5011
271,轟産業㈱ 浜松出張所,430-0807,静岡県浜松市中区,佐藤1-31-15,,053-462-6771
272,㈱タグチ,494-0002,愛知県一宮市,篭屋2-1-16,,0586-45-3316
273,㈱多田商店,910-0134,福井県福井市,上野本町2-9-1,,0776-56-3939
274,㈲種産業,931-8332,富山県富山市,森821,,076-437-9214
275,㈱タケダ,979-0201,福島県いわき市,四倉町字西2-4-2,,0246-32-2683
276,㈱東宏商会,104-0041,東京都中央区,新富1-13-23,ﾐﾂﾔ第五ﾋﾞﾙ,03-3555-8160
277,ティー･エフ･シー㈱ 亀島工場,453-0012,愛知県名古屋市中村区,井深町1-1,新名古屋ｾﾝﾀｰ本陣街121号,070-6975-9979
278,田中紋屋,915-0823,福井県越前市,本町1-12,,0778-24-2356
279,㈱第一ドライ,379-0116,群馬県安中市,安中4-11-30,,027-382-1381
282,㈱タカハシ,791-8016,愛媛県松山市,久万ノ台284-4,,089-926-2533
283,東機㈱,921-8025,石川県金沢市,増泉2-7-37,,076-247-2820
285,㈱同仁社,960-0405,福島県伊達市,一本木67,,024-584-2191
286,ブランピュール敦賀店,914-0811,福井県敦賀市,中央町1丁目5-5,MEGAﾄﾞﾝ･ｷﾎｰﾃUNY敦賀店2F,0770-25-8600
287,エベレストクリーナーズ,152-0004,東京都目黒区,鷹番2-4-7,,03-3713-9183
288,アクロストランスポート㈱,243-0411,神奈川県海老名市,大谷3905,海老名ANｾﾝﾀｰ 1F,046-232-3747
290,㈱千葉ソーイング,299-1112,千葉県君津市,泉163-7,,0439-32-5022
292,マリアージュ㈱東亜衣裳,491-0804,愛知県一宮市,千秋町佐野72,,0586-76-0233
293,東北かながわ㈱ 岩手営業所,024-0051,岩手県北上市,相去町相去61-2,,0197-71-2211
294,㈱ｸﾗｳﾃﾞｨｱ ｺｽﾁｭｰﾑｻｰﾋﾞｽ,983-0834,宮城県仙台市宮城野区,松岡町57-2,,022-299-4663
296,㈱宝衣裳,500-8267,岐阜県岐阜市,茜部寺屋敷3-324,,058-274-5839
298,㈱大地会館,996-0023,山形県新庄市,沖の町5-64,,0233-23-1151
299,田中刺繍産業㈱,602-8058,京都府京都市上京区,東堀川通上長者町上る2-31,,075-414-2271
301,㈱日商,195-0064,東京都町田市,小野路町3177-1,,042-860-2903
302,ナゴヤホールセール㈱,462-0063,愛知県名古屋市北区,丸新町349,,052-901-6400
303,日本スリーナック㈱,112-0002,東京都文京区,小石川5-16-10,,03-3811-2020
304,㈱プロフィット,146-0092,東京都大田区,下丸子1-12-4 3F,,03-3759-7501
305,クロス工業㈱ 能登工場,927-1217,石川県珠洲市,上戸町南方ﾍ42,,0768-82-1288
306,日本彫刻㈱ 福井,918-8012,福井県福井市,花堂北1-15-25,,0776-34-1513
307,㈱日本衣裳,617-0826,京都府長岡京市,開田4-33-30,,075-953-0923
308,㈱二条丸八 つくば工場,300-2736,茨城県常総市,孫兵ヱ新田169-2,,0297-43-8100
310,㈱ナガサキ,390-0813,長野県松本市,埋橋1-6-2,,0263-32-1248
311,新栄物流㈱,655-0852,兵庫県神戸市垂水区,名谷町横尾1787-1,,078-707-2327
312,長倉プレス,311-3151,茨城県東茨城郡茨城町,木部922-3,,029-292-8603
313,ホウジツ㈱,912-0051,福井県大野市,日吉町5-21,,0779-66-2192
316,西野染色補正店,920-0853,石川県金沢市,本町2-4-26,,076-222-7158
317,㈱名古屋機料店,460-0008,愛知県名古屋市中区,栄1-9-22,,052-231-6526
318,ナスコ㈱,534-0021,大阪府大阪市都島区,都島本通4-17-8,,06-6923-3810
319,能登サイジング㈱,925-0623,石川県羽咋市,本江町ｶ部28-1,登録情報要確認,07672-6-0551
320,にしきや 本店,680-0061,鳥取県鳥取市,立川町6-612,,0857-22-4505
321,㈱平安 エスタシオン･プラザ平安,410-0022,静岡県沼津市,大岡2170-1,,055-929-7770
322,信和クリーニング,490-1133,愛知県海部郡大治町,八ツ屋山畔70,,052-431-5776
323,㈲西陣,794-0802,愛媛県今治市,南鳥生町3-2-19,,0898-25-2330
324,七塚女性会 衣裳室,929-1173,石川県かほく市,遠塚ﾛ52-10,かほく市七塚健康福祉ｾﾝﾀｰ2F,076-285-1658
325,ニチセン工業㈱,919-0461,福井県坂井市,春江町江留上緑13-1,,0776-51-1365
328,㈱西内商店,770-0868,徳島県徳島市,福島1-7-24,,088-622-5522
329,㈱平安閣 美翔苑 四間道,451-0042,愛知県名古屋市西区,那古野1-34-3,,052-462-8073
330,中村商会,880-0841,宮崎県宮崎市,吉村町大町甲1981,,0985-25-3451
331,橘角,455-0811,愛知県名古屋市港区,善進町2-30,,052-381-5631
334,ヤマエンタープライズ㈱,810-0021,福岡県福岡市中央区,今泉1-22-20,ｱﾍﾞﾆｭｰ天神ﾋﾞﾙ 4F,092-722-6905
335,㈱野口染舗,003-0808,北海道札幌市白石区,菊水八条2-2-9,,011-811-3816
336,㈲ラ･ヴィ錦衣裳,426-0018,静岡県藤枝市,本町1-4-32,,054-643-4522
337,西出商会,597-0071,大阪府貝塚市,加神1-24-6,,072-432-4044
338,㈱ニッセン 酒田支店,998-0006,山形県酒田市,ゆたか3丁目7-9,,0234-25-1853
339,㈲名古屋丸八互助会,460-0007,愛知県名古屋市中区,新栄2-19-5,,052-251-0811
340,新川産業㈱ 中田様,930-0362,富山県中新川郡上市町,稗田3,,076-472-1122
343,㈱ニッセン 行田支店,361-0021,埼玉県行田市,富士見町2-1-6,,048-554-4481
344,野村被服㈱,797-1212,愛媛県西予市,野村町野村1-439,,0894-72-0478
345,アイナックス稲本㈱ 東北支店,024-0022,岩手県北上市,黒沢尻3-2-5,,0197-65-7051
346,㈱根本クリーニング商会,270-0132,千葉県流山市,駒木508-4,,04-7155-0030
347,㈱橋場グランド社,166-0012,東京都杉並区,和田1-10-4,,03-3382-6741
348,㈱ベルコ,085-0034,北海道釧路市,白金町6-1,,0154-31-1200
349,富士総業㈱,373-0806,群馬県太田市,龍舞町998,,0276-47-1251
350,福井特殊硝子㈲,910-0004,福井県福井市,宝永1-9-7,,0776-21-2660
352,林機材㈱,910-0004,福井県福井市,宝永1-32-10,,0776-21-4885
354,ブロン㈱,232-0064,神奈川県横浜市南区,別所1-15-20,,045-712-3091
356,㈱ハヤカワ,910-0001,福井県福井市,大願寺1-6-3,,0776-23-0037
357,堀内機料㈲,193-0812,東京都八王子市,諏訪町298-12,,0426-51-4566
358,㈱日の出衣裳店 マリーマリエ,918-8023,福井県福井市,西谷1-1220,,0776-33-2272
359,ヒット工業㈱,915-0811,福井県越前市,本多3-9-19,,0778-23-2222
360,ビガ－㈱,916-0001,福井県鯖江市,吉江町12-35-2,,0778-52-9522
362,大堀クリーニング店,950-3126,新潟県新潟市北区,松浜7-24-22,,025-259-4717
363,岡本クリーニング店,822-1101,福岡県田川郡福智町,赤池441-106,,0947-28-2957
364,㈲協栄クリーニング,062-0934,北海道札幌市豊平区,平岸四条4-24,,011-831-2521
366,川俣精練㈱,960-1422,福島県伊達郡川俣町,新中町84,,024-565-2511
367,㈱カネコー,457-0014,愛知県名古屋市南区,呼続3-14-16,,052-822-1805
368,トヨネン㈱,441-8074,愛知県豊橋市,明海町5-77,,0532-23-6655
369,トーア物産㈱,762-0003,香川県坂出市,久米町2-4-28,,0877-46-7019
373,㈱中川衣裳 ビバーチェ,526-0053,滋賀県長浜市,宮前町6-18,,0749-63-0912
374,北陽㈱,911-0032,福井県勝山市,芳野町1-2-7,,0779-88-5600
375,㈱花嫁企画センター,300-3572,茨城県結城郡八千代町,菅谷637-1,,0296-48-1213
376,堀 伸市,955-0071,新潟県三条市,本町2-17-2,,0256-32-1103
377,エベレストクリーニング,121-0053,東京都足立区,佐野2-35-11,,090-2228-1985
378,㈲二木調整店,920-0831,石川県金沢市,東山3-11-7,,076-252-2323
379,ワタベウエディング㈱ 広島北口店,732-0052,広島県広島市東区,光町1-15,広島ｶﾞｰﾃﾞﾝﾊﾟﾚｽ 3F,082-568-9700
380,㈱平安閣,416-0907,静岡県富士市,中島535-4,,0545-64-1122
381,宮崎クリーニング 宮崎敏光,557-0061,大阪府大阪市西成区,北津守4-5-17,,06-6568-4359
382,あさりクリーニング,030-0962,青森県青森市,佃2-8-20,,017-743-3808
383,㈱ヒットユニオン武生,915-0056,福井県越前市,向新保町12-5,,0778-23-5620
384,ブライダル コア伊谷,680-0022,鳥取県鳥取市,西町3-107,,0857-22-4382
385,フジミ機材,379-2154,群馬県前橋市,天川大島町1-16-5,,027-243-3541
386,㈱ジャパン,918-8104,福井県福井市,板垣3-1323,,0776-34-3705
387,㈲張正,640-8067,和歌山県和歌山市,一筋目4,,073-428-0555
388,㈱フレシャン,700-0977,岡山県岡山市北区,問屋町22-102,,086-241-7693
390,㈱富士スクリーン工芸,929-0122,石川県能美市,大浜町ﾗ-82-2,,0761-55-3621
391,ヤマモ･フォーマル,955-0081,新潟県三条市,東裏館2-19-13,,0256-46-8449
392,㈲ホクセン商会,918-8025,福井県福井市,江守中1丁目101,江守ｾﾝﾀｰﾋﾞﾙ205,0776-36-2142
393,ワタベウエディング㈱ 八幡店,523-0891,滋賀県近江八幡市,鷹飼町1481,ﾎﾃﾙﾆｭｰｵｳﾐ衣装室内,0748-32-4111
396,㈲ふじや衣裳店,368-0043,埼玉県秩父市,中町10-6,,0494-23-3456
398,㈱エスクリ,915-0803,福井県越前市,平出2-1-5,,0778-21-1956
399,ビクター商事㈱,466-0046,愛知県名古屋市昭和区,広見町3-42-1,,052-853-3471
400,㈲フジヰ洗染機械,920-0953,石川県金沢市,涌波1-2-7,,076-262-7403
402,㈱七福人,023-0003,岩手県奥州市,水沢佐倉河慶徳44-1,,0197-23-8555
403,㈲ひよしや 本社,780-0822,高知県高知市,はりまや町2-11-20,,088-882-9611
404,㈱林商会,451-0052,愛知県名古屋市西区,栄生2-7-9,,052-551-6127
405,㈱Ａｙｌｉｎａ アイリーナat天草,869-3602,熊本県上天草市,大矢野町上2320-1,,0964-56-1488
406,㈲丸豊,441-1231,愛知県豊川市,一宮町宮前158-1,,0533-93-5123
407,㈱ピアベ－ル,683-0805,鳥取県米子市,西福原728-2,,0859-33-4338
408,桂由美 フランチャイズ岡山,703-8256,岡山県岡山市中区,浜608-1,,086-270-5611
409,㈱服部家具センター,455-0868,愛知県名古屋市港区,南陽町西福田源蔵池56,,052-303-0003
410,日乃出縫工㈱,675-0037,兵庫県加古川市,加古川町本町2-29-1,登録情報要確認,079-422-2481
411,㈲錦屋衣裳店 ベニール錦屋,880-0031,宮崎県宮崎市,船塚2-6-2,,0985-26-1701
412,ピュアフル松山,790-0066,愛媛県松山市,宮田町132,勤労会館内,089-945-6011
413,萩原トップサービス,806-0059,福岡県北九州市八幡西区,萩原1-6-3,,093-641-3997
414,㈱ブライダルハウス チュチュ,064-0801,北海道札幌市中央区,南一条西２８丁目,ｴｽﾃﾗ2F,011-613-0202
415,日の出ドライクリーニング㈱ 本社,116-0001,東京都荒川区,町屋4-20-8,,03-3892-5050
416,㈲竹野クリーニング,640-8392,和歌山県和歌山市,中之島1119,,073-422-6884
417,本田美容室　衣裳室,881-0034,宮崎県西都市,妻町3-1,,0983-43-1746
418,平田クリーニング,933-0878,富山県高岡市,東上関126,南田町駅南口,0766-22-5191
419,㈱白水舎,610-0112,京都府城陽市,長池北清水49-1,,0774-52-0129
420,ブライダルエミ,509-7205,岐阜県恵那市,長島町中野260-5,,0573-26-0657
421,㈲やまもと,671-1203,兵庫県姫路市,勝原区丁501-1,,079-273-7660
422,ブライダルギャラリー,808-0103,福岡県北九州市若松区,二島2-2-12,,093-791-0808
424,㈱フジミドレス,103-0013,東京都中央区,日本橋人形町2-13-9,津田ﾋﾞﾙ4F,
425,㈱ジュノ ヴァレリー＆ディレック,520-0043,滋賀県大津市,中央2丁目1-13,,077-511-2589
426,守口玉姫殿 衣裳部,570-0093,大阪府守口市,浜町1-7-11,,06-6996-3304
427,グランアーモTAMAHIME衣裳部　*閉,530-0014,大阪府大阪市北区,鶴野町4-16,,06-6374-1872
429,㈱丸三,900-0012,沖縄県那覇市,泊1-29-4,,098-943-6440
430,マジカ㈱,541-0056,大阪府大阪市中央区,久太郎町1-9-8,,06-6262-4310
432,丸岡テキスタイル㈱,910-0313,福井県坂井市,丸岡町内田15-6,,0776-66-6060
433,美ツ和商事㈱,923-0004,石川県小松市,長崎町2-116,,0761-23-5566
434,宮越ニット㈱,910-0381,福井県坂井市,丸岡町舟寄91-11,,0776-66-0566
436,ミシマ㈱,451-0062,愛知県名古屋市西区,花の木1-10-21,,052-521-4391
437,丸福染洗工業㈲,933-0866,富山県高岡市,清水町1-6-20,,0766-23-9000
438,㈲千代屋,625-0035,京都府舞鶴市,溝尻1119,,0773-62-2412
439,㈲丸幸,922-0334,石川県加賀市,西島町ﾙ17-1,,07617-7-2828
440,㈱M.C.S,733-0812,広島県広島市西区,己斐本町2-15-20,,082-272-8220
441,㈲ニュースター,355-0033,埼玉県東松山市,山崎町1-29,,0493-24-8636
442,㈲ミッキーのクリーニング,689-0331,鳥取県鳥取市,気高町浜村783-275,,0857-82-0848
444,㈲森山機材,950-0167,新潟県新潟市江南区,五月町2-3-46,,025-382-4907
445,松井編織㈱,910-0152,福井県福井市,古市2-3-16,,0776-56-0622
446,第一クリーニング,372-0842,群馬県伊勢崎市,馬見塚町906-3,,0270-32-0323
447,㈱松屋 R&D,912-0071,福井県大野市,鍬掛20-1-1,,0779-662096
448,ロイヤルネットワーク㈱ 管理部,998-0031,山形県酒田市,浜田1-7-20,,0234-21-1888
450,高島織物㈱,603-8227,京都府京都市北区,紫野北舟岡町20,,075-431-6111
451,㈱藤屋,421-1221,静岡県静岡市葵区,牧ケ谷2092,,054-276-2332
453,㈲森山機料店,911-0033,福井県勝山市,栄町4-3-61,,0779-87-1155
454,㈱モリチクリーニング,040-0052,北海道函館市,大町3-14,,0138-23-0935
456,㈱ミツヤ,910-0108,福井県福井市,山室町69-1,,0776-55-1055
457,メルパルク横浜 購買課,231-0023,神奈川県横浜市中区,山下町16,,045-662-2221
458,㈲浜松資機,435-0042,静岡県浜松市東区,篠ケ瀬町415-1,,053-423-1550
459,皆川紋章店,300-0044,茨城県土浦市,大手町10-15,,029-821-1561
460,㈲マルイチ,506-0006,岐阜県高山市,神田町1-56,,0577-36-0101
461,みやこ衣裳,930-0966,富山県富山市,石金3-5-21,,076-424-1107
462,㈱明和商会,451-0025,愛知県名古屋市西区,上名古屋1-2-6,,052-521-4237
463,㈲マルワパッケージ,710-0834,岡山県倉敷市,笹沖546-4,,086-426-5687
464,㈱真砂,226-0012,神奈川県横浜市緑区,上山3-34-33,,045-933-3005
465,㈱マルセイ,309-1107,茨城県筑西市,門井1722-8,,0296-57-7383
466,まえ川しみぬき店,920-0015,石川県金沢市,諸江町上丁274-16,,076-263-7127
467,ミツダクリーニング店,536-0004,大阪府大阪市城東区,今福西5-10-3,,
468,まえはた貸衣裳,676-0065,兵庫県高砂市,高砂町細工町1377,,079-443-6125
469,明珍クリーニング,918-8001,福井県福井市,つくも2-1-21,,0776-36-2810
470,㈲日研社,354-0041,埼玉県入間郡三芳町,藤久保266-18,,049-259-3660
472,㈲丸栄機料店,940-0225,新潟県長岡市,仲子町2-28,,0258-52-3691
473,宮城第一ホテル 衣裳室,983-0851,宮城県仙台市宮城野区,榴ケ岡1-2-45,,022-297-4417
474,みやび㈱ 横浜,221-0052,神奈川県横浜市神奈川区,栄町2-9,東部ﾖｺﾊﾏﾋﾞﾙB-1,045-453-5661
475,㈲丸東衣裳店,850-0832,長崎県長崎市,油屋町1-33,不二商事,095-823-0660
476,ブライダルサロン,410-0053,静岡県沼津市,寿町5-3,,055-923-8558
477,丸善ドライクリーニング,070-0823,北海道旭川市,緑町15-3020-4,,0166-54-8919
479,ピュアリティまきび 衣裳部,700-0907,岡山県岡山市北区,下石井2-6-41,公立学校共済組合岡山宿泊所,086-232-0511
480,㈲松本商店,699-0501,島根県出雲市,斐川町学頭820,,0853-72-0029
482,丸佐ニット㈱,481-0006,愛知県北名古屋市,熊之庄六の坪78,,0568-22-1719
483,みつむらクリ－ニング,923-0942,石川県小松市,桜木町17,,0761-22-0478
485,メルパルク東京 衣裳室,105-0011,東京都港区,芝公園2-5-20,,03-3433-7210
486,ハートフィールドドレスサロン,411-0903,静岡県駿東郡清水町,堂庭250-1,,055-971-1110
487,㈲むらまつリーベリー,444-0011,愛知県岡崎市,欠町字足延41-1,,0564-26-3323
489,㈲特選貸衣裳 三喜,700-0013,岡山県岡山市北区,伊福町4-1-3,,086-252-5772
490,松本繊維機械店,376-0041,群馬県桐生市,川内町5-297-5,,0277-65-7338
491,クリーニングﾞ工房 T&T,125-0061,東京都葛飾区,亀有1-24-7,,03-5380-9536
494,ミムラセンリョウ㈱,602-8158,京都府京都市上京区,中務町490-102,,075-777-7443
495,㈱宮商,308-0847,茨城県筑西市,玉戸1013-1,,0296-28-2141
496,マルテック㈱,627-0122,京都府京丹後市,弥栄町芋野船岡,,0772-65-3388
497,モード被服㈱,480-0103,愛知県丹羽郡扶桑町,柏森辻田4,,0587-93-2661
498,前口紋上絵店,920-0901,石川県金沢市,彦三町2-10-23,,076-231-4763
499,㈲前田特機,840-0027,佐賀県佐賀市,本庄町本庄1278-2,,0952-26-3942
500,㈱フェリス*2250,392-0012,長野県諏訪市,四賀2218-5,,0266-53-4441
501,㈾山鐡,916-0017,福井県鯖江市,神明町1-1-18,,0778-51-2818
503,㈱やなぎ衣裳店,120-0034,東京都足立区,千住3-34,,03-3881-0489
504,吉田産業㈱,916-0088,福井県鯖江市,川去町4-1,,0778-52-0666
505,㈱横山工芸,918-8051,福井県福井市,桃園2-1-40,,0776-36-6720
506,山田ニット技術サービス,501-3263,岐阜県関市,広見千代ケ丘2378-14,,05752-4-0644
507,㈱福井機工,602-8408,京都府京都市上京区,古美濃部町185,,075-451-2222
508,やすざわ,920-0214,石川県金沢市,三ツ屋町ｲ68-3,,076-239-0700
509,㈱山全商会,454-0011,愛知県名古屋市中川区,山王1-4-13,,052-321-3338
510,横井ミシン㈱,450-0002,愛知県名古屋市中村区,名駅5-23-21,,052-582-6051
511,横山進洋舎,920-0331,石川県金沢市,大野町4ﾘ159,金沢港横,076-267-0645
512,㈱山田修整 福井,918-8024,福井県福井市,舞屋町6-19,,0776-33-3838
513,山瀬 実,927-0433,石川県鳳珠郡能登町,宇出津21,,0768-62-1258
514,山崎重機㈱,326-0044,栃木県足利市,助戸1-666-1,,0284-41-6148
515,米島染色補正店,920-0831,石川県金沢市,東山3-10-5,,076-252-7591
516,吉岡謹染料店,604-8811,京都府京都市中京区,壬生賀陽御所町86-5,,075-812-0505
517,㈱山田修整 大阪,564-0062,大阪府吹田市,垂水町1-13-10,,06-6339-4747
518,マリエ･やしろ㈱ 松江本店,690-0001,島根県松江市,東朝日町150-26,ﾏﾘｴ･ﾇｰﾍﾞﾙ館内,0852-24-4528
519,マリエ･やしろ㈱ 米子店,683-0802,鳥取県米子市,東福原4-22-1,,0859-35-9233
520,ヤギコーポレーション㈱,920-0061,石川県金沢市,問屋町2-80,,076-237-1291
521,山田修整㈲ 東京工場,135-0011,東京都江東区,扇橋2-6-5,,03-3615-3021
522,㈱よしお,668-0045,兵庫県豊岡市,城南町4-11,,079-623-4477
523,山口呉服店,833-0031,福岡県筑後市,山ノ井217,,0942-53-2464
525,㈲ヤマシタクリーニング,798-0081,愛媛県宇和島市,中沢町1-2-34,,0895-22-0808
526,㈱吉野屋,802-0978,福岡県北九州市小倉南区,蒲生335,,093-961-0551
527,与那嶺商事,900-0016,沖縄県那覇市,前島2-17-14,,0988-61-1014
528,㈱山一恒産,920-0975,石川県金沢市,中川除町50-2,,076-261-4748
529,ウペポ･ディー･マジ㈱,601-8326,京都府京都市南区,吉祥院南落合町12,大同ﾏﾙﾀ染工㈱内,075-693-0770
530,㈱ヤナギヤ,257-0031,神奈川県秦野市,曽屋672-2,,0463-83-5808
531,㈲ローズ21,918-8067,福井県福井市,飯塚町7-36,,0776-34-2107
532,㈲苓州屋*閉,857-0032,長崎県佐世保市,宮田町6-15,,0956-24-9700
533,ワタベウエディング㈱ 本社,604-8540,京都府京都市中京区,御池通烏丸東入笹屋町435,京都御池第一生命ﾋﾞﾙ7F,075-352-4111
534,ワタベウエディング㈱,530-0017,大阪府大阪市北区,角田町2-15,ｼﾛｸﾞﾁﾋﾞﾙ6F,06-6373-4111
535,ワタベウエディング㈱,104-0031,東京都中央区,京橋1-1-6,東京ｸﾞﾗﾝﾄﾞﾌﾟﾗｻﾞ,03-5202-4111
539,㈱ワールドユニオン,915-0054,福井県越前市,小野谷町2-30-1,,0778-23-5050
540,ラクナ油脂㈱,350-1170,埼玉県川越市,むさし野39-7,,049-249-7700
543,ロイヤルクリーン㈲,273-0036,千葉県船橋市,東中山2-6-5-616,,047-332-3308
545,和服商事,793-0030,愛媛県西条市,大町1187,,0897-55-8557
547,㈲ローズファッション,910-0063,福井県福井市,灯明寺3-2118,,0776-30-7060
548,㈱リーベマスモト,933-0958,富山県高岡市,波岡65,,0766-22-1958
552,㈲ワイビーフォーマル,020-0015,岩手県盛岡市,本町通2-4-34,,019-654-0008
555,㈱アスピカ ブランピュール,910-0015,福井県福井市,二の宮4-6-16,,0776-25-8900
556,㈱ローズ・サプライ,910-0363,福井県坂井市,丸岡町下安田22-16-3,,0776-67-7744
557,㈲ラブ･ラボ,761-8031,香川県高松市,郷東町587-109,,087-881-0202
558,ロイヤルサービス㈱,141-0032,東京都品川区,大崎3-6-11-512,藤和大崎ｺｰﾌﾟ,03-3493-8187
559,㈱リンク　東京,140-0012,東京都品川区,勝島1-1-1,東京S.C.R B-5F,
561,貸衣裳 石谷,720-0814,広島県福山市,光南町2-2-1,,084-923-1036
563,ワタベウエディング㈱,615-0046,京都府京都市右京区,西院西溝崎町20,,075-322-4110
568,㈲スズキ産業滋賀,520-0112,滋賀県大津市,日吉台4-12-2,,077-579-4664
569,㈲日本海企画,915-0264,福井県越前市,野岡町22-10-1,,0778-43-5517
570,㈱キタジマ,910-0017,福井県福井市,文京1-10-43,,0776-22-0991
571,㈱北日本製作所,919-0504,福井県坂井市,坂井町御油田39-102,,0776-67-6800
572,㈲福井油脂商会,910-0384,福井県坂井市,丸岡町四ツ屋6-11-1,,0776-67-6621
573,野垣マシンサービス,501-6042,岐阜県羽島郡笠松町,八幡町6,,058-387-3008
574,マーティナイジング 城東店,323-0807,栃木県小山市,城東3-1-5,,0285-24-3182
575,マリエ･デ･ワイビー,021-0031,岩手県一関市,青葉1-9-17,,0191-26-0080
576,クリーニングジョイ,206-0812,東京都稲城市,矢野口1766-8,,042-378-9955
577,大山商事㈱,482-0017,愛知県岩倉市,北島町東切30番地1,,0587-66-5893
578,㈲エルエフシ－,376-0601,群馬県桐生市,梅田町1-205-5,,0277-32-1615
579,㈱モードファースト,607-8464,京都府京都市山科区,上花山久保町10-6,宇野ﾋﾞﾙ3F,075-592-3255
580,JAみちのく村山農協尾花沢地区,999-4224,山形県尾花沢市,新町5-7-39,,0237-22-1708
582,㈲さわだ貸衣裳 成田店,286-0048,千葉県成田市,公津の杜1-2-9,FUJIﾋﾞﾙ2F,0476-26-2299
583,㈱田原屋 桐生店,376-0056,群馬県桐生市,宮本町1-12-35,,0277-45-1000
584,㈱カーニバル,603-8413,京都府京都市北区,紫竹東大門町5,,075-491-2422
585,タケダ商店,490-1144,愛知県海部郡大治町,西條平ヶ野87,,052-442-4666
586,シャンテ,460-0003,愛知県名古屋市中区,錦3-401,,052-971-2711
587,㈱ナウエル グランドホクヨウ,992-0012,山形県米沢市,金池2-3-7,,0238-21-5636
588,アイナックス稲本㈱ 名古屋支店,460-0007,愛知県名古屋市中区,新栄2-48-1,,052-262-8671
589,タキヒョ－㈱ QC統括課,460-0002,愛知県名古屋市中区,丸の内2-19-20,,052-202-5919
590,㈲佐々木クリーニング,193-0834,東京都八王子市,東浅川町562-6,,0426-61-0244
593,㈱メルス,210-0833,神奈川県川崎市川崎区,桜本2-32-1,,
594,クリーニングやまうち,518-0752,三重県名張市,蔵持町原出528-10,,0595-62-0890
595,アズマ㈱ 郡山営業所,963-0107,福島県郡山市,安積3-292,,024-945-4111
596,アズマ㈱ 古川営業所,989-6175,宮城県大崎市,古川諏訪2-9-26,,0229-23-6371
597,アズマ㈱ いわき営業所,970-8026,福島県いわき市,平東町9-9,,0246-24-0411
598,アズマ㈱ 横手営業所,013-0008,秋田県横手市,睦成字長坂23,,0182-32-8766
599,アズマ㈱ 能代営業所,016-0179,秋田県能代市,浅内字横道17-1,,0185-54-4550
600,アズマ㈱ 鷹巣営業所,018-3301,秋田県北秋田市,綴子字古関92-2,,018-662-9902
601,アズマ㈱ 弘前営業所,036-8086,青森県弘前市,田園1-1-2,,0172-27-1777
602,㈲双葉,192-0051,東京都八王子市,元本郷町3-5-20,,042-624-5506
603,㈲ディアハート 田能工場,661-0951,兵庫県尼崎市,田能6-2-31,,06-6498-8875
604,㈲クリーニング斉藤,075-0011,北海道芦別市,北一条東1,,01242-2-3176
605,太陽商会,216-0044,神奈川県川崎市宮前区,西野川1-34-1-612,,044-863-9217
606,きものメンテナンス さかもと,917-0072,福井県小浜市,千種2-4-14,,0770-52-1871
607,マシコクリーニング,969-1134,福島県本宮市,本宮上町20-1,,0243-33-2627
608,水留クリーニング,966-0802,福島県喜多方市,桜ガ丘536,,0241-22-5191
610,㈱玉屋本店,668-0032,兵庫県豊岡市,千代田町11-27,,079-623-7555
611,㈲拓摩機器,811-0202,福岡県福岡市東区,和白3-4-11,,092-607-2522
612,㈲木村化学ドライ,700-0818,岡山県岡山市北区,蕃山町2-5,,086-223-4617
613,㈱野蚕糸庵,422-8042,静岡県静岡市駿河区,石田3-10-33,,054-280-6266
614,㈲ビコロール,346-0004,埼玉県久喜市,南1-10-31,ｴﾊﾗﾋﾞﾙ2F,0480-21-9721
615,エースランドリー,061-3218,北海道石狩市,花畔178-156,,0133-64-2040
616,アズマ㈱ 鶴岡営業所,997-0022,山形県鶴岡市,切添町23-6,,0235-23-6648
617,松井特殊洗業,562-0015,大阪府箕面市,稲2-14-9,,072-721-0161
618,日本形染㈱,430-0913,静岡県浜松市中区,船越町26-1,,053-464-2131
619,㈲イチカワ,247-0056,神奈川県鎌倉市,大船1-12-6,,0467-43-2205
620,ささクリーニング,073-0021,北海道滝川市,本町3-5,,0125-23-4517
621,㈱サクマ,052-0014,北海道伊達市,舟岡町188-1,,0142-22-1211
622,㈱いちざわクリーニング店,001-0029,北海道札幌市北区,北二十九条西5-2-21,,011-716-0238
623,クリーニングの高木,879-0606,大分県豊後高田市,玉津中町275,,0978-22-2611
624,株式会社林写真館　　ｵﾘ,346-0003,埼玉県久喜市,久喜中央3-8-22,,0480-21-0245
625,㈲東京ドライセンター,887-0015,宮崎県日南市,平野13-4,,0987-22-3365
626,加藤栄㈱,183-0025,東京都府中市,矢崎町1-35-23,,0423-36-3704
628,㈲マルミヤドライ工場,636-0003,奈良県北葛城郡王寺町,久度2-28,,0745-72-3164
630,JUKI販売㈱ 東京,206-0811,東京都稲城市,押立1101-4,,042-401-6351
631,㈲サンイ,874-0916,大分県別府市,中須賀本町12,,0977-66-5151
632,福研工販㈱,910-0027,福井県福井市,豊岡1-13-13,,0776-21-7722
633,吉田刺繍工業,818-0066,福岡県筑紫野市,永岡895-1,,092-928-5561
635,愛敬ミシン工業所,491-0903,愛知県一宮市,八幡1-2-17,,058-645-6132
636,なつめクリーニング,410-0004,静岡県沼津市,本田町3-17,,055-923-1718
637,越野ニット㈱,929-1172,石川県かほく市,松浜ﾎ-74,,076-285-0128
638,白屋ドライ 前田雄次,899-4501,鹿児島県霧島市,福山町福山4721,,0995-56-2050
639,㈱伊藤和裁,555-0022,大阪府大阪市西淀川区,柏里2-9-25,,06-6472-2700
640,㈱伊那プリンスホテル 衣裳室,399-4601,長野県上伊那郡箕輪町,中箕輪8288-1,,0265-79-0022
641,㈱イガラシ,910-0121,福井県福井市,定正町913-2,,0776-56-4147
642,千田紋章,982-0026,宮城県仙台市太白区,土手内1-4-8,,022-246-0944
643,とみや織物㈱,602-8335,京都府京都市上京区,一観音町428,,075-463-1234
644,トキワスタイル㈱,545-0053,大阪府大阪市阿倍野区,松崎町2-6-14,,06-6622-7600
645,㈱大幸産業,564-0063,大阪府吹田市,江坂町1-21-8,,06-385-0531
646,丸善衣裳店,417-0051,静岡県富士市,吉原3-10-11,,0545-52-5215
647,㈲サン晃永舎,417-0863,静岡県富士市,広見西本町6-21,,
648,ごとう商店,879-5102,大分県由布市,湯布院町川上3737-14,,0977-84-2538
649,賛美ランドリー,711-0936,岡山県倉敷市,児島柳田町1779-3,,086-472-3792
650,愛知会館 名古屋ガーデンパレス,460-0003,愛知県名古屋市中区,錦3-11-13,,052-957-1022
651,飯野クリーニング,189-0011,東京都東村山市,恩多町5-38-22,,042-391-0339
653,モリタ浸抜店,136-0074,東京都江東区,東砂7-2-13,,03-3646-5160
654,藤屋クリーニング店,864-0052,熊本県荒尾市,四ツ山町1-9-14,,0968-62-0978
655,㈱ﾌｧｯｼｮﾝｸﾛｽﾌﾙｼﾏ　東京*禁,110-0005,東京都台東区,上野1-18-9,,03-5807-4460
656,ブライダルハウス㈲すえひろ,799-0101,愛媛県四国中央市,川之江町3122-1,黒門平成ﾋﾞﾙ9F,0896-29-5575
657,日野工業㈱,547-0042,大阪府大阪市平野区,平野市町2-3-24,,06-6794-1021
658,岐阜 勝,441-8156,愛知県豊橋市,高師町西沢14-1,,0532-46-1218
659,㈲KIT,915-0243,福井県越前市,千原町4-6,,0778-42-0308
660,浪速運送㈱ 管理本部 総務部,550-0015,大阪府大阪市西区,南堀江1-4-19,,06-6543-1110
661,ドライショップカジノ 梶野作一,343-0026,埼玉県越谷市,北越谷2-22-13,,048-974-2268
662,㈱ナップス,482-0031,愛知県岩倉市,八剱町六反田38,,0587-66-5155
663,㈱トーメンインダックス,541-0048,大阪府大阪市中央区,瓦町1-6-7,㈱ﾄｰﾒﾝ内,06-208-3195
664,日本通運㈱ 東京引越支店,150-0002,東京都渋谷区,渋谷3-26-15,渋谷日通ﾋﾞﾙ2F 登録情報要確認,03-6418-5560
665,㈲ブライダルファッション楓,321-0138,栃木県宇都宮市,兵庫塚3-1-1,,028-655-0975
666,きもの工房みやこ,840-0016,佐賀県佐賀市,南佐賀2-7-22,,0952-25-5429
667,豊田クリーニング,557-0034,大阪府大阪市西成区,松2-2-4-15,,06-658-8961
668,特選ドライコヤマ本店,704-8116,岡山県岡山市東区,西大寺中2-27-11,,086-942-2674
669,㈱糸美,602-8495,京都府京都市上京区,新猪熊町419,,075-431-7118
670,㈱エヌアンドカンパニー,162-0801,東京都新宿区,山吹町295,正豊ﾋﾞﾙ1F,03-3267-3601
672,ことぶき衣裳店,656-0025,兵庫県洲本市,本町7-4-44,,079-922-0677
673,㈱寿美衣裳店,410-1127,静岡県裾野市,平松5-4-7,,055-992-0505
674,㈲T･F･C 三島店,411-0831,静岡県三島市,東本町1-13-18,,055-955-9333
676,辻村和裁研究所,422-8041,静岡県静岡市駿河区,中田1-18-13,,054-283-1125
677,㈱チャーム,233-0006,神奈川県横浜市港南区,芹が谷1-1-5,,045-823-0753
678,三和記章 川越工場,350-1110,埼玉県川越市,豊田町3-21-11,,049-238-8181
680,㈱やよい 衣裳室,960-8041,福島県福島市,大町1-24,,024-521-2619
682,ヒカリクリーニング,339-0043,埼玉県さいたま市岩槻区,城南2-7-5,,048-798-6731
683,村上クリーニング,441-0105,愛知県豊川市,伊奈町新屋48-20,,0532-72-2394
685,㈱イワテブライダルセンター 本店,020-0021,岩手県盛岡市,中央通3-3-23,,019-654-5533
686,㈲千曲機材,387-0016,長野県千曲市,寂蒔1026-1,,026-272-5854
687,㈲シーエスケー,207-0003,東京都東大和市,狭山4-1418,,042-561-2337
688,ティ･エフ･シー㈱,529-0234,滋賀県長浜市,高月町柏原南季503,,0749-85-3220
689,アズマ㈱ 札幌営業所,060-0032,北海道札幌市中央区,北二条東10-15-3,黒田ﾋﾞﾙ1F,011-206-1881
690,中日本ジューキ㈱,506-0035,岐阜県高山市,新宮町2452-1,,0577-34-3511
691,㈱英国屋レディース 野里,104-0061,東京都中央区,銀座3-8-15,,03-3564--0125
692,㈱大倉商事,315-0017,茨城県石岡市,若宮1-4-20,,0123-24-2126
693,昭和工業㈱,146-0091,東京都大田区,鵜の木1-4-14,,03-3750-7111
695,佐藤クリーニング　東京,116-0002,東京都荒川区,荒川4-52-2,,03-3806-5047
696,亀甲クリーニング,278-0017,千葉県野田市,大殿井588-8,,04-7124-3518
697,㈱キング,564-0051,大阪府吹田市,豊津町1-7,,06-338-3131
698,山岸クリーニング店,954-0053,新潟県見附市,本町3-1-22,,0258-62-1038
699,㈱三智,151-0073,東京都渋谷区,笹塚3-35-1,ﾐｽﾞﾎ21ﾋﾞﾙ1F,03-5350-3971
700,桂由美フランチャイズ茨城,305-0033,茨城県つくば市,東新井38-8,,029-855-3300
701,レディファッション㈱,359-1104,埼玉県所沢市,榎町8-15,,04-2925-2111
702,㈱ヴィクター,190-0023,東京都立川市,柴崎町2-16-16,,042-524-0221
703,㈲クサカコーポレーション,144-0034,東京都大田区,西糀谷1-19-18,,03-3744-1108
704,㈱ブライダルサロン愛美,150-0002,東京都渋谷区,渋谷4-4-25,ｱｲﾋﾞｰﾎｰﾙ青学会館内ｶﾄﾚｱ衣裳室,03-3400-1399
705,上神谷運送㈱ 厚木事業所,243-0801,神奈川県厚木市,上依知1086,,0462-46-2693
706,クリーニングページワン,166-0003,東京都杉並区,高円寺南4-6-2,,03-3313-1846
708,㈱ゼフィ－,107-0052,東京都港区,赤坂4-13-8,赤坂ﾊﾟﾚｽﾏﾝｼｮﾝ211,03-3588-1294
709,㈲クリーニングオサダ,381-0043,長野県長野市,吉田3-16-38,,026-241-4060
710,㈱いなば,506-0054,岐阜県高山市,岡本町4-276,,0577-34-2636
711,ジュバンスサロン マリ,965-0853,福島県会津若松市,材木町1-9-9,,0242-27-1639
712,㈲シロヤ 横浜,235-0002,神奈川県横浜市磯子区,馬場町3-28,,045-753-2066
714,近畿デサン㈱ 村岡工場,667-1325,兵庫県美方郡香美町,村岡区高井596,,0796-98-1211
715,西濃運輸㈱,910-0829,福井県福井市,林藤島町16-8,,0776-57-0300
717,㈱セルビス コスチューム,599-8237,大阪府堺市中区,深井水池町3238,,072-278-2211
718,直本工業㈱ 東京支店,101-0032,東京都千代田区,岩本町3-7-9,,03-3864-5577
719,㈲パール美容院 盛岡,020-0042,岩手県盛岡市,新田町7-29,,019-653-5666
720,佐川商事㈱ 秋田本社,010-0921,秋田県秋田市,大町1-6-23,,018-823-4526
721,㈱ブライダルサロン愛,060-0005,北海道札幌市中央区,北五条西１３丁目1,,011-271-0522
722,西沢商店,920-0997,石川県金沢市,竪町97,,076-231-1442
723,根上校下婦人会 衣裳部,929-0123,石川県能美市,中町子86,能美市役所 根上窓口ｾﾝﾀｰ2F,0761-55-4157
724,㈱東和服装,343-0834,埼玉県越谷市,蒲生愛宕町3-28,,048-985-5551
725,広島重機販売㈱,730-0805,広島県広島市中区,十日市町1-4-30,,082-292-9292
726,重松クリーニング,830-0005,福岡県久留米市,通外町128,,0942-33-6497
728,㈱フナイコーポレーション,870-0856,大分県大分市,畑中1-10-33,,097-544-6154
729,佐藤クリーニング,825-0015,福岡県田川市,伊田町4-22,,0947-42-1733
730,クリーニング ママショップ,801-0864,福岡県北九州市門司区,老松町2-22,,093-332-1352
731,ファミリークリーニング,800-0236,福岡県北九州市小倉南区,下貫2-4-24,,093-471-3190
732,㈱ひがき,780-0841,高知県高知市,帯屋町1-14-5,,088-824-7780
733,ハセガワマシン,463-0013,愛知県名古屋市守山区,小幡中3-20,1-205,052-793-4543
735,㈲寿センター マルサカヤ,024-0035,岩手県北上市,花園町2-4-32,,0197-63-5111
736,松浦クリーニング,038-2753,青森県西津軽郡鰺ヶ沢町,本町71,,0173-72-3345
737,オフィス二十一㈲,300-3553,茨城県結城郡八千代町,蕗田128,,0296-48-0986
738,北陸ワコール縫製㈱,919-0527,福井県坂井市,坂井町下兵庫254字31-1,,0776-72-3883
739,ラクナロジスティクス㈱,350-1170,埼玉県川越市,むさし野39-7,,049-249-7700
740,貸衣裳 きものや,890-0056,鹿児島県鹿児島市,下荒田3-27-22,,099-254-0889
741,㈲サクライ物流センター,911-0034,福井県勝山市,滝波町5-1005,,0799-87-1713
742,㈱春日井 生産課,460-0003,愛知県名古屋市中区,錦2-6-6,,052-201-7296
744,大槻クリーニング,360-0814,埼玉県熊谷市,桜町2-4-17,,048-522-4735
745,㈲本間ミシン商会,957-0057,新潟県新発田市,御幸町3-10-1,,0254-24-5561
746,㈱岡山カイタックファクトリー,700-0973,岡山県岡山市北区,下中野373,,086-241-4121
747,㈱大幸,466-0054,愛知県名古屋市昭和区,円上町19-6,,052-872-1111
749,㈱ニッチプロダクツ,340-0017,埼玉県草加市,吉町2-7-21,,048-927-7281
750,クリーニング北島,252-0143,神奈川県相模原市緑区,橋本6-34-11,,0427-72-1720
751,サンプレス リメイク,589-0002,大阪府大阪狭山市,東野中4-631,,0188-92-3165
752,クリーニングハウス せき,189-0001,東京都東村山市,秋津町1-7-6,,042-391-2960
753,㈱ビーシープランニング,158-0094,東京都世田谷区,玉川1-17-7,,03-3707-8511
754,㈱ベルセレマ 金沢 美容室,920-0364,石川県金沢市,松島1-30,,076-240-1291
755,アオイリネンサービス㈱,435-0004,静岡県浜松市東区,中野町3205,,053-422-2100
756,㈱大丸東京店 5F紳士服,100-0005,東京都千代田区,丸の内1-9-1,,03-3212-8011
757,ワイエイシイ㈱,592-8335,大阪府堺市西区,浜寺石津町東4-12-8,,
758,広田クリーニング店,442-0879,愛知県豊川市,萩山町1-90,,05338-6-5730
759,㈱フチガミ,350-0815,埼玉県川越市,鯨井1869-10,,049-231-3363
760,㈱ロマナ 美容室,020-0871,岩手県盛岡市,中ノ橋通2-1-3,,019-652-1523
761,楠ミシン商会,798-0015,愛媛県宇和島市,和霊元町4丁目2-12,,0895-24-1240
764,㈱よしまち,030-0901,青森県青森市,港町2-11-19,,017-743-8080
765,日光舎クリーニング,320-0071,栃木県宇都宮市,野沢町187-34,,028-665-4378
766,ホワイト急便 事業部,601-8035,京都府京都市南区,東九条南松田町16,登録情報要確認,075-694-5112
767,山川商事,973-8411,福島県いわき市,小島町2-5-12,,0246-26-0268
769,㈱日和,500-8442,岐阜県岐阜市,正法寺町38,,058-271-6138
771,㈱エグロ機械,330-0834,埼玉県さいたま市桜区新開1丁目,13-21,登録情報要確認,048-862-2103
772,飛騨運輸㈱ 福井営業所,919-0327,福井県福井市,大土呂町13-4,,0776-38-4833
773,㈲ラ エトワール,413-0022,静岡県熱海市,昭和町1-1,,0557-83-6315
774,㈲横浜資材,244-0803,神奈川県横浜市戸塚区,平戸町674-1,,045-824-6911
775,あさだ衣裳店,975-0037,福島県南相馬市,原町区北原字大塚179-3,,0244-22-6055
776,㈱東京ピオ,130-0012,東京都墨田区,太平1-16-5,,03-3621-1001
777,中沢クリーニング,375-0024,群馬県藤岡市,藤岡921-6,,0274-23-2166
778,㈲ソノダビューティーステジオ,035-0071,青森県むつ市,小川町2-7-18,,0175-22-4145
779,㈱わたなべ,306-0632,茨城県坂東市,辺田1133,,0297-35-1640
780,ジョイボンド㈱,331-0812,埼玉県さいたま市北区,宮原町2-30-1,,048-667-4533
782,㈲森ミシン商会,430-0917,静岡県浜松市中区,常盤町143-1,,053-453-8488
784,日の出衣裳  美容室,992-0262,山形県東置賜郡高畠町,元和田1538-1,,0238-56-3165
786,㈱利八屋,515-0506,三重県伊勢市,植山町80-1,,0596-37-3010
787,広澤クリーニング店,331-0814,埼玉県さいたま市北区,東大成町2-472-4,,048-664-5689
788,谷本貸衣裳店,760-0043,香川県高松市,今新町7-6,,087-851-7635
789,勅使河原クリーニング,143-0023,東京都大田区,山王4-21-17,,03-3771-3663
791,エビスヤ,372-0041,群馬県伊勢崎市,平和町26-9,,0270-25-2221
792,花嫁衣裳 よしかわ,788-0001,高知県宿毛市,中央8-1-6,,0880-63-3576
793,高岡染店,992-0472,山形県南陽市,宮内3572,,0238-47-2202
794,並木基業,198-0042,東京都青梅市,東青梅1-4-9,,0428-23-3730
795,東和ニット㈱,910-0144,福井県福井市,下森田本町1-1,,0776-56-1177
796,㈱シラカワ 緑町営業所,130-0021,東京都墨田区,緑3-21-2,,03-3632-1881
797,㈲和光屋,615-0931,京都府京都市右京区,梅津開キ町30-84,,075-871-2753
798,マドンナ美容室,028-6101,岩手県二戸市,福岡字下町29,,0195-25-4756
800,㈲美容室こなか,030-0803,青森県青森市,安方1-3-9,,017-776-7211
801,山陽商会,510-0043,三重県四日市市,南納屋町14-27,,059-354-1200
802,佐川急便㈱ 丸岡店,910-0315,福井県坂井市,丸岡町小黒64字1,,0776-67-3999
803,ミカドクリーニング,143-0024,東京都大田区,中央1-4-4,,03-3777-7340
804,日本資材㈱ 東京店,102-0081,東京都千代田区,四番町4,,03-3263-9857
805,㈲白新舎,996-0026,山形県新庄市,大町21-21,,0233-22-0975
806,ワタベウエディング㈱ 大津店,520-0801,滋賀県大津市,におの浜4-7-7,大津ﾌﾟﾘﾝｽﾎﾃﾙ内,0775-22-2111
807,宇野機料㈱,483-8061,愛知県江南市,高屋町清水108,,0587-54-1261
808,三星㈱,171-0043,東京都豊島区,要町3-11-3,ﾗﾙｼﾞｭ大映 2F,03-5965-6221
809,岩野商店㈱,954-0052,新潟県見附市,学校町,,0258-62-1330
810,コマ･テック㈱,637-0082,奈良県五條市,中之町890-13,,0747-22-3986
811,㈱丸三屋 本社,108-0074,東京都港区,高輪3-7-6,,03-5798-2614
812,㈲グランジュール,859-3607,長崎県東彼杵郡川棚町,城山町400-5,,0956-83-3530
813,(有)ハンズ ワン,367-0023,埼玉県本庄市,寿3-6-39,,0495-25-5627
814,㈲沖縄職洗機販売,902-0072,沖縄県那覇市,真地173-8,,098-853-6116
815,東北かながわ㈱,984-0037,宮城県仙台市若林区,蒲町3-29,,022-286-8677
816,後藤紋章,737-0052,広島県呉市,東中央3-3-18,,0823-22-0586
817,コーストライン㈱,151-0053,東京都渋谷区,代々木5-10-12,2F,03-3460-7598
819,㈱新光クリーニング,736-0082,広島県広島市安芸区,船越南3-24-35,,082-822-6842
820,㈱白菊,802-0026,福岡県北九州市小倉北区,大畠3-1-17,,093-531-7635
821,㈱丸昌 北千住店,120-0033,東京都足立区,千住寿町1-1,,03-3888-8765
822,㈲吉野屋,103-0007,東京都中央区,日本橋浜町2-48-4,,03-3661-1310
825,太閤舎クリーニング,453-0053,愛知県名古屋市中村区,中村町9-120-4,,052-41-5295
826,ジェイ･エス㈱,918-8231,福井県福井市,問屋町1-204,,0776-21-1065
827,栄光㈱,444-0931,愛知県岡崎市,大和町荒田85-1,,0564-31-1111
828,㈲ファミリークリーニング,085-0806,北海道釧路市,武佐1-1-9,,0154-46-4600
829,マーティナイジング 草加店,340-0013,埼玉県草加市,松江853,,048-932-5800
830,㈱ティンチャー,910-0015,福井県福井市,二の宮6-15-24,,0776-28-1371
831,㈱コスモ物流,243-0801,神奈川県厚木市,上依知1300-1,,0462-46-2776
832,京田屋,918-8056,福井県福井市,若杉浜1-501,,0776-35-6343
834,やまもと商店,603-8824,京都府京都市北区,西賀茂南大栗町8-5,,075-491-7768
835,山田修整㈲ 本社工場,940-0205,新潟県長岡市,栄町1-5-10,,0258-52-3154
836,エリートクリーニング㈱,480-1124,愛知県長久手市,戸田谷117,,0561-65-0455
837,プリマリエ高砂殿 衣裳部,453-0015,愛知県名古屋市中村区,椿町1-10,,052-452-2211
839,宗クリーニング,814-0165,福岡県福岡市早良区,次郎丸3-19-18,,092-862-1260
840,㈱アイナックス 南関東支店*禁,213-0011,神奈川県川崎市高津区,久本3-5-7,ﾆｯｾｲ新溝ﾉ口ﾋﾞﾙ,044-814-5600
841,茂木クリーニングﾞ商会,235-0012,神奈川県横浜市磯子区,滝頭2-36-15,,045-751-0764
842,ブライダルギャラリー みやこ,857-0854,長崎県佐世保市,福石町20-15,ﾗｲﾌｽﾃ-ｼﾞ ｱｲﾄﾜ内,0956-33-7710
843,㈲TiTi,151-0051,東京都渋谷区,千駄ヶ谷4-22-2,,03-5786-3563
844,㈱旭工業,463-0070,愛知県名古屋市守山区,新守山3128,,052-795-0390
845,小宮染色工場,124-0025,東京都葛飾区,西新小岩3-7-4,,03-3696-1448
846,㈲林クリーニング商会,166-0001,東京都杉並区,阿佐谷北4-26-6,,03-3337-1892
847,㈱白成舎,969-3123,福島県耶麻郡猪苗代町,城南70,,0242-62-4353
849,クリーニングキッズ 高見ドライ,802-0972,福岡県北九州市小倉南区,守恒5-1-1,,093-963-8923
851,㈱クリーンサービス,899-5652,鹿児島県姶良市,平松2227-3,,0995-65-4622
853,㈱マリアージュ 甲府,400-0032,山梨県甲府市,中央1-12-22,,055-237-5111
854,エリゼ㈱,542-0081,大阪府大阪市中央区,南船場2-9-8,ｼﾏﾉ住友生命ﾋﾞﾙ7F,06-6252-7400
855,シーサイドガーデン･リビアン,979-0146,福島県いわき市,勿来町関田関山105-45,,0246-78-1551
856,㈲ツーエム企画,933-0903,富山県高岡市,熊野町6-8,,0766-21-4935
857,クリーニング㈲ニュースター,162-0802,東京都新宿区,改代町41,,03-3235-3006
858,㈱イワテブライダルセンター,027-0081,岩手県宮古市,新川町3-16,,0193-63-4149
859,ブライダルブティック㈲モア,920-0025,石川県金沢市,駅西本町2-1-44,,076-263-2525
860,竹下製薬㈱ 直江津工業,942-0207,新潟県上越市,頸城区手島239,,025-530-2362
861,㈱キャンバス,389-0515,長野県東御市,常田539-1,,0268-64-8600
862,富山オークスセレモニーセンター,930-0801,富山県富山市,中島4-2-14,,076-432-9854
863,㈲藤仙,988-0271,宮城県気仙沼市,本吉町野々下44-7,,0226-44-2045
864,㈱テン･アンド･テン,150-0022,東京都渋谷区,恵比寿南1-9-4,,03-5720-6661
865,東京シャツ工業㈱,270-2231,千葉県松戸市,稔台7-43-1,,0473-62-4121
866,中日本ジューキ㈱ 福井営業所,918-8231,福井県福井市,問屋町4-112-1,,0776-27-3688
867,中西染物,920-0356,石川県金沢市,専光寺町ﾊ88－3,,076-267-1557
870,谷口クリーニング,649-3502,和歌山県東牟婁郡串本町,潮岬1848-1,,07356-2-3153
871,きもの しみぬき なるみや,210-0804,神奈川県川崎市川崎区,藤崎4-25-5-2,,044-767-8082
872,山崎クリーニング店,914-0141,福井県敦賀市,莇生野45-25-1,,0770-22-2996
873,㈱上田商店,556-0016,大阪府大阪市浪速区,元町2-4-9,,06-6633-4621
875,㈱太良商事,854-0063,長崎県諫早市,貝津町826-1,,0957-25-2520
877,ブライダルファッション 矢澤衣裳,396-0025,長野県伊那市,荒井3495,,0265-72-2675
878,ワタベウエディング㈱,651-0087,兵庫県神戸市中央区,御幸通7-1-15,三官ﾋﾞﾙ南館,078-291-5506
879,㈱丸富 本部･加工センター,334-0003,埼玉県川口市,坂下町2-3-18,,048-281-8651
880,フタバ貸衣裳,361-0072,埼玉県行田市,宮本6-17,,0485-56-3796
882,ブライダルスペース宮ノ森リビアン,064-0953,北海道札幌市中央区,宮の森三条10-3-3,宮ﾉ森ｽﾃｰﾀｽﾋﾞﾙ,011-613-4336
883,西山商店,510-0033,三重県四日市市,川原町30-6,,059-332-2480
884,株式会社札幌ゲンブ,064-0912,北海道札幌市中央区,南12条西23丁目2-1-510,,090-7055-0477
886,近江化工㈱,915-0092,福井県越前市,塚町54-6,,0778-23-5700
887,高橋呉服店,807-0843,福岡県北九州市八幡西区,三ケ森3-10-17,,093-611-1542
888,㈱シラカワ 秩父営業所,368-0022,埼玉県秩父市,中宮地町24-3,,0494-22-2154
889,田中クリーニング,143-0016,東京都大田区,大森北4-15-20,,03-3761-9493
890,アップルブライダルプラザ 奥州店,029-4208,岩手県奥州市,前沢竹沢92,,0197-56-0211
891,㈱小島衣料,455-0806,愛知県名古屋市港区,明正1-342,関山運輸㈱気付 名古屋PDS,052-381-8153
892,ハイドライ木村,700-0056,岡山県岡山市北区,西崎本町14-33,,086-252-1719
893,シフォンクリーニング,271-0044,千葉県松戸市,西馬橋3-2-4,,047-347-3883
894,㈱エヌシーエー,553-0007,大阪府大阪市福島区,大開2-5-11,,06-6462-1291
895,㈲サンケエ,130-0012,東京都墨田区,太平1-1-10,,03-3625-3003
896,㈱エース機械,182-0015,東京都調布市,八雲台1-31-1,,042-482-0081
897,ブライダルハウス ベル,520-3032,滋賀県栗東市,苅原47-1,ﾒｿﾞﾝﾄﾞｹｲｽﾞ1F,0775-53-1408
898,クラウンクリーニングﾞ㈲上村,135-0042,東京都江東区,木場3-14-5,,03-3641-9244
899,㈲ワンダフルクリーニング,344-0021,埼玉県春日部市,大場781-3,,048-736-4590
900,定昌洗衣器材有限公司,,"1,2F-NO.162,SEC.1,JHONG","SING RD.,WUGU TOWNS SHIP,TAIPEI","COUNTRY 248,TAIWAN(R.O.C.)",886-229852373
901,台湾象王洗衣工業有限公司,,台湾省台北県板橋市環河道路14号,,,886-229658333
902,世信交易,,韓国 特別市中区,,,
904,"JINTANA APPAREL CO.,LTD",,74 M00 11 PHUTTA MONTHON5 RD,"RAIKING,SAMPRAN NAKHON PATHOM","73110 BANGKOK10600,THAILAND",
905, K.I KOREA,,韓国 ソウル市松波区松波洞104-4,                      愚岩B/D2層,2F-UAMBD.104-4SONGPA-DONG.SONGPA,822-425-4543
906,"J.PUJOL MAQUINARIA CONF.,SA",,"P.･FABRA Y PUIG,232 08016",BARCELONA SPAIN,,(3)351-1611
907,HUA THAI MANUFACTURING PUBLIC,,"25/17 SOI SAKOLLAND,","CHAENGWATTANA ROAD,PAKKRED",NONTHABURI 11120,662-5730788
908,IE CANDID (S) PTE LTD.,,BLOCK1024 YISHUN INDUSTRIAL PARK,A#02-37 SINGAPORE 2776,,65-7526522
909,WATABE WEDDING  CORPRATION,,"2270 kalakaua Ａre 10th Floor,",       HONOLULU HAWAII   96815,,
910,Modern Machinery  Center,,Al-Azizia st. Al-Azizia Center," Bldg.,POBox11938 Aleppo,Syria",,963-11689133
911,WATABE WEDDING CORP SAISON DES,,2270 KALAKAUA AVENUE＃900," HONOLULU,HAWAII 96815",,808-931-4111
912,"SHIRAKI．DRY CLEANERS,INC",,"P.O.BOX ３４５ CAPT.COOK,HI",           96704   HAWAII,,808-323-2733
913,WATABE WEDDING AUSTRARIA,,CORNER GODDING DRIVE AND,"  BOOWAGGAN ROAD.MERRIMAC,QLD",         4226  AUSTRALIA,617-5569-2811
914,YUEN TAI NAKAJIMA HONG KONG LTD,,"UNIT3904,LEVD39.TOWER2.", METYOPLAZA 223 HING HONG ROAD, KWAI CHUNG.N.THONG KONG,852-24208125
915,WATABE WEDDING LASAVEGAS OFFICE,,3900 PARADISE RD#135,LASVEGAS NEVADA 89109,,702-893-4700
916,ＭＩ－ＹＯＵＮＧ　ＫＩＭ,,"14535 OAK  CLUSTER DRIVE,",CENTREVILLE VIRGINIA 20120 USA,,1-571-2208794
917,"WATABE SAIPAN,INC",,P.O.BOX 7451 SVRB SAIPAN,                    MP96950,,670-235-9332
918,DINATEKS A.S,,ESKILONDRA ASFALTI EMEK,    IS MERKEZI NO:27 KAT:4,  SIRINEVLER-ISTANBUL,282-6744316
919,ESQUEL ENTERPRISES LIMITED,,"12/F,HARBOUR CENTRE,25"," HARBOUR ROAD,WANCHAL HONG KONG",,29606596
920,PAC-FUNG FEATHER CO.LTD,,"UNIT6.9/F.,TOWERB,HOI LUEN IND.","CENTRE,55 HOI YUEN ROAD,","KWUN TONG,KOWLOON,HONG KONG.",852-2389-1391
921,WATABE AUSTRALIA PTY LTD,,"LEVEL19,1 MARKET STREET SYDNEY",              NSW 2000,,61-029648777
922,FEORI MACHINERY,,P.O.BOX1112,HUNTLEY.IL 60142.U.S.A,,1-847-6691933
923,MASCOT ENGINEERING LTD.,,"UNIT 407, 4/F.,CORMELL,50 WING","     TAI ROAD, CHAIWAN,HONG KONG",,852-2897-8256
924,"MINTAY TEKSTIL KONF,SANAYIVE",,,TIC A.S BEYSAN SANAYI SITESI,NO39/1 34840 AVCILAR ISTABUL,90-2124225881
925,"B.G.M　SILK　N　GARMENT　CO.,LTD",,"No6,Dongwu NanRd Wuzhong Qu",SUZHOU CHINA,,0512-65273224
926,"SHINWON FELT IND.CO.,LTD",,571-4 YEONUAM-DONG MAPO-KU SEOUL,                       KOREA,,82-2-333-6623
927,UNICLEN　CORP.,,"1236,Dongyang MajorTower","Officetel,849Janghang-Dong,Ilsan",#NAME?,82-2-805-8083
928,"SHANGHAI SHIMIZU&CO.,LTD.",,"ROOM NO.314 201,TIAN ZHILU,","SHANGHAI,P.R.CHINA",,021-62332739
929,HANSOLL TEXTILE LTD,,"HANSOLL BLDG.,651-3,YEOKSAM-DONG","KANGNAM-GU SEOUL,REPUBLIC OF",KOREA,822-3287-8000
930,小原 株式会社,108-0071,東京都港区,白金台3-19-1,第31興和ﾋﾞﾙ8F,03-5475-2128
931,㈱丸三　KOREA,,"1F102,579-3,ⅠIsan-Dong,","Ⅰｌsanseo-Gu,Goyang-Si,", Gyounggi-Do Korea,031-975-9988
932,OCEAN　WEDDING,96815-36,WAIKIKI BEACH MARRIOTT 2552,"KALAKUA AVENUE,HONOLULU HAWAII",,808-926-2800
933,"MARINE　TIME　CO.,LTD",,"209/216　MOO7,DISTRICT LAKHOK,","SUBDISTRICT MUANG,PRATHUMTHANI",1200 THAILAND,662-997-6713
934,㈱石澤製作所,990-0301,山形県東村山郡山辺町大字山辺2941,,,0236-65-7389
935,"MARUSAN AID CO.,LTD",,726-11　NAEGAK-RI　JINJEOPｰEUP,NAMYANGJU-SI GYEONGGI-DO KOREA,,031-522-2020
936,ＤＡＷＯＮ　CORP,410-837,"923,Dongyang　Major Officetel,","849,Jang-dong,Ilsandong-gu,","Goyang-si,Gyeonggi-do,Korea",31-9136363
937,ＡＲＴ CLEANERS,,1100　JOHNSON FERRY ROAD SUITE90,"MARIETTA GA,30068-2700 U.S.A",,0770-565-3435
938,"CLEAN AID CO.,LTD",,"333-8,Doksan 1-dong,","Geumcheon-gu,Seoul,Korea",,82-10-3202-4748
939,SK　Corporation,,"Nature Hill,730 Umyeon-Dong,","Seocho-Gu,Seoul,Korea",,82-2-572-8083
940,DESEMAC,,6 rue Jean Mermoz,33185 Le Haillan France,,+33(0)557000900
941,Cinevie　LLC,,"2155 Kalakaua Ave,Suite610,",Honolulu HI 96815,Hawaii U.S.A,808-379-0940
950,"B.G.M.SILK　N　GARMENT　CO.,LTD",,"№6,Dongwu NanRD,Wuzhong",       Qu SUZHOU  CHINA,,
951,WATABE WEDDING CORPRATION,,2270 kalakaua Are 9th Floor,　　HONOLULU HAWAII 96815,,
952,"MARINE TIME CO.,LTD　国内",,"209/216　MOO7,DISTRICT LAKHOK,","SUBDISTRICT MUANG, PRATHUMTHANI",1200　THAILAND,662-997-6713
953,UNI CLEAN CORP.国内,,"429,ILSAN VISTA OFFICETEL,102",JUYEOP-DONG ILSANSEO-GU,"GOYANG-SI GYEONGGI,KOREA",82-31913-6363
954,台湾象王洗衣工業㈲,,台湾省台北県板橋市環河道路14号,,,
956,㈱丸三　KOREA　国内,,"1F102,579-3,ⅠIsan-Dong,","Ⅰｌsanseo-Gu,Goyang-Si,", Gyounggi-Do Korea,031-975-9988
957,上海象王洗衣工業㈲,,CHINESE SHANGHAI CHANGNING,No.1228 WEST YAN'AN ROAD,GARLEY BUILDING 7 FLOOR C BLOCK,021-52541166
958,HONEYS GARMENT INDUSTRY,,"Plot№(B-4),MINGALARDON","INDUSTRIAL ANDKHAYEBIN ROAD,","MINGALARDON　TOUNSSHIP,YANGON",95-1-639083
959,"UNI CLEAN CO.,LTD",,"42,SONGSAN-RO, 11SANSEO-GU,","GOYAN-SI GYEONGGI-DO,　KOREA",,031-913-6363
960,WORLD TRADE CORP.,,"103-ho,104-ho,80,Wi city 4-ro,","llsandong-gu,Goyang-si,","Gyeonggi-do,10321,Republic ofKorea",031-8035-6172
961,CLEAN　NARA,7663,"980-12 HWAGOKDONG,GANGEOGU,",SEOUL、KOREA,,010-3202-4748
962,TECPLUS SPARE,3417153,SAIDEH STREET BUILD ZEINOUN,FROOR4 ZALKA BEIRUT LEBANON,,96171504017
963,PT.MATSUOKA　INDUSTRIES,41263,JL.Kali,,,62-0260-7141862
964,SHENGZHOU RONGHUI CLOTHING,312400,"№3　ROAD4, NECKTIE INDUSTRIAL","ZONE,SHENGZHOU,ZHEJIANG,CHINA",PC　312400,156-1883-7383
965,"SPRAYWAYｰTPR CO.,LTD",,"No.5 Le Trung Nghia Street,","Bay Hien Ward,","HCMC,Vietnam",84-28-3811-4000
966,SPRAYWAY SINGAPORE　PTE　LTD,528559,"1　Tampines North Drive 1,#04-12,T-SPACE,",Simgapore,,65-67443075
967,CONG TY TNHH FURUSHIMA VIETNAM,,"136/16 Binh Phuoc B Quarter,Binh Chuan ward,","Thuan An city,Binh Duong",Ho Chi Minh City Vietnam,0947-080-505
968,"SPRAYWAYｰTPR CO.,LTD",,"No.5 Le Trung Nghia St.,Ward12.",Tan Binh District.,"HCMC,Vietnam",
969,本社　海外販売用,,,,,96171504017
970,JUKI SINGAPORE PTE LTD,,60 Macpherson Road #06-09,Siemens Centre Singapore,348615,(65)6553-4388
971,SPRAYWAY SINGAPORE　PTE　LTD,,"1　Tampines North Drive 1,#04-12,T-SPACE,",Simgapore,,
1001,マルコシクリーニング,336-0025,埼玉県さいたま市南区,文蔵3-2-6,,048-861-7796
1002,㈲マルコシ*廃,331-0048,埼玉県さいたま市西区,清河寺864-156,,048-623-2951
1003,㈲白清舎,341-0018,埼玉県三郷市,早稲田2-24-8,,048-958-1134
1004,社会福祉法人 新篠津福祉会,068-1115,北海道石狩郡新篠津村,第45線北14番地,,0126-57-2244
1005,サンライズクリーニング,781-5103,高知県高知市,大津乙2120-5,,088-866-1323
1006,㈱サンヴィセンテ,151-0073,東京都渋谷区,笹塚3-24-5,,03-5333-3040
1007,水野シール印刷㈱,915-0084,福井県越前市,村国2-3-18,,0778-22-2239
1008,しみぬき処いまい 今井勝利,501-0119,岐阜県岐阜市,大菅南5-22,,058-251-1453
1009,岐阜 保,510-0829,三重県四日市市,城西町5-7,,059-354-5716
1010,山口屋,501-6011,岐阜県羽島郡岐南町,八剣北2-11,,058-246-6652
1011,㈱関口商会,386-0012,長野県上田市,中央5-12-9,,0268-22-2982
1012,㈱サフロス,326-0845,栃木県足利市,大前町783-1,,0284-64-8910
1013,㈱ユニコ,103-0023,東京都中央区,日本橋本町4-1-13,ｽﾘｰﾋﾟｰ日本橋ﾋﾞﾙ3F,03-3231-7240
1014,㈱With Wedding,960-8061,福島県福島市,五月町5-10,,024-523-3899
1016,きもの川さき,310-0055,茨城県水戸市,袴塚3-3-49,,029-221-5836
1017,㈲Tｰエルフィン,824-0008,福岡県行橋市,宮市町12-1,,09302-4-3955
1018,ワタベウエディング㈱,615-0046,京都府京都市右京区,西院西溝崎町20,,075-322-4110
1019,共和産業㈱,719-0232,岡山県浅口市,鴨方町本庄398-1,,0865-44-1200
1020,㈱鈴木商会,616-8116,京都府京都市右京区,太秦松本町14,,075-881-1984
1021,ワタベウエディング㈱,615-0046,京都府京都市右京区,西院西溝崎町20,,075-322-4110
1022,㈱ヨシノ工業所,990-0813,山形県山形市,桧町4-6-13,,023-684-1325
1024,クリーンボーイキクタ,960-0112,福島県福島市,南矢野目字高畑20-2,,024-557-2418
1025,㈱レック モアザンユー,651-1131,兵庫県神戸市北区,北五葉6-14-30,,078-594-8011
1026,関ニット,274-0067,千葉県船橋市,大穴南2-25-1,,047-465-0274
1029,㈱ロイヤル,223-0056,神奈川県横浜市港北区,新吉田町806,,045-531-4764
1030,秋田セントポール教会 衣裳部,010-0874,秋田県秋田市,千秋久保田町4-39,,018-884-7700
1032,㈱又四郎商会,918-8104,福井県福井市,板垣1-703,,0776-33-7834
1034,中沢ドライ,621-0856,京都府亀岡市,上矢田町岩田16-35,,0771-23-7680
1035,㈱東京丸栄 熊谷店,360-0033,埼玉県熊谷市,曙町2-22,,048-525-3145
1036,㈲サラガイクリーニング,720-0831,広島県福山市,草戸町2-5-32,,084-922-0740
1037,㈲尾西商事,494-0007,愛知県一宮市,小信中島字西九反42-1,,0586-62-1300
1038,リジェール松山,790-0006,愛媛県松山市,南堀端町2-3,,089-948-5634
1039,㈲いちせい,497-0012,愛知県あま市,七宝町下田字江西33-1,,052-443-5418
1040,㈱太洋舎,232-0064,神奈川県横浜市南区,別所1-2-7,,045-742-0667
1042,㈲辻商事,915-0085,福井県越前市,八幡1-15,,0778-22-6333
1043,タキヒョーテクニー㈱*禁,451-0072,愛知県名古屋市西区,笠取町2-139,,
1044,㈱ダック･アペル,990-0042,山形県山形市,七日町4-15-20,,0236-35-1555
1046,㈲梁川クリーニング,960-0786,福島県伊達市,梁川町南本町63-2,,024-577-3363
1047,㈱白洋舎,761-8031,香川県高松市,郷東町135,,087-881-4399
1049,㈲アオキ商会,034-0001,青森県十和田市,三本木並木西134,,0176-22-3431
1050,㈲安達ドレス,131-0043,東京都墨田区,立花3-26-1,,03-3612-7919
1051,田中美容院,869-0442,熊本県宇土市,城之浦町52,,0964-22-0374
1053,水沼クリ－ニング,321-4321,栃木県真岡市,小林914-6,,0285-82-5237
1054,ビスコンティ㈱,151-0051,東京都渋谷区,千駄ヶ谷1-7-11,B1F,03-3478-0344
1056,㈱石井ドライ,309-1611,茨城県笠間市,笠間1464-7,,0296-72-9830
1058,クリーニング工房木下,395-0801,長野県飯田市,鼎中平1995-15,,0265-22-1839
1059,サンケミカル㈱,101-0025,東京都千代田区,神田佐久間町3-37,由良ﾋﾞﾙ2F,03-3866-0971
1060,奥田化学産業,587-0002,大阪府堺市美原区,黒山790,,0795-52-0622
1062,㈱はりぶん,507-0047,岐阜県多治見市,富士見町2-48,,0572-23-2200
1063,㈱きものセンター 八戸,031-0804,青森県八戸市,青葉1-1-21,やまいちﾋﾞﾙ1F,0178-32-7555
1064,轟産業㈱,918-8003,福井県福井市,毛矢3-2-4,,0776-36-5522
1065,昭和ジューキ㈱ 本社,182-0022,東京都調布市,国領町5-58-1,,042-441-1125
1066,サンライズクリーニング㈲,787-0010,高知県四万十市,古津賀池向1607,,0880-34-5453
1067,㈱きものセンター 五所川原店,037-0063,青森県五所川原市,大町34,,0173-34-8808
1068,クリーンライフ セキグチ,948-0000,新潟県十日町市,宇都宮69-36,,025-757-4855
1069,齋栄織物㈱,960-1406,福島県伊達郡川俣町,鶴沢字馬場6-1,,024-565-2331
1070,㈱奥田,604-8244,京都府京都市中京区,元本能寺町392,,075-221-5127
1071,㈱スタウト,101-0031,東京都千代田区,東神田1-4-12,双和ﾋﾞﾙ3F,03-5821-5635
1072,関根ドライクリーニング,326-0822,栃木県足利市,田中町909-10,,0284-71-2616
1073,クリーニングﾞ 堀,400-0861,山梨県甲府市,城東3-14-14,,055-233-7815
1074,㈲アザミ,326-0843,栃木県足利市,五十部町876,,0284-21-2011
1077,㈲稲村クリーニング,234-0053,神奈川県横浜市港南区,日野中央1-15-14,,045-843-1020
1078,長谷川商店,179-0084,東京都練馬区,氷川台3-8-4,,03-3931-6200
1080,大幸産業㈱,167-0022,東京都杉並区,下井草4-17-3,,03-3395-2811
1081,フォーマリー丸善,414-0026,静岡県伊東市,竹の台5-19,,0557-37-2017
1082,甲信越福山通運㈱ 福井,910-0823,福井県福井市,重立町28-43,,0776-54-8001
1083,㈱トーヨー特機 名古屋,462-0062,愛知県名古屋市北区,新沼町55,,090-7604-3898
1084,㈱ファッションクロスフルシマ,348-0026,埼玉県羽生市,下羽生1073-1,,048-561-4367
1085,龍田刺繍,915-0233,福井県越前市,岩本町15-12,,0778-42-0767
1086,㈱フソー,320-0014,栃木県宇都宮市,大曽2-2-53,,028-622-6658
1087,㈲サンメグ,150-0036,東京都渋谷区,南平台町12-13,秀和第2南平台ﾚｼﾞﾃﾞﾝｽ802,03-3496-5025
1088,㈲中島商会,819-0022,福岡県福岡市西区,福重4-14-12,,092-891-1981
1089,㈲インテリア桜庭,010-1421,秋田県秋田市,仁井田本町2-17-24,,018-839-7227
1090,五洋電機㈱,910-0002,福井県福井市,町屋3-8-12,,0776-26-0134
1091,太陽ランドリー,340-0044,埼玉県草加市,花栗4-25-39,,048-942-1306
1092,㈱旭化工,201-0002,東京都狛江市,東野川1-5-21,,03-3488-2511
1093,㈱イトードレス,340-0014,埼玉県草加市,住吉2-2-4,,048-924-7832
1094,㈱マリーゴールド,861-2107,熊本県熊本市東区,秋津新町1-34,3F,096-331-3336
1095,仙台不入流,981-1234,宮城県名取市,箱塚1-11-32,,022-383-2365
1096,アイナックス稲本㈱ 九州支店,812-0896,福岡県福岡市博多区,東光寺町1-15-34,ｻﾝYﾋﾞﾙ,092-451-0671
1097,小林 重一,948-0041,新潟県十日町市,北新田564-8,,025-757-2457
1098,㈱華裳 ブライダルサロン華裳 本店,381-2221,長野県長野市,川中島町御厨937-1,ﾜｲﾙﾄﾞﾋﾞﾙ 1F,026-286-3993
1099,㈱双葉商会*禁,111-0031,東京都台東区,千束2-25-4,,03-3871-1071
1101,マリアージュ㈲彩華*廃業,885-0026,宮崎県都城市,大王町34-11,,0986-26-3663
1102,川口加茂川屋 熊田,333-0834,埼玉県川口市,安行領根岸2259-24,,048-284-2337
1103,アクロストランスポート㈱ A.R.C,243-0035,神奈川県厚木市,愛甲片町1434,,046-226-9950
1104,㈲前川クリーニング店,080-0846,北海道帯広市,緑ケ丘二条3-6,,0155-24-3928
1105,㈱渡辺貸衣裳,418-0005,静岡県富士宮市,宮原407-7,,0544-24-4498
1107,クリーニングのタケダ 竹田良二,504-0824,岐阜県各務原市,蘇原旭町2-61,,058-383-3732
1108,三晃設備,003-0861,北海道札幌市白石区,川下一条4-2-20,,011-871-8306
1109,㈱品田ミシン商会,940-0016,新潟県長岡市,宝4-3-5,,0258-24-9970
1110,㈱江本染料店 高松営業所,761-0104,香川県高松市,高松町2158-7,,0878-43-1601
1111,クリーニングさわや,542-0082,大阪府大阪市中央区,島之内1-11-2,,06-271-7624
1112,㈱小島衣料,502-0006,岐阜県岐阜市,粟野西5-684,,058-237-3033
1114,金森クリーニング,522-0064,滋賀県彦根市,本町3-2-4,,0749-23-4647
1115,クリーニングショップこんの,960-0778,福島県伊達市,梁川町伝樋5-12,,024-577-1762
1116,㈲クリーン浅野,329-4307,栃木県栃木市,岩舟町静303-9,,0282-55-4894
1118,㈱庄内リネンサプライズ,997-0011,山形県鶴岡市,宝田3-9-47,,0235-22-8068
1119,ことぶき繊維化工㈱,192-0051,東京都八王子市,元本郷町2-1-16,,042-622-2432
1120,鈴木 清弘,494-0005,愛知県一宮市,西五城中川田一,,
1121,㈲ビューティ三愛,983-0852,宮城県仙台市宮城野区,榴岡1-2-45,,022-297-5422
1122,山上縫糸㈱,537-0025,大阪府大阪市東成区,中道4-16-21,,06-6981-4127
1123,ほりぐちドライ,619-0242,京都府相楽郡精華町,菅井北ノ堂51-23,,0774-93-1433
1124,中村屋クリーニング,930-0046,富山県富山市,堤町通り2-6-3,,076-423-0259
1125,㈲テクノサービス,441-0105,愛知県豊川市,伊奈町佐脇原430,,05337-8-3514
1126,㈲田部田ソーイングシステム,326-0052,栃木県足利市,相生町385-34,,0284-41-7539
1128,㈱クリントピア ぴいぷる,603-8223,京都府京都市北区,紫野東藤ノ森町11,,075-441-3628
1129,まきやす衣裳店,442-0047,愛知県豊川市,若宮町48,,0533-86-1200
1130,ワジズ機械㈱,491-0045,愛知県一宮市,音羽3-14-25,,0586-72-1234
1131,白光舎 本店,340-0031,埼玉県草加市,新里町30-12,,048-929-1321
1132,㈱アミナカ,288-0048,千葉県銚子市,双葉町2-6,,0479-25-3854
1134,JUKI販売㈱ 宇都宮支店,321-4351,栃木県真岡市,中634-6,,0285-80-6166
1135,木村クリーニング,340-0834,埼玉県八潮市,大曽根817-5,,048-996-3346
1137,しらふじクリーニング,020-0132,岩手県盛岡市,西青山2-26-18,,019-647-6468
1138,ワールドクリーニング東京,173-0032,東京都板橋区,大谷口上町64-6,,03-3932-1497
1139,ひし菊,722-0017,広島県尾道市,門田町9-39,,0848-23-5783
1142,東和クリーニングﾞ 富沢,641-0025,和歌山県和歌山市,和歌浦中2-8-7,,073-444-6754
1144,スタークリーニング,158-0086,東京都世田谷区,尾山台3-22-6,,03-3701-4401
1145,澤村㈱ 大阪中央支店,541-0046,大阪府大阪市中央区,平野町3-2-13,平野中央ﾋﾞﾙ 第2事業部,06-6201-1333
1146,㈱パルコーポレーション,802-0982,福岡県北九州市小倉南区,山手1-13-1,,093-962-8311
1147,西川㈱ 東日本品質管理室,103-0006,東京都中央区,日本橋富沢町8-8,,03-3664-8161
1148,㈲サンヨー商会 衣裳部,272-0822,千葉県市川市,宮久保3-21-26,,047-372-1011
1149,岡川縫製㈱,502-0827,岐阜県岐阜市,平和通2-29,,058-231-2121
1150,㈱オオムラ,386-0012,長野県上田市,中央2-5-9,,0268-22-5503
1151,中川 総一郎,233-0006,神奈川県横浜市港南区,芹が谷1-35-10,,045-825-4192
1152,㈱平安 ザ･ラシュランコート,399-0037,長野県松本市,村井町西2-7-24,,0263-85-3111
1154,谷口クリーニング店,923-0326,石川県小松市,粟津温泉ｦ25-1,,0761-65-1316
1156,アズマ㈱ 花巻営業所,025-0012,岩手県花巻市,胡四王1-11-9,,0198-31-3050
1157,長坂美容室,028-7305,岩手県八幡平市,松尾28-59-3,,0195-74-2644
1158,共栄ドライ,893-0005,鹿児島県鹿屋市,共栄町9-25,,0994-42-3441
1159,㈱ニッセン 青森支店,030-0957,青森県青森市,蛍沢1丁目27-10,,017-752-1402
1160,徳島シンガー販売㈲,770-0871,徳島県徳島市,金沢2-3-49,,088-664-5447
1161,株式会社スズショー,145-0076,東京都大田区,田園調布南2-11,,03-3750-1155
1162,㈱コマックス,432-8051,静岡県浜松市南区,若林町307-1,,053-447-1123
1164,㈱ﾌﾞﾗｲﾀﾞﾙﾌｧｯｼｮﾝダイワ　　　ｵﾘ,440-0812,愛知県豊橋市,東新町73-23,,0532-55-8111
1165,㈱横田ミシン,762-0038,香川県坂出市,笠指町2-46,坂商正門前,0877-46-4032
1166,㈱ホウトク,110-0013,東京都台東区,入谷1-14-2,,03-5603-6655
1167,㈲達磨屋商事 みずほ貸衣裳,996-0023,山形県新庄市,沖の町2-5,,0233-23-3383
1168,㈲二幸,390-0846,長野県松本市,南原2-23-4,,0263-25-2220
1169,マーティナイジング 綾瀬店,120-0004,東京都足立区,東綾瀬1-22-1,,03-3629-3251
1171,日本通運㈱ 浜松支店,432-8047,静岡県浜松市中区,神田町橋ﾉ下1223,,053-441-4420
1172,㈲ニッソウカンパニー,920-0044,石川県金沢市,南広岡町ﾊ43-2,,076-221-3654
1173,市川ランドリー 滋賀県,521-0035,滋賀県米原市,醒井215,,0749-54-0824
1174,伸和織物,504-0926,岐阜県各務原市,上中屋町5-188,,058-382-0725
1175,㈲セレモサプライ,062-0003,北海道札幌市豊平区,美園三条8-5-18,,011-815-4211
1177,加茂川屋,113-0034,東京都文京区,湯島3-12-2,,03-3831-2998
1178,貸衣裳アサコ,775-0006,徳島県海部郡牟岐町,中村123-6,,0884-72-1835
1179,㈲ヒラマツ流通センター,592-8352,大阪府堺市西区,築港浜寺西町8-7,ｺﾞｰﾙﾃﾞﾝﾌﾘｰｽ内,072-268-0607
1180,㈱ルパッセ,963-8041,福島県郡山市,富田町久根下26,,024-952-1179
1182,㈱レオパレス21,160-0023,東京都新宿区,西新宿1-23-3,廣和ﾋﾞﾙ 2階 ﾚｵﾊﾟﾚｽﾜｰﾙﾄﾞ新宿,03-5325-9780
1184,四国ジューキ㈱ 本社,769-0210,香川県綾歌郡宇多津町,2402,,0877-49-0931
1185,㈱寿々裳,506-0008,岐阜県高山市,初田町3-5-2,,0577-34-1010
1186,KIテクノ 伊藤,919-0447,福井県坂井市,春江町中筋大手72,,0776-51-6843
1189,㈲ローマ美容室,020-0015,岩手県盛岡市,本町通2-10-20,,019-653-4466
1190,中日本ジューキ㈱ 金沢営業所,921-8061,石川県金沢市,森戸1-119,,0762-40-1888
1191,㈱ラコーム,911-0034,福井県勝山市,滝波町1-218,,0779-87-1291
1192,伊藤クリーニング㈲,511-0042,三重県桑名市,柳原133,,0594-22-3679
1193,㈱エルローズ 二宮店,910-0015,福井県福井市,二の宮5-14-3,,0776-23-1810
1194,ないとうブライダル館,669-3461,兵庫県丹波市,氷上町市辺363-1,,0795-82-5815
1195,㈲東成機械工業,010-1603,秋田県秋田市,新屋勝平台23-3,,018-865-3330
1196,細川機業㈱,930-0395,富山県中新川郡上市町,正印１丁目,,076-472-5112
1197,加藤ニット 加藤昇,919-0476,福井県坂井市,春江町針原22-14,,0776-51-0360
1198,㈲エクシード,369-0306,埼玉県児玉郡上里町,七本木2647-18,,0495-34-2781
1199,WHY NOT,550-0002,大阪府大阪市西区,江戸堀1-22-39-201,,06-441-3731
1200,㈲フルール,146-0082,東京都大田区,池上2-20-18,,03-3752-5345
1201,㈱小仙ミシン商会,711-0906,岡山県倉敷市,児島下の町7-2-21,,086-472-3158
1202,村上貸衣裳店,720-0812,広島県福山市,霞町1-20-30,,084-923-2188
1203,㈱ヴィーブサンク,106-0047,東京都港区,南麻布4-11-22,T&Fﾋﾞﾙ 5F,03-5793-3571
1204,パスカ 赤羽 男,399-0422,長野県上伊那郡辰野町,平出2181,,0266-41-5016
1205,クリーンドライつちだ,950-0872,新潟県新潟市東区,牡丹山2-1-8,,025-274-0938
1206,㈲ビューティーグレース,965-0864,福島県会津若松市,城西町4-38,,0242-28-3517
1207,㈲マイクロキッズ,326-0034,栃木県足利市,久松町135-1,,0284-41-3350
1208,㈱キング,101-0047,東京都千代田区,内神田1-12-10,四国第二ビル1Ｆ,03-6260-5336
1209,高畑織物㈲,929-0116,石川県能美市,根上町赤井町ｲ23,,076-155-1184
1211,エネックス㈱,918-8034,福井県福井市,南居町81-1-11,,0776-33-2222
1212,㈱廣瀬商会,120-0043,東京都足立区,千住宮元町23-2,,03-3870-8411
1213,ニッセン加工㈱,919-0472,福井県坂井市,春江町松木1-35,,0776-51-5000
1214,㈱バーサス,145-0064,東京都大田区,上池台1-10-4,,03-3729-3131
1215,㈱マークシティー,259-0301,神奈川県足柄下郡湯河原町,中央3-1-8,,0465-64-0664
1216,㈱イツミ製作所,350-1175,埼玉県川越市,笠幡3670,,049-231-1799
1218,共栄ランドリ－,154-0005,東京都世田谷区,三宿1-20-11,,03-3414-4196
1219,きょうとや貸衣裳店 加藤,890-0056,鹿児島県鹿児島市,下荒田3-27-21,,099-252-4751
1220,㈱ボブソン 吉田工場,799-3730,愛媛県宇和島市,吉田町立間2-2552-1,,0895-52-2020
1221,㈲クリーニングかとう,385-0043,長野県佐久市,取出町493-3,,0267-62-0802
1222,㈲堀江衣裳店,321-0621,栃木県那須烏山市,中央2-10-7,,0287-82-2624
1223,㈲播州クリーニング,671-2112,兵庫県姫路市,夢前町塩田182-9,,07933-60232
1224,湯浅道糸工業㈱,468-0066,愛知県名古屋市天白区,元八事1-47,,052-831-7281
1225,スコービル ジャパン㈱ 上尾工場,362-0806,埼玉県北足立郡伊奈町,小室7135,,048-721-1311
1226,㈱シック,150-0002,東京都渋谷区,渋谷1-3-8,第二栄来ﾋﾞﾙ7F,03-5466-1071
1227,クラレトレーディング㈱,530-0001,大阪府大阪市北区,梅田1-12-39,新阪急ﾋﾞﾙ4F,06-6348-2260
1228,マルヤ京染店,320-0037,栃木県宇都宮市,清住3-8-20,,028-622-8382
1229,市田捲糸,601-8206,京都府京都市南区,久世大薮町489-163,,
1230,みやま京染洗張店,577-0841,大阪府東大阪市,足代1-55,,06-6728-7995
1231,勝川ランドリー,486-0925,愛知県春日井市,中切町1-5-4,,0568-82-6740
1233,㈲装美,020-0823,岩手県盛岡市,門2-16-1,,019-651-7318
1234,スヤマクリーニング,340-0814,埼玉県八潮市,南川崎253-2,,048-996-9817
1235,船田クリーニング店,329-4304,栃木県栃木市,岩舟町静和2146-9,,0282-55-2249
1236,㈲平岩捺染,600-8455,京都府京都市下京区,八幡町535-8,,075-371-4491
1237,㈲泉ドレス,202-0012,東京都西東京市,東町2-1-5,,042-422-1140
1238,日本ニット㈱,639-0236,奈良県香芝市,磯壁5-9-8,,0745-77-6735
1239,㈲ダイヤ商事,146-0082,東京都大田区,池上5-2-8,,03-3753-2255
1240,㈲柏衣裳店,207-0014,東京都東大和市,南街6-38-2,ｻﾝｼﾞｪﾘ-ﾋﾞﾙ1F,042-567-3261
1241,葛川工業㈱,604-0036,京都府京都市中京区,正行寺町662,,075-231-1498
1242,㈲トーシン機械,985-0041,宮城県塩竈市,白菊町5-5,,022-367-7226
1243,㈱木村クリーニング,056-0003,北海道日高郡新ひだか町,静内旭町1-26-9,,01464-2-1487
1244,㈲上山洗機,891-0150,鹿児島県鹿児島市,坂之上2-11-16,,099-261-6363
1245,㈾幸希,860-0804,熊本県熊本市中央区,辛島町69,,096-353-6716
1248,日米礦油㈱ 大阪支店,550-0015,大阪府大阪市西区,南堀江4-25-15,,06-6539-3432
1249,西岡商店,640-8102,和歌山県和歌山市,南雑賀町18,,073-423-0429
1250,㈲丸田しみ抜き店,135-0004,東京都江東区,森下3-4-11,,03-3632-7017
1251,アキバクリーニング,132-0021,東京都江戸川区,中央1-2-9,,03-5670-3180
1252,㈱ホンダクリーニング,981-3135,宮城県仙台市泉区,八乙女中央4-1-27,,022-375-3169
1253,㈲紫光,646-0031,和歌山県田辺市,湊629-9,,0739-24-3441
1254,三国ドライ㈲,913-0046,福井県坂井市,三国町北本町4-1-33,,0776-81-2665
1255,JAみちのく村山農業協同組合,999-4111,山形県北村山郡大石田町,大石田乙201-9,,0237-35-3131
1256,ホームドライ ㈲マツオ,912-0036,福井県大野市,美川町2-6,,0779-66-2756
1257,みよしサ－ビス,710-0834,岡山県倉敷市,笹沖88-22,,086-426-6361
1258,稲松染色補正店,920-0842,石川県金沢市,元町1-5-10,,076-251-3729
1259,㈱晃立,711-0911,岡山県倉敷市,児島小川7-1-34,,086-474-5500
1260,マリリンハウス 植村,670-0935,兵庫県姫路市,北条口3-10-2,,079-222-3403
1261,えすみ商会,193-0826,東京都八王子市,元八王子町2-1221-2,,042-665-7543
1262,ブライダルギャラリー,320-0016,栃木県宇都宮市,山本町1-2-8,㈱北関東互助ｾﾝﾀｰ 1F,028-625-7002
1263,㈱近藤衣裳店,662-0971,兵庫県西宮市,和上町5-15,,0798-33-1938
1264,㈲高柳ミシン商会,373-0853,群馬県太田市,浜町73-4,,0276-45-4419
1265,ブライダルコスチュームみやび,721-8588,広島県福山市,南蔵王町4-5-18,,084-925-3800
1266,吉川化工㈱,541-0056,大阪府大阪市中央区,久太郎町1-6-27,,06-266-2251
1268,㈱クリーニングふなだ,991-0031,山形県寒河江市,本町1-19-6,,0237-84-2408
1269,㈲ブルースカイ照井,030-0913,青森県青森市,東造道3-15-13,,017-736-7878
1270,コスチュームドマリエ,656-0026,兵庫県洲本市,栄町4-683-8,,0799-22-4480
1271,三協商事㈱,940-0097,新潟県長岡市,山田2-4-14,,0258-36-2460
1272,㈲フルカワファクトリー,501-6035,岐阜県羽島郡笠松町,円城寺806,,058-388-1933
1273,サンコーフェルマ㈲,920-0005,石川県金沢市,高柳町ｿ2-53,,076-252-9544
1275,㈱長谷川絵雅堂,604-8241,京都府京都市中京区,釜座町5,,075-221-3737
1277,アズマ㈱ 山形営業所,990-0813,山形県山形市,桧町4-6-35,,0236-84-8400
1278,㈱アブアブ 上野店,110-0005,東京都台東区,上野4-8-4,3F,03-3833-3111
1279,㈱ニッセン 東京支店,110-0016,東京都台東区,台東1丁目21番4号,東京ﾐｼﾝ会館6F,03-3834-7311
1280,㈱ワコール,601-8313,京都府京都市南区,吉祥院中島町29,,075-682-1150
1281,㈲大井商店,770-0902,徳島県徳島市,西新町3-15,,088-625-4141
1282,メルパルク長野 総務部,380-8584,長野県長野市,鶴賀高畑752-8,,026-225-7822
1284,細川ミシン㈲,769-2701,香川県東かがわ市,湊1997,,0879-25-1241
1285,アイパル㈱,970-8036,福島県いわき市,平谷川瀬明治町30,,0246-21-3956
1286,やたべ,321-0984,栃木県宇都宮市,御幸町326-4,,028-662-1627
1288,㈱プロム,151-0061,東京都渋谷区,初台1-19-4,三森ﾋﾞﾙ201　→×,03-5302-1833
1289,辰口校下婦人会,923-1245,石川県能美市,辰口町ﾇ10,辰口女性青年会館内,0761-51-5850
1290,福井セーセン㈱,918-8102,福井県福井市,西板垣町101,,0776-36-2720
1291,㈲サントミ,183-0041,東京都府中市,北山町1-11-11,,042-577-4869
1292,マリエージュ,643-0033,和歌山県有田郡有田川町,明王寺217-1,,0737-52-2415
1293,㈲丸福衣裳,403-0032,山梨県富士吉田市,上吉田東9丁目1-18,ﾎﾃﾙ鐘山苑内衣装室,0555-22-1640
1294,テクノステーション横浜,244-0801,神奈川県横浜市戸塚区,品濃町542-6,東戸塚東口第一生命ﾋﾞﾙ3F,045-826-5454
1295,株式会社　アイナックス*禁,263-0054,千葉県千葉市稲毛区,宮野木町2152-1,,043-286-5468
1296,㈱松崎マトリクステクノ,173-0023,東京都板橋区,大山町38-5,,03-3973-0678
1297,㈱ボブソン,701-0151,岡山県岡山市北区,平野788,,086-292-0222
1299,東京メリヤス機械用品㈱,350-1305,埼玉県狭山市,入間川3145-2,,0429-59-2711
1300,ベルクリーニング,252-0303,神奈川県相模原市南区,相模大野9-21-2,,0427-43-2914
1302,しなのクリーニング商会,380-0803,長野県長野市,三輪8-28-5,,026-232-7016
1303,㈲こうじ屋商店 事ごと屋事業,103-0023,東京都中央区,日本橋本町1-9-4,ﾋｭｰﾘｯｸ日本橋本橋1丁目ﾋﾞﾙ 4F,03-6262-5155
1304,早川ランドリー,308-0051,茨城県筑西市,岡芹1033-4,,029-622-4361
1305,㈱富士錦,367-0021,埼玉県本庄市,東台2-6-39,,0495-22-5865
1306,中日本ジューキ㈱ 本社,453-0835,愛知県名古屋市中村区,上石川町3-33,,052-412-1211
1307,㈲寿屋貸衣裳店,857-0805,長崎県佐世保市,光月町3-4,,0956-24-6789
1308,㈱トーユーロジノス,116-0003,東京都荒川区,南千住2-30-10,,03-6806-6950
1309,㈱サンク,102-0074,東京都千代田区,九段南2-5-9,,03-3239-3181
1310,㈱アグリッパー 石巻工場,986-0815,宮城県石巻市,中里7-2-42,,0225-94-0168
1311,㈱丸山刺繍,679-0205,兵庫県加東市,北野540-1,,0795-48-9311
1312,㈱紀生 桂由美ブライダルハウス,981-0913,宮城県仙台市青葉区,昭和町2-28,,022-233-2277
1313,㈱洋服屋 業務課,150-0021,東京都渋谷区,恵比寿西1-33-35,代官山4298,03-3463-3889
1314,一条ブライダルサロン,441-3416,愛知県田原市,東赤石5-7,,0531-22-5116
1316,㈱グランヤマキ,162-0064,東京都新宿区,市谷仲之町4-42,,03-3355-5613
1317,クリーニングの八木,915-0823,福井県越前市,本町7-5,,078-22-1411
1318,大橋クリーニング店,494-0004,愛知県一宮市,北今林四切2048-1,,0586-61-2248
1320,㈱ヒッツ,651-0056,兵庫県神戸市中央区,熊内町7-4-4,,078-271-3216
1321,渡辺織物 渡辺利春,403-0012,山梨県富士吉田市,旭3-5-25,,0555-22-2252
1322,着物しみぬき丸京,851-0134,長崎県長崎市,田中町1565-8,,095-839-4012
1323,大塚洗材㈱ 本社,174-0063,東京都板橋区,前野町2-35-3,,03-3968-3251
1324,福原クリーニング,154-0004,東京都世田谷区,太子堂3-5-17,,03-3421-0466
1325,㈱ひまわり,933-0038,富山県高岡市,坂下町1201-1,,0766-22-3660
1326,宮善織物,483-8302,愛知県江南市,宮田神明町天王108,,0587-57-5111
1327,㈱ローズクリーニング,671-2224,兵庫県姫路市,青山西2-24-1,,079-266-4262
1328,みながわクリーニング店,916-0312,福井県丹生郡越前町,宿4-20,,0778-37-0106
1329,メグロランドリー,940-0231,新潟県長岡市,栃尾旭町9-19,,0258-52-3267
1330,西忠産資工業㈱,409-0501,山梨県大月市,富浜町宮谷1535-1,,0554-22-1147
1331,㈲ワシ屋 今治工場,794-0005,愛媛県今治市,大新田町3-4-13,,0898-31-3696
1332,㈲サンワ洗機,536-0006,大阪府大阪市城東区,野江3-5-22,,03-932-6353
1333,COCO M,863-0022,熊本県天草市,栄町10-24,,0969-24-0011
1334,㈱クリーニングのシルキー 本店,310-0852,茨城県水戸市,笠原町245-2,,029-241-8630
1335,㈱アルテック ラボ,496-8015,愛知県愛西市,草平町新佐屋川97-1,,0567-24-3291
1336,谷物産,929-1103,石川県かほく市,谷ｲ-132-1,,076-285-2555
1337,天使の森 佐野店,327-0831,栃木県佐野市,浅沼町247,,0283-22-8977
1338,アイナックス稲本㈱ 関西支店,660-0806,兵庫県尼崎市,金楽寺町1-6-44,,06-4868-5535
1339,永橋ミシン㈱,547-0005,大阪府大阪市平野区,加美西2-1-17,,06-793-6935
1340,㈱トラストクラブ,107-0062,東京都港区,南青山2-21-37,,03-3475-5639
1341,㈲太陽舎クリーニング,380-0811,長野県長野市,東鶴賀町54-6,,026-232-1362
1342,熊井倉庫㈱,273-0016,千葉県船橋市,潮見町35-2,,047-432-0087
1343,㈱エンパイアー,060-0054,北海道札幌市中央区,南四条東5-1-29,豊ﾋﾞﾙ,011-251-2682
1344,㈱千代田ブライダルハウス,904-0117,沖縄県中頭郡北谷町,北前1-21-5,,098-926-1196
1345,峰岸衣裳店,376-0601,群馬県桐生市,梅田町1-205-5,,0277-32-1615
1346,㈱ジョッティ,113-0021,東京都文京区,本駒込6-12-1,,03-5319-0405
1347,川久,414-0037,静岡県伊東市,桜ガ丘1-1-10,,0557-37-5692
1348,角栄舎,274-0063,千葉県船橋市,習志野台2-13-11,,0474-67-8716
1349,㈱ロイヤルパトウ,596-0803,大阪府岸和田市,東大路町226,,072-443-5134
1350,島田家,698-0005,島根県益田市,本町3-15,,0856-22-0020
1351,クリーニングかわい,501-3146,岐阜県岐阜市,芥見嵯峨2-43,,058-243-0860
1352,サンパレス熊本 衣裳室,862-0913,熊本県熊本市東区,尾ノ上2-21-10,,096-365-2020
1353,㈱チャイルド,130-0021,東京都墨田区,緑4-2-2,,03-3632-2828
1354,東邦クリーニング,320-0071,栃木県宇都宮市,野沢町42-6,,028-665-0340
1355,華和産商㈱ 長野支店,387-0006,長野県千曲市,粟佐1115,,026-285-9220
1356,貸衣裳 扇,421-0526,静岡県牧之原市,大沢139-11,,0548-52-2192
1357,㈱シガドライウィザース,522-0222,滋賀県彦根市,南川瀬町1547,,0749-25-1393
1358,ブライダルプラザとしま,360-0043,埼玉県熊谷市,星川1-101,,048-523-3591
1359,スカワ商会,062-0053,北海道札幌市豊平区,月寒東三条19-8-2,,011-853-1793
1360,アズマ㈱ 秋田営業所,010-0975,秋田県秋田市,八橋三和町1-6,,018-864-7771
1361,新藤クリーニング,040-0015,北海道函館市,梁川町18-16,,0138-51-8683
1362,㈲ファッションあいさわ,374-0018,群馬県館林市,城町16-9,,0276-73-4208
1363,さくらや貸衣裳,192-0052,東京都八王子市,本郷町10-2,,042-625-2515
1364,岩田ミシン商会,453-0067,愛知県名古屋市中村区,宿跡町2-54-4,,052-411-2227
1365,㈱ラーゴフクエツ,150-0001,東京都渋谷区,神宮前4-4-12,第一唐沢1F,03-3746-0772
1366,㈱アベニュー,193-0801,東京都八王子市,川口町3870-3,,0426-54-4228
1367,飯塚紋章店,366-0012,埼玉県深谷市,江原379-1,,048-571-5369
1368,㈲バンビ,174-0071,東京都板橋区,常盤台4-20-6,,03-3937-3582
1369,ﾌﾞﾗｲﾀﾞﾙｺｽﾁｭ-ﾑ㈱創美*禁,963-0111,福島県郡山市,安積町荒井弁天31-1,,0249-47-0700
1370,㈲菊栄クリーニング,328-0122,栃木県栃木市,木野地町185-4,,0282-24-2477
1371,不二機材商,824-0602,福岡県田川郡添田町,添田1108,,0947-82-2027
1372,㈱ナイガイロジスティック,454-0011,愛知県名古屋市中川区,山王1-3-1,,052-321-1181
1373,ボブソン山口㈱,759-6301,山口県下関市,豊浦町川棚1545-9,→×,083-774-1112
1374,さいとう美容室 フェリーチェ,990-0043,山形県山形市,本町1-7-42,山形ｸﾞﾗﾝﾄﾞﾎﾃﾙ B1F,023-628-0055
1375,アザーワイズ㈲,154-0024,東京都世田谷区,三軒茶屋2-9-20,,03-5433-3707
1376,㈲栄クリーニング 加藤,503-2121,岐阜県不破郡垂井町,2020/2/9,,0584-22-0449
1377,㈱アトリエ じゃんけん,103-0007,東京都中央区,日本橋浜町2-19-5,鳥居ﾋﾞﾙ2F,03-3662-2081
1379,㈲アイブライズ,400-0306,山梨県南アルプス市,小笠原1789,,055-282-1188
1380,ナッククリーニング,518-0725,三重県名張市,元町411-1,,0595-64-0151
1382,㈲八千代 ヤチヨスール衣装室,470-2213,愛知県知多郡阿久比町,阿久比宮前22-4,,0569-48-0071
1383,㈱ブライダル21,507-0053,岐阜県多治見市,若松町1-18,,057-225-4558
1384,山本 治男,825-0002,福岡県田川市,伊田1-652-3,,0947-45-2255
1385,住商オｯトー㈱ 物流部,103-0015,東京都中央区,日本橋箱崎町16-9,,03-5641-3821
1386,サンコークリーニング,365-0042,埼玉県鴻巣市,松原2-1-29,,048-545-5584
1387,不二衣裳㈱,400-0032,山梨県甲府市,中央5-1-26,,055-232-2214
1388,㈱田村写真館,327-0317,栃木県佐野市,田沼町680,,0283-62-0473
1389,㈱サンレー アフロディーテ金沢,920-0056,石川県金沢市,出雲町ｲ230-2,,076-223-3000
1390,㈱メモアｰル,085-0015,北海道釧路市,北大通2-8,,0154-23-2222
1391,宮本商店,599-0221,大阪府阪南市,石田662-2,,072-473-1453
1392,パール美容院,039-3321,青森県東津軽郡平内町,小湊93,,0177-55-3327
1393,モリノブライズ㈱ 本社,231-0026,神奈川県横浜市中区,寿町2-6-10,,045-681-3152
1394,吉川縫工㈲,679-1211,兵庫県多可郡多可町,加美区寺内292-4,,0795-35-0190
1395,㈱出雲総業 ホワイトパレス衣裳室,866-0883,熊本県八代市,松江町290-1,,0965-35-0005
1396,舞鶴衣裳,994-0025,山形県天童市,鎌田本町2-4-51,天童ｸﾞﾗﾝﾄﾞﾎﾃﾙ舞鶴荘2F ﾛｲﾔﾙ衣裳室,023-653-3801
1397,とみや呉服店,855-0806,長崎県島原市,中堀町20-3,,0957-62-2528
1398,㈱関西新生活互助会,651-1313,兵庫県神戸市北区,有野中町1-16-5,,078-982-0314
1399,吉本ミシン㈱,677-1115,兵庫県西脇市元町通288,,登録情報要確認,0795-22-2843
1400,喜祥屋,441-8026,愛知県豊橋市,羽根井西町13-6,,0532-32-2644
1401,羽衣貸衣裳店,770-0847,徳島県徳島市,幸町3-38,,088-654-4651
1402,クリーニングのパール京都屋,806-0012,福岡県北九州市八幡西区,陣山3-6-10,,093-661-4252
1403,㈱オリゾンティ 星野,151-0051,東京都渋谷区,千駄ヶ谷2-7-9,星野様,03-5411-6520
1405,西川ランドリー,197-0024,東京都福生市,牛浜131,,042-551-0704
1406,クリーニングのくらみち,868-0086,熊本県人吉市,下原田町堀2103-4,,
1407,杉本屋クリーニング店,630-8341,奈良県奈良市,南城戸町33,,0742-22-3049
1408,ベルフォート日向,883-0044,宮崎県日向市,上町7-3,,0982-52-3212
1409,㈱ｺﾞｰﾙﾃﾞﾝﾄﾞﾘ-ﾑｲﾝﾀｰﾅｼｮﾅﾙ,160-0022,東京都新宿区,新宿3-24-1,住友銀行新宿ﾋﾞﾙ4F,03-3356-8011
1410,ブライダルプラザ衣舞,080-2472,北海道帯広市,西二十二条南3,,0155-34-2002
1411,㈱三橋,101-0032,東京都千代田区,岩本町3-6-4,,03-3862-7855
1413,㈲三徳,424-0931,静岡県静岡市清水区,岡町7-36,,0543-52-3550
1414,㈲坂下クリーニング機材,890-0056,鹿児島県鹿児島市,下荒田1-11-19,,099-254-6677
1415,バージンロード,028-0063,岩手県久慈市,荒町1-1,,0194-53-2113
1416,㈱木立写真館,040-0043,北海道函館市,宝来町10-13,,0138-23-1303
1417,㈱ウィズ　*禁,304-0005,茨城県下妻市,半谷新田726-6,,0296-30-1318
1418,㈱大石衣裳店,183-0023,東京都府中市,宮町3-1,,0422-22-0014
1420,ビューティーライフ ソフィア,289-2144,千葉県匝瑳市,八日市場ｲ-66-1,,0479-72-0828
1421,吉呑 恵美子,053-0832,北海道苫小牧市,桜木町3-1-3,,090-8906-2700
1422,フォーレモリ,938-0031,富山県黒部市,三日市1256-1,,0765-54-2000
1423,㈲三村美容商事,395-0805,長野県飯田市,鼎一色238-3,,0265-22-6892
1424,㈱オープンハート ジョイプラザ,697-0046,島根県浜田市,真光町88-1,,0855-22-1150
1425,高砂屋,670-0012,兵庫県姫路市,本町125,,079-222-3485
1426,中村表装㈱,105-0003,東京都港区,西新橋2-4-8,,03-3504-3301
1427,㈱マキヒロシゲ アトリエ,106-0031,東京都港区,西麻布4-4-11,ｸﾚｾﾝﾄ 2F,03-3409-5656
1429,㈱ナイガイ 技術部,243-0435,神奈川県海老名市,下今泉810,㈱日立製作所内 A棟 3F,046-235-7314
1430,㈲川俣三河屋機料,960-1453,福島県伊達郡川俣町,瓦町28,,024-565-2128
1431,㈱マリーゴールド,150-0033,東京都渋谷区,猿楽町11-1,ﾗﾌｪﾝﾃｱﾈｯｸｽ 1F,03-5456-7633
1432,ブライダル 扇屋,410-0836,静岡県沼津市,吉田町27-9,,055-931-8888
1433,㈱ティアラ 生産部,913-0016,福井県坂井市,三国町三国東6-5-5,,0776-82-4000
1434,マーティナイジング 西川口店,332-0034,埼玉県川口市,並木2-26-3,,048-251-3573
1435,㈱太成 白河営業所,961-8044,福島県西白河郡西郷村,石塚北64,,0248-22-7121
1436,㈱マルエー,970-8026,福島県いわき市,平3-3-1,,0246-23-6611
1437,大本商事㈱,720-0805,広島県福山市,御門町1-2-9,,084-923-4570
1438,㈱オンワード樫山,108-8439,東京都港区,海岸3-14-11,ｵﾝﾜｰﾄﾞ芝浦第3ﾋﾞﾙ 6F,03-3455-2669
1439,㈱コムウェル ナプシャンス 南柏店,270-0144,千葉県流山市,前ケ崎717,1F衣装室,04-7145-2973
1440,ストラッドフォード アネックス,101-0032,東京都千代田区,岩本町2-1-10,,03-5687-3751
1441,㈲林サ－ビス,161-0031,東京都新宿区,西落合2-5-12,N.Iｾﾝﾄﾗﾙﾏﾝｼｮﾝ1F,03-3565-3366
1442,㈱ルシアン,374-0047,群馬県館林市,野辺町416-6,,0276-74-7211
1443,M.M.S,014-0801,秋田県大仙市,戸地谷字川前382-3,,0187-62-3438
1444,㈲アキオ,232-0016,神奈川県横浜市南区,宮元町1-13,,045-716-2177
1445,㈱和光 ハトヤ,110-0005,東京都台東区,上野4-4-4,,03-3833-2011
1446,㈲木村クリーニング,871-0153,大分県中津市,大貞366,,0979-32-2414
1447,ホロン㈱ 商品センタ－,121-0832,東京都足立区,古千谷本町2-1-26,,03-3856-6211
1449,東京服飾㈱,340-0025,埼玉県草加市,谷塚仲町401-15,,048-922-1160
1450,㈱クリーン産業,374-0007,群馬県館林市,若宮町2689-2,,0276-74-6505
1451,太谷㈱ 福井営業所,910-0853,福井県福井市,城東4-29-12,,0776-27-2244
1452,岡村 繁,365-0042,埼玉県鴻巣市,松原2-1-29,,048-542-5584
1453,㈱ｼﾞｮｲ･ｱｸｾｽ･ｺｰﾎﾟﾚｰｼｮﾝ,252-0213,神奈川県相模原市中央区,すすきの町26-6,,042-704-8596
1454,㈱デジャブ,107-0062,東京都港区,南青山7-13-12,1F,03-3797-3232
1455,寿苑,921-8031,石川県金沢市,野町3-546,,076--247-6636
1457,㈱東京洗染機械製作所 本社,153-0044,東京都目黒区,大橋1-6-2,,03-3780-8768
1458,㈲ハーパース,152-0034,東京都目黒区,緑が丘1-13-16,,03-3723-8409
1459,川口貸衣裳,934-0005,富山県射水市,善光寺7-3,,0766-82-2475
1460,㈱東京洗染機械製作所,226-0016,神奈川県横浜市緑区,霧が丘2-9-13,,045-924-4351
1461,㈱キョウワテマス,213-0032,神奈川県川崎市高津区,久地159,,044-844-1281
1462,田中織物工場,504-0955,岐阜県各務原市,那加南栄町41,,058-382-0118
1463,ＪＵＫＩ販売㈱ 南東北支店,996-0053,山形県新庄市,福田字福田山712-11,,0233-23-1493
1464,㈱ユニック,192-0043,東京都八王子市,暁町3-2-20,,042-624-2711
1466,東洋運輸倉庫㈱,210-0869,神奈川県川崎市川崎区,東扇島22-4,商品管理,044-287-7406
1467,㈲ブライダルクィーンココ,080-0016,北海道帯広市,西六条南27-22-1,,0155-25-8743
1468,クラレトレーディング㈱,100-0004,東京都千代田区,大手町1-1-3,大手ｾﾝﾀｰﾋﾞﾙ6F,03-6701-2098
1470,㈱内郷館,973-8403,福島県いわき市,内郷綴町榎下70,,0246-26-3161
1471,ミスズソーイング,193-0812,東京都八王子市,諏訪町463-11,,0426-51-1721
1472,㈲クリーニングの若松,020-0573,岩手県岩手郡雫石町,南畑字男助山1-12,,019-695-2461
1473,日本インテリア㈱,813-0062,福岡県福岡市東区,松島3-27-15,,092-629-6611
1475,金森産業㈱染料部,933-0946,富山県高岡市,昭和町1-4-1,,0766-25-0123
1476,やすらぎ,734-0007,広島県広島市南区,皆実町2-5-1,豊久ﾋﾞﾙB1,082-256-6777
1477,市川ミシン商会,915-0812,福井県越前市,桂町5-19,,0778-22-0637
1478,㈱エルロｰズ 購買課,910-0363,福井県坂井市,丸岡町下安田22-16-3,,0776-67-5145
1479,㈱新木プラスチック工業所,922-0422,石川県加賀市,弓波町ﾛの50,,07617-4-6325
1480,㈱ビービ,151-0051,東京都渋谷区,千駄ヶ谷3-20-3,ｺ-ﾎﾟｺﾀﾆ,03-3470-2610
1481,㈱麻耶,182-0024,東京都調布市,布田1-45-1,,042-483-4121
1482,仕立屋 村田,830-0044,福岡県久留米市,本町1-25,,0942-38-0211
1483,㈱日本ﾚｽﾄﾗﾝ ｴﾝﾀ-ﾌﾟﾗｲｽﾞ,113-0031,東京都文京区,根津2-1-14,,03-3823-0841
1484,三東産業㈱,372-0031,群馬県伊勢崎市,今泉町1-1260-4,,0270-25-4307
1485,行田商店,179-0073,東京都練馬区,田柄2-14-18,,03-3930-1017
1486,㈱大武梶川縫製,577-0007,大阪府東大阪市,稲田本町1-12-24,,06-6744-8748
1487,ミス･ロージィ 可児店,509-0214,岐阜県可児市,広見5-116-1,TIME&SPACE 2F,0574-60-5574
1488,㈱吉崎,623-0063,京都府綾部市,広小路2丁目11,,0773-42-1127
1489,タイヨークリーニング㈱,563-0032,大阪府池田市,石橋4-15-34,,072-762-6699
1491,㈱スナミ,652-0831,兵庫県神戸市兵庫区,七宮町1-4-22,,078-671-1167
1492,クリーニング オオヤマ,306-0632,茨城県坂東市,辺田1165-1,,0297-35-0487
1493,白星舎 ランドリー,710-0045,岡山県倉敷市,船倉町1252-1,,086-422-2462
1494,㈱イワテブライダルセンター,026-0034,岩手県釜石市,中妻町3-2-4,,0193-23-4684
1495,塚本倉庫㈱ 花畑営業所,121-0062,東京都足立区,南花畑1-14-31,,03-3883-2526
1496,㈱東京洗染機械製作所 仙台支社,983-0861,宮城県仙台市宮城野区,鉄砲町174,,022-291-8961
1497,㈱たかぎ商店,540-0021,大阪府大阪市中央区,大手通2-4-11,,06-6946-8918
1498,㈱スワン,299-4501,千葉県いすみ市,岬町椎木860-1,,0470-87-8040
1499,エース工業㈱ 本社,453-0856,愛知県名古屋市中村区,並木2-93,,052-411-0840
1500,㈱ジロ－,150-0013,東京都渋谷区,恵比寿1-16-8,,03-3464-7701
1501,ネスタ－商事㈱,661-0951,兵庫県尼崎市,田能3-8-48,,06-491-6511
1503,㈲サクラニット,373-0841,群馬県太田市,岩瀬川町108,,0276-48-5329
1504,大阪ソーイング㈱,577-0012,大阪府東大阪市,長田東4-73,,06-6744-1395
1506,㈲やまとブライダル,949-7316,新潟県南魚沼市,一村尾,,025-777-4148
1507,㈱全国新生互助会 冠婚センター,174-0071,東京都板橋区,常盤台2-14-14,,03-5914-4122
1508,茨城特機サービス,319-0209,茨城県笠間市,泉2-32,,0299-37-8430
1509,ロイヤルクリーニング,733-0821,広島県広島市西区,庚午北3-1-2,,082-272-4019
1512,エクセルホール 所沢,359-1127,埼玉県所沢市,星の宮1-3-5,,04-2923-4122
1513,㈱ソウダ塗研,071-8154,北海道旭川市,東鷹栖４線10-5-3,,0166-58-3577
1514,㈱洗濯急便,542-0064,大阪府大阪市中央区,上汐2-2-9,,06-6764-4118
1516,㈱城東繊維 群馬工場,372-0036,群馬県伊勢崎市,茂呂南町3189-76,,0270-23-8891
1518,ヒロ･クリーニングスタジオ,263-0043,千葉県千葉市稲毛区,小仲台8-22-11-104,,043-284-0731
1519,クリーニングふじ,400-0123,山梨県甲斐市,島上条241-1,,055-277-7431
1521,よしいクリーニング,299-3246,千葉県大網白里市,小中401-1,,0275-72-0526
1522,ラファエル教会 衣裳室,732-0811,広島県広島市南区,段原4-2-3,,082-506-0113
1523,㈲元田機料店,923-0965,石川県小松市,串町北344-1,,0761-43-4115
1524,クリーニングハウス,349-0115,埼玉県蓮田市,蓮田576,十王ﾋﾞﾙ103,048-768-4427
1525,山川ドライクリーニング㈲ 本社,960-8154,福島県福島市,伏拝台田11-3,,024-546-3666
1526,北沢クリーニング,960-8003,福島県福島市,森合字屋敷下38-18,,024-557-2526
1527,㈲クリーニングのバンビ,030-0845,青森県青森市,緑3-11-1,,017-734-3510
1529,クリーニングIK,013-0061,秋田県横手市,横手町字六ノ口19-8,,0182-36-5433
1530,㈲ツバキクリーニング,021-0902,岩手県一関市,萩荘字竹際56−1,,0191-24-4417
1531,キカワクリーニング,014-0207,秋田県大仙市,長野字新山61-1,,0187-56-3475
1532,エスタシオン･デ･神戸,650-0043,兵庫県神戸市中央区,弁天町2-8,,078-371-5111
1533,㈱片山商店,677-0015,兵庫県西脇市,西脇1130-6,,0795-22-2613
1534,㈱銀波,522-0064,滋賀県彦根市,本町1-6-26,,0749-22-3434
1535,いさご美容室,981-1503,宮城県角田市,島田今泉157-3,,0224-63-1469
1536,㈱ワールド 品質管理部,105-0021,東京都港区,東新橋1-9-2,汐留住友ﾋﾞﾙ 19F,03-5568-3444
1537,㈱ユニティー,136-0071,東京都江東区,亀戸3-34-7,,03-3638-1591
1538,柳原商店,101-0032,東京都千代田区,岩本町3-3-11,,03-3866-6608
1539,㈱ファブリス,107-0052,東京都港区,赤坂8-11-25,赤坂ﾜﾗﾊﾞﾚ-6F 5T,03-3405-1214
1540,㈲三光ドライ,325-0013,栃木県那須塩原市,鍋掛1087-770,,0287-631-1230
1541,㈲やまざき,356-0023,埼玉県ふじみ野市,中ノ島1-2-10,,0492-63-5523
1542,㈲瀬原ミシンサービス,720-1131,広島県福山市,駅家町万能倉35-31,,084-976-5757
1543,㈱セラビ 板橋営業所,173-0021,東京都板橋区,弥生町70-1,,03-5966-2615
1544,中央ランドリー 山岸クリーニング,987-0003,宮城県遠田郡美里町,南小牛田字町屋敷76-2,,0229-32-2220
1545,マルイチクリ－ニングﾞ 新田清,981-0915,宮城県仙台市青葉区,通町2-11-123,,022-32-2220
1546,㈱ワールド 銀座リザ,104-0061,東京都中央区,銀座5-8-17,,03-3572-7676
1548,浜六㈱,629-3104,京都府京丹後市,網野町浅茂川208,,0772-72-0036
1549,吉沢織物㈱,948-0083,新潟県十日町市,本町一丁目下686,,025-752-4131
1550,㈱くじゃく苑,030-0802,青森県青森市,本町2-10,,017-773-1050
1551,岸波紋章店,943-0833,新潟県上越市,大町5-3-17,,025-523-3216
1552,㈲柳屋クリーニング,250-0013,神奈川県小田原市,南町1-9-27,,0465-22-4635
1553,扇屋,822-0023,福岡県直方市,神正町8-22,,09492-2-1084
1556,㈱ハートフル 貸衣裳 花ごよみ,895-0013,鹿児島県薩摩川内市,宮崎町1943,,0996-20-1515
1557,千種屋 本店,461-0049,愛知県名古屋市東区,古出来2-7-12,,052-711-3059
1558,㈱三陽商会 大阪支店,550-0013,大阪府大阪市西区,新町1-28-1,,06-532-1701
1559,㈱ワカバブライダルハウス,410-0892,静岡県沼津市,魚町7,,055-962-1912
1560,㈱キャット,284-0001,千葉県四街道市,大日字萱橋台782-2,,043-424-1291
1561,㈱サンサービス,918-8223,福井県福井市,河水町13-14-1,,0776-52-3157
1562,神山染色補正店 神山 勝,331-0823,埼玉県さいたま市北区,日進町2-868,,048-663-0848
1563,㈱イワテブライダルセンター,020-0822,岩手県盛岡市,茶畑2-25-10,,019-651-2500
1564,㈱大脇萬蔵商店,910-0004,福井県福井市,宝永4-7-2,,0776-23-2273
1565,㈲レディアンス,700-0912,岡山県岡山市北区,大供表町3-1,,086-226-5000
1566,㈱ベルニッシン,135-0047,東京都江東区,富岡2-6-13,,03-3630-3941
1567,クリーニングプラス1,021-0821,岩手県一関市,三関字日照17-3,,0191-26-3363
1568,パールクリーニング,989-2436,宮城県岩沼市,吹上2-4-13,,0223-22-3524
1569,ピーエックス㈱ 生産仕入部,106-0031,東京都港区,西麻布4-16-13,28森ﾋﾞﾙ 10F,03-5469-6411
1570,㈱鉄人,861-8038,熊本県熊本市東区,長嶺東8-6-34,,096-388-8511
1571,木村屋 ラブロ,862-0912,熊本県熊本市東区,錦ケ丘16-16,,096-360-3011
1572,木月クリーナー,223-0058,神奈川県横浜市港北区,新吉田東8-25-13,,045-531-7215
1573,エイワ㈱ 北本工場,364-0035,埼玉県北本市,西高尾4-184,,048-591-5470
1574,㈲土田ミシン商会,910-0016,福井県福井市,大宮6-15-24,,0776-24-4338
1575,㈲ハウストン,386-0016,長野県上田市,国分563-1,,0268-25-0514
1576,㈲雅,821-0012,福岡県嘉麻市,上山田1145-16,,0946-53-1881
1577,ブライダルサロン みやび,294-0056,千葉県館山市,船形292,,0470-27-4521
1578,大和屋クリーニング,329-4404,栃木県栃木市,大平町富田1683,,0282-43-2313
1579,境野クリーニング,372-0048,群馬県伊勢崎市,大手町10-8,,0270-26-8606
1580,和田染物店,241-0826,神奈川県横浜市旭区,東希望が丘224,,045-391-2337
1581,更紗屋,289-2144,千葉県匝瑳市,八日市場イ-2257,,0479-72-2824
1582,さく山クリーニング,020-0147,岩手県盛岡市,大館町16-1,,019-645-1870
1583,不動興業㈱,910-0842,福井県福井市,開発1-217-2,,0776-54-3322
1584,タケイサービス 武井 貴久男,264-0003,千葉県千葉市若葉区,千城台南4-3-3-301,,043-237-8370
1585,㈱オールミシン商会,799-1506,愛媛県今治市,東村1-3-8,,0898-47-3503
1586,㈱グランヤマキ新宿店,160-0005,東京都新宿区,愛住町3-3,,
1587,クリーニングジュネ,343-0837,埼玉県越谷市,蒲生本町6-13,,048-987-0338
1589,クリーニングリバティ,130-0011,東京都墨田区,石原4-26-13,,03-5610-1909
1590,福島県クリーニング協同組合,960-8166,福島県福島市,仁井田字前林川原18-1,,024-593-0570
1600,㈲粕谷サービス,811-2413,福岡県糟屋郡篠栗町,尾仲七苫493-1,,092-947-8147
1601,㈲マリアージュ矢澤,980-0803,宮城県仙台市青葉区,国分町3-3-5,ﾘｽｽﾞﾋﾞﾙ4F,022-263-9673
1602,大宮商店,780-0841,高知県高知市,帯屋町1-14-6,,088-872-2919
1603,伊藤クリーニング,999-3761,山形県東根市,神町中央通2-7-5,,0237-47-0161
1604,㈱ニットマテリアル,400-0047,山梨県甲府市,徳行1-14-16,,055-237-3309
1605,㈲クリーニングフローラ,285-0812,千葉県佐倉市,六崎1640-2,,043-486-5743
1606,㈱森商,289-2504,千葉県旭市,ニ5947-7,,0479-63-8141
1607,㈱マルフジ東向日,617-0002,京都府向日市,寺戸町北垣内38-1,,075-921-0737
1608,㈱マルフジ 西京極,615-0881,京都府京都市右京区,西京極北大入町125,,075-491-2422
1609,㈲エム・エス・ケー,814-0176,福岡県福岡市早良区,四箇田団地17-105,,092-834-6556
1610,貸衣裳の花ゆめ,738-0037,広島県廿日市市,宮園上4丁目4-7,,090-1685-0056
1611,アイナックス稲本㈱,805-0061,福岡県北九州市八幡東区,西本町4-15-14,,093-661-7877
1612,㈲若松化学,020-0136,岩手県盛岡市,北天昌寺町4-53,,019-647-3175
1613,成田空港商事㈱,286-0106,千葉県成田市,取香3201,,0476-32-0145
1614,㈱田所室内装飾,781-8007,高知県高知市,仲田町15-19,,088-831-1251
1615,サニークリーニング,238-0023,神奈川県横須賀市,森崎3-9-8,,046-836-2706
1616,モード北条,340-0031,埼玉県草加市,新里町1509-5,,048-928-8173
1617,渋谷商店,273-0035,千葉県船橋市,本中山3-15-18,,047-334-2817
1618,三菱商事㈱ LXJA,150-0022,東京都渋谷区,恵比寿南1-5-5,JR恵比寿ﾋﾞﾙ10F,03-5424-8428
1619,大久保貸衣裳店,625-0042,京都府舞鶴市,溝尻町114,,0773-62-0504
1621,㈲安田ミシン商会,220-0051,神奈川県横浜市西区,中央1-27-12,,045-321-2203
1622,㈲クリーニングヨコイ,512-0902,三重県四日市市,小杉町1655-3,,059-332-1612
1623,㈱ジャンメールファビウス事業部,107-0062,東京都港区,南青山7-2-1,青康ﾋﾞﾙ7F,03-3498-8635
1624,アルファーシステム販売㈱,488-0824,愛知県尾張旭市,西山町1-2-38,,052-779-0255
1625,浜孝㈱,135-0022,東京都江東区,三好3-1-3,,03-3630-1786
1626,くろす染織店,181-0012,東京都三鷹市,上連雀1-1-3-102,ﾗｲｵﾝｽﾞﾌﾟﾗｻﾞ第2,0422-51-9546
1627,㈱KCKエンタープライズ,150-0046,東京都渋谷区,松濤1-5-1,,03-3460-2711
1628,中山 義裕,950-1414,新潟県新潟市南区,小蔵子148-5,,025-372-4146
1629,㈱シノックスエンタープライズ,151-0053,東京都渋谷区,代々木2-21-3,太閤ｺ-ﾎﾟ代々木101,03-3375-6681
1630,㈱高橋紙店,950-2031,新潟県新潟市西区,流通ｾﾝﾀｰ4-4-5,,025-260-2433
1631,内山商事㈱*廃2024.11.30,192-0902,東京都八王子市,上野町108-6,,042-626-3441
1632,㈲ロゼクリーナースカキヌマ,379-0115,群馬県安中市,中宿1208,,027-381-0099
1633,アクトレス梅田ウエディングプラザ,530-0051,大阪府大阪市北区,太融寺町2-18,小寺ﾌﾟﾗｻﾞ2F,06-6366-0488
1634,青池クリーニング店,010-0913,秋田県秋田市,保戸野鉄砲町2-34,,018-824-4022
1635,北海道シーアイシー研究所,066-0051,北海道千歳市,泉沢1007-69,,0123-28-2118
1636,㈱トキハ 3F婦人服売場 石川,870-0021,大分県大分市,府内町2-1-4,,097-538-1111
1638,中日本ジューキ㈱ 能登営業所,927-0026,石川県鳳珠郡穴水町,大町ｲ29-2,,0768-52-1959
1640,エス･エヌシステム,920-0363,石川県金沢市,古府町南897-1,,076-249-9602
1641,五来クリーニング,319-1222,茨城県日立市,久慈町3-18-15,,0294-52-2964
1642,藤井クリーニング,024-0034,岩手県北上市,諏訪町1-3-17,,0197-63-2358
1643,えびすやクリーニング,019-0524,秋田県横手市,十文字町本町28-2,,0182-42-1343
1644,西沢貸衣裳,072-0031,北海道美唄市,西二条北2-9-40,,0126-64-2662
1645,㈲野澤クリーニング,263-0002,千葉県千葉市稲毛区,山王町50-10,,043-423-3398
1646,㈱ワールド クードシャンス,107-8526,東京都港区,北青山3-5-10,青山ﾋﾞﾙ 8F,03-6365-0524
1647,ホワイト急便 東大和,207-0021,東京都東大和市,立野6-667-1,,042-567-2177
1648,㈱マネハール,183-0015,東京都府中市,清水が丘3-9-6,,0423-69-3553
1649,藤原㈱,595-0026,大阪府泉大津市,東雲町12-9,,0725-33-4147
1650,㈱藤原一,595-0024,大阪府泉大津市,池浦町5-10-15,,0725-32-1580
1651,㈱西村正巳商店,595-0023,大阪府泉大津市,豊中町2-5-13,,0725-33-6105
1652,㈱植木補染工芸,171-0033,東京都豊島区,高田1-5-1,,03-3985-5556
1653,㈱ガト,141-0031,東京都品川区,西五反田7-22-17,T.O.C 12F 41号,03-3494-3329
1654,㈱ワード 品質管理,151-0051,東京都渋谷区,千駄ヶ谷1-14-5,ｲﾝﾃﾝｽ 9F,03-5412-5524
1655,㈱アクティブウエディング,430-0807,静岡県浜松市中区,佐藤3-18-5,,053-464-2202
1656,㈲千代屋,626-0013,京都府宮津市,住吉1816,,0772-22-1165
1657,㈱ドゥミール,992-1442,山形県米沢市,芳泉町1817,,0238-38-4569
1658,㈾協和ランドリー えどや,018-5201,秋田県鹿角市,花輪字六月田27-1,,0186-30-1107
1659,㈱サカイ,534-0014,大阪府大阪市都島区,都島北通1-22-36,,06-6921-7228
1661,㈱安田縫製,962-0727,福島県須賀川市,小作田字愛宕下55,,0248-79-2137
1662,㈱セプト,679-0205,兵庫県加東市,北野655-1,,0795-48-5511
1663,㈲クリーニング小林,372-0026,群馬県伊勢崎市,宮前町1581-5,,0270-25-3591
1664,内藤クリーニング,960-8011,福島県福島市,宮下町9-13,,024-534-8307
1665,富士ロジテック㈱,243-0024,神奈川県厚木市,長沼884,,0462-28-5767
1666,㈱丸昌 池袋店,171-0014,東京都豊島区,池袋2-39-2,,03-3986-5531
1667,森田ミシン商会,799-1512,愛媛県今治市,高市甲1-6,,0898-47-0477
1668,㈱丸昌 大宮店,330-0834,埼玉県さいたま市大宮区,天沼町1-45-1,,048-641-3888
1669,㈱舞衣夢,120-0033,東京都足立区,千住寿町1-3,,03-3888-8765
1670,㈱曽我,344-0038,埼玉県春日部市,大沼4-29,,048-795-4546
1671,㈱さとやクリーニング,036-8055,青森県弘前市,田茂木町32,,0172-32-3458
1672,クリーニングやました,665-0047,兵庫県宝塚市,亀井町11-48,,0797-77-1221
1673,ミスティロード㈱,150-0001,東京都渋谷区,神宮前3-22-3,ﾛｲﾔﾙ原宿2F,03-3478-2551
1675,㈲さわだ貸衣裳 茂原店,297-0035,千葉県茂原市,下永吉239,,0475-24-6699
1676,まごころクリーニング ナカシマ,509-0135,岐阜県各務原市,鵜沼羽場町7-151,,058-384-2518
1678,県北クリーニング,960-8151,福島県福島市,太平寺樋田5,,024-546-9414
1679,松下工業㈱,543-0001,大阪府大阪市天王寺区,上本町7-1-2,,06-6774-6004
1680,四国ジューキ㈱ 徳島営業所,770-0046,徳島県徳島市,鮎喰町2-86-4,,088-631-8385
1681,株式会社クラフト,543-0043,大阪府大阪市天王寺区,勝山3-9-15,,06-6772-2687
1682,㈱丸昌 下北沢店,155-0031,東京都世田谷区,北沢2-36-12,,03-3468-1301
1684,照井クリーニング,013-0023,秋田県横手市,中央町2-2,,0182-32-1091
1685,㈱丸昌 春日部店*禁,344-0066,埼玉県春日部市,豊町4-1-2,,048-734-3888
1686,ファッション フェニックス,992-0045,山形県米沢市,中央7-4-17,,0238-21-3610
1687,太田ドライクリーニング店,013-0025,秋田県横手市,寿町3-25,,0182-32-0679
1688,㈱ダイホ－,157-0066,東京都世田谷区,成城6-26-14,,03-3484-9889
1689,GOGOドライ,270-0034,千葉県松戸市,新松戸3-3-1,ｻﾝﾗｲﾄﾊﾟｽﾄﾗﾙ八番街A-202,047-344-8810
1690,メルパルク福岡 購買課,810-0022,福岡県福岡市中央区,薬院4-14-5,,092-523-1100
1691,㈱大澤ミシン商会,794-0062,愛媛県今治市,馬越町1-3-17,,0898-32-2247
1692,㈱あいネットサービス ピュール,422-8065,静岡県静岡市駿河区,宮本町7-13,,054-202-3331
1694,㈲モーリハウス,540-0022,大阪府大阪市中央区,糸屋町1-3-10,ﾍﾞﾗｶｰｻ3F,06-6946-5155
1695,㈱ワールドコルディア,102-0081,東京都千代田区,四番町4-1,,03-3238-0801
1696,宏洋㈱,540-0026,大阪府大阪市中央区,内本町1-4-3,ｼﾃｨｺ-ﾌﾟ東本町302,06-6948-7050
1697,㈲サチブライダル,432-8041,静岡県浜松市中区,菅原町6-2,,053-453-9346
1698,ザ･コレクション,104-0031,東京都中央区,京橋2-8-1,金鳳堂ﾋﾞﾙ8F,03-5250-3811
1699,㈱古賀新 本店,832-0022,福岡県柳川市,旭町24-5,,0944-72-7331
1700,㈱エクシード,957-0015,新潟県新発田市,東新町1-1-22,,0254-26-2636
1701,にしか呉服店㈱,503-0885,岐阜県大垣市,本町2-5,,0584-81-5298
1702,㈱マエノ,315-0001,茨城県石岡市,石岡2643-5,,0299-24-5162
1703,㈲呉服のやました,444-0116,愛知県額田郡幸田町,芦谷字幸田14-1,,0564-62-0150
1704,谷義産業㈱ 福知山店,620-0051,京都府福知山市,昭和新町69-83,,0773-22-0529
1705,㈱織苑,590-0138,大阪府堺市南区,鴨谷台2-2-1,ｻﾝﾋﾟｱ内,072-299-8037
1706,吉田ニット㈱,373-0036,群馬県太田市,由良町1874-1,,0276-31-3931
1707,錦クリーニング*禁,983-0841,宮城県仙台市宮城野区,原町3-7-15,,022-256-2381
1709,㈱丸昌 横浜店,232-0003,神奈川県横浜市南区,西中町1-22,,045-241-3521
1710,㈲山口クリーニング,737-0811,広島県呉市,西中央3-9-8,,0823-21-3343
1711,㈲アサヒ技研,900-0012,沖縄県那覇市,泊3-10-1,,098-867-0707
1712,㈱近江屋,335-0001,埼玉県蕨市,北町2-9-29,,048-431-2336
1713,㈱池内呉服店,581-0003,大阪府八尾市,本町5-7-9,,072-922-2252
1714,㈱ジョイフル恵利,700-0823,岡山県岡山市北区,丸の内1-5-8,,086-222-3707
1715,㈱ジョイフル恵利,125-0054,東京都葛飾区,高砂5-35-12,,03-5660-2801
1716,㈱ジョイフル恵利 町田センター,228-0803,神奈川県相模原市相模大野７丁目,                  24-15-801,登録情報要確認,0427-41-1207
1717,㈱丸昌 蒲田店,144-0051,東京都大田区,西蒲田7-50-11,,03-3736-4121
1718,㈱丸昌 平塚店,254-0044,神奈川県平塚市,錦町3-18,,0463-22-0917
1719,㈱丸昌 小山店,323-0028,栃木県小山市,若木町1-11-1,,0285-25-3351
1720,㈱丸昌 宇都宮店,320-0053,栃木県宇都宮市,戸祭町2245-8,,028-625-2612
1721,㈲貸衣裳のエグチ,836-0843,福岡県大牟田市,不知火町2-8-5,,0944-53-3344
1722,㈱ファイブフォックス,151-0051,東京都渋谷区,千駄ヶ谷3-38-12,原宿FFﾋﾞﾙ9F,03-3478-2811
1723,アサノクリーニング,989-6221,宮城県大崎市,古川大宮5-2-1,,0229-22-0928
1725,㈱サンプラクト 仙台,984-0042,宮城県仙台市若林区,大和町3-14-21,,022-253-7731
1726,扇屋㈲,494-0006,愛知県一宮市,起用水添313-1,,0586-62-3357
1727,㈱タケミ,111-0032,東京都台東区,浅草2-2-7,,03-3841-6533
1728,㈱アニバーサリージャパン,430-0807,静岡県浜松市中区,佐藤2-15-11,2F,053-463-8139
1729,㈲三山商事,340-0054,埼玉県草加市,新善町492-3,,048-941-6397
1730,マリエロイヤルローゼ,500-8362,岐阜県岐阜市,西荘2-6-6,,058-253-2111
1731,㈱和光,990-0813,山形県山形市,桧町4-12-39,,023-684-7400
1732,能登ドライクリーニング店,018-2104,秋田県山本郡三種町,鹿渡字勢奈尻158-4,,0185-87-2776
1733,酒井しみ抜き店,920-0831,石川県金沢市,東山1-22-5,,076-252-8369
1734,㈱美琳 グランマリエ,321-0118,栃木県宇都宮市,ｲﾝﾀｰﾊﾟｰｸ6-2-3,,028-656-9979
1735,ブライダルサロン クラウン,080-0010,北海道帯広市,大通南18-6-1,,0155-24-7650
1736,㈱丸昌 立川店,190-0023,東京都立川市,柴崎町2-2-10,,0425-24-4331
1737,カワウチクリーニング,016-0846,秋田県能代市,栄町3-20,,0185-52-2023
1738,㈱丸昌 前橋店,371-0024,群馬県前橋市,表町1-3-3,,027-223-5298
1739,大宮東武サロン,330-0801,埼玉県さいたま市大宮区,土手町1-2,埼共連ﾋﾞﾙ12F,048-644-0381
1740,㈱丸三屋,990-0039,山形県山形市,香澄町1-1-1,5F,0236-28-1155
1741,株式会社　丸三屋*社変4334,380-0824,長野県長野市,南石堂町1348,4F,026-291-7038
1742,高橋衣裳店,794-0024,愛媛県今治市,共栄町2-2-12,,0898-22-3591
1743,㈱ビタースィート,104-0045,東京都中央区,築地6-14-4,ｶｽﾀﾏｻﾎﾟｰﾄｾﾝﾀｰ 1F,03-3547-3422
1744,㈱丸絹 岡野絹物店,085-0014,北海道釧路市,末広町6-1,,0154-25-5291
1745,㈱染萬 ウエディング萬寿,989-6221,宮城県大崎市,古川大宮2-7-5,,0229-22-2788
1746,㈱ノア,755-0056,山口県宇部市,文京町8-7,,0836-34-1002
1747,㈱丸昌 小岩店,133-0052,東京都江戸川区,東小岩5-4-12,,03-3659-9211
1748,㈱丸昌 土浦店,300-0043,茨城県土浦市,中央1-12-21,,029-823-5391
1749,マツオインターナショナル㈱,381-2221,長野県長野市,川中島町御厨997,,026-286-6511
1750,アイリスクリーニングセンター,259-1313,神奈川県秦野市,松原町2-12,,0463-88-5899
1751,白宝クリーニング,252-0801,神奈川県藤沢市,長後2602,,0466-45-9191
1752,㈱丸三屋,980-8477,宮城県仙台市青葉区,中央1-1-1,5F衣裳室,022-262-1835
1753,伊藤忠商事㈱,541-0056,大阪府大阪市中央区,久太郎町4-1-3,ﾃｷｽﾀｲﾙ･製品事業部ｼｬﾂｼﾞｰﾝｽﾞ課,06-6241-2691
1754,㈱錦,606-8126,京都府京都市左京区,一乗寺向畑町8-2,,075-711-7106
1755,㈲中井商事,520-3021,滋賀県栗東市,蜂屋816-2,,077-553-0128
1756,㈱ジェッツスポーツ,239-0843,神奈川県横須賀市,津久井2-6-5,,0468-49-3101
1757,海渡産業㈱ 営業本部,049-0111,北海道北斗市,七重浜5-4-4,,0138-49-5011
1758,㈱フレッサ,160-0022,東京都新宿区,新宿5-11-5,伊勢丹PC-1 4F,03-5312-1858
1759,河芸会館,510-0305,三重県津市,河芸町中別保1339,,0592-45-0546
1760,ブリス㈱,171-0043,東京都豊島区,要町1-1-11,要町KTﾋﾞﾙ4F,03-5965-5660
1761,貸衣裳 ヨネザワ,020-0108,岩手県盛岡市,東黒石野2-6-11,,019-663-3742
1762,㈱丸三屋,171-0021,東京都豊島区,西池袋1-6-1,,03-3985-0381
1763,㈱東京クロージング 幸手工場,340-0156,埼玉県幸手市,南1-2-16,,048-042-2111
1765,㈲乙女座,483-8205,愛知県江南市,古知野町小金146,,0587-54-0704
1766,キシキ㈱,607-8322,京都府京都市山科区,川田清水焼団地町7-7,,075-594-2565
1767,㈲市村ベリーカー,304-0811,茨城県下妻市,下栗403-5,,0296-43-2890
1768,㈱花咲 商品センター 経理,161-0031,東京都新宿区,西落合2-18-14,,03-3565-3511
1769,㈲加建販売,514-0015,三重県津市,寿町429-13,,059-223-3711
1770,須貝クリーニング,989-6224,宮城県大崎市,古川小泉字沢目1-11,,0229-23-4158
1771,㈱都屋,983-0043,宮城県仙台市宮城野区,萩野町4-1-40,,022-231-8621
1772,フラワークリーニング,010-1615,秋田県秋田市,新屋船場町4-4,,018-862-1868
1773,㈱三桝屋 呉服店,965-0862,福島県会津若松市,本町8-14,,0242-28-0460
1774,鉄道会館 ルビーホール,100-0005,東京都千代田区,丸の内1-9-1,鉄道会館11F,03-3211-0053
1775,㈱イットディビジョン,151-0065,東京都渋谷区,大山町3-15,,03-3485-8685
1776,㈱丸三屋 ホテルアソシア静岡,420-0851,静岡県静岡市葵区,黒金町56,,054-254-7711
1777,㈱丸三屋,370-0849,群馬県高崎市,八島町222,,027-326-1334
1778,サンクリーニング,277-0923,千葉県柏市,塚崎738-4,,04-7192-0178
1779,㈱丸三屋 アイビーホール青学会館,150-0002,東京都渋谷区,渋谷4-4-25,B-1,03-5485-3580
1780,㈲トヨシマ,130-0014,東京都墨田区,亀沢3-7-2,,03-3622-2817
1781,㈱アスピカ 流通事業部 福井,910-0015,福井県福井市,二の宮4-6-16,,0776-25-8944
1783,平山ドライクリーニング,010-0916,秋田県秋田市,泉北1-14-18,,018-862-2917
1784,たけうちクリーニング,019-0701,秋田県横手市,増田町増田字石神9-5,,0182-45-4500
1785,菅原クリーニング,029-4207,岩手県奥州市,前沢三日町48-1,,0197-56-5117
1786,㈲くまの洗濯堂,939-1365,富山県砺波市,三島町3-98,,0763-32-2398
1788,㈱プロム 新潟プロム,951-0906,新潟県新潟市中央区東幸町4-10,　ﾀﾞｲﾔﾊﾟﾚｽﾛｲﾔﾙｼﾃｨ東幸町,登録情報要確認,025-249-8378
1789,㈱マイム 東武百貨店池袋店,171-0021,東京都豊島区,西池袋1-1-25,東武百貨店 9F一番地ﾌﾞﾗｲﾀﾞﾙｻﾛﾝ,03-3981-2372
1790,渡辺クリーニング,960-8163,福島県福島市,方木田葉ﾉ木立29-126,,024-546-4777
1791,㈱サクラモト,194-0022,東京都町田市,森野1-19-20,小田急ﾊﾞｽ町田ﾋﾞﾙ2F,042-728-0168
1792,大和染工㈱,430-0806,静岡県浜松市中区,木戸町2-3,,053-461-2121
1793,ツカモトユーエス㈱,103-0023,東京都中央区,日本橋本町1-6-5,ﾂｶﾓﾄﾋﾞﾙ 7F,03-3279-1706
1794,丸善興産㈱,661-0012,兵庫県尼崎市,南塚口町8-58-8,,06-6429-5224
1795,㈱京屋,500-8271,岐阜県岐阜市,加納堀田町1-18,,058-271-8206
1796,貸衣裳 扇屋,755-0042,山口県宇部市,松島町14-10,,0836-21-3480
1797,ブライダルサロン みやび,292-0831,千葉県木更津市,富士見3-7-35,木更津富士屋ﾎﾃﾙ 季眺,0438-22-2117
1798,ブライダル ベール,300-0011,茨城県土浦市,神立中央2-13-14,,029-830-1255
1799,ベルクラシック甲府 衣裳部,400-0031,山梨県甲府市,丸の内1-1-17,,055-254-1000
1800,海老泰染物店,376-0044,群馬県桐生市,永楽町7-38,,0277-22-9365
1801,森実被服㈱,792-0884,愛媛県新居浜市,神郷1-4-4,,0897-46-1003
1802,㈱ポ－ラスタイル,102-0085,東京都千代田区,六番町12-6,,03-3239-3141
1804,㈱光美堂 上越店,943-0804,新潟県上越市,新光町2-11-11,ｱﾆｰｽﾞｽﾀｼﾞｵ ｻﾌﾟﾗｻﾌﾟﾗ,025-526-1919
1805,ブライダルサロンヒデ,771-2106,徳島県美馬市,美馬町天神75-11,,0883-63-2169
1806,キャンディークリーナース㈱,140-0015,東京都品川区,西大井6-4-12,,03-3775-1351
1807,アイルブライダル 丸福衣裳御殿場,412-0045,静岡県御殿場市,川島田928,,0550-84-6424
1808,株式会社　アスピカ　→×,910-0017,福井県福井市,文京7-1-51,,0776-25-4011
1811,㈱丸三屋 ロイヤルパークホテル,103-0014,東京都中央区,日本橋蛎殻町2-1-1,ﾛｲﾔﾙﾊﾟｰｸﾎﾃﾙ4F,03-3808-1122
1812,㈲谷田ミシン商会,711-0913,岡山県倉敷市,児島味野4-12-1,,086-472-2407
1813,㈲丸大衣裳店,012-0815,秋田県湯沢市,古館町1-1,,0183-73-6733
1814,アイナックス稲本㈱,243-0032,神奈川県厚木市,恩名1-4-12,ﾌﾟﾘﾝｽ第2ﾋﾞﾙ1階,046-225-1621
1815,第二白洋舎,252-1132,神奈川県綾瀬市,寺尾中4-19-12,,0467-78-2739
1816,㈲洗光舎,816-0832,福岡県春日市,紅葉ケ丘西2-16,ﾃﾞﾗｯｸｽ工場,092-571-1839
1817,㈱新宿丁子屋,171-0014,東京都豊島区,池袋2-61-14,,03-3988-5551
1818,高見㈱,615-0864,京都府京都市右京区,西京極新明町19,,075-313-7111
1819,しみ抜き佐々木,019-0505,秋田県横手市,十文字町仁井田字東34-14,,0182-42-2256
1820,アサヒクリーニング,013-0038,秋田県横手市,前郷一番町6-16,,0182-32-6504
1821,大阪電機工業㈱ 本社,581-0818,大阪府八尾市,美園町1-71-1,,072-997-1401
1822,京屋クリーニング,984-0047,宮城県仙台市若林区,木ノ下1-1-7,,
1823,㈲クリーニング トーヨー,176-0002,東京都練馬区,桜台1-43-1,,03-3948-2500
1824,㈱フィルドジャパン,069-0813,北海道江別市,野幌町76-29,ﾗｲﾝﾋﾞﾙ3F,011-380-5027
1825,㈲荒木ドライクリーニング,016-0013,秋田県能代市,向能代ﾄﾄﾒｷ106-79,,0185-52-6821
1826,㈱ハクホウ 本社,277-0861,千葉県柏市,高田1341,,04-7144-8940
1827,㈱くりいにんぐのいわかみくん,350-1162,埼玉県川越市,南大塚2-19-2,,049-243-3758
1828,あわじや染物店,221-0842,神奈川県横浜市神奈川区,泉町1-12,,045-323-3912
1830,㈱マリーゴールド,720-0067,広島県福山市,西町1-6-25,安藤ﾋﾞﾙ,084-973-0779
1832,㈱ツインニット,130-0004,東京都墨田区,本所4-15-1,,03-3625-1885
1833,ジョイフル恵利 立川センター,190-0022,東京都立川市,錦町2-6-22,鈴木ﾋﾞﾙ1F,042-523-1267
1834,谷浦しみ抜き店,920-1152,石川県金沢市,田上1-1,,076-262-1528
1835,久が原ダイシン百貨店 紳士服売場,146-0085,東京都大田区,久が原2-21-23,,03-3754-7511
1836,㈱ヤマロク,130-0011,東京都墨田区,石原2-8-14,,03-3622-0887
1837,㈱城東繊維 千葉営業所,276-0047,千葉県八千代市,吉橋1176-1,,0474-59-5505
1838,㈲丸岡ミシン商会,130-0011,東京都墨田区,石原2-4-9,,03-3624-3231
1839,アイナックス稲本㈱,700-0941,岡山県岡山市北区,青江1-19-25,,086-222-7986
1840,大山クリーニング店,990-0301,山形県東村山郡山辺町,山辺1258-5,,023-664-5333
1841,望月クリーニング,405-0015,山梨県山梨市,下石森804,,0553-22-1462
1842,㈱コボラリンチェ,024-0332,岩手県北上市,和賀町竪川目1-200,,0197-72-3955
1843,㈲オオスギ,326-0056,栃木県足利市,大町11-18,,0284-41-2784
1844,加藤 トミ,116-0003,東京都荒川区,南千住1-38-12,,03-3807-4935
1845,㈱マミー,990-0042,山形県山形市,七日町4-15-20,,023-635-1500
1846,ブライダル㈱北条,753-0047,山口県山口市,道場門前1-3-13,創作呉服近江屋2F 登録情報要確認,083-924-0198
1847,㈱ケー･イー厨機,152-0001,東京都目黒区,中央町1-12-8,OAﾋﾞﾙ,03-3793-0495
1850,朝日ランドリー,013-0055,秋田県横手市,朝日が丘2-14-12,,0182-32-8878
1851,熊本勤労福祉会館 衣裳サロン,861-8002,熊本県熊本市北区,弓削5-1-6,,096-338-1120
1852,中山メリヤス㈱,192-0074,東京都八王子市,天神町12,,042-626-6226
1853,新東洋スクリーン㈱,065-0041,北海道札幌市東区,本町一条4-8-1,,011-785-0111
1854,ノブショップ,486-0817,愛知県春日井市,東野町3-13-6,,0568-54-8830
1855,中谷クリーニング,013-0055,秋田県横手市,朝日が丘1-2-2,,0182-32-1250
1856,オーボランジェ ㈲和光,951-8106,新潟県新潟市中央区,東大畑通1-647-1,,025-222-1462
1858,白崎クリーニング,998-0043,山形県酒田市,本町3-3-4,,0234-24-7754
1859,スタイルプレス㈱,334-0013,埼玉県川口市,南鳩ヶ谷8-2-3,登録情報要確認,0482-83-2111
1860,㈱英国屋 英3デザインルーム,104-0061,東京都中央区,銀座2-8-5,岩尾ﾋﾞﾙ6F,03-5524-2941
1861,昭和商事㈱,639-1064,奈良県生駒郡安堵町,窪田127-2,,0743-57-3765
1862,㈲坪井ミシン工業所,711-0913,岡山県倉敷市,児島味野上1-3-56,,086-472-2402
1863,佃商店,807-0815,福岡県北九州市八幡西区,本城東3-2-9,,093-602-2525
1864,㈲サンコーサービス,025-0066,岩手県花巻市,松園町398-1,,0198-24-6170
1865,㈱新東洋,062-0010,北海道札幌市豊平区,美園十条5-3-3,,011-832-2231
1867,㈲ティエフシー,341-0035,埼玉県三郷市,鷹野1-418,,048-956-7908
1868,㈲ながやまドライクリーニング舎,010-0851,秋田県秋田市,手形字西谷地171-2,,018-833-3734
1869,㈲つばめクリーニング店,020-0402,岩手県盛岡市,黒川22地割25-1,,090-2848-0423
1870,ミノルドライクリーニング,010-0816,秋田県秋田市,泉字大橋104-5,登録情報要確認,
1871,㈱ヴィックワン,274-0818,千葉県船橋市,緑台2-4-8,,
1872,㈱ｼﾛ･ｲﾝﾀｰﾅｼｮﾅﾙ ｺｰﾎﾟﾚ-ｼｮﾝ,531-0062,大阪府大阪市北区,長柄中3-11-3,,06-6356-6691
1874,㈱玉姫グループ,031-0081,青森県八戸市,柏崎5-5-13,,0178-22-3713
1875,㈱ジャパンワーク,920-0211,石川県金沢市,湊1-93-14,,076-238-6433
1876,ゲルラン㈱,162-0845,東京都新宿区,市谷本村町2-4,,03-3260-8761
1877,長尾クリーニング,323-0827,栃木県小山市,神鳥谷2-26-5,,0285-23-4506
1878,逓信会館 衣裳室,451-0046,愛知県名古屋市西区,牛島町5-6,名古屋逓信会館内 3F,052-551-5156
1879,ジャパンポリマーク㈱,910-3607,福井県福井市,清水杉谷町45-300,,0776-98-2233
1881,㈱東京洗染機械製作所 名古屋,467-0068,愛知県名古屋市瑞穂区,内方町1-32,,052-852-6511
1882,木屋,130-0005,東京都墨田区,東駒形2-9-8,,03-3625-2340
1883,㈱前沢クリーニング,011-0936,秋田県秋田市,将軍野南3-7-8,,018-845-0926
1884,床枝衣料工業,309-1613,茨城県笠間市,石井140-4,,0296-72-7795
1885,奥クリーニング,923-0302,石川県小松市,符津町ﾅ6-1,,0761-44-2601
1886,㈱東京インテリア,355-0812,埼玉県比企郡滑川町,都25-47,,049-356-3344
1887,サン アムール,060-0005,北海道札幌市中央区,北五条西13-11,,
1888,㈱トータルセンター,501-6121,岐阜県岐阜市,柳津町佐波115,,058-279-1150
1889,城西プレス,451-0031,愛知県名古屋市西区,城西3-1-6,,052-521-3595
1890,㈱カキザキ,174-0071,東京都板橋区,常盤台1-58-2,,03-3967-3536
1892,㈱雅裳苑　*廃業（東中野店のみ）,164-0003,東京都中野区,東中野1-50-4,登録情報要確認,03-3361-5175
1893,㈲マスヤ ますやクリーニング,673-0433,兵庫県三木市,福井2-5-34,,0794-82-2256
1894,白英舎,458-0045,愛知県名古屋市緑区,鹿山3-16,,052-895-1010
1895,アサイ商会,501-6318,岐阜県羽島市,上中町沖2302,,058-398-1235
1896,こるどん㈱ 静岡本社,417-0821,静岡県富士市,神谷819,,0545-38-2311
1897,㈱平安閣　マリエール山手,464-0805,愛知県名古屋市千種区,萩岡町58,,052-782-2211
1899,函館ロイヤルホテル 衣裳室,040-0034,北海道函館市,大森町16-9,,0138-26-8181
1900,㈱セラビ,151-0051,東京都渋谷区,千駄ヶ谷3-28-1,,03-3404-6188
1901,白美社,546-0043,大阪府大阪市東住吉区,駒川3-24-14,,06-6621-8792
1902,共栄機工,815-0037,福岡県福岡市南区,玉川町7-15,,092-542-6086
1903,㈲クリーニングローゼン 富沢店,982-0036,宮城県仙台市太白区,富沢南1-22-6,,022-246-0998
1904,株式会社　オオタケポパイショップ,115-0045,東京都北区,赤羽1-63-15,,03-3901-7303
1905,㈱マルイチ,464-0850,愛知県名古屋市千種区,今池1-17-3,,052-741-0120
1906,㈱寿,983-0865,宮城県仙台市宮城野区,元寺小路305-12,,022-257-8221
1907,㈲山本商店,157-0071,東京都世田谷区,千歳台2-46-9,,03-3484-1266
1908,三景スタジオ,078-8212,北海道旭川市,2条通20丁目右6号,,0166-31-7756
1909,小山コスチュームサロン,310-0011,茨城県水戸市,三の丸2-3-32,,029-225-9702
1910,株式会社函館ゲンブ,040-0041,北海道函館市,栄町13-7,,0138-22-6302
1911,ヤマト運輸㈱,910-0302,福井県坂井市,丸岡町里丸岡1-34,,0776-67-3621
1912,東屋クリーニング店,932-0042,富山県小矢部市,西福町4-9,,0766-67-1168
1913,有限会社　笹岡商会*廃,114-0023,東京都北区,滝野川7-20-1,,03-3916-2456
1914,㈲桜井特殊ミシン商会,018-4221,秋田県北秋田市,下杉31,,018-678-2039
1915,㈱英国屋,640-8342,和歌山県和歌山市,友田町5-46,近鉄百貨店 4F,073-421-7089
1916,アイワ,963-4111,福島県田村市,大越町上大越字中広土149,,0247-79-2485
1917,ラポート衣裳サロン 装宴,948-0082,新潟県十日町市,本町2-350,,0257-57-5121
1918,東京都ｸﾘｰﾆﾝｸﾞ機材商工業協同組合,114-0023,東京都北区,滝野川7-20-15,,03-3916-5601
1919,㈾日進商会 ロイヤルクリーニング,171-0014,東京都豊島区,池袋2-64-13,,03-3971-0059
1920,㈲ヴェルジュロイヤルウエディング,556-0021,大阪府大阪市浪速区,幸町1-1-3,,06-6567-0120
1921,㈲谷村貸衣裳店,575-0036,大阪府四條畷市,雁屋南町27-2,,072-878-0501
1922,エリートクリーニング㈱ 第一,511-0002,三重県桑名市,福島916,,0594-23-8472
1923,エリートクリーニング㈱ 第二,511-0811,三重県桑名市,東方字掛越653,,0594-23-8473
1924,エリートクリーニング㈱ 生桑店,512-0911,三重県四日市市,生桑町267-14,,059-333-4601
1925,エリートクリーニング㈱ 高畑店,454-0921,愛知県名古屋市中川区,中郷2-85,,052-353-0520
1926,エリートクリーニング㈱ 蟹江工場,497-0034,愛知県海部郡蟹江町,本町3-15-1,,05679-4-4111
1927,㈱丸井 静岡店,420-0857,静岡県静岡市葵区,御幸町6-10,,054-252-0101
1928,丸善舎クリーニング店,558-0003,大阪府大阪市住吉区,長居2-12-10,,06-6694-1735
1929,小川クリーニング,311-2424,茨城県潮来市,潮来442,,0299-63-1290
1930,城西クリ－ニング,451-0031,愛知県名古屋市西区,城西3-1-6,,052-521-3595
1931,白鷺ニット工業㈱,679-2215,兵庫県神崎郡福崎町,西治908-1,,0790-24-3311
1932,暮石商店,483-8276,愛知県江南市,古知野町宮前38,,058-756-2649
1933,富士機器販売㈱,939-8092,富山県富山市,雄山町2-10,,076-422-2515
1934,紺商㈱ 本社,940-0061,新潟県長岡市,城内町3-7-8,,0258-32-4411
1935,紺商㈱ 長岡物流センター,940-2127,新潟県長岡市,新産3-3-1,,0258-47-5716
1937,遠州帆布工業㈱重布工場　検反,431-3111,静岡県浜松市東区,中郡町1793,,053-434-2515
1938,中川 悦助,158-0083,東京都世田谷区,奥沢1-10-5,,03-3728-3337
1939,横浜染色㈱,232-0052,神奈川県横浜市南区,井土ケ谷中町28,,045-713-0523
1940,㈲三輪商会,939-2737,富山県富山市,婦中町十五丁576,,076-465-4755
1941,斎藤染物店,130-0011,東京都墨田区,石原3-34-2,,03-3622-0588
1942,㈱佐藤機工,375-0055,群馬県藤岡市,白石2634-2,,0274-23-8211
1943,㈱GOA,158-0082,東京都世田谷区,等々力7-20-6,ﾚｸﾞﾙｽ等々力 102,03-3704-9723
1944,㈱カリオン,992-0045,山形県米沢市,中央1-13-7,東京第一ﾎﾃﾙ米沢衣裳室,0238-24-5252
1945,かどやクリーニング,396-0024,長野県伊那市,坂下3285,,0265-72-2792
1946,㈱マルソークリエート 宮本,800-0115,福岡県北九州市門司区,新門司3-60-2,,093-481-6000
1947,石沢クリーニング,383-0043,長野県中野市,三ツ和1026-9,,0269-22-3693
1948,横浜そごう 丸三屋 衣裳室,220-8510,神奈川県横浜市西区,高島2-18-1,6F,045-465-2777
1949,ヘアーズブライダル,545-0052,大阪府大阪市阿倍野区,阿倍野筋3-5-20,4F,06-6628-0801
1950,㈲常盤山 白洋舎,167-0042,東京都杉並区,西荻北3-19-2,,03-3399-2538
1951,㈱丸宝,175-0083,東京都板橋区,徳丸5-20-3,,03-3937-5051
1952,和光クリーニング,193-0835,東京都八王子市,千人町2-10-1,,042-665-3596
1953,中西クリーニング,152-0034,東京都目黒区,緑が丘3-2-5,,03-3717-0661
1954,㈲サンキョークリーニング,344-0058,埼玉県春日部市,栄町1-423,,048-761-2063
1955,クレ－ル㈱,102-0075,東京都千代田区,三番町14,,03-3262-5762
1956,㈱ミツボシ,703-8256,岡山県岡山市中区,浜1-9-25,,086-273-3030
1957,シンエイクリーニング,134-0091,東京都江戸川区,船堀6-3-27,,03-3688-2886
1958,㈱フタバ,492-8412,愛知県稲沢市,大矢町寛連寺38-1,,0587-36-5513
1959,大塚洗材㈱ 北関東営業所,306-0216,茨城県古河市,前林1981,,0280-92-0501
1960,伸栄ドライ,338-0826,埼玉県さいたま市桜区,大久保領家172-1,,048-852-5490
1963,㈱太成 盛岡営業所,020-0611,岩手県滝沢市,巣子152-112,,019-688-4866
1964,㈱ジュディハウス,150-0001,東京都渋谷区,神宮前4-3-15,ｾﾝﾄﾗﾙ 320,03-3404-7338
1965,ブライダルハウスマルイチ,509-7205,岐阜県恵那市,長島町中野129-1,,0573-25-0720
1966,アイフル,300-1217,茨城県牛久市,さくら台4-23-6,,029-874-9766
1967,㈲ボ･ヌール･マリエ矢澤,986-0876,宮城県石巻市,西山町1-8,ｶﾑﾛﾋﾞﾙ 1F,0225-96-7155
1968,丸善クリーニング,521-0321,滋賀県米原市,364,,0749-58-0158
1969,㈱広瀬商会 大阪支店,530-0003,大阪府大阪市北区,堂島1-5-17,堂島ｸﾞﾗﾝﾄﾞﾋﾞﾙ4F,06-6341-5061
1970,㈲藤野商店,224-0053,神奈川県横浜市都筑区,池辺町1251-8,,045-941-0404
1971,シモダ商会,468-0033,愛知県名古屋市天白区,一つ山1-86-2,,052-809-5039
1973,㈱三陽商会 生産戦略事業部,160-0003,東京都新宿区,四谷本塩町14,品質管理ｸﾞﾙｰﾌﾟ 品質管理ﾁｰﾑ,03-6380-4638
1974,㈲土本商店,604-8355,京都府京都市中京区,下黒門町446,,075-801-2963
1976,日東商事㈱,300-2307,茨城県つくばみらい市,板橋字上街道2210,,0297-21-9191
1977,㈲クリーニングショップ浦野,399-4104,長野県駒ヶ根市,経塚12-12,,0265-83-2954
1978,㈱オートランドリータカノ,982-0251,宮城県仙台市太白区,茂庭字人来田東12-1,,022-307-1188
1979,㈱宮崎山形屋,880-0805,宮崎県宮崎市,橘通東3-4-12,3F事務所,0985-31-3173
1980,ラピートクリーニング,537-0025,大阪府大阪市東成区,中道3-2-4,,06-6972-5442
1981,㈱ベルコ,050-0073,北海道室蘭市,宮の森町3-15-1,,0143-43-2263
1982,㈲インテリア ナカタ,852-8123,長崎県長崎市,三原2-13-25,,095-846-5990
1983,㈲白高社,569-1123,大阪府高槻市,芥川町2-10-14,,072-685-1530
1984,つるやクリーニング,554-0013,大阪府大阪市此花区,梅香3-27-14,,06-6468-0755
1985,㈲プロスパー 金井クリーニング,939-0747,富山県下新川郡朝日町,大屋,,0765-82-2110
1986,㈱コ－ベル,577-0012,大阪府東大阪市,長田東4-48-1,,06-6746-1000
1987,ドライクリーニングひらた,669-1533,兵庫県三田市,三田町33-12,,079-562-4638
1988,㈲ママの店,989-2464,宮城県岩沼市,三色吉字亀95-1,,0223-22-5571
1989,昭和クリーニング舎,018-1401,秋田県潟上市,昭和大久保字堤止91-124,,018-877-2505
1990,ささきクリーニング,010-0861,秋田県秋田市,手形からみでん2-16,,018-833-1077
1991,中島クリーニング店,655-0035,兵庫県神戸市垂水区,五色山4-17-24,,078-707-3130
1992,日華化学㈱ 研究開発本部,910-8670,福井県福井市,文京4-23-1,,0776-25-8589
1993,ホワイト急便シルバー,475-0936,愛知県半田市,板山町10-175-2,,0569-27-5336
1994,㈱金三 一宮営業所,491-0811,愛知県一宮市,千秋町加納馬場大塚38,,0586-76-1274
1995,田島シルク㈱,519-0124,三重県亀山市,東御幸町39-8,,05958-2-3211
1996,澤口工業,020-0001,岩手県盛岡市,上米内字赤坂28-88,,019-662-1295
1997,ふじ清洗張店,640-8391,和歌山県和歌山市,加納208-16,,073-473-5259
1998,㈲鈴木和裁研究所,987-2200,宮城県栗原市,築館下宮野山畑19-2,,0228-21-4844
1999,さくらクリーニング,010-0003,秋田県秋田市,2013/5/12,,018-833-9312
2000,方山染色補正店,923-0934,石川県小松市,栄町67,,0761-22-6197
2001,㈱ベルマリエ,627-0041,京都府京丹後市,峰山町菅578-1,,0772-62-5560
2002,永田化学㈲,792-0021,愛媛県新居浜市,泉宮町3-3,,0897-35-2232
2003,㈲メイセツ,452-0835,愛知県名古屋市西区,丸野2-71-1,,052-502-2343
2004,㈱ヤングドライ 本社,930-0171,富山県富山市,野々上15番地,,076-433-2345
2005,北日本醗酵㈱,001-0922,北海道札幌市北区,新川二条5-2-3,,011-764-1781
2006,㈱丸昌 千葉店,260-0005,千葉県千葉市中央区,道場南2-5-13,,043-227-4356
2007,㈲和田,174-0072,東京都板橋区,南常盤台2-16-12,,03-3956-7830
2009,㈱京屋本店,176-0006,東京都練馬区,栄町32-2,,03-3993-5298
2010,鈴木クリーニング店,238-0017,神奈川県横須賀市,上町3-5,,0468-23-1660
2011,白洋社クリーニング,859-2121,長崎県南島原市,有家町石田8-19,,0957-82-2861
2013,ふくや,758-0043,山口県萩市,下五間町3番地,,0838-22-6169
2014,㈱丸昌 柏店,277-0005,千葉県柏市,柏3-8-5,,04-7163-8521
2015,㈱丸昌 水戸店,310-0021,茨城県水戸市,南町3-4-14,明治生命水戸南ﾋﾞﾙ1F,029-226-7173
2016,紺商㈱ 新潟営業所,950-0863,新潟県新潟市東区,卸新町3-1-6,,025-275-3111
2017,㈱アンテリーベ 芦屋,659-0092,兵庫県芦屋市,大原町5-2,ﾎﾟﾄﾗﾋﾞﾙ1･2F,0797-23-7887
2018,㈱二条,730-0016,広島県広島市中区,幟町7-26,,082-227-1600
2020,㈱白富士,142-0053,東京都品川区,中延2-16-5,,03-3786-1234
2021,藤場機工,920-2162,石川県白山市,道法寺町20-12,,076-272-2871
2022,㈲クインテット,029-2311,岩手県気仙郡住田町,世田米字川向11-22,,0192-46-2181
2025,椀屋機料店,403-0009,山梨県富士吉田市,富士見3-2-7,,0555-22-0127
2026,ベルナール武生,915-0804,福井県越前市,新保町30-35-2,,0778-24-3390
2027,種田きもの総合加工,310-0836,茨城県水戸市,元吉田町2855-3,,029-225-2615
2028,吉岡幸㈱ 大黒,910-0004,福井県福井市,宝永3-222-5,,0776-22-2218
2031,㈲寿美屋ドライ,847-0034,佐賀県唐津市,中原字大畑2857-2,,0955-77-3250
2032,中川クリーニング,859-2601,長崎県南島原市,加津佐町己2011-4,,0957-87-5234
2033,レインボウドライ 吉岡,812-0016,福岡県福岡市博多区,博多駅南5-27-5,,092-472-1982
2034,㈲館林メーリング,374-0026,群馬県館林市,新宿2-9-52,,0276-75-4511
2035,田中クリーニング,843-0301,佐賀県嬉野市,嬉野町下宿乙1691-7,,0954-43-1365
2036,丸福㈱,540-0027,大阪府大阪市中央区,鎗屋町1-1-11,ﾌｸｲﾋﾞﾙ701,06-6943-0366
2037,三浦クリーニング,981-4272,宮城県加美郡加美町,城生字金城58-1,,0229-63-2736
2038,谷原クリーニング,719-0233,岡山県浅口市,鴨方町地頭上443,,08654-4-3402
2039,㈱ミーチェ,107-0062,東京都港区,南青山3-4-4,,03-5770-5585
2040,東洋ドライクリーニング,010-0063,秋田県秋田市,牛島西3-17-1,,018-823-1069
2041,ブライサルサロンオクノ,626-0022,京都府宮津市,万町517,,0772-22-7770
2042,㈱タジマ,300-4429,茨城県桜川市,真壁町東矢貝917,,0296-54-2221
2043,杉山洗張店,746-0037,山口県周南市,丸山町4-4-12,,083-223-3553
2044,㈲山田美容院,020-0015,岩手県盛岡市,本町通2-4-34,,019-654-0008
2045,㈲三愛美容室,981-1104,宮城県仙台市太白区,中田1-8-20,,022-241-6650
2046,西米織物㈱,923-0053,石川県小松市,河田町二256,,0761-47-2016
2047,マスダヤクリーニング,144-0031,東京都大田区,東蒲田2-3-5,,03-3731-4224
2048,㈱マックスインテリア,950-3376,新潟県新潟市北区,早通北1-9-17,,025-388-6532
2049,エレガンス,598-0003,大阪府泉佐野市,俵屋3231,,072-462-7666
2050,㈲男鹿クリーニング舎,010-0344,秋田県男鹿市,脇本富永字野田44-3,,0185-25-3459
2051,富岡クリーニング,086-1075,北海道標津郡中標津町,東35条北4丁目,,
2052,㈲チェリープレス,174-0053,東京都板橋区,清水町80-8,,03-3961-0258
2053,岸本クリーニング,400-0032,山梨県甲府市,中央2-12-36,,055-233-3441
2054,万晴ミシン商会,500-8865,岐阜県岐阜市,昭和町3-5,,058-253-2826
2055,床枝衣料工業㈱ 本社 第一工場,297-0001,千葉県茂原市,七渡3473,,0475-23-1448
2056,中日本ジューキ㈱ 岐阜営業所,500-8212,岐阜県岐阜市,日野南9丁目3-3,,058-247-1557
2057,㈱雅裳苑,160-0022,東京都新宿区,新宿3-2-4,,03-5379-3366
2058,エム･ シー･ニット㈱ 芳賀事業所,321-3303,栃木県芳賀郡芳賀町,稲毛田1160-2,,028-677-3771
2059,㈱京繊工業,601-8203,京都府京都市南区,久世築山町210-2,,075-922-3151
2060,㈲なかしま,819-0001,福岡県福岡市西区,小戸3-10-15,,092-885-3389
2061,㈱ノベル,221-0055,神奈川県横浜市神奈川区,大野町1-8-1205,,045-450-1855
2062,ブライダルコスチュー㈱サカキバラ,590-0833,大阪府堺市堺区,出島海岸通1-9-1,,072-241-4529
2063,㈲オンダクリーニング,699-1251,島根県雲南市,大東町新庄447-9,,0854-43-2143
2064,アズマ㈱ 足利営業所,326-0333,栃木県足利市,問屋町353-5,,0284-72-2131
2065,近藤クリーニング店 近藤豪,400-0403,山梨県南アルプス市,鮎沢477-1,,
2066,㈱ギャビエ,151-0051,東京都渋谷区,千駄ヶ谷2-1-9,外苑ﾊｲﾌﾟﾗｻﾞ501,03-3470-3166
2068,アパレル芝,596-0835,大阪府岸和田市,流木町976,,072-427-3287
2069,㈲タカショウ,197-0011,東京都福生市,福生2268,,042-551-8761
2070,㈱ビップ,950-0994,新潟県新潟市中央区,上所2-11-33,,025-285-1143
2071,ワタベウエディング㈱ 守山店,524-0101,滋賀県守山市,今浜町10軒家2676,ﾎﾃﾙﾗﾌｫｰﾚ琵琶湖内衣裳室,077-585-4174
2072,上野機械 上野敏夫,030-0912,青森県青森市,八重田矢作24-24,,017-736-5557
2073,幾久屋染色補正店 黒岩,145-0062,東京都大田区,北千束1-27-15,,03-3717-5374
2074,小西クリーニング,013-0018,秋田県横手市,本町4-19,,0182-32-5119
2075,㈱トーヨーコーポレーション,981-3111,宮城県仙台市泉区,松森字関場25,,022-375-6955
2076,三瓶衣裳,963-7853,福島県石川郡石川町,大室513,,0247-26-1043
2077,中央精機工業㈱ 金沢,920-0017,石川県金沢市,諸江町下丁90-3,,076-237-6386
2078,中日本ジューキ㈱ 高岡営業所,933-0014,富山県高岡市,野村1356-1,,0766-21-5251
2079,㈱Ouka としま衣裳,330-0803,埼玉県さいたま市大宮区,高鼻町1-62,,048-641-4738
2080,せきね呉服店,360-0042,埼玉県熊谷市,本町1-230-2,,048-524-3691
2081,㈲トヨタドレスソーイング,471-0822,愛知県豊田市,水源町2-2,,0565-28-4753
2082,㈲ヒキタ商会,213-0023,神奈川県川崎市高津区,子母口517-2,,044-766-5684
2083,ブライダルポートアモン,441-8077,愛知県豊橋市,神野新田町弐の割4-1,,0532-32-2737
2084,関東西濃運輸㈱ 久喜営業所,346-0103,埼玉県久喜市,菖蒲町台2448-1,,0480-87-2318
2085,アート美容院,992-0351,山形県東置賜郡高畠町,1482-8,,0238-52-0636
2086,アムスコ,537-0024,大阪府大阪市東成区,東小橋3-12-7,,06-4259-3663
2087,㈲ことぶきや,197-0012,東京都福生市,加美平3-7-13,,042-551-4538
2088,ドレスマイン,862-0925,熊本県熊本市東区,保田窪本町8-20,,096-384-1393
2089,㈱ブライダルハウス 美美,106-0032,東京都港区,六本木5-5-1,,03-5410-3060
2090,㈱ファーストサークル,152-0022,東京都目黒区,柿の木坂3-4-9,,03-3422-5538
2091,京阪三徳,611-0002,京都府宇治市,木幡中村15-117,,0774-32-4056
2092,クリーニングピノ,355-0028,埼玉県東松山市,箭弓町2-8-35,,0493-22-8120
2093,木下しみぬき店,111-0035,東京都台東区,西浅草3-27-17,,03-3843-9269
2094,公立学校共済組合 佐賀宿泊所,840-0815,佐賀県佐賀市,天神2-1-36,,0952-25-2212
2095,㈱エスプランニング 豊田創寫館,471-0853,愛知県豊田市,細谷町1-97,,0565-74-0330
2096,きぬセキ,308-0054,茨城県筑西市,西谷貝350,,0296-24-5633
2097,㈲堀ミシン,501-2105,岐阜県山県市,高富1229-4,,0581-22-1725
2098,ホワイトキング 大宮店,331-0815,埼玉県さいたま市北区,大成町4-872-1,,048-662-6666
2099,㈱大上,232-0003,神奈川県横浜市南区,西中町3-62,,045-241-4147
2100,川田洋服プレスK.K,174-0073,東京都板橋区,東山町16-5,,03-3972-2901
2101,パナソニック産機システムズ㈱,131-0045,東京都墨田区,押上1-1-2,"東京ｽｶｲﾂﾘｰｲｰｽﾄﾀﾜｰ20,21,22階",03-6364-3434
2103,㈱東光洋服,173-0014,東京都板橋区,大山東町59-14,,03-3961-6546
2104,㈱斎藤衣裳店,243-0017,神奈川県厚木市,栄町1-16-16,,046-221-3256
2105,マルヨシクリーニング,620-0052,京都府福知山市,昭和町99-1,,0773-22-3938
2106,㈲さち美容院,034-0092,青森県十和田市,西一番町23-8,,0176-23-4446
2107,㈲KiKiコーポレーション,730-0805,広島県広島市中区,十日市町2-9-2,ｼﾞｭｴｲﾋﾞﾙ7F,082-296-1302
2108,㈱エヌティ通商,446-0007,愛知県安城市,東栄町高根29,,0566-97-9500
2109,戸島クリ－ニング,010-0042,秋田県秋田市,桜2-32-1,,018-835-4490
2110,エリートクリーニング㈱,513-0806,三重県鈴鹿市,算所5-24-50,,059-370-2234
2111,㈲松川調整所,603-8061,京都府京都市北区,上賀茂荒草町49-3,,075-711-1555
2112,㈱ホテルグランド東雲,305-0034,茨城県つくば市,小野崎488-1,,029-856-2214
2113,吉田屋染物店,220-0041,神奈川県横浜市西区,戸部本町44-10,,045-323-0585
2114,ブライダルアルバーナ,856-0822,長崎県大村市,古町1-517-3,ﾊﾟｰﾙﾋﾞﾙ3F,0957-54-7350
2115,パールクリーニング,220-0051,神奈川県横浜市西区,中央2-2-22,,045-323-0772
2116,アトリエ･ホシノ,130-0005,東京都墨田区,東駒形4-24-3,3F,03-3829-1295
2117,DressSalon CHERIE,541-0056,大阪府大阪市中央区,久太郎町3-5-27,Blcﾋﾞﾙ4F,06-6252-6600
2118,パ－ル衣裳,993-0084,山形県長井市,栄町6-22,,0238-84-5550
2119,みやこクリーニング,730-0016,広島県広島市中区,幟町11-5,,082-227-6332
2120,蔦谷染物店,309-1611,茨城県笠間市,笠間1132,,0296-72-1455
2121,㈲サン･ミシン工業,501-1144,岐阜県岐阜市,東改田再勝370-1,,058-293-4083
2122,㈱兼六商店,112-0011,東京都文京区,千石1-24-20,,03-3946-7471
2123,ヨネムラ,558-0041,大阪府大阪市住吉区,南住吉4-8-5,,06-6691-5227
2124,㈱サンコルディア,164-0001,東京都中野区,中野5-60-6,,03-3388-5051
2125,ラヴィ･ピュ－ル事業部,650-0002,兵庫県神戸市中央区,北野町1-5-14,F&Sﾋﾞﾙﾃﾞｨﾝｸﾞ1F,078-222-9179
2126,丸平染色㈱,910-0017,福井県福井市,文京1-21-16,,0776-22-1641
2127,㈱大映,501-3214,岐阜県関市,貸上町52-1,,0575-22-0705
2128,ホテルベルクラシック北見 衣裳室,090-0046,北海道北見市,北六条西1-8-1,,0157-31-3390
2129,㈱トレーダー愛 秋田業務課,010-0941,秋田県秋田市,川尻町字大川反233-84,,018-896-5257
2130,㈲バンビ産業,812-0896,福岡県福岡市博多区,東光寺町1-23-7,,092-473-2251
2131,㈱中野屋,975-0004,福島県南相馬市,原町区旭町2-29,,0244-23-4111
2132,渡辺クリーニング,023-0047,岩手県奥州市,水沢立町16-2,,019-723-4228
2134,㈱トーセン,379-2206,群馬県伊勢崎市,香林町2-1123,,0270-62-3502
2135,せいこうクリーニング,850-0906,長崎県長崎市,館内町18-9,,095-823-8994
2136,貸衣裳かわぐち,140-0014,東京都品川区,大井1-11-1,大井西銀座ﾋﾞﾙ3F,03-3777-7811
2137,東京会館 衣裳室,036-0111,青森県平川市,小和森種取38-1,,0172-44-2442
2138,南紀機材,647-0081,和歌山県新宮市,新宮3608-2,,0735-21-1098
2139,行方織物㈲,992-0053,山形県米沢市,松が岬2-4-8,,0238-23-4403
2140,井上クリーニング店,627-0012,京都府京丹後市,峰山町杉谷714,,0772-62-2221
2141,クリーニングタイムリー太田店,373-0818,群馬県太田市,小舞木町301,,0276-45-6638
2142,大田原被服㈲,793-0072,愛媛県西条市,氷見乙715-2,,0897-57-8456
2143,㈱ビバージュ,924-0075,石川県白山市,米永町765,,076-275-6810
2144,稲森商店,573-0115,大阪府枚方市,氷室台1-20-11,,072-858-6260
2145,クリーニング中川,808-0109,福岡県北九州市若松区,南二島2-3-11,,093-701-3408
2146,大阪修縫㈱,665-0003,兵庫県宝塚市,湯本町1-23,,0797-84-7709
2147,㈱エル･サン,997-0801,山形県鶴岡市,東原町17-7,,0235-24-4633
2148,㈱和光,060-0005,北海道札幌市中央区,北五条西11丁目14番地,,011-251-5291
2149,メディカルリネン&サービス㈱,010-1653,秋田県秋田市,豊岩小山326,,018-828-7177
2150,㈱SHIMA,641-0003,和歌山県和歌山市,坂田85,,073-475-7600
2151,㈱空･道･港,729-0416,広島県三原市,本郷町善入寺,用倉山10064番196－2,0848-60-8380
2152,㈲金田一商会,018-5336,秋田県鹿角市,十和田錦木字下屋布109-2,,0186-35-4948
2153,しみぬきの藤田,424-0067,静岡県静岡市清水区,鳥坂1139-7,,0543-48-0700
2154,㈱サンジェルマン,151-0051,東京都渋谷区,千駄ヶ谷3-37-5,ﾛｰｽﾞｲﾝｸﾞﾋﾞﾙ 1F,03-3478-5631
2155,桔梗屋,805-0050,福岡県北九州市八幡東区,春の町3-4-8,,093-681-5806
2156,テクノクリーン㈱,409-3853,山梨県中巨摩郡昭和町,築地新居669-2,,055-240-7150
2157,㈱京鐘,606-8255,京都府京都市左京区,北白川西瀬ノ内町2番地,,075-711-1151
2158,三ツ星クリーニング,663-8184,兵庫県西宮市,鳴尾町4-5-6,,0798-46-7055
2159,㈱イデム,150-0022,東京都渋谷区,恵比寿南1-14-12,,03-3719-5550
2160,オールスタイル㈱,141-0031,東京都品川区,西五反田8-3-15,,03-3492-8001
2162,ハドソン･ウエディング 宇多津店,769-0202,香川県綾歌郡宇多津町,浜二番丁18-3,,087-756-7505
2163,渡辺ミシン商会,501-6102,岐阜県岐阜市,柳津町東塚3-4,,058-388-3408
2164,アパテック,954-0112,新潟県見附市,上新田町14-38,,0258-66-7655
2165,㈲クリーニングのイルカ*閉,036-8161,青森県弘前市,大清水4-2-2,,0172-32-2230
2167,㈲西機資材,615-8223,京都府京都市西京区,上桂前田町2-15,,075-382-5507
2168,㈲杉山クリーニング,779-3610,徳島県美馬市,脇町脇町1161-4,,0883-52-0056
2169,松ケ岡美容院,970-8026,福島県いわき市,平字研町10-1,,0246-22-3957
2170,トーワ機材,954-0071,新潟県見附市,傍所町439,,0258-62-7363
2171,㈱サンテキスタイルサービス,134-0084,東京都江戸川区,東葛西6-43-21,,03-5676-7676
2174,富士ランドリー 本店,151-0064,東京都渋谷区,上原1-6-13,,03-3467-1449
2175,クリーンプラン柴崎,358-0024,埼玉県入間市,久保稲荷1-3-13,,04-2965-8461
2176,アイム･ケイ㈲,134-0086,東京都江戸川区,臨海町4-2-2,東丸ﾋﾞﾙ 4F,03-5674-5022
2177,㈲堀越クリーニング,270-0101,千葉県流山市,東深井880-14,,04-7152-2817
2178,㈲プロムウエディング,802-0007,福岡県北九州市小倉北区,船場町5-16-802,,093-512-1234
2179,㈱ビクトリー,133-0042,東京都江戸川区,興宮町23-11,,03-5663-6677
2180,㈱サニーアオサダ,018-2504,秋田県山本郡八峰町,峰浜石川字外林132,,0185-76-3232
2183,ディアマリエ,794-0822,愛媛県今治市,河南町2-2-35,,0898-25-8200
2184,彩工房イワサ,910-0015,福井県福井市,二の宮5-6-11,,0776-23-2638
2185,㈱アルファ,141-0031,東京都品川区,西五反田2-13-1,ﾌﾟﾚｼﾞﾃﾞﾝﾄﾊｲﾂ五反田402,03-3779-2016
2186,㈱Dressmore京都,604-8152,京都府京都市中京区,手洗水町670,京都ﾌｸﾄｸﾋﾞﾙ8F,075-229-6500
2187,㈱リヴァイヴ,981-3111,宮城県仙台市泉区,松森字斉兵衛4-3,,022-342-0711
2188,㈲オリックエンジニアリング,063-0054,北海道札幌市西区,宮の沢四条5-3-16,,011-663-8067
2189,アイ･ケイ･ケイ㈱ 福岡,811-2245,福岡県糟屋郡志免町,片峰3-6-5,,092-937-7755
2190,トナミ運輸㈱ 金沢支店,920-0365,石川県金沢市,神野町東202,,076-249-0483
2191,小林商会,308-0865,茨城県筑西市,山崎621,,0296-22-6316
2192,㈱クレールコーポレーション,450-0002,愛知県名古屋市中村区,名駅3-19-18,ｺｽﾁｭｰﾑ6F,052-561-7727
2193,テクニカ 菊地幸治,989-0244,宮城県白石市,上久保7-10,,0224-26-3691
2194,本村整染工 本村賢二,830-0006,福岡県久留米市,南薫西町2002-3,,0942-32-5429
2195,アルテ･ピエル,550-0015,大阪府大阪市西区,南堀江4-12-19,F-STUDIO VERONICA 1F,06-6578-6360
2199,ラ シャンブル デ ロッタ HIROTA,525-0027,滋賀県草津市,野村2-10-21,,077-562-6678
2200,㈱タカナシ･スカイサービス,143-0013,東京都大田区,大森南2-9-6-408,,03-6423-6238
2201,かね宗 石川宗一,446-0026,愛知県安城市,安城町広美14-1,,0566-75-5298
2202,白木屋クリーニング,811-4183,福岡県宗像市,土穴1-3-41,,0940-32-3230
2203,㈱アスピカ レガピオーレ,500-8358,岐阜県岐阜市,六条南1-9-30,,058-272-1717
2204,レンタルきものマイン,180-0004,東京都武蔵野市,吉祥寺本町1-25-10,KS2ﾋﾞﾙ 3F,0422-21-7788
2205,㈲モトワークス,030-0852,青森県青森市,大野鳴滝64-155,,017-762-2541
2206,イマテック 鈴木幸一,277-0945,千葉県柏市,しいの木台4-5-10,,090-6163-2040
2207,㈲金子編物,949-4353,新潟県三島郡出雲崎町,川西104-6,,0258-78-2237
2208,ベル･ザ･クラス美容室,300-1206,茨城県牛久市,ひたち野西1-22,,029-878-1167
2209,こうた女性の会 衣裳室,444-0103,愛知県額田郡幸田町,大草字丸山60,,0564-62-8202
2210,紺商㈱ 十日町本店,948-0083,新潟県十日町市,本町一丁目上614,,025-757-2111
2211,紺商㈱ 五泉営業所,959-1862,新潟県五泉市,旭町4-26,,0250-42-6151
2212,鈴木金糸,376-0023,群馬県桐生市,錦町1-1-13,,0277-44-5555
2213,岡本㈱,635-0834,奈良県北葛城郡広陵町,大塚150-1,,0745-55-1552
2214,㈱矢野,379-2312,群馬県みどり市,笠懸町久宮115,,0277-77-7311
2215,イデアス㈱,532-0033,大阪府大阪市淀川区,新高3-2-27,,06-6394-1140
2216,旭化成商事㈱,530-8205,大阪府大阪市北区,中之島3-3-23,,06-4803-7886
2217,㈱ＦＲＯＮＴ,272-0802,千葉県市川市,柏井町四丁目484番地,,047-702-9489
2218,クリーニングエンドー 洗技館,969-6051,福島県大沼郡会津美里町,字思堀10,,0242-56-4693
2219,㈲クリーニングショップ平木屋,920-3131,石川県金沢市,百坂町イ9-2,,076-258-1253
2220,シキボウリネン㈱,649-2105,和歌山県西牟婁郡上富田町,朝来1293-1,,0739-47-0123
2221,㈱アトリエヨシノ,252-0171,神奈川県相模原市緑区,与瀬377-3,,042-682-7110
2222,創寫舘知立スタジオ,472-0035,愛知県知立市,長田3-41,,0566-82-7070
2223,㈱ストリーム,721-0952,広島県福山市,曙町6-4-13,,084-954-1540
2224,ミカドランドリー,234-0051,神奈川県横浜市港南区,日野4-4-18,,045-841-4413
2225,㈱クリーンサプライ,910-0015,福井県福井市,二の宮2丁目28-2,,0776-23-2101
2226,㈱桑山 富山工場,937-0853,富山県魚津市,宮津1288-1,,0765-24-2716
2227,㈱真奈武,422-8076,静岡県静岡市駿河区,八幡5-9-18,,054-284-7255
2228,㈱岡山ランドリー,700-0822,岡山県岡山市北区,表町1-6-15,,086-224-8055
2229,ワタベウエディング㈱ 上海,615-0046,京都府京都市右京区,西院西溝崎町20,,075-322-4110
2230,㈱ストーフィー,103-0004,東京都中央区,東日本橋3-6-6,Parkビル3F,03-5614-2043
2231,名美プロセス,467-0049,愛知県名古屋市瑞穂区,下山町1-133,,052-832-9238
2232,㈱奉徳はないけ,196-0015,東京都昭島市,昭和町1-4-3,,042-543-8701
2233,和工房,891-2112,鹿児島県垂水市,本城594-4,,0994-32-2123
2234,ワタベウエディング㈱ 運営事業部,103-0028,東京都中央区,八重洲1-7-20,八重洲口会館7F,03-5202-6031
2235,㈱アビ･フランク,111-0053,東京都台東区,浅草橋3-32-6,石川ﾋﾞﾙ8F,03-3866-6727
2236,㈱ヒロ･システムズ,173-0037,東京都板橋区,小茂根5-3-1,田園建物1階,03-5917-0118
2237,㈱島精機製作所 生産技術,641-8511,和歌山県和歌山市,坂田８５,,073-474-8240
2238,株式会社　サンプラクト*禁,399-7104,長野県安曇野市,明科七貴6043-1,,0263-50-6180
2239,㈱丸三屋 ブライダリウムミュー,104-0061,東京都中央区,銀座1-13-1,Daiwa銀座1丁目ﾋﾞﾙ9F,03-6264-4145
2240,㈱エス･ビー･アイ,411-0907,静岡県駿東郡清水町,伏見616-1,,055-973-6888
2241,国屋洗張店 河村靖政,801-0873,福岡県北九州市門司区,東門司2-7-9,,093-321-0616
2242,パナソニック産機システムズ㈱,460-0002,愛知県名古屋市中区,丸の内1-17-19,ｷﾘｯｸｽ丸の内ﾋﾞﾙ2F,052-209-6460
2243,㈱夢工房,319-1221,茨城県日立市,大みか町2-28-17,,0294-53-3773
2244,クリーニング東豊,440-0831,愛知県豊橋市,西岩田2-2-10,,0532-61-7145
2245,アーバン㈱,988-0042,宮城県気仙沼市,本郷22-5,,0226-23-9696
2246,To･Pi工房㈲,678-0072,兵庫県相生市,竜泉町246-2,,0791-23-1481
2247,㈱大成コーポレーション,121-0832,東京都足立区,古千谷本町1-10-28,,03-5691-1271
2248,㈱川島メリヤス製造所,131-0033,東京都墨田区,向島3-9-8,,03-3622-6350
2249,林田㈱ 田辺工場,646-0005,和歌山県田辺市,秋津町234-1,,0739-22-8516
2250,㈱フェリス エンレース,392-0015,長野県諏訪市,中洲5709-23,,0266-53-4467
2251,フォトスタジオ　エンレース*2250,392-0015,長野県諏訪市,中洲5709-23,,0266-53-4467
2252,カワキヤ,669-1529,兵庫県三田市,中央町14-9,,079-562-6129
2253,日本ロジテム㈱,259-1114,神奈川県伊勢原市,高森6-1-1,,0463-95-8300
2254,㈱泉水舎,106-0047,東京都港区,南麻布1-4-6,,03-3452-4280
2255,サイトウ冷機,324-0035,栃木県大田原市,薄葉2164,,0287-29-0357
2256,㈱アブソルート,153-0043,東京都目黒区,東山1-14-4-101,,03-6712-2756
2257,井上清㈱ 東京支店,141-0031,東京都品川区,西五反田7-22-17,五反田TOCﾋﾞﾙ9F,03-6679-2755
2258,白清舎,192-0063,東京都八王子市,元横山町2-21-9,,042-626-8372
2259,㈱C･Lサービス,241-0032,神奈川県横浜市旭区,今宿東町715-1,ﾆｭｰﾌﾟﾛｸﾞﾚｽ102号室,045-744-8420
2260,㈱アモーレ,641-0014,和歌山県和歌山市,毛見1517,ｿﾙｶｻﾃﾞﾙﾏｰﾙ内,073-444-1137
2261,ラヴィーナ相生,678-0001,兵庫県相生市,山手1-91,,0791-23-1000
2262,㈱デコルテ 本社,659-0066,兵庫県芦屋市,大桝町1-25,アクセシオ芦屋３Ｆ,0797-38-3692
2263,㈱イシザカ,130-0014,東京都墨田区,亀沢1-4-16,,03-3625-0881
2264,㈱マリーゴールド,790-0004,愛媛県松山市,大街道2-5-10,,089-932-5850
2265,京呉服 大原,329-1225,栃木県塩谷郡高根沢町,石末2242-12,,028-675-4900
2266,久し屋呉服店 永野久人,420-0011,静岡県静岡市葵区,安西5-4,,054-252-2464
2267,㈱安藤ミシン商会,501-6037,岐阜県羽島郡,笠松町西金池町58,,058-387-2055
2268,㈱マエケン,915-0253,福井県越前市,中津山町36-2,,0778-43-0888
2269,JUKI販売㈱ 福島支店,960-0669,福島県伊達市,保原町赤橋36-1,,024-576-6700
2270,㈱サラサインターナショナル,152-0021,東京都目黒区,東が丘1-8-7,ｸﾞﾚｰｽ欅103,03-5466-1072
2271,中富織物㈱,335-0001,埼玉県蕨市,北町3-4-22,,048-443-2048
2272,㈱サトウ,457-0807,愛知県名古屋市南区,鶴見通5-2-2,,052-614-1185
2273,リブンアン事業部,912-0045,福井県大野市,若杉町1314,,0779-65-5924
2274,㈴三井屋,460-0011,愛知県名古屋市中区,大須3-36-11,,052-242-2225
2275,㈱鈴屋 黒磯クリーニング,325-0051,栃木県那須塩原市,豊町1-18,,0287-62-3238
2276,艶清興業㈱,494-0003,愛知県一宮市,三条字天神西29,,0586-62-3211
2277,白馬館,506-0052,岐阜県高山市,下岡本町1426,,0577-33-0062
2278,笠井クリーニング 笠井清春,506-1317,岐阜県高山市,上宝町本郷2830,,0578-86-2135
2279,日本郵便㈱ 丸岡郵便局長,,,,,
2280,ヤシオ自販機サービス㈱,340-0834,埼玉県八潮市,大曽根1550-1,,048-996-0390
2281,㈲ワシクリーニング,674-0074,兵庫県明石市,魚住町清水3261,,078-942-1410
2282,島森 敬介,233-0008,神奈川県横浜市港南区,最戸1-5-18,,070-5016-0234
2283,丸久㈱,772-0002,徳島県鳴門市撫養町,斎田字北浜143番地,,088-685-0151
2284,白山衣料㈱,779-3402,徳島県吉野川市,山川町流21-1,,0883-42-2586
2285,㈱レジット,464-0075,愛知県名古屋市千種区,内山18-12,ｳｴﾃﾞｨﾝｸﾞﾁｬﾍﾟﾙ・ｱﾝｼﾞｪﾗ 3F,052-731-2241
2286,㈱樋口 徳山店,730-0804,広島県広島市中区,広瀬町4-8,,082-232-5339
2287,㈲日野屋商店,113-0033,東京都文京区,本郷2-6-13,,03-3813-5756
2288,㈱東京インテリア 東松山事業所,355-0812,埼玉県比企郡滑川町,都25-47,,0493-56-3344
2289,㈱ムラタック,983-0014,宮城県仙台市宮城野区,高砂1-4-2,,022-259-3591
2290,タケイクリーニング,110-0015,東京都台東区,東上野1-24-10,,03-3835-7482
2291,㈲石栗写真館,065-0043,北海道札幌市東区,苗穂町4-1-1,,011-711-9376
2292,アヴァンティ･ノダ㈱,501-6311,岐阜県羽島市,上中町長間東外2889-1,,058-391-9084
2293,㈱美幸工業 ランドリー事業部,410-0872,静岡県沼津市,小諏訪926-2,,055-925-6188
2294,㈱リヴィントン,996-0002,山形県新庄市,金沢1073-2,,0233-22-1162
2295,小松クリーニング,988-0215,宮城県気仙沼市,最知北最知201-15,,0226-27-4423
2296,なぎさ屋,663-8234,兵庫県西宮市,津門住江町5-11,,0798-22-4635
2297,フジサワ商会 藤澤修士,411-0941,静岡県駿東郡長泉町,上土狩30-1,ﾒｿﾞﾝﾄﾞｩﾏﾚｰﾗ307号室,055-900-1028
2298,内田ニット,174-0071,東京都板橋区,常盤台3-19-9,,03-3965-1195
2299,㈱YYコーポレーション,289-0306,千葉県香取市,上小堀1-122,,0478-82-7001
2300,博進舎クリーニング,920-0855,石川県金沢市,武蔵町16-2,,076-222-7590
2483,㈲安芸興業,739-0323,広島県広島市安芸区,中野東3-8-29,,082-893-3006
2484,㈲ハートサービス,363-0001,埼玉県桶川市,加納160-6,,048-776-7700
2485,エイコー産業㈱,108-0014,東京都港区,芝4-12-4,,03-3451-2093
2486,山崎織物㈱,403-0022,山梨県南都留郡西桂町,小沼1696,,0555-25-2010
2487,すえひろ貸衣裳,500-8362,岐阜県岐阜市,西荘2-6-6,,058-231-7876
2488,大阪厚生年金会館 用度課,550-0013,大阪府大阪市西区,新町1-14-15,,06-6532-6301
2489,八代洗機㈱,607-8465,京都府京都市山科区,上花山坂尻105,,075-592-5555
2490,ササキ美容院,035-0031,青森県むつ市,柳町1-6-28,,0175-23-3787
2491,㈲ベリシマコーポレーション,224-0032,神奈川県横浜市都筑区,茅ケ崎中央9-17,2F,045-949-6608
2492,細田企画,421-0526,静岡県牧之原市,大沢1288-1,,0548-87-2465
2493,小さな結婚式,650-0002,兵庫県神戸市中央区,北野町2-7-13,東急ﾋﾞﾙ1F,078-222-9011
2494,フォトガーデンホンダ,399-4102,長野県駒ヶ根市,飯坂1-7-3,,0265-81-0166
2495,㈱丸和 本社,649-6112,和歌山県紀の川市,桃山町調月1758-6,,0736-66-1148
2496,富士屋ドライ㈲,703-8273,岡山県岡山市中区,門田文化町1-1-9,,086-272-1800
2497,㈲資寶堂,114-0003,東京都北区,豊島2-3-4,,03-3913-2196
2498,中央商事㈱,180-0023,東京都武蔵野市,境南町3-22-2-101,,0422-31-1114
2499,クリーニングミッキー,496-0905,愛知県愛西市,北一色町69-1,,0567-24-5452
2500,佐藤クリーニング,997-0346,山形県鶴岡市,上山添字文栄51,,0235-57-3392
2503,㈱へいあん秋田 雅裳苑本荘店,015-0874,秋田県由利本荘市,給人町88-3,,0184-23-4146
2504,㈱へいあん秋田 雅裳苑 横手店,013-0038,秋田県横手市,前郷一番町1-9,,0182-32-7037
2505,アサヒヤクリーニング,546-0042,大阪府大阪市東住吉区,西今川4-16-13,,06-6797-5357
2506,㈱ウエディングプレッジ,104-0031,東京都中央区,京橋2-8-21,金凰堂ﾋﾞﾙ 6F,03-5250-1370
2507,すすきクリーニング,918-8004,福井県福井市,西木田3-6-14,,0776-36-3455
2508,啓 衣裳室,090-0016,北海道北見市,大町113,,0157-22-7780
2509,ニッサンミシン,607-8069,京都府京都市山科区,音羽中芝町11-1,,075-593-8197
2510,㈱エム．エス．ケ－,271-0046,千葉県松戸市,西馬橋蔵元町100,,047-330-5750
2511,㈱みうらクリーニング,989-6214,宮城県大崎市,古川新堀字東田37-1,,0229-26-4255
2513,㈱倉島商店,164-0011,東京都中野区,中央1-52-7,,03-3363-6761
2515,クリーニングなかむら 本店,343-0808,埼玉県越谷市,赤山本町17-33,,0489-62-2497
2516,新生クリ－ニングﾞ,177-0041,東京都練馬区,石神井町2-33-28,,03-3996-5242
2517,㈱扇屋*3740,950-0948,新潟県新潟市中央区,女池南3-5-26,,025-290-7228
2518,㈲エース商会,405-0075,山梨県笛吹市,一宮町東原326-6,,055-347-3723
2519,㈱扇屋式服店,870-0816,大分県大分市,田室町9-80,ｱｰﾊﾞﾝ田室125,097-545-8690
2520,㈲白洗舎,692-0017,島根県安来市,下坂田町171,,0854-22-2632
2522,㈱山形屋　ブライダルサロン,892-0827,鹿児島県鹿児島市,中町5-26,ｶﾘｰﾉ天文館2F,099-227-6505
2523,ヒットクリーニング,662-0072,兵庫県西宮市,豊楽町1-22,,0798-72-5833
2525,㈲サンシャイン･伊藤,166-0004,東京都杉並区,阿佐谷南2-42-1,駅ビルG街1F,03-3339-3022
2526,㈲埼玉職洗機材,346-0012,埼玉県久喜市,栗原3-8-1,,0480-22-5297
2527,岩手マルマン㈱,020-0871,岩手県盛岡市,中ノ橋通2-2-1,,019-622-1010
2528,㈱ノバレーゼ*禁,460-0003,愛知県名古屋市中区,錦3-24-24,錦324ﾋﾞﾙ 3F,052-955-3388
2529,天使の森 小山店,323-0829,栃木県小山市,東城南1-16-1,,0285-31-3179
2530,茶州染色工業㈱,491-0044,愛知県一宮市,大宮2-1-7,,0586-73-8171
2531,黒川工業㈱,610-0116,京都府城陽市,奈島生口18,,0774-55-0601
2532,㈱今井和裁,950-0909,新潟県新潟市中央区,八千代1-1-8,,025-245-0333
2533,㈱ﾐﾉｸﾞﾙｰﾌﾟ*閉所,501-4223,岐阜県郡上市,八幡町稲成375-1,,0575-65-4121
2534,㈲中野マザーショップ,164-0012,東京都中野区,本町4-37-28,,03-3381-3228
2535,㈱伊勢津ドライ,576-0017,大阪府交野市,星田北1-38-2,,072-892-3050
2536,㈲フォーシーズン,910-0006,福井県福井市,中央3-1-5,三谷中央ﾋﾞﾙ6F,
2537,㈱錦,562-0035,大阪府箕面市,船場東3-3-6,,072-727-3322
2538,クリーニングポエム 竹之内,115-0045,東京都北区,赤羽1-55-7,,03-3901-7507
2539,ホワイト急便 本社,020-0864,岩手県盛岡市,西仙北1-8-11,,019-635-4020
2540,小林クリーニング,451-0051,愛知県名古屋市西区,則武新町1-7-28,,052-541-6905
2541,カクサダクリーニング㈱,053-0055,北海道苫小牧市,新明町3-3-6,,0144-51-2100
2542,エリートクリーニング㈱,464-0074,愛知県名古屋市千種区,仲田1-7-11,,052-759-5885
2544,アイナックス稲本㈱,425-0028,静岡県焼津市,駅北2-8-3,ｶﾙﾄ･ﾊﾟﾙ 1F,054-685-9106
2545,㈱エンパイアー特殊クリーニング,003-0027,北海道札幌市白石区,本通２１丁目北5号,,011-861-2909
2547,㈱白光,290-0225,千葉県市原市,牛久965-1,,0436-92-2585
2549,クリーニング黒岩,382-0014,長野県須坂市,新町529,,026-245-1238
2550,㈲イーグ,259-0312,神奈川県足柄下郡湯河原町,吉浜1912-35,,0465-63-9000
2551,㈱白洋舎 しみ抜き教室,146-0092,東京都大田区,下丸子2-11-1,,03-3758-5894
2552,プログレスユーコー㈱,547-0014,大阪府大阪市平野区,長吉川辺3-19-12,,06-6701-3451
2553,GUEST HOUSE,107-0062,東京都港区,南青山3-1-1,ﾌﾟﾗｻﾞ246,03-3470-0302
2554,㈱ハクホウ,311-1511,茨城県鉾田市,柏熊297-12,,0291-32-6010
2555,大賀㈱,112-0002,東京都文京区,小石川2-1-12,,03-5800-1169
2556,エムズエンジニアリング㈱,607-8301,京都府京都市山科区,西野山百々町222,,075-591-2002
2557,㈱瀬戸商会,960-8163,福島県福島市,方木田字本方木田54-1,,024-544-0131
2558,㈱ブライダル衣裳センター,025-0092,岩手県花巻市,大通り1-4-4,,0198-24-8939
2559,㈱扇屋式服店,542-0073,大阪府大阪市中央区,日本橋2-5-5,,06-6631-4905
2560,㈱サンプラクト 本社,963-8834,福島県郡山市,図景2-11-5,,024-922-3870
2561,武田美容室,390-0874,長野県松本市,大手3-2-27,,0263-35-9531
2562,古館サービス,038-1216,青森県南津軽郡藤崎町,榊30-2,,0172-65-2568
2563,㈱平安閣　ﾏﾘｴｰﾙ岡崎*禁,444-0840,愛知県岡崎市,戸崎町牛転2-201,,0564-71-3388
2564,㈱マックス,677-0044,兵庫県西脇市,上野52,,0795-23-7791
2565,㈲中村繊維工業,373-0841,群馬県太田市,岩瀬川町457,,0276-46-8216
2566,㈲土師クリーニング,710-1301,岡山県倉敷市,真備町箭田1715-2,,0866-98-0124
2567,㈱クロバー,899-5215,鹿児島県姶良市,加治木町本町110,,0995-63-2500
2569,アンドウ㈱,600-8066,京都府京都市下京区,柳馬場通五条上る柏屋町327,,075-341-0361
2570,㈱ティアック,300-2511,茨城県常総市,花島町字天王原1436-6,,0297-27-5553
2571,木谷しみ抜き店,733-0032,広島県広島市西区,東観音町23-24,,082-231-9929
2572,㈲シティ ライフ,242-0029,神奈川県大和市,上草柳1590,,046-262-2532
2574,㈱平和台ドレス,179-0081,東京都練馬区,北町5-17-7,,03-3933-1506
2575,タカラ繊維㈱,761-4121,香川県小豆郡土庄町,渕崎甲531ｰ1,,0879-62-1338
2576,昭和ジューキ岩手,023-0023,岩手県奥州市,水沢八反町81-1,,0197-25-2561
2577,㈱ステｪファニー,103-0004,東京都中央区,東日本橋2-23-3,曽根原ﾋﾞﾙ4F,03-3863-0960
2578,㈱東京丁子屋,270-0021,千葉県松戸市,小金原2-13-32,,0473-43-2393
2579,マリエ･ア･ラ･モード,763-0081,香川県丸亀市,土器町西2-591,,0877-25-1001
2580,みやび,943-0817,新潟県上越市,藤巻6-52,,025-522-2017
2581,ドレス工房 マリエ,951-8131,新潟県新潟市中央区,白山浦1-631,,025-266-9078
2582,富士クリーニング,215-0003,神奈川県川崎市麻生区,高石3-26-5,,044-966-5198
2583,㈱アドヴァンス,150-0011,東京都渋谷区,東3-17-11,ｳﾞｨﾗﾊｲﾂ恵比寿東202,03-5789-4637
2584,㈱ワールドパック,135-0004,東京都江東区,森下3-16-1,,03-3846-5821
2585,㈱永平寺タケダ,910-1211,福井県吉田郡永平寺町,法寺岡2-5,,0776-63-2211
2586,丸菱クリーニング,152-0022,東京都目黒区,柿の木坂3-11-9,,03-3411-0470
2587,クリーニングロマン,373-0841,群馬県太田市,岩瀬川町455-6,,0276-46-8274
2588,ロイヤルクリーニング ササキヤ,709-4234,岡山県美作市,江見451-10,,0868-75-0030
2589,㈱寿や貸衣裳,760-0053,香川県高松市,田町3-4,,087-834-8111
2590,町田ドライ,379-2304,群馬県太田市,大原町655-3,,0729-78-2530
2591,福田ドライ,371-0804,群馬県前橋市,六供町783-4,,027-221-0149
2592,プログレスユーコー㈱,547-0014,大阪府大阪市平野区,長吉川辺3-18-26,,06-6701-3451
2593,若松屋,646-0031,和歌山県田辺市,湊982,,0739-22-2791
2594,ブライダルハウスマリエ,791-8023,愛媛県松山市,朝美2-6-50,,089-994-6636
2595,ドレス スワン,542-0081,大阪府大阪市中央区,南船場3-10-28,中村興産ﾋﾞﾙ5F,06-4963-5155
2596,コマエ写場  八丁堀店,730-0017,広島県広島市中区,鉄砲町5-7,,082-511-0333
2597,㈱ジャパン 資材部,918-8104,福井県福井市,板垣3-1323,,0776-34-3817
2598,三菱商事ファッション㈱,150-0013,東京都渋谷区,恵比寿4-3-14,恵比寿SSﾋﾞﾙ1F 検査室,03-6757-2935
2599,㈲アトラスサービス,921-8801,石川県野々市市,御経塚121街区-1,,076-246-599
2600,㈲しなのや洋服店,173-0023,東京都板橋区,大山町26-8,,03-3956-4708
2601,㈲四国花嫁センター,794-0042,愛媛県今治市,旭町3-3-15,,0898-23-6981
2602,㈱山商,815-0031,福岡県福岡市南区,清水3-19-32,太陽ﾋﾞﾙ,092-551-5339
2603,えびすやクリーニング,708-0036,岡山県津山市,南新座86-8,,0868-22-5696
2604,丹後染織,629-2532,京都府京丹後市,大宮町谷内740,,0772-64-4766
2605,㈱ジーナコレクション,600-8310,京都府京都市下京区,七条通新町西入夷之町74,,075-353-7116
2606,㈱丸井錦糸町店,130-0022,東京都墨田区,江東橋3-9-10,,03-5600-2955
2608,㈲モトムラ,252-0134,神奈川県相模原市緑区,下九沢2117-1,,042-771-1411
2610,㈱ミトミ,110-0005,東京都台東区,上野4-5-5,,03-3831-9227
2612,ワック㈱,170-0005,東京都豊島区,南大塚2-37-12,和田ﾋﾞﾙ2F,03-3940-8808
2613,㈲大洋クリーニング,272-0813,千葉県市川市,中山3-12-8,,047-334-1606
2614,㈱エイゼット,932-0817,富山県小矢部市,小神61,,0766-67-1241
2615,アンヌ有限会社,650-0022,兵庫県神戸市中央区,元町通3-9-4,元町ｶﾙﾁｬｰ倶楽部 3F,078-327-5617
2616,原山長平 商店,954-0053,新潟県見附市,本町1-1-37,,0258-62-1351
2617,河合縫製,501-0458,岐阜県本巣郡北方町,高屋68-2,,058-323-3440
2618,㈱喜久屋,343-0114,埼玉県北葛飾郡松伏町,ゆめみ野東4-4-7,,048-992-3111
2619,大洗クリーニング,311-1301,茨城県東茨城郡大洗町,磯浜町142,,029-267-2553
2620,高橋 商店,330-0845,埼玉県さいたま市大宮区,仲町3-89,,048-641-1845
2621,浜峰織物工場,629-3104,京都府京丹後市,網野町浅茂川1647,,0772-72-0314
2622,㈱マリエール伊那　衣裳室,399-4431,長野県伊那市,西春近上島2190-1,伊那 平安閣内,0265-78-4122
2623,山陽ウェックス株式会社,706-0011,岡山県玉野市,宇野3-42-43,,0863-31-5255
2624,コーベサービス,653-0043,兵庫県神戸市長田区,駒ケ林町4-3-11,,078-641-0290
2625,東海商事㈱ 名古屋支店,464-0086,愛知県名古屋市千種区,萱場2-15-24,,052-712-3311
2626,くぼやクリーニング,912-0081,福井県大野市,元町2-2,,
2627,㈱協和商会,933-0941,富山県高岡市,内免2-6-19,,0766-22-8700
2628,㈲旭エンジニアリング,251-0871,神奈川県藤沢市,善行6-8-16,,090-8809-1660
2629,㈱ル.コラ,160-0004,東京都新宿区,四谷1-5-25,ｱﾄﾚ四谷 1F,03-3359-0107
2630,㈱ホワイトハウス 加納プラント,500-8465,岐阜県岐阜市,加納寿町2-11-1,,058-271-7772
2631,㈲マリア,820-0112,福岡県飯塚市,有井320-15,,0948-82-4552
2632,㈱イワテブライダルセンター,024-0062,岩手県北上市,鍛冶町2-14-24,,0197-65-0198
2634,株式会社　ベストナー,262-0012,千葉県千葉市花見川区,千種町1-1,,043-286-6111
2635,㈲ヴェルジュ 京都店*廃業,604-8151,京都府京都市中京区,橋弁慶町,,075-254-6080
2636,広瀬クリーニング,409-1304,山梨県甲州市,勝沼町休息2001-3,,0553-44-1674
2637,㈱ライズ,921-8807,石川県野々市市,二日市町1-83,,076-294-1771
2638,㈱コムウェル,174-0054,東京都板橋区,宮本町34-4,,03-3967-8411
2639,新和商会,491-0051,愛知県一宮市,今伊勢町馬寄福塚,藤和ﾋﾞﾙ802,0586-24-8896
2641,㈱金山ファッションプレス,454-0832,愛知県名古屋市中川区,清船町4-1-11,,052-355-3361
2642,クリーニング 共栄舎,333-0852,埼玉県川口市,芝樋ノ爪1-6-32,,048-266-9253
2644,クリーンパレス,951-8061,新潟県新潟市中央区,西堀通5-858,,025-222-9545
2646,㈱ベスト･カラー,399-0033,長野県松本市,笹賀8043-2,,0263-28-0960
2647,ジャパンウエディング㈱,141-0022,東京都品川区,東五反田1-7-6,藤和東五反田ﾋﾞﾙ 1F,03-6455-6894
2649,ユアーズコープ衣裳室,792-0021,愛媛県新居浜市,泉宮町5-8,,0897-35-2655
2650,くらしの友蒲田衣裳室 アペア,144-0051,東京都大田区,西蒲田8-1-1,,03-3735-3591
2651,衣裳室 ﾃｨｱﾗ *閉館,085-0013,北海道釧路市,栄町2-6,釧路ﾊﾟｼｨﾌｨｯｸﾎﾃﾙ,0154-24-7787
2653,新堀表具店,649-7173,和歌山県伊都郡かつらぎ町,大谷70,,0736-22-0493
2654,日光舎クリーニング,340-0031,埼玉県草加市,新里町30-12,,048-929-1231
2655,クリーニングのごとう,338-0822,埼玉県さいたま市桜区,中島1-14-22,,048-858-1750
2658,㈱ビップ,955-0065,新潟県三条市,旭町2-7-1,,0256-47-4400
2659,㈱日本シーリング 大阪営業所,533-0001,大阪府大阪市東淀川区,井高野4-6-27,,06-6829-5355
2660,㈲土居写場,723-0011,広島県三原市,東町2-3-6,,0848-62-2984
2661,㈱ダイコクヤ,980-0802,宮城県仙台市青葉区,二日町5-28,,022-263-8918
2662,ホームドライ ウシオダ,,,,,
2663,白洋舎ドライ 川畑,893-0005,鹿児島県鹿屋市,共栄町2-15,,0994-42-2939
2664,スタジオP･P･M,158-0083,東京都世田谷区,奥沢2-41-2,,03-5701-7340
2666,サンオートクリーニング,558-0003,大阪府大阪市住吉区,長居3-3-30,,06-6692-7343
2667,クリーニング ミナミ,487-0015,愛知県春日井市,気噴町北1-145,,0568-51-9433
2668,㈲リペアランス*倒産,376-0023,群馬県桐生市,錦町3-5-35,,0277-44-2239
2669,田辺クリーニング商会,656-0304,兵庫県南あわじ市,松帆古津路577-94,,0799-36-3249
2670,浜田クリーニング店,675-0054,兵庫県加古川市,米田町平津491,,079-432-3717
2673,㈱アーチシステム,613-0035,京都府久世郡久御山町,下津屋41,,0774-46-2555
2674,㈱マスヤ,335-0004,埼玉県蕨市,中央3-3-13,,048-431-3104
2675,㈱白ばらクリーニング店,051-0002,北海道室蘭市,御前水町1-6-33,,0143-24-7015
2676,㈱オニックス,442-0824,愛知県豊川市,下長山町上ｱﾗｲ4-1,,0533-83-4802
2677,ブライダルコスチューム丸京,383-0015,長野県中野市,吉田1253-6,,0269-26-4531
2678,メアリーウエディング㈱,106-0046,東京都港区,元麻布3-13-17,,03-5411-2051
2679,㈱加賀染匠,922-0422,石川県加賀市,弓波町ﾎ-63,,0761-74-4826
2681,こんどうドライ,699-2305,島根県大田市,仁摩町天河内2-5,,08548-8-2523
2682,㈱三雄工芸,954-0111,新潟県見附市,今町5-2-33,,0258-66-8281
2683,㈲倉又製作所,959-1272,新潟県燕市,杉柳119-1,,0256-62-2490
2684,清美商会,410-0022,静岡県沼津市,大岡駅前町2450-1,,055-922-2081
2685,㈲エンゼル,814-0113,福岡県福岡市城南区,田島6-11-12,,092-861-2618
2686,㈲サン化学ドライ,819-0373,福岡県福岡市西区,周船寺3-17-8,,092-807-5545
2688,㈲シーティーエス和光,990-0861,山形県山形市,江俣2-9-30,,023-684-9641
2689,㈱丸三屋,221-0055,神奈川県横浜市神奈川区,大野町1-4,,045-440-5934
2690,㈱プロム 札幌,060-0032,北海道札幌市中央区,北二条東4丁目,ｻｯﾎﾟﾛﾌｧｸﾄﾘｰ3条館 3F,011-207-4088
2691,ホテルロイヤルヒルズ,292-0044,千葉県木更津市,太田2-2-1,,0438-23-0272
2692,ヤナギダ クリーナース,928-0331,石川県鳳珠郡能登町,柳田梅140-2,,0768-76-0056
2693,みつみクリーニング,386-1103,長野県上田市,神畑226-6,,0268-23-7112
2694,白南クリーニング 増田,329-0524,栃木県河内郡上三川町,多功1537-1,,0285-53-4494
2695,㈱ビービーエー 本社,360-0237,埼玉県熊谷市,永井太田1150-4,,048-588-6681
2696,赤川クリーニング,097-0002,北海道稚内市,潮見2丁目,,0162-33-4540
2697,湯川洗張店,670-0016,兵庫県姫路市,坂元町44,,079-222-5520
2698,㈱ＡＳＡＫＩＮＯ,870-0856,大分県大分市,畑中740-5,,097-543-6951
2699,㈲高嶋機工,658-0041,兵庫県神戸市東灘区,住吉南町4-3-18,,078-822-1331
2701,クリーニングノこみね㈱,324-0617,栃木県那須郡那珂川町,北向田271-1,,0287-92-7080
2703,秋葉商事㈱,461-0034,愛知県名古屋市東区,豊前町1-12,,052-935-5118
2704,㈱三絵,156-0043,東京都世田谷区,松原6-5-20,,03-3323-5321
2705,松屋クリーニング店,510-8015,三重県四日市市,松原町18-15,,059-365-3569
2706,ワタベウエディング㈱,602-8011,京都府京都市上京区,桜鶴円町361,,075-451-4111
2707,株式会社　丸三屋,108-0074,東京都港区,高輪3-7-6,6F,03-5798-2614
2708,ミサト機工,341-0037,埼玉県三郷市,高州1-280-4,,048-955-5914
2709,冨田 多恵二,956-0851,新潟県新潟市秋葉区,金沢町3-4-59,,0250-25-1205
2710,㈱丸三屋,108-0074,東京都港区,高輪3-7-6　6F,,03-5798-2614
2711,㈱ナカムラ,590-0956,大阪府堺市堺区,中之町東2-1-25,,072-223-8603
2712,小山印房,922-0274,石川県加賀市,別所町漆器団地3-19,,0761-76-2172
2714,㈲アストロ,111-0053,東京都台東区,浅草橋5-16-3,ｵｶｼﾞﾏﾋﾞﾙ 2F,03-5687-3241
2715,㈱丸三屋,273-8567,千葉県船橋市,本町7-1-1,5F ﾌﾞﾗｲﾀﾞﾙｻﾛﾝ,047-424-7241
2716,持田商工㈱,333-0842,埼玉県川口市,前川4-39-1,,048-262-1098
2717,㈱銀座マギー,158-0084,東京都世田谷区,東玉川2-37-11,,03-3727-4831
2718,㈲グルーブ,101-0061,東京都千代田区,神田三崎町3-3-3,木下ﾋﾞﾙ2F,03-3234-0229
2719,㈲ジーエフビー,940-0011,新潟県長岡市,下々条町立野2319,,0258-25-1222
2720,洗濯工房,780-0844,高知県高知市,永国寺町2-1,,088-875-3135
2721,ミヤシタクリーニング,391-0001,長野県茅野市,ちの2675-5,,0266-73-7989
2722,㈲関商会,262-0012,千葉県千葉市花見川区,千種町1-1,,043-286-2031
2723,㈲伊藤クリーニング,231-0851,神奈川県横浜市中区,山元町2-96,,045-681-4196
2724,㈲コヤマクリーニング,704-8116,岡山県岡山市東区,西大寺中2-9-16,,086-843-7575
2725,七洋包装㈱,455-0804,愛知県名古屋市港区,当知1-806,,052-383-2111
2726,ブライダルコスチューム函館,040-0074,北海道函館市,松川町40-16,,0138-40-5803
2727,ワタベウエディング㈱,010-0001,秋田県秋田市,中通1-3-5,,018-884-4115
2729,㈱三笠ランドリー,630-8451,奈良県奈良市,北之庄町36-1,,0742-61-7158
2730,横浜油材㈱,245-0018,神奈川県横浜市泉区,上飯田町1465-2,,045-803-3508
2732,真成舎クリーニング,372-0025,群馬県伊勢崎市,東本町36-9,,0270-25-0769
2733,相野クリーニング,597-0011,大阪府貝塚市,北町27-18,,0724-23-0550
2734,㈱鈴木衣裳店,410-0881,静岡県沼津市,八幡町95,,055-962-3355
2735,若松衣裳店,412-0042,静岡県御殿場市,萩原607-1,,0550-83-3223
2736,オリンピアクリーニング,989-2351,宮城県亘理郡亘理町,新町57-3,,0223-34-3268
2737,㈱丸三屋 ブライダリウムミュー,940-2121,新潟県長岡市,喜多町3047　2F,,0258-89-6981
2738,㈱N･EITO,442-0029,愛知県豊川市,末広通2-53,,0533-86-6320
2739,㈱トータルファッション ノブス,311-2447,茨城県潮来市,曲松2808-1,,0299-66-1128
2740,パールドライ,379-2313,群馬県みどり市,笠懸町鹿69-14,笠南中ｿﾊﾞ,0277-76-8598
2741,サル･ドゥ･セジュール高岡,933-0872,富山県高岡市,芳野1,,0766-24-5477
2742,㈱土屋ミシン商会,677-0015,兵庫県西脇市,西脇駅前,,07952-2-3066
2743,ダイワプレス スタジオ 一宮,491-0924,愛知県一宮市,大和町於保保四ﾉ宮67-7,,0586-44-4046
2744,㈱村井,101-0061,東京都千代田区,神田三崎町2-4-11,,03-3263-5781
2745,ファッションクリーニング高木,370-0117,群馬県伊勢崎市,境百々171,,0270-74-1019
2746,長野マーキングセンター,381-0012,長野県長野市,柳原2281-27,,026-295-6631
2747,グッド㈱,214-0035,神奈川県川崎市多摩区,長沢4-25-6,,044-976-8881
2748,銀座英国屋,640-8342,和歌山県和歌山市,友田町5-46,近鉄百貨店4F,073-421-7089
2749,㈱岩田,481-0038,愛知県北名古屋市,徳重大日54,,0568-23-1860
2750,貸衣裳 新,830-0003,福岡県久留米市,東櫛原町1509-7,,0942-36-7222
2751,㈲田中洋品店,330-0063,埼玉県さいたま市浦和区,高砂1-12-1,ｺﾙｿ内 2F,048-822-0001
2752,マナベクリーニング,794-0026,愛媛県今治市,別宮町7-2-17,,0898-22-6047
2753,大和薬品株式会社,983-0035,宮城県仙台市宮城野区,日の出町1-2-1,,022-284-0932
2754,上杉クリーニング,780-0861,高知県高知市,升形9-55,,088-872-3887
2755,中村工機株式会社,396-0014,長野県伊那市,狐島4070-2,,0265-73-6310
2756,石田クリーニング㈱,791-8044,愛媛県松山市,西垣生町2160-2,,089-974-3211
2757,㈲セキグチ,310-0912,茨城県水戸市,見川5-1217-1,,029-252-6390
2758,松原商店,565-0861,大阪府吹田市,高野台2-1,B35-206,06-6834-3623
2759,㈱アルファテックス,376-0013,群馬県桐生市,広沢町1-2740,,0277-52-3535
2760,内田メリヤス,306-0645,茨城県坂東市,長須1396-1,,0297-35-1578
2761,有限会社 蔦屋,395-0073,長野県飯田市,羽場坂町2340-8,,0265-22-3000
2762,エリートクリーニング㈱ 石川橋店,466-0843,愛知県名古屋市昭和区,菊園町4-28-2,高橋ﾋﾞﾙ 1F,052-852-8544
2763,㈲松屋ランドリー,555-0013,大阪府大阪市西淀川区,千舟1-203,,06-6474-2959
2764,ネイション産業㈱,516-2103,三重県度会郡度会町,棚橋256-1,,0596-62-0251
2765,亜紀洋装店,104-0061,東京都中央区,銀座8-4,銀座ﾅｲﾝ2号館,03-3572-5700
2766,㈲スカイクリーニング,263-0002,千葉県千葉市稲毛区,山王町402-10,,043-422-8079
2767,タケダニット㈱,132-0022,東京都江戸川区,大杉2-6-12,,03-3655-4546
2768,横山工業ミシン㈱,500-8172,岐阜県岐阜市,白山町1-4,,058-564-4580
2770,有限会社苓州屋,814-0163,福岡県福岡市早良区,干隈3-2-13,,092-862-1163
2771,日産商事㈱,770-0005,徳島県徳島市,南矢三町2-8-22,,088-631-2123
2772,天沼商事㈱,348-0058,埼玉県羽生市,中央2-12-10,,048-561-0561
2773,藤田屋クリーニング,389-0206,長野県北佐久郡御代田町,御代田2786-3,,0267-32-2054
2774,㈲岩倉クリーニング,640-8125,和歌山県和歌山市,島崎町7-4,,073-422-8458
2775,すずらんクリーニング,357-0023,埼玉県飯能市,岩沢305-1,,042-974-7581
2776,㈱オートモ,920-0997,石川県金沢市,竪町86,,076-262-3351
2777,しみぬき加納,062-0011,北海道札幌市豊平区,美園十一条6-2-5,,011-811-0342
2778,トーヨーニット㈱,510-0948,三重県四日市市,室山町103,,059-321-2162
2779,ドライショップ ナカノ,170-0003,東京都豊島区,駒込3-8-1,,03-3940-4458
2781,㈱アブラハム,541-0051,大阪府大阪市中央区,備後町3-3-15,,06-6266-2282
2782,ヴァレリー&ディレック,520-0043,滋賀県大津市,中央2-1-13,,077-511-2589
2783,㈲トゥモロークリーナーズ,135-0012,東京都江東区,海辺10-14,,03-5606-2241
2784,ビスコンティ㈱,550-0015,大阪府大阪市西区,南堀江3-11-21,6F,06-6531-0344
2785,カシマ化学 上田洋也,664-0028,兵庫県伊丹市,西野2-106,,090-1961-8430
2786,㈱アイエフプランナーズ,151-0051,東京都渋谷区,千駄ヶ谷5-4-13,三浦ﾋﾞﾙ3F,03-5366-0606
2787,中村しみぬき店,989-2433,宮城県岩沼市,桜3-14-46,,0223-22-2804
2788,加納修整,524-0003,滋賀県守山市,中町88-2,,077-583-7308
2789,マルタヤ洗業,432-8063,静岡県浜松市南区,小沢渡町679,,053-447-2637
2790,㈱アソポリ,546-0024,大阪府大阪市東住吉区,公園南矢田3-2-25,,06-6693-1887
2791,ダイゴ㈱,502-0933,岐阜県岐阜市,日光町1-22,,058-232-8113
2792,アトリエマリア,947-0005,新潟県小千谷市,旭町6-16,,080-1099-6391
2793,三浦屋,133-0061,東京都江戸川区,篠崎町2-132-6,,03-3677-3380
2795,たまるや呉服店,420-0035,静岡県静岡市葵区,七間町174,,054-252-3337
2796,Atelier Le Coeur,700-0925,岡山県岡山市北区,大元上町8-33,,086-259-0696
2797,神奈川県クリーニング協同組合,245-0052,神奈川県横浜市戸塚区,秋葉町84,,045-811-1476
2798,㈱オカ,596-0825,大阪府岸和田市,土生町4126,泉州卸団地 C-5,072-437-2681
2799,㈱斎藤撚糸 津山グンゼ工場,708-0013,岡山県津山市,二宮2200,,0868-28-7818
2800,サカレン㈱生産部  滋賀工場,527-0172,滋賀県東近江市,鯰江町200-1,,0749-46-1211
2801,㈲三長クリーニング,146-0091,東京都大田区,鵜の木3-14-3,,03-3750-8927
2802,㈱コラボ,150-0013,東京都渋谷区,恵比寿4-11-9,,03-3440-2905
2803,㈲ホンマ宝飾,174-0055,東京都板橋区,泉町37-1,,03-3960-1107
2805,おもだかや,737-0051,広島県呉市,中央5-3-16,GTﾋﾞﾙ 2F,0823-25-5977
2806,丸高衣料㈱,103-0001,東京都中央区,日本橋小伝馬町12-5,YSﾋﾞﾙ 7F,03-3663-6578
2807,えぷろん,910-0834,福井県福井市,丸山2-414,,0776-53-8856
2808,㈲豊田屋,768-0069,香川県観音寺市,茂木町5-5-27,,0875-25-3096
2809,エリ松居 ジャパン,107-0062,東京都港区,南青山5-10-6,ﾃﾗｱｼｵｽ表参道,03-5485-0012
2810,㈱クレメンタイン ハーモニカ本部,188-0011,東京都西東京市,田無町3-9,,042-467-8252
2811,㈱三和,124-0021,東京都葛飾区,細田4-12-6,,03-3673-3030
2812,アサヒサービス㈱,704-8175,岡山県岡山市東区,益野町382-5,,06-6716-2631
2813,㈱丸三屋,104-0061,東京都中央区,銀座3-10-6,ﾏﾙｲﾄ銀座第三ﾋﾞﾙ 5F,03-3545-0363
2814,㈲フラワーズ,150-0032,東京都渋谷区,鶯谷町7-10,1F,03-5457-1315
2816,丸ニ物流㈱ iBL PLAZA,272-0126,千葉県市川市,千鳥町5-13,1F,047-701-0200
2818,㈲ボンシェル東京,150-0022,東京都渋谷区,恵比寿南3-2-12,恵比寿佐藤ﾋﾞﾙ2F,03-5720-3390
2820,㈱畑クリーニング店,097-0022,北海道稚内市,中央1-2-17,,0162-23-5579
2821,㈱マルマン総本店,986-0824,宮城県石巻市,立町1-6-19,,0225-95-5155
2823,モトキクリーニング㈱,158-0096,東京都世田谷区,玉川台2-18-4,,03-3709-0605
2824,きのくにやクリーニング,534-0011,大阪府大阪市都島区,高倉町1-2-20,,06-6921-1969
2825,木野絹織㈱,480-0148,愛知県丹羽郡大口町,小口宮之前71,,0587-95-2069
2826,㈱トーヨーコーポレーション,003-0832,北海道札幌市白石区,北郷二条8-2-19,,011-879-6820
2827,㈱佳秀,671-2201,兵庫県姫路市,書写1746-8,,079-266-3030
2828,㈱ノバレーゼ青山,107-0062,東京都港区,南青山4-7-16,ｻﾝﾊｲﾑ南青山101,03-5411-1099
2829,㈱華屋,790-0916,愛媛県松山市,束本2-12-11,,089-946-2188
2830,㈲江口ミシン商会,940-0052,新潟県長岡市,神田町3-1-12,,0258-32-2786
2831,白洗クリーニング,359-1142,埼玉県所沢市,上新井1300-6,,04-2922-1699
2832,上野山機工㈱,600-8302,京都府京都市下京区,蛭子町107-3,京都長谷ﾋﾞﾙ9F,075-342-4431
2834,㈱斎藤撚糸,708-0312,岡山県苫田郡鏡野町,香々美792,,0868-56-0317
2835,やひこ屋,340-0815,埼玉県八潮市,八潮3-3-1,,048-998-6078
2836,エスティーネット㈱,566-0035,大阪府摂津市,鶴野2-10-2,,0726-38-3654
2837,㈲中村クリーニング,404-0013,山梨県山梨市,牧丘町窪平129,,0553-35-2146
2838,㈲クリーニングママ,346-0007,埼玉県久喜市,久喜北2-18-14,,0480-23-1243
2839,キリン屋クリーニング,807-0821,福岡県北九州市八幡西区,陣原5-1-18,,093-603-7377
2840,いずもやドライクリーニング,496-0853,愛知県津島市,宮川町1-93-1,,0567-26-3943
2841,加藤クリーニング,153-0061,東京都目黒区,中目黒3-6-3,,03-3712-6072
2843,㈱宮商　久喜営業所,346-0005,埼玉県久喜市,本町7-5-14,,0480-23-1055
2844,㈲水美,323-0807,栃木県小山市,城東3-1-25,,0285-24-3182
2845,㈲佐野商会,411-0015,静岡県三島市,市山新田168-17,,055-972-5277
2846,沢野商事,669-3128,兵庫県丹波市,山南町金屋223,,0795-77-2801
2847,㈱東京ますいわ屋,254-0013,神奈川県平塚市,田村8-21-9,,0463-79-8380
2848,㈱イワテブライダルセンター,031-0071,青森県八戸市,沼館1-19-6,ﾋﾟｱ･ﾄﾞｩ前,0178-38-8760
2849,㈱テクノプレス,124-0001,東京都葛飾区,小菅2-9-22,,03-3604-5510
2850,㈲ヤングドライ金沢 羽咋支店,925-0052,石川県羽咋市,中央町ｷ6-1,,0767-22-9811
2851,㈲ヤングドライ高岡 大曾根支店,462-0810,愛知県名古屋市北区,山田4-105,,052-910-1520
2852,山本クリーニング,952-1434,新潟県佐渡市,沢根町83,,0259-52-6585
2853,㈱ミズホケミカル,224-0053,神奈川県横浜市都筑区,池辺町3473,,045-935-1232
2854,イシダ企画,541-0052,大阪府大阪市中央区,安土町1-2-4,,06-6264-3117
2855,メイト 藤井,465-0055,愛知県名古屋市名東区,勢子坊3-902,,052-701-6931
2856,㈱日研社,166-0015,東京都杉並区,成田東3-13-14,,03-3316-5601
2857,㈱三幸社,193-0815,東京都八王子市,叶谷町988,,042-621-1029
2858,本田繊維工業㈱,579-8061,大阪府東大阪市,六万寺町2-1-41,,072-984-1701
2859,㈲田中屋,812-0043,福岡県福岡市博多区,堅粕3-14-5,,092-482-1739
2860,タイヨークリーニング,666-0026,兵庫県川西市,南花屋敷4-13-15,,072-757-4414
2861,トゥー･レ･ドゥ,108-0023,東京都港区,芝浦3-5-25,ﾍﾞｲｺｰﾄ芝浦 26,03-5440-6339
2862,イケベクリーニング,803-0821,福岡県北九州市小倉北区,鋳物師町,,093-571-1224
2863,田邊商店,653-0813,兵庫県神戸市長田区,宮川町4-19-1,,078-611-9128
2864,ブライダルギャラリー希,839-0809,福岡県久留米市,東合川5-3-1,,0942-41-9866
2865,和泉商会,201-0014,東京都狛江市,東和泉3-8-5,,03-3480-5444
2866,㈱南濃パワー,503-0533,岐阜県海津市,南濃町田鶴字西之川744,,0584-56-2885
2868,㈱双葉商会,338-0001,埼玉県さいたま市中央区,上落合3-13-6,,048-852-6501
2869,㈱ホリウチソーイングハウス,590-0025,大阪府堺市堺区,向陵東町2-6-23,,072-252-4974
2870,ART ZERO,343-0011,埼玉県越谷市,増林1-192,,048-964-5442
2871,北村プレス,462-0032,愛知県名古屋市北区,辻町2-67,,052-911-1233
2872,大栄繊維㈱,601-8204,京都府京都市南区,久世東土川町200-31,,075-933-5868
2873,㈱ライムライト,131-0041,東京都墨田区,八広4-49-2,,03-3618-3747
2874,㈱キヌヤ,360-0815,埼玉県熊谷市,本石1-82,,048-521-0560
2875,㈲サンスラックス,912-0004,福井県大野市,中津川21-3-1,,0779-65-0102
2876,美洗堂 中野博充,520-0865,滋賀県大津市,南郷1-21-30,,077-534-8144
2877,いまいクリーニング,701-1152,岡山県岡山市北区,津高1009-5,,086-256-7221
2878,シキボウ㈱ 八幡工場,523-0828,滋賀県近江八幡市,宮内町209,,0748-33-3211
2879,㈱桑原 本社,494-0001,愛知県一宮市,開明北葭野4,,0586-61-2001
2880,㈱三和倉庫 桜川営業所,556-0022,大阪府大阪市浪速区,桜川2-6-11,,06-6562-7051
2885,㈲さくらドライ,378-0052,群馬県沼田市,桜町1974-45,,0278-23-0696
2886,㈲おがわ貸衣裳,283-0063,千葉県東金市,堀上640-9,,0475-55-1008
2887,㈱小倉メリヤス製造所,130-0011,東京都墨田区,石原3-12-9,,03-3622-5082
2888,アイナックス稲本㈱,063-0826,北海道札幌市西区,発寒六条11-1-1,新道口ﾋﾞﾙ5階,011-668-3805
2889,山勝染工㈱,451-0031,愛知県名古屋市西区,城西2-6-28,,052-523-1601
2890,佐藤ミシン商会,324-0613,栃木県那須郡那珂川町,馬頭514,,0287-92-2807
2891,クリーニングしゃぼんハウス,871-0068,大分県中津市,豊後町805-2,,0979-24-2110
2892,クリーニング大阪屋,771-2106,徳島県美馬市,美馬町谷ヨリ西121-1,,0883-63-5291
2893,㈱浜松マルキチ,430-0949,静岡県浜松市中区,尾張町125-26,,053-458-0123
2894,長谷川クリーニング,113-0022,東京都文京区,千駄木5-5-17,,03-3824-6211
2895,㈱ダイドーリミテッド 経営企画室,101-0021,東京都千代田区,外神田3-1-16,7F,03-3257-5147
2896,㈱亜交,481-0033,愛知県北名古屋市,西之保3-37,,0568-21-1513
2899,白子紋章店,169-0075,東京都新宿区,高田馬場1-7-4,,03-3205-2358
2900,㈱平安閣 太田,373-0823,群馬県太田市,西矢島町601,,0276-45-3111
2901,㈲川本商事,572-0024,大阪府寝屋川市,石津南町13-31,,072-838-5808
2902,㈲東京貸衣裳,418-0007,静岡県富士宮市,外神東町198,,0554-29-0888
2903,東京衣裳㈱,279-0031,千葉県浦安市,舞浜1-34,ｻﾝﾙｰﾄﾌﾟﾗｻﾞ東京2F 衣裳室,047-355-1739
2906,㈱マサキクリーニング,440-0081,愛知県豊橋市,大村町桜島47,,0532-52-7663
2908,帝人フロンティア㈱,541-8540,大阪府大阪市中央区,南本町1-6-7,,06-6266-8198
2909,㈱三和ソーイング西会津工場,969-4401,福島県耶麻郡西会津町,登世島字西林己5261-1,,0241-45-4135
2910,㈱ベルクリエイト,441-8012,愛知県豊橋市,羽田町64,,053-231-7860
2911,㈱レオテックス,161-0031,東京都新宿区,西落合2丁目18-20,ﾅﾚｯｼﾞﾊﾟｰｸ落合ﾋﾞﾙ3F,050-3154-4074
2912,早鈴ドライ,885-0074,宮崎県都城市,甲斐元町22-11,,0986-24-5848
2913,イルフィーロ㈱,600-8412,京都府京都市下京区,二帖半敷町671,寿泉ﾋﾞﾙ3F,075-352-0888
2914,㈱出雲総業,869-1101,熊本県菊池郡菊陽町,津久礼2697,,096-233-2351
2915,㈱渡辺ドライ,940-2126,新潟県長岡市,西津町3806-1,,0258-27-5454
2916,北島商会,910-0029,福井県福井市,日光2-6-21,,0776-26-0066
2917,アズマ㈱ 大阪営業所,541-0048,大阪府大阪市中央区,瓦町3-3-5,昭和ﾋﾞﾙ6F,06-6228-6000
2918,㈱なぎさ本舗 京都屋ドレス工場,940-2127,新潟県長岡市,新産2-9-1,,0258-21-5456
2919,㈱ワールドティエヌティ,904-2234,沖縄県うるま市,州崎13-32,,098-934-7090
2920,竹下製薬㈱新潟第2工場,946-0304,新潟県魚沼市,穴沢1886-94,,02579-6-2990
2921,三好,761-8072,香川県高松市,三条町608-1,ゆめﾀｳﾝ高松1F 組曲,087-867-6881
2922,㈱トライアンフ,103-0003,東京都中央区,日本橋横山町6-11,,03-5652-9867
2923,㈱テムジン,130-0026,東京都墨田区,両国4-2-8,ﾊﾅｰｽﾞﾋﾞﾙ5F,03-3632-8631
2924,㈱モリヤマ,016-0122,秋田県能代市,扇田字扇渕11-3,,0185-58-2100
2925,㈱タイセイ,335-0035,埼玉県戸田市,笹目南町5-24-2,,048-422-7711
2926,ホワイト急便第一ドライ 東雲工場,734-0022,広島県広島市南区,東雲1-17-7,,082-284-8101
2927,石井産業㈱,174-0064,東京都板橋区,中台2-23-9,,03-3937-5005
2929,白石染色補正,170-0011,東京都豊島区,池袋本町4-14-7,,03-3985-0898
2930,㈱サトー,393-0026,長野県諏訪郡下諏訪町,久保海道5736,,0266-26-1010
2931,㈲にしざわ,803-0856,福岡県北九州市小倉北区,弁天町8-24,,093-581-1515
2932,㈱イルサントル,150-0001,東京都渋谷区,神宮前1-10-34,原宿ｺｰﾎﾟ別館103,03-3479-1856
2933,翠明荘 美容室,024-0056,岩手県北上市,鬼柳町宮古鳥190-2,,0197-67-2211
2934,㈱節&ニット,104-0061,東京都中央区,銀座3-4-1,ｵｰｸﾗ別館1F,03-3535-8062
2935,㈱ブライダルサロン愛美 Aria Pura,150-0001,東京都渋谷区,神宮前5-48-7,A&Uﾋﾞﾙ 2F,03-5786-3467
2936,パレスへいあん衣裳室,980-0014,宮城県仙台市青葉区,本町1-2-2,,022-265-5111
2939,㈲中川流通加工,454-0867,愛知県名古屋市中川区,広田町2-9,,052-353-3762
2940,㈱英国屋 阿倍野近鉄店,545-0052,大阪府大阪市阿倍野区,阿倍野筋1-1,近鉄百貨店本店　5F,06-6624-2941
2941,アルステラ キタノ ALLSTELLA,650-0004,兵庫県神戸市中央区,中山手通1-22-8,,078-221-0755
2942,㈱コスモエイ,150-0001,東京都渋谷区,神宮前2-4-12,DT 外苑 4F,03-3470-5056
2943,㈲ポパイミズノ,170-0013,東京都豊島区,東池袋2-44-1,,03-5391-8998
2944,永峰布帛 永峰勉,769-2903,香川県東かがわ市,南野160-2,,0879-33-3300
2945,㈱フォーレスト,651-2131,兵庫県神戸市西区,持子3-36,,078-924-2749
2946,㈲ワイズ･リリー,830-0018,福岡県久留米市,通町3-14,ﾋﾙｳｫｰｶｰ 2F,0942-35-3495
2948,ORVIETO,515-0818,三重県松阪市,川井町772,,0598-21-8400
2949,ホームドライ,457-0063,愛知県名古屋市南区,阿原町52-1,,052-811-0601
2950,北東ジャパン㈱,919-0741,福井県あわら市,中川17-14,,0776-74-1181
2951,㈱ザンター,242-0001,神奈川県大和市,下鶴間2782,,046-275-0093
2953,吉野クリーニング,658-0046,兵庫県神戸市東灘区,御影本町5-9-10,,078-851-8631
2954,高橋クリーニング,252-1103,神奈川県綾瀬市,深谷2306,,0427-78-7532
2955,㈱E･デザイン,151-0053,東京都渋谷区,代々木5-21-16-601,,03-3466-2600
2956,福重ミシン商会,481-0041,愛知県北名古屋市,九之坪上吉田18,,0568-22-4585
2957,㈲堀尾写真館,794-0041,愛媛県今治市,松本町4-1-11,,0898-22-0696
2958,㈱丸三屋,980-0021,宮城県仙台市青葉区,中央4-10-3,住友生命ﾋﾞﾙ1F,022-726-5055
2959,佐藤喜三男,306-0125,茨城県古河市,仁連2253-6,,0280-77-0508
2960,平岡設備,442-0025,愛知県豊川市,東豊町4-23-3,,0533-83-2031
2961,ドライクリーニング大橋屋,220-0042,神奈川県横浜市西区,戸部町7-218,,045-322-5750
2962,祖父江ブラザー商会,495-0001,愛知県稲沢市,祖父江町祖父江高熊423-1,,0587-97-6662
2963,ルミエ㈱ 表参道店,107-0062,東京都港区,南青山3-8-6,ﾙ･ｼｪｰﾙ青山 2F,03-5770-5100
2964,重田クリーニング,372-0016,群馬県伊勢崎市,本関町25-3,,0270-25-8539
2965,やまむらクリーニング,400-0861,山梨県甲府市,城東2-3-10,,055-233-7551
2967,立川機工㈱ 量販製造課,289-1303,千葉県山武市,松ヶ谷2687,,0475-84-0620
2968,㈲チバコー,981-1226,宮城県名取市,植松字田野部130-1,,022-384-1145
2969,岡崎ドライ㈱,566-0072,大阪府摂津市,鳥飼西2-18-10,,072-654-3848
2970,㈱あいあーる,980-0014,宮城県仙台市青葉区,本町1-2-2,,022-227-2411
2973,㈲ナラサキ･カイト,031-0071,青森県八戸市,沼館1-6-11,,0178-24-5722
2974,福井クリーニング,639-0232,奈良県香芝市,下田東4-6-10,,0745-77-2247
2975,菅谷生洗工場,213-0026,神奈川県川崎市高津区,久末1152-2,,044-777-5420
2976,小林クリーニング,666-0012,兵庫県川西市,絹延町3-27,,072-759-5949
2977,㈱ツカダシマセイキ,373-0813,群馬県太田市,内ケ島町1448-7,,0276-47-0511
2978,㈱日興染織 彫刻部,610-0102,京都府城陽市,久世荒内113,,0774-54-1100
2979,㈱ブライダル愛美,277-0011,千葉県柏市,東上町3-38,ｾﾝﾄﾏｰｶﾞﾚｯﾄ教会 5F 衣裳室,04-7165-0078
2980,袖山㈱,540-0026,大阪府大阪市中央区,内本町2-2-19,,06-6943-0038
2981,㈲はやし家クリーニング,454-0048,愛知県名古屋市中川区,元中野町3-42,,052-351-5872
2982,㈲香川洗機,769-0101,香川県高松市,国分寺町新居1392-37,,087-874-5698
2983,㈲野崎冷機サービス,332-0002,埼玉県川口市,弥平4-5-2,WHITE GARAGE 4YHC 4 104号,048-299-6826
2984,㈲日の出ビニール商会,500-8263,岐阜県岐阜市,茜部新所2-5,中央市場内,058-271-1185
2985,しょうじクリーニング店,780-8036,高知県高知市,東城山町109-45,,088-831-3582
2986,㈱今井和裁　　新潟きもの学院,950-0909,新潟県新潟市中央区,八千代1-1-8,,025-247-0310
2987,㈱ロマンティア コッツウォルズ,504-0854,岐阜県各務原市,蘇原野口町5-104,,058-383-3137
2988,ドレスミシン工業,516-0079,三重県伊勢市,大世古2-1-13,,0596-28-4839
2989,梶田呉服店,750-1143,山口県下関市,小月駅前1-3-11,,083-282-1367
2990,㈲さとうぱっく,701-0205,岡山県岡山市南区,妹尾810,,086-282-2393
2991,㈲ブランシュミワ,037-0016,青森県五所川原市,一ツ谷507-12,,0173-33-0330
2992,アズマ㈱ 新潟営業所,959-1836,新潟県五泉市,南本町3-6-27,,0250-43-4700
2993,㈱清水写真店,408-0021,山梨県北杜市,長坂町長坂上条2535,,0551-32-2105
2994,㈱HIROTA 近江八幡店,523-0819,滋賀県近江八幡市,西本郷町西2-2,,0748-38-5255
2995,㈱マルフジ 葛野工場,615-0054,京都府京都市右京区,西院月双町35,,075-315-5567
2996,㈲あけぼのスタジオ,721-0952,広島県福山市,曙町3-32-14,,084-954-4649
2998,㈱セットフォア,150-0032,東京都渋谷区,鶯谷町3-1,SUﾋﾞﾙ 1F,03-5728-1619
2999,㈱彩華,985-0001,宮城県塩竈市,新浜町2-9-8,,022-290-5681
3000,㈲クローバーエンジニアリング,225-0012,神奈川県横浜市青葉区,あざみ野南,2006/1/9,045-910-6970
3001,クリーニング えどや,018-5201,秋田県鹿角市,花輪字六月田27-1,,0186-30-1107
3002,㈲ロバリア,919-0423,福井県坂井市,春江町石仏1-44,,0776-51-4002
3003,ＪＵＫＩ販売㈱ 久留米支店,839-0811,福岡県久留米市,山川神代1-8-22,,0942-45-1414
3004,ワールド商事㈱,501-0523,岐阜県揖斐郡大野町,下方294,,0585-34-2300
3005,㈱テラオカ 神奈川支店,244-0812,神奈川県横浜市戸塚区,柏尾町444-1,,045-821-4700
3006,アズマ㈱ 岐阜営業所,500-8475,岐阜県岐阜市,加納坂井町37,,058-271-6562
3007,ワタベウエディング㈱,540-6302,大阪府大阪市中央区,城見1-3-7,松下IMPﾋﾞﾙ2F,06-4790-3558
3008,㈱アサヒ製作所 首都圏営業部,330-0841,埼玉県さいたま市大宮区,東町2-55,,048-645-5735
3009,㈱ドゥベル,353-0001,埼玉県志木市,上宗岡3-9-46,,048-424-5071
3010,㈱鈴屋 ライフストーリー事業部,325-0051,栃木県那須塩原市,豊町55-11,,0287-62-3244
3011,㈱丸三屋 東武商品センター,173-0004,東京都板橋区,板橋2-4-66,5F,03-5375-9879
3012,㈱アイ･シー･シー,562-0035,大阪府箕面市,船場東3-7-10,,072-727-7561
3014,岩手モリヤ㈱ 大野工場,028-8802,岩手県九戸郡洋野町,大野9-1-4,,0194-77-3040
3015,リルレーブ けやき通り,810-0042,福岡県福岡市中央区,赤坂3-4-31,ｶﾞｰﾃﾞﾝｺｰﾄけやき 1F,092-737-2836
3016,㈲栄商事,059-0012,北海道登別市,中央町6-5,,0143-88-1011
3017,㈲ゑびすや,379-2212,群馬県伊勢崎市,堀下町45-8,,0270-62-3950
3018,サイゴウ㈱,028-3621,岩手県紫波郡矢巾町,広宮沢11-192-5,,019-697-8491
3019,ワタベウエディング㈱,700-0902,岡山県岡山市北区,錦町6-1,両備ﾋﾞﾙ1･2F,086-235-4117
3020,㈲甲信機材,405-0034,山梨県山梨市,上岩下117,,0553-23-2288
3021,㈱新幸,161-0033,東京都新宿区,下落合4-24-9,,03-3950-4075
3022,フラワー美容室,393-0063,長野県諏訪郡下諏訪町,花咲町278,,0266-27-8686
3023,㈱ブライダルプロデュース横浜,231-0023,神奈川県横浜市中区,山下町50-1,ﾎﾃﾙｺﾝﾁﾈﾝﾀﾙ横浜7F,045-661-2801
3024,山本被服㈱,410-0037,静岡県沼津市,三枚橋町2-10,,055-962-0363
3025,㈱ミシンプラザ,380-0811,長野県長野市,鶴賀東鶴賀町32,,026-234-8722
3026,㈱サンランドリー,106-0032,東京都港区,六本木7-6-20,,03-3408-5788
3027,㈱ブライダルサロン愛美,550-0005,大阪府大阪市西区,西本町1-13-13,ｴｽﾃｰﾄ西本町幸福相互ﾋﾞﾙA棟306,06-6534-6733
3028,クリーニングのオーシャン,890-0008,鹿児島県鹿児島市,伊敷2-15-28,,099-220-5597
3029,阿古や,545-0011,大阪府大阪市阿倍野区,昭和町1-20-20,,06-6621-9910
3030,ハイドライ森内㈲,760-0020,香川県高松市,錦町1-14-4,,087-851-9602
3031,ワタナベクリーニング,985-0004,宮城県塩竈市,藤倉2-16-48,,022-367-9169
3032,谷産業,634-0837,奈良県橿原市,曲川町1-23-25,,0744-25-0064
3033,㈱三英商会,343-0851,埼玉県越谷市,七左町7-318,,048-960-3511
3034,㈲住工作,458-0047,愛知県名古屋市緑区,古鳴海1-249,,052-891-7513
3035,土佐ミシン㈲,786-0003,高知県高岡郡四万十町,金上野928-6,,088-022-3346
3036,㈱シラカワ 五泉営業所,959-1822,新潟県五泉市,緑町7-10,,0250-42-6921
3037,㈱ドリーマーズ,110-0005,東京都台東区,上野4-4-5,,03-3831-9227
3038,竹屋クリーニング,169-0074,東京都新宿区,北新宿3-8-5,,03-3369-5620
3039,マツイクリーニング,470-1125,愛知県豊明市,三崎町中ノ坪20-12,,0562-92-9821
3040,サキヤクリエイト㈱,761-8072,香川県高松市,三条町字中所608-1,ゆめﾀｳﾝ高松1Fﾍﾞﾈﾄﾝ,
3041,立花,156-0055,東京都世田谷区,船橋6-6-9,,03-3304-0947
3042,クリーニングみかさ,631-0803,奈良県奈良市,山陵町110-7,,0742-30-4558
3043,京都ナイスウェアー㈱,600-8172,京都府京都市下京区,下平野町480,,075-352-3139
3044,ブライダル京洛,921-8041,石川県金沢市,泉3-1-3,,076-243-7533
3045,中川クリーニング,534-0013,大阪府大阪市都島区,内代町2-14-5,,06-6951-1060
3046,㈱アンテリーベ 奈良,630-8212,奈良県奈良市,春日野町98-1,ﾋﾙﾄｯﾌﾟﾃﾗｽ内,074-220-0525
3047,サンセイワ物流,501-0223,岐阜県瑞穂市,穂積中原1706,,058-326-1047
3048,桑名表具店,657-0043,兵庫県神戸市灘区,大石東町2-3-10,,078-801-5550
3049,㈲ことぶきや,794-0015,愛媛県今治市,常盤町8-3-16,,0898-23-0018
3050,㈱佐藤クリーニング,965-0102,福島県会津若松市,真宮新町北3-50,,0242-58-2555
3051,㈱ケルヴィングローブ,912-0021,福井県大野市,中野66-3-2,,0779-65-1115
3052,㈱堀正,500-8233,岐阜県岐阜市,蔵前3-6-23,,058-245-1291
3054,㈲クリーニングハウスヨシモト,369-1305,埼玉県秩父郡長瀞町,長瀞1390-7,,0494-66-0202
3055,ドライクリーニング白龍舎 三谷,510-0834,三重県四日市市,ときわ3-15-15,,059-351-2182
3056,㈱新幸 新座工場,352-0012,埼玉県新座市,畑中1-18-2,,048-481-8500
3057,㈱トーカイケミカル,929-0217,石川県白山市,湊町丙16-1,,076-278-6688
3058,㈱クリーニングの青柳,501-0435,岐阜県本巣郡北方町,春来町2-109,,058-323-6500
3059,冨士屋ドライクリーニング店,111-0021,東京都台東区,日本堤1-29-1,,03-3874-1076
3060,㈱ディアハート,664-0842,兵庫県伊丹市,森本3-206-1,,072-777-8827
3061,浪速屋クリーニング,644-0002,和歌山県御坊市,薗284-11,,0738-22-1716
3062,㈲シンエークリーニング,263-0024,千葉県千葉市稲毛区,穴川2-13-14,,043-253-1828
3063,大坂屋ドライ 酒井,886-0004,宮崎県小林市,細野1638,,0984-22-2810
3065,三幸㈱ 北海道支店,060-0005,北海道札幌市中央区,北五条西2-5,JRﾀﾜｰｵﾌｨｽﾌﾟﾗｻﾞさっぽろ 16F,011-261-8753
3066,正木ニット㈱,591-8022,大阪府堺市北区,金岡町2334-1,,072-257-1178
3067,鳥光染物店 鳥光昭次郎,130-0004,東京都墨田区,本所2-19-2,,03-3623-0533
3068,㈱ピュアライン,550-0006,大阪府大阪市西区,江之子島1-4-8,ｱﾜｻﾞﾋﾞﾙ2F,06-6448-1115
3069,千歳,271-0092,千葉県松戸市,松戸1307-1,伊勢丹松戸店内 B1,
3070,クリーニング山口屋,425-0022,静岡県焼津市,本町3-3-4,,054-628-4375
3071,宝メンテナンス 宇田川,665-0882,兵庫県宝塚市,山本南1-7-2,,0797-89-8869
3072,㈲白洋舎,270-0103,千葉県流山市,美原1-156,,04-7152-0148
3073,かまだランドリー,560-0055,大阪府豊中市,柴原町3-9-24,,06-6854-6698
3074,ヤマニシドライクリーニング,770-8072,徳島県徳島市,八万町中津浦196-3,,088-652-6847
3076,㈱マーキングハウス,132-0022,東京都江戸川区,大杉1-9-10,,03-3654-1109
3077,㈱小いけ,997-0034,山形県鶴岡市,本町1-8-43,,0235-22-3215
3078,㈲タナカ器材,216-0041,神奈川県川崎市宮前区,野川本町2-14-20,,044-788-7949
3079,藤木ミシン商会,596-0003,大阪府岸和田市,中井町1-1-3,,072-443-4964
3080,モリテクニカルサービス,252-0116,神奈川県相模原市緑区,城山1-10-3,,042-782-4775
3081,㈲いなづま,874-0905,大分県別府市,上野口町23-3,,0977-22-9268
3082,丸五ニット,034-0051,青森県十和田市,伝法寺字羽立21-1,,0176-28-2805
3083,テルイクリーニング,343-0851,埼玉県越谷市,七左町7-121-2,,048-985-2058
3085,佐藤工芸 佐藤克己,300-1243,茨城県つくば市,大井1609-40,,029-873-6582
3086,ハイグレードクリーニング,232-0057,神奈川県横浜市南区,若宮町2-28-8,,045-714-8493
3087,ブライダル衣裳 絹,989-6116,宮城県大崎市,古川李埣2-7-41,,0229-23-8811
3088,㈲ファニー 管理部,277-0044,千葉県柏市,新逆井1-6-3,,04-7131-9510
3089,㈱ジョイフルまるやま,460-0002,愛知県名古屋市中区,丸の内2-10-11,桜井ｵﾚﾝｼﾞﾋﾞﾙ203号室,052-202-9120
3090,(株)ジョイフル恵利,541-0059,大阪府大阪市中央区,博労町3-4-15,心斎橋谷本ビル3F,06-6243-2681
3091,福山ミシン産業㈱,721-0961,広島県福山市,明神町2-5-19,,084-922-1222
3092,アール工芸,346-0105,埼玉県久喜市,菖蒲町新堀2110-3,,0480-86-0051
3093,メルパルク熊本 衣裳室,860-8517,熊本県熊本市中央区,水道町14-1,,096-355-6313
3094,クリーンショップ ハッチ,981-1104,宮城県仙台市太白区,中田1-2-2,,022-242-1878
3095,(株)ルミエ表参道 元町店,231-0861,神奈川県横浜市中区,元町2-87-9,　　　　　　　　元町ﾊﾟｯｸﾋﾞﾙ2F,045-640-4731
3096,㈲ツバキ 仙台,989-3125,宮城県仙台市青葉区,下愛子字田神28-3,,022-391-8090
3097,㈲Kサービス 鎌田,309-1245,茨城県桜川市,金敷394,,0296-58-4024
3098,(有)矢口 Sol-terre東根店,999-3702,山形県東根市,温泉町3-8-50,,0237-43-3515
3100,㈲アヤベリバイス,623-0005,京都府綾部市,里町西糸33,,0773-43-0623
3101,㈱アトリエシュウ,505-0031,岐阜県美濃加茂市,新池町1-9-18,,0574-60-5574
3102,㈱丸中商店,526-0031,滋賀県長浜市,八幡東町245-9,,0749-62-0252
3103,京都屋,380-0954,長野県長野市,安茂里犀北団地7758,,026-227-8666
3104,㈱Dressmore 神戸,650-0033,兵庫県神戸市中央区,江戸町103-1,建泰ﾋﾞﾙ 3F,078-327-5530
3105,㈲北九企設,807-0851,福岡県北九州市八幡西区,永犬丸4-10-11,,093-601-6715
3106,㈲TOKUZO,133-0073,東京都江戸川区,鹿骨2-40-18,サクラ運輸㈱　２階,03-6231-8280
3107,㈱レブライズ,154-0004,東京都世田谷区,太子堂2-2-23,,03-3412-0970
3109,岡田クリーニング,374-0024,群馬県館林市,本町2-14-8,,0276-72-1658
3110,㈱東京丁子屋,273-0005,千葉県船橋市,本町17-1-1,東武百貨店船橋店 4F婦人服加工室,
3111,竹本クリーニング,621-0846,京都府亀岡市,南つつじケ丘大葉台1-24-5,,0771-24-5640
3112,㈱三信クリーニングセンター,121-0816,東京都足立区,梅島1-23-3,,03-3849-6631
3113,ウエディングサロン Bel マリエ,990-0041,山形県山形市,緑町3-3-18,,023-641-3254
3114,"㈱パワー POWER CO.,LTD",153-0061,東京都目黒区,中目黒1-8-1,中目黒ITﾋﾞﾙ 5F,03-5723-8281
3115,吉岡商店,604-8846,京都府京都市中京区,壬生西桧町17,,075-311-1302
3116,㈲フルールド･マリアージュ,980-0804,宮城県仙台市青葉区,大町1-2-18,Quest One ﾋﾞﾙ201,022-217-2166
3117,ブライダルインフィオラータ,850-0871,長崎県長崎市,麹屋町5-8,梅本ﾋﾞﾙ1F,095-825-7345
3118,富士商㈱,756-0811,山口県山陽小野田市,稲荷町10-23,,0836-81-1115
3119,アイ･ウィッシュブライダル,464-0075,愛知県名古屋市千種区,内山3-33-15,ﾘﾘｱﾝﾋﾞﾙ,052-741-5880
3120,三栄電機販売㈱,003-0805,北海道札幌市白石区,菊水五条3-2-11,,011-821-8881
3121,㈱エーピーエス,130-0021,東京都墨田区,緑3-6-2,,03-5600-4310
3122,㈱ジュノウ,617-0821,京都府長岡京市,野添2-10-19,,075-955-7681
3123,㈱日東サービス,175-0082,東京都板橋区,高島平4-6-4,,03-3979-3600
3124,㈱クリスタルインターナショナル,251-0055,神奈川県藤沢市,南藤沢14-1,7F,0466-28-2166
3125,ひまわりクリーニング,535-0002,大阪府大阪市旭区,大宮1-17-2,,06-6951-1268
3126,スズショウ･Ｋ 近藤幸雄*廃業,501-3107,岐阜県岐阜市,加野6-29-6,,058-241-3654
3127,ワタベウエディング㈱商品センター*4184へ,615-0046,京都府京都市右京区,西院西溝崎町20,,075-322-4110
3128,㈱ＯＭＰ,970-8022,福島県いわき市,平塩出口59,,0246-22-3235
3130,JUKI販売㈱ 大阪支店,564-0062,大阪府吹田市,垂水町3-17-18,,06-6339-9600
3131,アイパル㈱　購買事業部,319-1534,茨城県北茨城市,華川町車1099,,0293-43-6622
3132,関正織物 関口房男,406-0025,山梨県笛吹市,石和町上平井25-3,,055-263-5050
3133,㈱神田運送店 フリックス事業部,379-2201,群馬県伊勢崎市,間野谷町93-108,,0270-61-0501
3134,クリーニングひまわり,120-0025,東京都足立区,千住東1-13-10,,03-3888-5525
3135,㈲眞藤整理店,732-0825,広島県広島市南区,金屋町8-16,,082-263-4361
3136,沖縄ワタベウェディング㈱,900-0006,沖縄県那覇市,おもろまち4-19-39,グランドテラス新都心1F,098-993-0055
3137,㈱カズマ,910-0123,福井県福井市,八重巻町105,,0776-56-4006
3138,㈱305,451-0031,愛知県名古屋市西区,城西5-22-4,,052-750-3060
3139,パルティール,700-0977,岡山県岡山市北区,問屋町27-102,,086-244-5579
3140,吉田元工業㈱,553-0007,大阪府大阪市福島区,大開2-19-3,,06-6462-4321
3141,セイオ工業㈱,919-0815,福井県あわら市,清王18-9,,0776-73-2231
3142,㈲ヤマト洗機,581-0037,大阪府八尾市,太田8-23,,072-949-9850
3143,DRESS MODE KAZUMI,920-0381,石川県金沢市,中屋2-88-1,,076-249-8008
3145,アユカワ･テクニカル･サービス,247-0033,神奈川県横浜市栄区,桂台南2-19-4,,045-894-9669
3146,㈱イースタンサービス,273-0865,千葉県船橋市,夏見1-15-1,,047-455-3743
3147,パーマ屋,020-0884,岩手県盛岡市,神明町5-7,,019-652-2322
3149,㈱ワゴードライ 埼玉支店,362-0015,埼玉県上尾市,緑丘4-8-6,,048-774-1401
3150,㈱岩瀬,716-0045,岡山県高梁市,中原町1483-5,,0866-22-3710
3151,メルパルク東京 総務部 施設,105-0011,東京都港区,芝公園2-5-20,,03-3433-7210
3152,長岡商事㈱,210-0821,神奈川県川崎市川崎区,殿町1-4-3,,044-288-9851
3153,(株)真寿美衣裳,910-0015,福井県福井市,二の宮2-28-23,,0776-26-8181
3154,㈲エクシード,923-0832,石川県小松市,若杉町ﾎ102,,0761-22-8590
3155,㈱セシオ,150-0022,東京都渋谷区,恵比寿南3-2-12,,03-5722-2711
3156,丸信クリーニング,760-0005,香川県高松市,宮脇町1-35-9,,087-831-3614
3157,㈲マップ,330-0064,埼玉県さいたま市浦和区,岸町2-3-11,,048-835-6170
3158,㈱シオミ,189-0003,東京都東村山市,久米川町3-7-4,,042-390-5181
3159,カネキキムラ㈱,060-0006,北海道札幌市中央区,北六条西11丁目25-2,,011-271-1818
3160,安好ミシン商会,677-0005,兵庫県西脇市,野中町376,,0795-22-3770
3161,㈱サンプラクト 秋田,010-0916,秋田県秋田市,泉北2-5-27,,018-896-5728
3162,㈱ハニークラブ,972-8311,福島県いわき市,常磐水野谷町錦沢73-14,,0246-43-1900
3163,田村駒㈱ 品質管理室,150-0001,東京都渋谷区,神宮前1-3-10,,03-5771-1715
3164,柳屋,577-0825,大阪府東大阪市,大蓮南3-5-14,,06-6720-2175
3165,名倉繊維㈱,434-0035,静岡県浜松市浜北区,寺島2378,,053-587-0992
3167,さいとう京染店,326-0061,栃木県足利市,田島町1917-1,,0284-41-5326
3168,㈲樋田商会,358-0003,埼玉県入間市,豊岡5-3-18,,04-2962-2639
3169,ヴァンデストクラブプリヴェ,107-0062,東京都港区,南青山2-11-17,第一法規ﾋﾞﾙ,03-3470-0302
3170,㈱不二屋クリーニング店,980-0814,宮城県仙台市青葉区,霊屋下2-5,,022-222-0707
3171,山の実美容院 山崎明,385-0026,長野県佐久市,常田209,,0267-67-5343
3172,㈲アンデス,340-0046,埼玉県草加市,北谷2-37-6,,048-941-7480
3173,ラバンデリアキング,720-0092,広島県福山市,山手町6-6-2,,084-951-4547
3174,㈱平安閣 アンジェローブ*禁,455-0848,愛知県名古屋市港区,金城ふ頭3丁目,,052-389-3900
3175,㈱ノバレーゼ,104-0061,東京都中央区,銀座1-8-14,銀座YOMIKOﾋﾞﾙ4階,03-5524-1122
3176,京屋クリーニング㈲,787-0305,高知県土佐清水市,天神町2-2,,0880-82-0478
3177,ランドリーハウスリオ,792-0050,愛媛県新居浜市,萩生688-1,,0897-41-7579
3178,㈲大成包装,919-0527,福井県坂井市,坂井町下兵庫226-1,,
3179,㈱フォールイ,108-0074,東京都港区,高輪4-23-6,ﾊｲﾎｰﾑ高輪509号,03-6320-1346
3180,㈱和装,600-8104,京都府京都市下京区,万寿寺町128,,075-342-5801
3181,㈱ビー･ビー･エー 熊谷事務所,360-0856,埼玉県熊谷市,別府2-188,,048-533-8252
3182,㈲グローバル,270-2241,千葉県松戸市,松戸新田123-3,,047-331-7330
3183,㈱鈴屋 TWOエンジェル 山形店,990-0831,山形県山形市,西田2-2-1,,023-646-1355
3185,天使の森 宇都宮Bloom,321-0932,栃木県宇都宮市,平松本町1223-16,,028-651-0505
3186,アイナックス稲本㈱,263-0054,千葉県千葉市稲毛区,宮野木町2152-1,,043-286-5468
3187,㈲ジャムジャム,918-8205,福井県福井市,北四ツ居3-4-2,,0776-52-1137
3188,小川金属工業㈲,015-0411,秋田県由利本荘市,矢島町城内築館123-1,,0184-56-2347
3189,㈱イケダ　貸衣装つる*禁,561-0884,大阪府豊中市,岡町北1-3-5,,06-6855-5338
3191,河野染色補染 河野努,135-0045,東京都江東区,古石場1-11-10,,03-3641-7084
3192,㈱錦 チャペルグリーンベル大阪,556-0005,大阪府大阪市浪速区,日本橋3-5-25,高島屋東別館1F B1,06-6632-8740
3193,㈲山岸クリーニング,525-0066,滋賀県草津市,矢橋町脇田1841-5,,077-564-7274
3194,㈲武蔵野クリーニング商会,359-1111,埼玉県所沢市,緑町2-15-5,,04-2920-1631
3195,田附クリーニング店,522-0069,滋賀県彦根市,馬場1-4-40,,0749-22-1778
3196,ジーエフ㈱,279-0004,千葉県浦安市,猫実1-8-27,浪速運送内,047-381-0540
3197,アイナックス稲本㈱ 中国支店,731-0122,広島県広島市安佐南区,中筋4-19-2,,082-536-2100
3200,㈱ノバレーゼ,659-0066,兵庫県芦屋市,大桝町5-23,,0797-38-3355
3201,藤倉航装㈱ 生産本部,963-4312,福島県田村市,船引町船引字卯田ｹ作115-25,,0247-82-5167
3202,トータルステージ サーカス,333-0866,埼玉県川口市,芝4516-1,,048-261-2201
3204,㈲柏井クリーニング,272-0802,千葉県市川市,柏井町4-475,,047-338-7283
3205,フェリーチェマツエダ,980-0011,宮城県仙台市青葉区,上杉5-3-36,第3勝山ﾋﾞﾙ,022-268-5331
3206,アイナックス稲本㈱,950-0893,新潟県新潟市東区,はなみずき2-6-22,,025-257-9090
3208,モリト㈱東京支社,111-0043,東京都台東区,駒形2-4-8,,03-3842-3237
3209,㈱加藤和裁,271-0064,千葉県松戸市,上本郷270,,047-365-4876
3210,㈱カトウ,600-8434,京都府京都市下京区,高辻町586,,075-344-8878
3211,斉藤クリーニング店,709-0861,岡山県岡山市東区,瀬戸町瀬戸276,,086-952-0333
3212,紋章工芸 伊装 伊藤 脩,732-0819,広島県広島市南区,段原山崎6-16,,082-285-3122
3213,タニグチシステムエンジニアリング,601-8364,京都府京都市南区,吉祥院石原南町58,,075-644-4687
3214,㈱ブライダル優梨装,461-0003,愛知県名古屋市東区,筒井3-30-12,,052-932-7365
3215,㈲龍クリーニング,836-0003,福岡県大牟田市,唐船367-1,,0944-54-3612
3216,JUKI販売㈱ 南東北支店,989-6116,宮城県大崎市,古川李埣字前田51-2,,0229-22-3414
3217,㈱和光,214-0035,神奈川県川崎市多摩区,長沢4-37-8,,044-976-5478
3218,㈱三晃洗機,729-0112,広島県福山市,神村町3550-19,,084-933-0825
3219,㈱びゅう･ふらんせ,359-0022,埼玉県所沢市,本郷768-13,,04-2936-6846
3220,花嫁衣裳のにしむら,790-0002,愛媛県松山市,二番町1-12-1,,089-941-7676
3221,スエヒロ貸衣裳,662-0916,兵庫県西宮市,戸田町4-8,,0798-33-1814
3222,㈲高橋ドライクリーニング,411-0033,静岡県三島市,文教町2-1-33,,055-986-3501
3223,㈱マリーゴールド,107-0061,東京都港区,北青山3-6-1,ﾊﾅｴﾓﾘﾋﾞﾙ 5F,
3224,㈱プロム 札幌,060-0063,北海道札幌市中央区,南三条西12丁目,国際館　衣裳ｻﾛﾝ,011-209-3920
3225,サワソーイング,400-0423,山梨県南アルプス市,落合117,,055-284-0331
3226,渡辺 康友,363-0012,埼玉県桶川市,末広2-10-35,,048-727-1820
3227,ソーイング アイ,019-1302,秋田県仙北郡美郷町,金沢字元東根119,,0182-37-2331
3228,ア･ヴェール･ブランシェミヤビ,914-0814,福井県敦賀市,木崎41,,0770-22-8088
3229,㈱丸三屋 ブライダリウムミュー,248-0025,神奈川県鎌倉市,七里ガ浜東1-2-18,1F,0467-33-3122
3230,㈱Ａｙｌｉｎａ,862-0975,熊本県熊本市中央区,新屋敷1-9-2,,096-371-0255
3231,神戸屋クリーニング,805-0069,福岡県北九州市八幡東区,前田2-15-5,,093-671-3558
3232,㈱ｱﾝﾃﾘｰﾍﾞ*禁,564-0054,大阪府吹田市,芳野町13-10,miaviaｱﾄﾘｴ棟 1F,06-6380-3118
3233,㈲京弥 加工センター,852-8114,長崎県長崎市,橋口町16-10,,095-849-1110
3234,㈱騒人,526-0059,滋賀県長浜市,元浜町21-38,,0749-68-1009
3235,森田クリーニング,013-0016,秋田県横手市,根岸町8-35,,0182-32-1160
3237,㈱マリーゴールド,221-0052,神奈川県横浜市神奈川区,栄町17-2,ﾎﾟｰﾄｻｲﾄﾞｻｸﾗﾋﾞﾙ 3F,045-440-5877
3238,㈱森商店,600-8223,京都府京都市下京区,七条通西洞院西入大黒町233,,075-351-0044
3239,㈱かめや貸衣裳店,386-0014,長野県上田市,材木町1-19-20,,0268-27-2237
3240,大坪クリーニング,501-5121,岐阜県郡上市,白鳥町白鳥435-1,,0575-82-4215
3241,イノセントリー 高崎店,370-0828,群馬県高崎市,宮元町17,Tｽｶｲﾋﾞﾙ 2F,027-310-2281
3242,㈱ヒューマニアインターナショナル,103-0004,東京都中央区,東日本橋2-25-4,ｻﾝﾗｲｽﾞ升和ﾋﾞﾙ4F,03-3861-7275
3243,㈱北陸カラーフォーム,923-1202,石川県能美市,莇生町ｶ4-1,能美市岩内工業団地,076-51-5143
3244,ジーエフ㈱,279-0032,千葉県浦安市,千鳥12-1,大和物流 5F 浪速運送内,047-382-2323
3245,㈲かぎやクリーニング,490-1221,愛知県あま市,金岩前浪38,,052-444-1082
3246,ステップ 齊藤,665-0827,兵庫県宝塚市,小浜2-5-25,,0797-83-1807
3247,㈱トミーズコーポレーション,595-0015,大阪府泉大津市,二田町3-2-23,,0725-23-3000
3248,㈱ローズクリーニング新洗蔵,670-0948,兵庫県姫路市,北条宮の町231,,079-283-8080
3249,㈱三立電機製作所,918-8188,福井県福井市,三尾野町29-2-16,,0776-34-7001
3250,㈲畑中ミシン,501-4222,岐阜県郡上市,八幡町島谷栄町1311,,0575-65-2422
3251,みち貸衣裳店,792-0017,愛媛県新居浜市,若水町2-8-28,,0897-34-7787
3253,㈱あかまつクリーニング,679-2333,兵庫県神崎郡市川町,神崎748-1,,0790-28-1306
3254,ドレスインデックス ブライリア,760-0004,香川県高松市,西宝町3-13-5,,087-842-1166
3255,㈲ヤングドライ黒部 黒部支店,938-0013,富山県黒部市,沓掛15,,0765-52-0818
3256,竹山クリーニング店,271-0072,千葉県松戸市,竹ケ花40,,047-362-3335
3257,㈱サイトウクリーニング,270-1158,千葉県我孫子市,船戸1-2-9,,04-7184-9583
3258,冨木医療器㈱,910-0833,福井県福井市,新保3-2302,,0776-54-0110
3259,ブライダルファッション㈲錦荘,371-0841,群馬県前橋市,石倉町2-13-4,,027-251-3787
3260,㈲南洋舎クリーニング店,166-0004,東京都杉並区,阿佐谷南3-3-18,,03-3398-5238
3261,㈲秋田紋章センター,018-3113,秋田県能代市,二ツ井町仁鮒69-7,,0185-73-2634
3262,㈲村中商事 北光貸衣裳,073-0151,北海道砂川市,東一条北17-1-1,,0125-54-3911
3263,サンプリーツ㈱,197-0831,東京都あきる野市,下代継383-2,,042-559-5475
3264,中山織物㈱,918-8034,福井県福井市,南居町56-30,,0776-36-5738
3265,綜合商事㈱,260-0012,千葉県千葉市中央区,本町2-4-11,,043-224-3611
3266,床枝衣料工業㈱ 第二工場,299-4104,千葉県茂原市,南吉田2971,,0475-30-9199
3267,㈱タカヤス,273-0047,千葉県船橋市,藤原4-3-5,,047-429-5225
3268,モリワキ衣裳店,576-0052,大阪府交野市,私部3-13-8,,072-891-2802
3269,ブライダルファッションマロン,371-0803,群馬県前橋市,天川原町1-1-1,,027-224-9374
3270,㈱ヤングドライ 窪支店,930-0842,富山県富山市,窪新町6-43,,076-431-3630
3271,㈲ヤングドライ高岡 砺波支店,939-1365,富山県砺波市,三島町12-14,,0763-33-7110
3272,㈲ヤングドライ高岡 中川支店,454-0815,愛知県名古屋市中川区,長良町4-133,,052-354-9700
3273,㈲ヤングドライ高岡 江尻支店,933-0062,富山県高岡市,江尻46-6,,0766-21-5334
3274,㈱ヤングドライ 今池支店*閉所,464-0850,愛知県名古屋市千種区,今池5-31-3,,052-735-7666
3275,㈱ヤングドライ 大島支店*閉所,939-0271,富山県射水市,大島北野78-2,,0766-52-8090
3276,㈲ヤングドライ金沢 福井北支店,910-0804,福井県福井市,高木中央2-4006,,0776-57-0220
3277,㈲ヤングドライ高岡 清水支店,933-0866,富山県高岡市,清水町1-475-11,,0766-25-5333
3278,㈲ヤングドライ金沢 金沢支店,920-0809,石川県金沢市,三池栄町56番地,,076-251-5600
3279,㈱ヤングドライ 泉野支店*閉所,921-8034,石川県金沢市,泉野町5-1,,076-244-5111
3280,レンタルきものまい舞,802-0081,福岡県北九州市小倉北区,紺屋町5-5,ｺｸﾗﾊﾟｰｸﾋﾞﾙ 3F,093-521-0886
3281,㈱Ａｙｌｉｎａ*26,861-2107,熊本県熊本市東区,秋津新町1-34,ｱﾑｰﾙPOWER.BLD 1F,096-331-3330
3282,ミッキーのクリーニング,514-1106,三重県津市,久居寺町1232-12,,059-255-2564
3283,ジーエフ㈱,135-0053,東京都江東区,辰巳3-12-2,ｱｸﾛｽﾄﾗﾝｽﾎﾟｰﾄ㈱西館 2F,
3284,光栄舎クリーニング,320-0014,栃木県宇都宮市,大曽1-6-20,,028-622-1305
3285,沖縄ワタベウェディング㈱,904-0404,沖縄県国頭郡恩納村,瀬良垣2260,,098-982-3422
3286,㈲コスモ超音波研究所,918-8181,福井県福井市,浅水町105-1-1,,0776-38-1144
3287,デグチビルディング㈱,414-0044,静岡県伊東市,川奈1439-1,,0557-44-5777
3288,アイ･ソーイングマシン 伊神,490-1212,愛知県あま市,小橋方杁之口378-14,,052-441-8812
3289,友峰ドレス,463-0037,愛知県名古屋市守山区,天子田2-609,,052-773-5563
3290,イノセントリー 軽井沢,389-0104,長野県北佐久郡軽井沢町,軽井沢東21-1,,0267-41-2555
3291,㈱ワダ･ピーアンドエー,165-0022,東京都中野区,江古田2-24-11,,03-5345-5340
3292,㈲ヤングドライ高岡 呉羽支店,930-0172,富山県富山市,北二ツ屋1-1,,076-434-9030
3293,長田タイヤ㈱,910-0147,福井県福井市,下森田町2-7-1,,0776-56-2266
3294,レンタルブティックPico,708-0881,岡山県津山市,南町1-20,,0868-25-1133
3295,㈱ヤングドライ 滑川支店,936-0023,富山県滑川市,柳原字大法277,,076-476-5780
3296,㈱ヤングドライ 富山南支店*閉所,939-8081,富山県富山市,堀川小泉町488,,076-493-2321
3297,KASIMAデンキ,251-0037,神奈川県藤沢市,鵠沼海岸6-3-16-202,,070-5084-5908
3298,㈲新澤,307-0001,茨城県結城市,結城13869,,0296-33-3660
3299,㈲大西商店,601-8011,京都府京都市南区,東九条南山王町6-4,,075-672-0375
3300,㈱ヤングドライ NS富山,930-0841,富山県富山市,四ツ葉町8-30,,076-433-2350
3301,㈲サンセットガァード,123-0842,東京都足立区,栗原4-6-14,,03-3857-5560
3302,㈱早坂商会,160-0022,東京都新宿区,新宿1-25-11-909,,03-3352-6107
3303,㈱すなみ,177-0032,東京都練馬区,谷原5-13-7,,03-3995-5839
3304,㈲新潟メカニック,959-1821,新潟県五泉市,赤海2-1-19,,0250-43-4366
3305,㈱ヤングドライ 富山東支店*閉所,939-8023,富山県富山市,古寺474-2,,076-420-7350
3306,㈲ヤングドライ金沢 小松支店,923-0867,石川県小松市,幸町3-1-1,,076-246-4111
3307,㈱ノバレーゼ 東京商品管理,104-0032,東京都中央区,八丁堀2-25-5,ﾔﾏｿｰﾋﾞﾙ 1F,03-6222-0090
3308,㈱トップレディ 矢巾工場,028-3614,岩手県紫波郡矢巾町,又兵エ新田5-82-5,,019-697-3991
3309,COLORS XⅢ 西新店,814-0002,福岡県福岡市早良区,西新5-9-22,後藤ビル 1F,092-843-6825
3310,福田真㈱,604-0092,京都府京都市中京区,新町通丸太町下る大炊町204-1,,075-221-3003
3311,㈱クラウディア,650-0046,兵庫県神戸市中央区,港島中町6-10-1,,078-302-3378
3312,アイエム商事㈱,306-0215,茨城県古河市,水海2453-2,,0280-91-1151
3313,㈲ヤングドライ金沢 福井南支店,918-8024,福井県福井市,舞屋町16-2-2,,0776-33-5595
3314,落合ミシン商会,120-0012,東京都足立区,青井1-11-15,,03-3849-5320
3315,小山商会,410-0011,静岡県沼津市,岡宮806-11,,055-922-7390
3316,㈱高砂商事,311-4204,茨城県水戸市,田谷町3083-1,,029-239-7017
3317,㈲相川商会,651-0095,兵庫県神戸市中央区,旭通2-22,,078-222-2884
3318,ブライダルクリエーションつるや,376-0006,群馬県桐生市,新宿1-8-1,,0277-45-2548
3319,㈲池田製機,079-8416,北海道旭川市,永山６条1,,0166-47-2918
3320,㈱モリヒロ,462-0064,愛知県名古屋市北区,大我麻町4,,052-901-5525
3321,㈱セシオ 神戸店,651-0085,兵庫県神戸市中央区,八幡通3-1-14,ｻﾝｼﾎﾟｰﾄﾋﾞﾙ 2F,078-291-5425
3322,本多クリーニング店,641-0025,和歌山県和歌山市,和歌浦中,2018/2/9,073-444-2714
3323,㈲キューシーエス,708-0845,岡山県津山市,日上1679-2,,0868-21-7336
3324,㈲ヤングドライ金沢 野々市支店,921-8817,石川県野々市市,横宮町57-1,,076-246-4111
3325,㈲アサヒヤクリーニング,939-1316,富山県砺波市,大門400,,0763-32-3807
3326,きものレンタル キララ,810-0002,福岡県福岡市中央区,西中洲12-13,ﾋﾟｱﾁｭｰﾚ401,092-724-5085
3327,㈱グスタビアン,151-0051,東京都渋谷区,千駄ヶ谷2-37-8,五月女ﾋﾞﾙ401,03-5412-6677
3328,竹内 和子,734-0024,広島県広島市南区,仁保新町2-2-33-1102,,082-288-2622
3330,㈱サンリード ウエディングヒル,795-0001,愛媛県大洲市,北只1202,,0893-24-7111
3331,㈱ユニココ,541-0055,大阪府大阪市中央区,船場中央3-16-2-8,3F 303,06-6258-0218
3332,㈲福井ソーイング,919-0402,福井県坂井市,春江町大牧17-59-3,,0776-72-2415
3333,阿波屋,661-0974,兵庫県尼崎市,若王寺1-2-2,,06-6491-6715
3334,はり芳,641-0041,和歌山県和歌山市,堀止南ノ丁4-1,,073-422-4567
3335,(資)江上クリーニング,460-0007,愛知県名古屋市中区,新栄1-5-29,,052-241-5382
3336,㈱朝日商会,930-0069,富山県富山市,旅籠町3-12,,076-423-3414
3337,㈱ダイヤ服飾,111-0053,東京都台東区,浅草橋2-2-10,ｶﾅﾚﾋﾞﾙ3F,03-3862-4911
3338,㈲COOPERATE,232-0006,神奈川県横浜市南区,南太田3-8-12,ｳﾞｨｰﾅｽｺｰﾎﾟ 1F,045-743-3734
3339,稼豊貿易㈲,150-0042,東京都渋谷区,宇田川町2-1,渋谷ﾎｰﾑｽﾞ 325号,03-5728-0828
3340,クリーニングK.マツトシ,359-1161,埼玉県所沢市,狭山ケ丘1-3007-32,,
3341,福島工業㈱ 横浜支店,221-0052,神奈川県横浜市神奈川区,栄町3-12,ﾊﾟｼﾌｨｯｸﾏｰｸｽ横浜ｲｰｽﾄ 1F,045-444-6140
3342,㈱ノバレーゼ エクリュスポーゼ,430-0905,静岡県浜松市中区,下池川町17-22,,053-416-3355
3343,明石被服興業㈱,711-0903,岡山県倉敷市,児島田の口1-3-44,,086-477-7701
3344,㈱セキグチ,272-0801,千葉県市川市,大町368-1,ﾄﾗｲﾈｯﾄﾛｼﾞｽﾃｨｯｸ B棟Bﾌﾞﾛｯｸ,047-303-5591
3345,外与㈱,103-0012,東京都中央区,日本橋堀留町1-10-12,8F,03-3664-6951
3346,㈲縫英,520-0004,滋賀県大津市,見世2-2-40,,077-521-5105
3347,㈱プリオール,389-0822,長野県千曲市,上山田3813-148,,026-275-0100
3348,㈱ヤングドライ 金沢西支店*閉所,921-8053,石川県金沢市,保古町3-193,,076-269-2950
3349,㈱パウルニット,290-0252,千葉県市原市,相川388,,0436-36-3311
3350,エンジニアワークス 山内,213-0014,神奈川県川崎市高津区,新作6-2-5,ﾒｿﾞﾝｸﾞﾗﾝﾂ205,090-6101-7642
3351,神奈川クリーニング,981-3122,宮城県仙台市泉区,加茂1-8-9,,022-378-2220
3352,㈱シラカワ 大阪事業所,550-0012,大阪府大阪市西区,立売堀1-9-11,KSﾋﾞﾙ 501号,06-6534-1231
3353,㈱ザ･トリート･ドレッシング,662-0918,兵庫県西宮市,六湛寺町9-8,2F,0798-22-7471
3354,㈱石倉塗料店,154-0004,東京都世田谷区,太子堂2-14-3,,03-3421-1926
3355,佐川商事㈱ 盛岡支店,020-0824,岩手県盛岡市,東安庭2-11-2,,019-606-0770
3356,中田クリーニング,351-0035,埼玉県朝霞市,朝志ケ丘3-2-1,,
3357,㈱丸昌 町田店,194-0022,東京都町田市,森野1-8-3,,042-723-8666
3358,㈱イワテブライダルセンター,021-0041,岩手県一関市,赤荻字月町193-2,ﾀﾞｲﾔﾓﾝﾄﾞﾊﾟﾚｽ内 衣裳室,0191-25-4663
3359,岩城商店,647-0016,和歌山県新宮市,谷王子町3-6,,0735-22-5467
3360,たまいクリーニング,933-0866,富山県高岡市,清水町3-1-18,,0766-22-0256
3361,ドレスサロン アンジェリーナ,860-0844,熊本県熊本市中央区,水道町7-1,ｼﾃｨ16ﾋﾞﾙ,096-288-1231
3362,柏屋染色㈱,164-0003,東京都中野区,東中野1-49-6,,03-3361-2094
3363,㈱すなみミシン商会,711-0907,岡山県倉敷市,児島上の町4-4-8,,086-472-3347
3364,㈱成中クリーニング,099-1587,北海道北見市,豊地12-12,,0157-36-4321
3365,㈱グレース*廃2026.2.20,600-8068,京都府京都市下京区,忠庵町3108,ｱﾝﾄﾞｳｴﾏﾅﾋﾞﾙ 3F,075-371-1151
3366,沖縄ワタベウェディング㈱石垣店,907-0002,沖縄県石垣市,真栄里354-1,,0980-88-0839
3367,㈱岡山ビューティ,709-0874,岡山県岡山市東区,瀬戸町森末292,,086-952-2311
3368,関東機料㈱,198-0044,東京都青梅市,西分町3-93,,0428-22-4121
3369,ホワイトキング,338-0822,埼玉県さいたま市桜区,中島1-14-22,,048-858-1750
3370,丸二物流㈱ 首都圏本部,132-0025,東京都江戸川区,松江5-17-20,,03-5605-2348
3371,大黒屋染物店 秋月達男,287-0042,千葉県香取市,山之辺616,,0478-52-3900
3372,佐川商事㈱ 仙台営業所,984-0824,宮城県仙台市若林区,遠見塚東5-17,,022-781-0250
3373,高橋設備,271-0074,千葉県松戸市,2-327,緑ヶ丘ﾊｲﾂ305,047-365-6075
3374,プリントハウスおぎの,620-0955,京都府福知山市,拝師757,,0773-23-5278
3375,㈱デザート,150-0013,東京都渋谷区,恵比寿2-27-1,ｽﾄﾘｰﾑﾋﾞｭｰ4F,03-3447-7061
3376,㈱鈴屋,325-0301,栃木県那須郡那須町,湯本新林,206-167,0287-76-7307
3377,スタジオ リッツ,344-0067,埼玉県春日部市,1-56-6,,
3378,㈱サンヨークリーニング 鴨田工場,444-2123,愛知県岡崎市,鴨田南町5-9,,0564-21-2502
3379,佐川商事㈱ 福島駐在所,960-8165,福島県福島市,吉倉字名倉53-1-107,向井田様　H29/10/20修正,080-3211-7423
3380,サンヨークリーニング㈱ 針崎工場,444-0827,愛知県岡崎市,針崎町2-1-7,,0564-58-0377
3381,三ツ矢クリーニング,136-0072,東京都江東区,大島5-44-7,,03-3681-7423
3382,㈱アパレルマシンサービス福井,910-0015,福井県福井市,二の宮4-1-6,七福ﾋﾞﾙ 2F,0776-28-5051
3383,㈱極東商会 カパス営業本部,110-0005,東京都台東区,上野2-11-12,,03-3836-8416
3384,印刷工房 あやさ,623-0116,京都府綾部市,下八田町中溝10-1,綾部共同作業所下八田分所内,0773-40-5388
3385,㈲共信 名古屋物流センター,463-0046,愛知県名古屋市守山区,苗代1-3-16,,052-796-2160
3386,ひらきクリーニング,850-0994,長崎県長崎市,竿浦町476-5,,095-878-8021
3387,㈱エスクリ,105-0003,東京都港区,西新橋2-14-1,興和西新橋ﾋﾞﾙB棟,03-3539-7654
3388,村田しみ抜き店,921-8031,石川県金沢市,野町4-7-19,,076-241-1567
3390,クリーニング スワン 桑原,463-0022,愛知県名古屋市守山区,八剣1-503,,052-798-3448
3391,㈱丸本,960-1304,福島県福島市,飯野町大久保字南町61,,024-562-3321
3393,金比羅クリーニング,078-4118,北海道苫前郡羽幌町,浜町1,,01646-2-5971
3394,㈱ヘブンコーポレーション,542-0083,大阪府大阪市中央区,東心斎橋1-3-10,長堀堂ﾋﾞﾙ 804号,06-6241-0333
3395,エムズ,170-0003,東京都豊島区,駒込1-24-6-201,,03-3944-9507
3396,旭屋　勝川,194-0203,東京都町田市,図師町2828-7,,042-792-9041
3397,㈲みながわクリーニング,954-0111,新潟県見附市,今町3-2-32,,0258-66-2322
3398,㈲オーケーカンパニー,130-0025,東京都墨田区,千歳3-15-5,,03-3634-6446
3399,ミス･ロージィ 大垣店,503-0854,岐阜県大垣市,築捨町4-8,,0584-47-6200
3400,㈲スナオ,189-0003,東京都東村山市,久米川町1-36-1,,042-397-2100
3401,山下クリーニング店,321-4343,栃木県真岡市,小橋164-5,,0285-82-3067
3402,㈱関芳 装宴事業部,948-0066,新潟県十日町市,袋町中39,,025-752-4550
3404,遠井洋裁,130-0004,東京都墨田区,本所3-14-6,,03-3621-8509
3405,ハドソンウエディング　高松店,761-1705,香川県高松市,香川町川東下1878,ｻﾞﾁｪﾙｼｰ内2F,087-815-8805
3406,砂山商事㈱,920-0841,石川県金沢市,浅野本町1-15-23,,076-251-3848
3407,㈲スポーザ,506-0808,岐阜県高山市,松本町276-1,,0577-36-2771
3408,㈱平安閣,430-0929,静岡県浜松市中区,中央3-11-11,,053-453-3500
3409,㈱平安閣*禁,471-0064,愛知県豊田市,梅坪町7-5-1,,0565-34-2266
3410,二宮貸衣裳店,713-8122,岡山県倉敷市,玉島中央町3-12-7,,086-526-7631
3411,レイチトータルサービス,339-0056,埼玉県さいたま市岩槻区,加倉5-9-23,,048-749-8733
3412,都麗美,812-0016,福岡県福岡市博多区,博多駅南6-8-30-217,,050-3521-2364
3413,クリーニング きゃんでぃ 後平,997-0019,山形県鶴岡市,茅原101-7,,0235-25-9822
3414,大成機工㈱,167-0052,東京都杉並区,南荻窪1-5-14,大成ﾋﾞﾙ1F,03-3331-0231
3415,㈱ブレンアシスト,901-2125,沖縄県浦添市,仲西2-4-18,,098-963-6385
3417,㈱新菱 鶴岡営業所,997-0016,山形県鶴岡市,日和田町7-6,,0235-25-9636
3418,㈱栗原,150-0011,東京都渋谷区,東2-16-10,東京日産渋谷ﾋﾞﾙ6F.7F,03-3499-3330
3419,櫻護謨㈱ 資材購買課,324-0045,栃木県大田原市,実取799,,0287-28-1123
3420,㈱ワールドインダストリー,656-1304,兵庫県洲本市,五色町都志万歳丸田1052-2,,0799-33-1331
3421,㈱ホテルシティプラザ北上 衣裳室,024-0032,岩手県北上市,川岸1-14-1,,0197-64-0001
3422,長谷川クリーニング,950-2054,新潟県新潟市西区,寺尾東3-15-28,,025-268-5353
3423,渡辺 勝見,279-0042,千葉県浦安市,東野2-2-6,,047-306-2155
3425,井上クリーニング㈱,211-0045,神奈川県川崎市中原区,上新城2-12-15,,044-777-1801
3426,上野紋章,171-0031,東京都豊島区,目白2-16-4,,03-3985-9545
3427,㈱ホテルシティプラザ北上,024-0032,岩手県北上市,川岸1-14-1,,0197-64-0001
3428,㈱エスクリ PRIMACARA福井 西平,910-0836,福井県福井市,大和田1-406,,0776-52-0505
3429,パールベリィガーデン*廃,416-0939,静岡県富士市,川成島705-1,,0545-63-2450
3430,パナソニック産機システムズ㈱,300-3261,茨城県つくば市,花畑2-15-3,,029-864-8059
3431,㈲エノモト,252-0174,神奈川県相模原市緑区,千木良852-10,,0426-84-4333
3432,福一クリーニング,615-0906,京都府京都市右京区,梅津高畝町55,,075-871-6530
3433,ザ・マグリット衣裳 美容室,700-0823,岡山県岡山市北区,丸の内1-5-8,,086-225-4801
3434,㈲ヤングドライ高岡 NS熱田,456-0052,愛知県名古屋市熱田区,二番2-2-22,,052-659-2223
3435,㈱Dressmore 大阪,542-0081,大阪府大阪市中央区,南船場2-6-12,SEDIC PLACE 2F,06-6266-0069
3436,㈱ホンダ商会,671-1132,兵庫県姫路市,大津区勘兵衛町1-104,,079-237-5155
3437,㈱秋田屋,564-0026,大阪府吹田市,高浜町1-17,,06-6381-2053
3438,㈲千代屋ブライダル 福知山店,620-0055,京都府福知山市,篠尾新町1-104,第10ﾋﾞﾙ 5F,0773-25-2888
3439,創苑,857-0018,長崎県佐世保市,横尾町2320-14,,0956-80-6113
3440,オークス㈱セレモニーセンター新川,937-0805,富山県魚津市,本江3124-1,,0765-24-7799
3441,㈱エスシーティージャパン,150-0011,東京都渋谷区,東3-25-10,T&Tﾋﾞﾙ 6F,03-5774-1961
3442,㈱ソックスジャパン,111-0053,東京都台東区,浅草橋4-10-8,TFAﾋﾞﾙ 5F,03-5823-0201
3443,㈱丸三屋　ブライダリウムミュー,160-0022,東京都新宿区,新宿3-36-10,ﾐﾗｻﾞ新宿9F,03-5312-2255
3444,ブライリア宇田津店,769-0201,香川県綾歌郡宇多津町,浜一番丁1-5,,0877-41-1122
3445,㈱ジャテックサイジング,925-0141,石川県羽咋郡志賀町,高浜町ｹ-19,,0767-32-1125
3446,㈲ホワイト急便 関西空港,598-0046,大阪府泉佐野市,羽倉崎2-2-1,,072-465-7641
3447,ザ･クラブオブエクセレント,862-0968,熊本県熊本市南区,馬渡1-3-1,,096-334-1255
3448,㈱岩瀬ミシン商会,110-0015,東京都台東区,東上野2-9-1,,03-3833-8066
3449,佐々木理美容室,028-7111,岩手県八幡平市,大更21-40,,080-1812-2614
3450,アサヒサービス㈱,544-0024,大阪府大阪市生野区,生野西3-6-10,,06-6716-2631
3452,㈲マスターピース,150-0001,東京都渋谷区,神宮前5-29-9,めぐみﾊｲﾏﾝｼｮﾝ802号,03-5766-5967
3453,㈱Dressmore 姫路,670-0012,兵庫県姫路市,本町68,大手前通り,079-224-6711
3455,㈱三陽商会 ストアビジネス事業部,105-0022,東京都港区,海岸1-2-20,汐留ﾋﾞﾙﾃﾞｨﾝｸﾞ22F,03-3453-3603
3456,㈱紀生 桂由美ブライダルハウス,981-0213,宮城県宮城郡松島町,松島字犬田10-9,,022-354-2161
3457,㈱ふくじゅ,600-8423,京都府京都市下京区,釘隠町246,京都和裁工芸研究所,075-342-2800
3458,丸山クリーニング店,606-8266,京都府京都市左京区,北白川久保田町57,,075-701-7981
3459,㈱アルファブランカ,604-0911,京都府京都市中京区,河原町通二条上る清水町359,ABﾋﾞﾙ,075-212-7757
3460,㈱南洋舎,236-0031,神奈川県横浜市金沢区,六浦4-23-23,,045-781-3661
3461,㈱へいあん秋田大舘支部,017-0041,秋田県大館市,大田面410,,0186-42-6868
3462,㈱トウカイフクイ,910-0804,福井県福井市,高木中央1-25-05,,0776-53-3633
3463,㈲ホープ中京,465-0025,愛知県名古屋市名東区,上社3-107,,052-701-1612
3464,㈱サン･ロジステックス,135-0004,東京都江東区,森下3-12-5,,03-5600-6181
3465,㈱平安閣 購買課,462-0861,愛知県名古屋市北区,辻本通1-21,,052-916-1382
3466,SYUSON NEWYORK 横浜,231-0023,神奈川県横浜市中区,山下町50-1,5F ﾄﾞﾚｽｻﾛﾝ ﾘﾙﾗﾌﾞﾗﾌ,080-1296-7974
3467,べルッチインターナショナル㈱,103-0005,東京都中央区,日本橋久松町12-8,東誠ﾋﾞﾙ 3F,03-3663-8118
3469,南和繊維工業㈱,639-2277,奈良県御所市,室137,,0745-65-2351
3470,クレセント㈱,290-0011,千葉県市原市,能満297-3,1F,0436-63-6651
3471,ニットリバイブ,399-9301,長野県北安曇郡白馬村,北城1044,,0261-72-5021
3472,皆藤幸代,319-0203,茨城県笠間市,吉岡1027,,0299-45-3357
3473,毛利機業,910-0125,福井県福井市,石盛3-915,,0776-56-0469
3474,マークス 山岸,080-0046,北海道帯広市,西十六条北2-56-2,,0155-41-2384
3475,カイハラ産業㈱,729-3107,広島県福山市,新市町常1450,品質保証部,084-757-8812
3476,ホシノ工業㈱,943-0892,新潟県上越市,寺町1-10-48,,025-523-3687
3477,㈱アシスト,940-2005,新潟県長岡市,巻島1丁目20,,0258-86-7692
3478,㈲あづまや,368-0042,埼玉県秩父市,東町5-10,,0494-23-5291
3479,トーコー電機㈱ 入間事業部,358-0023,埼玉県入間市,扇台2-8-45,,04-2962-6151
3481,㈱丸三屋 ブライダリウムミュー,372-0048,群馬県伊勢崎市,大手町11-20,,0270-26-2322
3482,㈱オークス,926-0816,石川県七尾市,藤橋町西部70,,0767-53-0108
3483,㈲メゾン,113-0021,東京都文京区,本駒込2-27-14,三宏ﾋﾞﾙ203,03-5395-0828
3484,㈲村上製作所,963-4603,福島県田村市,常葉町西向字米粉原157,,0247-77-3064
3485,㈱ヤングドライ 天王寺店*閉所,543-0062,大阪府大阪市天王寺区,逢阪2-1-4,,06-4305-5100
3486,スタジオモジュール,361-0017,埼玉県行田市,若小玉113-1,,048-553-2275
3487,マルシン,435-0054,静岡県浜松市中区,早出町224-7,,053-464-8768
3488,野口㈱ 大阪営業所,581-0062,大阪府八尾市,東太子2-1-46,,072-991-1036
3489,佐川商事㈱ 青森営業所,030-0843,青森県青森市,浜田玉川213-34,,017-715-0178
3490,北斗工業エンヂニアリング㈱,984-0824,宮城県仙台市若林区,遠見塚東2-1,ｱｰﾙﾍﾞﾙｱﾝｼﾞｪ駐車場内現場事務所,022-294-6885
3491,㈱ザ･トリートドレッシング,650-0031,兵庫県神戸市中央区,東町113-1,,078-333-7535
3492,ダイキョーオータ㈱,454-0839,愛知県名古屋市中川区,篠原橋通3-31,,052-351-5111
3493,㈱ワールド プロダクション,650-8585,兵庫県神戸市中央区,港島中町6-3-4,ﾜｰﾙﾄﾞｱﾈｯｸｽ8階　品質管理補修,078-302-4707
3494,若林機商,111-0031,東京都台東区,千束2-3-4,,03-3874-3345
3495,㈱エステム,240-0044,神奈川県横浜市保土ケ谷区,仏向町1037-1,ﾋﾞｭｰｴｰﾄ仏向1-1-208,090-3138-7501
3496,もはずタオル,515-2511,三重県津市,一志町片野300,,059-293-0240
3497,アイ･ケイ･ケイ㈱ 大分,870-1117,大分県大分市,高江西1-4323-19,,097-524-5511
3498,アイ･ケイ･ケイ㈱ 盛岡,020-0866,岩手県盛岡市,本宮5-16-7,,019-656-4288
3499,ホワイト急便 小倉,803-0821,福岡県北九州市小倉北区,鋳物師町4-5,,093-571-1224
3500,中村製糊㈱,600-8119,京都府京都市下京区,本塩竃町545,,075-341-3286
3501,㈱道明,193-0833,東京都八王子市,めじろ台2-2-113,,042-665-0550
3502,クリーニング みさわ,400-0862,山梨県甲府市,朝気1-7-14,,055-233-4496
3503,アイ･ケイ･ケイ㈱ 福岡東支店,811-2502,福岡県糟屋郡久山町,山田1095-1,,092-931-9030
3504,スタジオ･エム･ツー*ｵﾘ,361-0077,埼玉県行田市,忍2-14-14,,048-556-0359
3505,㈱丸三屋 ブライダリウムミュー,108-8612,東京都港区,高輪3-13-1 ｸﾞﾗﾝﾄﾞﾌﾟﾘﾝｽﾎﾃﾙ新高輪,国際館ﾊﾟﾐｰﾙ2F ｺｽﾁｭｰﾑｻﾛﾝ,03-5791-2011
3506,㈱小野写真館,312-0042,茨城県ひたちなか市,東大島2-2-16,,029-274-1791
3507,ホワイト急便 水沢工場前店,023-0841,岩手県奥州市,水沢真城字塩加羅11,,0197-24-7002
3508,㈲山内,682-0124,鳥取県東伯郡三朝町,砂原218-1,,0858-48-4444
3509,㈱With Wedding アニエス郡山,963-8041,福島県郡山市,富田町字愛宕前73,,024-962-9214
3510,㈱マルゴ,103-0002,東京都中央区,日本橋馬喰町2-3-2,ｾﾝﾄﾋﾟｱﾋﾞﾙ6F,03-3665-0508
3511,リオ美容室,779-1101,徳島県阿南市,羽ノ浦町中庄16-4,,0884-44-2499
3512,㈲秩父写真館,368-0042,埼玉県秩父市,東町9-10,,0494-22-1069
3513,ラビッシュ,153-0041,東京都目黒区,駒場1-36-5,ﾏﾝｼｮﾝ澤田 NO-1 103号,03-5454-2515
3514,白鷺クリーニング,671-1101,兵庫県姫路市,広畑区東夢前台4-99,,079-236-1719
3515,愛.美裳,915-0075,福井県越前市,幸町1-13,,0778-23-8181
3516,㈱こばやし 加工センター,838-0814,福岡県朝倉郡筑前町,高田2552-1,,0946-24-6928
3517,㈱小野写真館 AZ店,312-0042,茨城県ひたちなか市,東大島2-2-16,,
3518,㈱小野写真館 アンシャンテ,312-0042,茨城県ひたちなか市,東大島4-2-12,,029-354-6432
3519,貸衣裳店ツル,561-0884,大阪府豊中市,岡町北1-3-4,,06-6855-5337
3520,㈲プレイン ヘアーメイクアース,,,,,
3521,パレスグランデール衣裳室,990-2432,山形県山形市,荒楯町1-17-40,,023-633-3313
3522,沖縄ワタベウェディング㈱,906-0202,沖縄県宮古島市,上野新里東素原926-25,,0980-76-4111
3523,㈱小野写真館,305-0055,茨城県つくば市,上原747-15,,029-886-4744
3524,㈱鈴屋 ミッシェルガーデン,325-0302,栃木県那須郡那須町,高久丙1790,那須高原ｾﾝﾄ･ﾐｯｼｪﾙ教会内,0278-76-1388
3525,カサハラ紋章店,910-0023,福井県福井市,順化2-22-6,,0776-22-6165
3526,㈲孝和クリーニング 尾崎晃樹,272-0804,千葉県市川市,南大野2-2-8,,048-338-5360
3527,大久保 学,569-1136,大阪府高槻市,郡家新町12-10-101,ﾘﾊﾞｰﾌｫﾚｽﾄｸﾞﾝｹﾞ,090-5134-9900
3528,㈲ヤングドライ高岡 きもの館,939-0341,富山県射水市,三ケ2742-1,,0766-56-9821
3529,さいん工房 山口,916-0004,福井県鯖江市,糺町12-4-2,,0778-51-0009
3530,マルエークリーニング店,555-0033,大阪府大阪市西淀川区,姫島1-23-23,,06-6471-1941
3531,すみれ美容室,650-0022,兵庫県神戸市中央区,元町通3-16-8,,078-393-0017
3532,衣裳工房 織花 折原俊哉,349-0221,埼玉県白岡市,上野田586番地,,0480-92-3721
3534,ランドリースポット,771-0203,徳島県板野郡北島町,中村字明神下22-1,,088-698-0070
3535,えとう刺繍工芸,870-0889,大分県大分市,荏隈4-1,,097-547-9747
3536,丸康商事㈲,132-0025,東京都江戸川区,松江5-17-20,,
3537,㈲スフィア,103-0007,東京都中央区,日本橋浜町3-45-7,ｼﾞｬｺﾜ第3ﾋﾞﾙ 6F,03-5645-8570
3538,㈱テンヨオ,336-0027,埼玉県さいたま市南区,沼影1-4-14,ﾗ･ｱﾐｽﾀｰ 503号,048-862-3338
3539,㈱小野写真館　ナチュレ つくば店,305-0025,茨城県つくば市,花室1597-1,,029-879-7811
3540,旭硝子㈱ 愛知工場,470-2394,愛知県知多郡武豊町,旭1,,0569-73-5556
3542,鈴の屋クリーニング,070-0021,北海道旭川市,東1条5-9-21,,0166-36-1002
3543,㈱ヤングドライ 彦根支店*閉所,522-0009,滋賀県彦根市,外町108,,0749-21-4400
3544,㈲にしだ,516-0014,三重県伊勢市,楠部町124,,0596-22-2484
3545,㈱ベルコ,591-8025,大阪府堺市北区,長曽根町1684,,072-252-1200
3547,ケイ･クリーエート工房,381-0038,長野県長野市,東和田934,清水ﾋﾞﾙ 2F,026-244-4266
3548,佐志田倉庫㈱ 葛西営業所,134-0086,東京都江戸川区,臨海町3-5-1,,03-3680-1141
3549,㈲ホワイト急便 川越,350-0801,埼玉県川越市,竹野2,,049-231-8744
3550,㈲中村スタジオ,847-0013,佐賀県唐津市,南城内3-10,,0955-73-0110
3551,(合)清水クリーニング商会,158-0082,東京都世田谷区,等々力2-17-18,,03-3703-3611
3552,アイケア㈱　伊万里,848-0041,佐賀県伊万里市,新天町22-5,,0955-22-2800
3553,㈱マリーゴールド,730-0045,広島県広島市中区,鶴見町3-19,板倉ﾋﾞﾙ7F,082-258-3061
3554,㈲矢口 Sol-terre仙台店,980-0803,宮城県仙台市青葉区,国分町3-5-7,朝日ﾌﾟﾗｻﾞ国分寺町1F,022-722-7887
3555,㈱京都嵯峨野,733-0036,広島県広島市西区,観音新町3-10-37,,0825-32-1191
3556,豊田縫製所,220-0051,神奈川県横浜市西区,中央2-37-5,,045-321-4468
3557,㈱サンプラクト 新潟営業所,950-0841,新潟県新潟市東区,中野山4-7-2-102,,025-282-7908
3558,株式会社カネマタ衣裳　　　　　ｵﾘ,475-0855,愛知県半田市,中町1-74,,0569-21-1085
3559,総社ランドリー,719-1126,岡山県総社市,総社2-4-24,,08669-2-0293
3560,ホテルシティプラザ北上衣裳室,024-0032,岩手県北上市,川岸1-14-1,,0197-64-0001
3561,クリーニングハウスミキ,370-3574,群馬県前橋市,清野町122-1,,027-251-9726
3562,ラヴィーナ和歌山,640-8451,和歌山県和歌山市,中639-6,,073-454-0010
3563,ラヴィーナ姫路,670-0836,兵庫県姫路市,神屋町3-31,,079-282-1002
3564,アイ･ケイ･ケイ㈱ 鳥栖,841-0026,佐賀県鳥栖市,本鳥栖町302-32,,0942-82-0555
3565,㈱ギャレリア,104-0061,東京都中央区,銀座6-7-2,みつわﾋﾞﾙ2F,03-5537-3456
3566,㈱松枝衣裳店総本店,464-0067,愛知県名古屋市千種区,池下1-10-15,,052-761-3121
3567,アイ･ケイ･ケイ㈱ 広島,732-0804,広島県広島市南区,西蟹屋3-18-2,,082-568-6807
3568,㈱かづ美 VG福井店*破産,910-0061,福井県福井市,舟橋新町2-922,,0776-24-1001
3569,たにぐちドライ 谷口 進,610-0311,京都府京田辺市,草内大切68-7,,090-1151-9918
3570,㈱かづ美 VG金沢店*破産,920-0381,石川県金沢市,中屋2丁目88-1,,076-249-8008
3571,㈱紀生 KISEI マリアージュ,982-0011,宮城県仙台市太白区,長町5-11-30,,022-308-3132
3572,リブラブラフ 仙台店,983-0852,宮城県仙台市宮城野区,榴岡3-6-1,ｾﾝﾄｼﾞｪｰﾑｽｸﾗﾌﾞ迎賓館 3F,022-211-6221
3573,アイ･ケイ･ケイ㈱ いわき,970-8047,福島県いわき市,中央台高久2-28,,0246-46-2511
3574,㈱コートドオール,900-0004,沖縄県那覇市,銘苅1-10-21,ｾﾝﾁｭﾘｰﾋﾙｽﾞ新都心1-1,098-860-5111
3575,アイ･ケイ･ケイ㈱ 宮崎,880-0879,宮崎県宮崎市,宮崎駅東2-7-1,,0985-35-6620
3576,㈱瀬戸,960-8164,福島県福島市,八木田字榎内1-10,,024-544-2788
3641,小田急ビルサービス 相田,160-0023,東京都新宿区,西新宿2-2-7,小田急新宿第一生命ﾋﾞﾙB-4F中央室,03-3344-5595
3642,㈱アンテリーベ＊禁,564-0044,大阪府吹田市,南金田2-18-11,,06-6338-5337
3643,クレアージュリゾートドレスサロン,861-8002,熊本県熊本市北区,弓削814,,096-338-1120
3644,アイナックス稲本㈱ 北陸支店,924-0057,石川県白山市,松本町1268-10,白山ﾃｸﾆｶﾙｾﾝﾀｰ,076-274-4170
3645,リバージュテラス,770-0941,徳島県徳島市,万代町7-1-2,,088-611-2200
3646,㈱エスクリ,222-0033,神奈川県横浜市港北区,新横浜2-5-1,日総第13ﾋﾞﾙ 2F,045-475-3520
3647,シバタランドリー,939-1316,富山県砺波市,大門,,
3648,問屋町池美屋クリーニング,918-8231,福井県福井市,問屋町3-102-2,,0776-53-5277
3649,フカダクリーニング,245-0014,神奈川県横浜市泉区,中田南2-34-1,,045-802-0556
3650,㈱ダイワドライ,392-0001,長野県諏訪市,大和3-9-22,,0266-52-8800
3651,第一総業㈱,285-0843,千葉県佐倉市,中志津5-13-11,,043-489-5658
3652,浜屋クリーニング工房,124-0022,東京都葛飾区,奥戸3-7-11,,03-3691-5760
3653,㈱京屋,675-0065,兵庫県加古川市,加古川町篠原町100-1,,079-423-2274
3654,㈱マゼンタ,150-0001,東京都渋谷区,神宮前2-26-8,ｸﾞﾘｰﾝﾋﾞﾙ3F,03-5474-3166
3655,東名クリーニング,350-1101,埼玉県川越市,的場2842-3,,049-231-4010
3656,㈱ザ･トリート･ドレッシング,468-0011,愛知県名古屋市天白区,平針1-1502,,090-8452-9953
3657,㈱吉本,604-8334,京都府京都市中京区,三条猪熊町648,,075-841-7804
3658,㈱ジェイ･テキスタイル,929-1637,石川県鹿島郡中能登町,曽祢12-2,,0760-77-1213
3659,㈱ベルモニー平安閣,760-0004,香川県高松市,西宝町3-12-5,,087-862-1322
3660,㈱フェニックス,114-0012,東京都北区,田端新町2-24-4,,03-3800-6221
3661,相模機剤㈱,194-0043,東京都町田市,成瀬台2-3-6,,042-725-4773
3663,着物クリーニング㈱ きもの辻,103-0013,東京都中央区,日本橋人形町1-11-11,,03-6661-1086
3664,クラシコ,933-0045,富山県高岡市,本丸町13-1,,0766-23-4122
3665,大野㈱,604-8822,京都府京都市中京区,壬生辻町18,,075-801-6291
3666,モードコレクション美和,918-8026,福井県福井市,渕4-752,,0776-74-0138
3667,木村鉄工所,649-7203,和歌山県橋本市,高野口町名古曽1011-1,,0736-42-2443
3668,ワタベウエディング㈱ 鹿児島店,899-5117,鹿児島県霧島市,隼人町見次1409-1,,0995-43-7600
3669,ブライダルサロン アマノ,933-0039,富山県高岡市,大手町2-18,,0766-24-4114
3670,村尾健一,665-0846,兵庫県宝塚市,桜ガ丘9-5,,0797-86-3207
3671,京美堂,856-0804,長崎県大村市,大川田町345-11,,0957-55-4356
3672,㈱MARIMO&JVISリースセクション,192-0032,東京都八王子市,石川町2100,3F,042-631-8300
3673,㈱サブ･ローザ,851-2105,長崎県西彼杵郡時津町,浦郷301-9,,095-882-8936
3674,㈱ベルモニー リアントゥール,792-0852,愛媛県新居浜市,東田3-乙11-6,,0897-66-1122
3675,㈲サンリバー,191-0021,東京都日野市,石田1-21-4,,042-589-6800
3676,㈲深谷洋服プレス,962-0045,福島県須賀川市,保土原字中屋敷5-3,,0248-62-5588
3677,マリエ･やしろ㈱ 出雲店,693-0066,島根県出雲市,高岡町7-1,,0853-23-1713
3678,㈱コウヤ,600-8482,京都府京都市下京区,綾堀川町302,,075-813-1660
3679,白洋舎クリーニング,421-0532,静岡県牧之原市,地頭方1-162,,0548-58-0438
3680,㈲三友工房,018-3501,秋田県大館市,岩瀬字谷地の平4-14-1,,0186-54-6275
3682,かねせきミシン㈲,712-8043,岡山県倉敷市,広江5-1-1,,086-455-1394
3683,桂由美フランチャイズ㈲京屋,795-0054,愛媛県大洲市,中村駅前227-7,,089-324-6808
3684,㈱渡菊,135-0021,東京都江東区,白河3-17-6,,03-3642-5851
3685,湘南ランドリー,376-0011,群馬県桐生市,相生町5-398-2,,0277-54-0209
3686,ワタベウエディング㈱,983-0851,宮城県仙台市宮城野区,榴ケ岡5-6-51,,022-792-8888
3687,大竹染物店,980-0804,宮城県仙台市青葉区,大町2-10-16,,022-223-6487
3688,㈱ドウシシャ物流,590-0532,大阪府泉南市,北野221-1,,072-485-1411
3689,豊田通商㈱ 繊維製品部,542-8550,大阪府大阪市中央区,南船場4-3-11,大阪豊田ﾋﾞﾙ,06-6243-8390
3690,㈲みつぼしクリーニング,144-0052,東京都大田区,蒲田2-1-6,,03-3731-0559
3691,川村クリーニング店,453-0838,愛知県名古屋市中村区,向島町4-13-26,,052-412-9660
3692,クリーニングのヤマダ,509-7203,岐阜県恵那市,長島町正家108-5,,0573-25-2475
3693,ちきり屋,836-0852,福岡県大牟田市,曙町8-13,,0944-57-4498
3694,㈲貸衣裳の和楽,939-8072,富山県富山市,堀川町338,,076-422-5225
3695,ワタベウエディング㈱,980-0021,宮城県仙台市青葉区,中央2-2-25,天成堂ﾋﾞﾙ1F,022-221-4441
3696,ザ･ブライトガーデン 衣裳室,390-0835,長野県松本市,高宮東1-28,ﾚｾﾌﾟｼｮﾝﾊｳｽ,0263-29-1401
3698,ブレインズ 三原,154-0016,東京都世田谷区,弦巻2-24-15,,03-5426-4634
3699,㈲兼六舎,920-0801,石川県金沢市,神谷内町ﾆ3-8,,076-252-7055
3700,ブティックラグモダーン,157-0066,東京都世田谷区,成城6-12-6,,03-3789-3381
3701,田島内装,120-0012,東京都足立区,青井3-18-3,,
3702,斉藤クリーニング 斉藤師義,629-2244,京都府宮津市,江尻540-6,,0772-27-0084
3703,クリーン冷熱販売㈱,130-0025,東京都墨田区,千歳2-10-3,S&Kﾋﾞﾙ,03-3633-5117
3704,㈱クリスタルインターナショナル,541-0057,大阪府大阪市中央区,北久宝寺町4-1-6,,06-6243-9609
3705,㈱紀生 桂由美ブライダルハウス,981-1245,宮城県名取市,ゆりが丘1-18-1,,022-386-5153
3707,アイ･ケイ･ケイ㈱ 福井,910-0803,福井県福井市,高柳町2-1007,,0776-52-7555
3708,菅原美容室,798-0033,愛媛県宇和島市,鶴島町2-17,,0895-23-2330
3709,小林ブライダルハウス,673-0882,兵庫県明石市,相生町2-1-1,,078-911-2905
3711,㈱セレンブライダル,020-0022,岩手県盛岡市,大通3-7-1,,019-681-6075
3712,㈱ベネック,402-0011,山梨県都留市,井倉527-1,,0554-43-6632
3713,東京貸衣裳*禁,418-0007,静岡県富士宮市,外神東町198,,0544-29-0888
3714,小倉メリヤス 栃木工場㈱,327-0104,栃木県佐野市,赤見町1098,,0283-25-2050
3715,笹原和服美整,999-5101,山形県新庄市,昭和472-5,,0233-25-3545
3716,㈱丸和,553-0006,大阪府大阪市福島区,吉野4-26-3,,06-6462-2161
3717,アイ･ケイ･ケイ㈱ 富山,930-0806,富山県富山市,木場町4-1,,076-445-1555
3718,アイ･ケイ･ケイ㈱ 金沢,920-1154,石川県金沢市,太陽が丘3-1-3,,076-224-5123
3719,衣裳館クレイドル,922-0423,石川県加賀市,作見町ﾆ-5-1,,0761-73-0200
3720,㈱ことぶき,920-0853,石川県金沢市,本町1-1-8,,076-263-8000
3721,㈲ツインズ,914-0046,福井県敦賀市,長沢41-2-1,,0770-23-8877
3722,㈱伸和商事,322-0027,栃木県鹿沼市,貝島町456,,0289-65-4111
3723,きもの みどま,436-0029,静岡県掛川市,南2-25-2,,0537-24-7071
3724,シモンズ㈱ 製造部,410-1327,静岡県駿東郡小山町,棚頭305-9,,0550-78-1062
3725,㈱みつ和,920-0902,石川県金沢市,尾張町2-5-14,,076-221-3188
3726,ツーワンブライダル 松本店,390-0811,長野県松本市,中央1-28-3,,0263-36-2424
3727,㈱みつ和 アニベール*禁,923-0801,石川県小松市,園町ﾎ100-1,,0761-23-7777
3728,㈱みつ和 七尾店,926-0021,石川県七尾市,本府中町ヲ部3-1,,
3729,㈱マエセン,403-0004,山梨県富士吉田市,下吉田4533-5,,0555-22-3244
3730,池野電機,829-0331,福岡県築上郡築上町,高塚139-2,,0930-56-0955
3731,大竹満子,310-0853,茨城県水戸市,平須町1222-2,,029-243-5254
3732,㈱サンプラクト 青森営業所＊禁,030-0965,青森県青森市,松森3-17-13,ﾀﾅｶﾏﾝｼｮﾝ 1F,017-718-3277
3733,㈱中部洗機 名古屋,492-8144,愛知県稲沢市,小池2-26-11,,0587-81-5185
3734,㈱モリタ,930-0083,富山県富山市,総曲輪4-7-8,,076-491-2323
3735,㈱アンジェラス,921-8151,石川県金沢市,窪6-245,,076-280-245
3736,㈱カーロカーラ,922-0431,石川県加賀市,山田町平拍子72,,0761-74-8886
3737,㈱平安閣,491-0005,愛知県一宮市,西大海道金底77-1,,0586-81-0090
3738,ＪＵＫＩ販売㈱ 北東北支店,017-0046,秋田県大館市,清水1-5-10,,0186-49-3462
3739,ハマ冷機工業㈱,146-0091,東京都大田区,鵜の木3-20-14,ｻｰﾋﾞｽ部,
3740,㈱扇屋 衣裳室マリアベール,950-0948,新潟県新潟市中央区,女池南3-5-26,,025-280-8688
3741,オークス㈱ ビアンベール砺波,939-1365,富山県砺波市,三島町11-8,砺波平安閣,0763-33-4522
3742,㈲丸元コンフォート*恵美須扱い社長要確認,501-6002,岐阜県羽島郡岐南町,三宅7-90,,058-240-2666
3743,㈱公 商 製造部,677-0063,兵庫県西脇市,平野町522-56,,0795-22-7144
3744,㈱マツモトソウイング,029-3103,岩手県一関市,花泉町老松字日向前177-1,,0191-82-2241
3745,クレスト,465-0008,愛知県名古屋市名東区,猪子石原2-602-1,,052-776-8383
3746,さわいしみ抜き店,920-0941,石川県金沢市,旭町2-15-8,,076-262-7406
3747,㈲笠井工業,601-8454,京都府京都市南区,唐橋経田町31,,075-681-0737
3748,㈱トキハ,874-0920,大分県別府市,北浜2-9-1,3F,0977-23-1111
3749,㈱ホワイト急便 伊丹,664-0011,兵庫県伊丹市,鋳物師1-23,,077-779-7200
3750,㈱尾初瀬,602-8158,京都府京都市上京区,中務町486-13,,090-8820-3151
3751,アイ･ケイ･ケイ㈱ 高知,781-0081,高知県高知市,北川添16,,088-882-2101
3752,カントウツール㈱ 坂戸営業所,350-0214,埼玉県坂戸市,千代田2-6-76,,049-283-3671
3753,福島工業㈱ さいたま営業所,331-0804,埼玉県さいたま市北区,土呂町2-45-1,,048-654-0761
3755,湘南コントロール㈱,242-0025,神奈川県大和市,代官1-15-5,,046-279-5570
3756,小島㈱,390-0874,長野県松本市,大手1-4-25,,0263-35-1134
3757,㈱博扇堂クリーニングセンター,028-3621,岩手県紫波郡矢巾町,広宮沢11-502-2,,019-697-8500
3758,あらがき貸衣装,902-0064,沖縄県那覇市,寄宮2-12-1,,098-833-6853
3759,㈱ひゃくづか,930-0041,富山県富山市,向川原町4-12,,076-425-2500
3760,マレイ㈲,151-0064,東京都渋谷区,上原2-39-4,,03-5453-2488
3762,㈱丸屋ブライダル,892-0826,鹿児島県鹿児島市,呉服町3-7,,099-222-2577
3763,中央ドライ,930-0975,富山県富山市,西長江3-2-3,,076-423-9344
3764,クリーニングシティ,420-0803,静岡県静岡市葵区,千代田1-1-37,,054-247-2072
3765,ラック㈱,910-1135,福井県吉田郡永平寺町,松岡室12-3-4,,0776-61-1488
3767,㈱伊藤機工商会,578-0964,大阪府東大阪市,新庄西7-19,,06-6745-0900
3768,㈱シルクロ,918-8055,福井県福井市,若杉2-1401,,0776-35-8350
3769,㈱サカイヤ 伊那工場,399-4501,長野県伊那市,西箕輪2148-187,,0265-73-6341
3770,北斗工業エンヂニアリング㈱,921-8807,石川県野々市市,二日市町24-23,,
3771,㈱みやこ,362-0035,埼玉県上尾市,仲町2-13-17,,048-775-2700
3772,㈲中央商会,184-0015,東京都小金井市,貫井北町1-13-6,,042-384-1213
3773,㈲藤原工業,733-0822,広島県広島市西区,庚午中4-9-32,,082-273-2482
3774,㈲クリーニングショップいなむら,373-0025,群馬県太田市,熊野町4-11,,0276-22-3491
3775,㈱ユーティーオー 岩手工場,024-0073,岩手県北上市,下江釣子12地割164番3,,0197-72-7602
3776,㈱ロンリバイス 北陸,929-0124,石川県能美市,浜町ヌ161-2,,0761-55-5700
3777,大健 大西秀明,616-8051,京都府京都市右京区,花園巽南町17-30,,075-465-1288
3778,ラヴィール,921-8809,石川県野々市市,二日市4-258,,076-227-1122
3779,西沢クリーニング店,189-0001,東京都東村山市,秋津町3-22-10,,042-393-9585
3780,㈱テクノ横浜,240-0053,神奈川県横浜市保土ケ谷区,新井町229-67,,045-315-2917
3781,㈱エス･ティ･ケー,300-0847,茨城県土浦市,卸町2-8-3,,029-879-5305
3782,三晃刺繍,272-0803,千葉県市川市,奉免町35-47,,047-337-4199
3783,㈱ベルモニ ウエンディア,791-8067,愛媛県松山市,古三津3-3-8,,089-951-5000
3784,マルエイクリーニング 前田俊雄,192-0912,東京都八王子市,絹ケ丘1-22-20,,042-635-6234
3785,㈱ヤングドライ 武生支店*閉所,915-0816,福井県越前市,小松2-14-21,,0778-21-5003
3786,藤本美容室,399-2221,長野県飯田市,龍江7170-5,,0265-27-4745
3787,㈱フェイマス･オグチ,130-0011,東京都墨田区,石原1-4-6,,03-3624-0866
3788,金沢正則,152-0002,東京都目黒区,目黒本町3-19-6,,03-3760-4840
3789,㈱ヒルズ,503-0124,岐阜県安八郡安八町,中字大平1554,,0584-63-0133
3790,不入流豊中,562-0015,大阪府箕面市,稲5-2-78,,072-726-8850
3791,㈱小野写真館 AZ水戸店,310-0912,茨城県水戸市,見川2-108-26,ｱｰﾊﾞﾝﾃﾗｽ一周館A棟205号,
3792,㈱貴 一関工場,021-0902,岩手県一関市,萩荘字川崎79-2,,0191-24-2443
3793,㈱貴 本社,111-0041,東京都台東区,元浅草2-4-6,ｻﾆｰﾊｲﾂ元浅草201,03-3847-1041
3794,㈱貴 江差工場,043-0034,北海道檜山郡江差町,字中歌町196,,01395-2-5511
3795,㈲モード･スリー,023-0025,岩手県奥州市,水沢区字高網17-1,,0197-25-3681
3796,㈱リアン,986-0821,宮城県石巻市,住吉町1-8-32,,0225-96-6844
3797,井上ランドリー,780-8008,高知県高知市,潮新町1-16-26,,088-831-7334
3798,㈲ファッション貴,029-0803,岩手県一関市,千厩町千厩字駒ノ沢1-1,,0191-51-1300
3799,㈲つるや本店,652-0006,兵庫県神戸市兵庫区,神田町28-10,,078-361-0932
3800,㈱クラウディアコスチューム,650-0037,兵庫県神戸市中央区,明石町31-1,TESTA神戸旧居留地4F,078-321-0360
3801,㈱ハッピネス,651-0062,兵庫県神戸市中央区,坂口通7-2-26,,078-230-3034
3802,㈱ヤングドライ 港支店*閉所,455-0801,愛知県名古屋市港区,小碓4-20,,052-389-2801
3803,印刷工房MYWAY 福井繁,920-0376,石川県金沢市,福増町南1180,,076-216-8809
3804,㈲スワンサンシャイン,700-0903,岡山県岡山市北区,幸町2-26,,086-233-6542
3805,豊栄舎,766-0004,香川県仲多度郡琴平町,榎井107-2,,0877-75-3448
3806,アイビット,696-0001,島根県邑智郡川本町,大字川本350-22,,0855-72-3301
3807,㈱つるや衣裳店 メリケンパーク,650-0042,兵庫県神戸市中央区,波止場町5-6,,078-393-3320
3808,エリートクリーニング㈱,468-0012,愛知県名古屋市天白区,向が丘1-1502,,052-802-2855
3809,㈱バリュープランニング,651-0062,兵庫県神戸市中央区,坂口通7-2-17,,078-222-7074
3810,㈲エムズ,542-0067,大阪府大阪市中央区,松屋町8-2,3F,06-6767-4410
3811,㈲Sora,154-0003,東京都世田谷区,野沢3-21-16-314,,03-3487-0117
3812,つばさクリーニング,186-0002,東京都国立市,東2-6-24,,042-575-6242
3813,クリーニングのワタナベ,319-1222,茨城県日立市,久慈町2-33-10,,0294-53-3266
3814,㈲キャピタル カントリー工場,711-0936,岡山県倉敷市,児島柳田町189-7,,086-441-1703
3815,㈱ホアンシー,333-0851,埼玉県川口市,芝新町9-3,田村ﾋﾞﾙ2F-BD,048-263-5738
3816,㈱ひさかたろまん,376-0007,群馬県桐生市,浜松町2-4-21,,0277-47-7533
3817,松田クリーニング,063-0824,北海道札幌市西区,発寒四条5-2-1,,011-661-1684
3818,㈱ホテルオークラ東京,105-0001,東京都港区,虎ノ門2-10-4,,03-3224-6691
3819,㈲ラテン美容室 衣裳部,025-0092,岩手県花巻市,大通り1-4-4,,0198-23-4546
3820,千歳屋,817-0032,長崎県対馬市,厳原町久田371-3,,0920-52-7364
3821,やまだ染工,814-0164,福岡県福岡市早良区,賀茂2-9-5,,092-871-7496
3822,クラボウ倉敷紡績㈱ 北条工場,799-2495,愛媛県松山市,北条1005,,089-992-1211
3823,栁婚礼衣裳室,656-0053,兵庫県洲本市,上物部2-10-23,,050-1506-0663
3824,㈱エフティサービス,191-0033,東京都日野市百草345-1,ｶﾞｰﾃﾞﾝﾋﾞｭｰ石神F 1F,,042-506-6961
3825,㈱オオタ港店,041-0822,北海道函館市,亀田港町2-6,,0138-41-1200
3826,㈱アイクリ,464-0854,愛知県名古屋市千種区,大久手町5-11,,052-741-2330
3827,松野商会,221-0076,神奈川県横浜市神奈川区,白幡町8-10,,045-421-8298
3828,三浦テクノ,183-0033,東京都府中市,分梅町3-47-3,,
3829,ラヴィーナ加古川,675-0021,兵庫県加古川市,尾上町安田413-1,,079-427-1000
3830,㈱ヴィノ,581-0083,大阪府八尾市,永畑町1-2-56,,072-992-0505
3831,田中冷凍機,250-0851,神奈川県小田原市,曽比3160,,0465-36-0497
3832,ラ･メゾン Suite りんくう,598-0048,大阪府泉佐野市,りんくう往来北2-48,,072-458-2000
3833,プロセスＫ,920-0211,石川県金沢市,湊2-53,,076-287-0016
3834,㈱ギャレリア アイリーナat新潟,951-8055,新潟県新潟市中央区,礎町通一ノ町1945-1,ﾘｱﾗｲｽﾞ万代橋ﾋﾞﾙ1F,025-378-3731
3835,㈱ひろや商店,151-0051,東京都渋谷区,千駄ヶ谷1-19-8,,043-235-8450
3836,㈱小野写真館 AZひたちなか店,,茨城県,,,
3837,㈱アタゴ テキスタイル工場,910-2164,福井県福井市,深見町12字1,,0776-41-0880
3838,㈲ヤングドライ四つ葉 梅田支店,531-0076,大阪府大阪市北区,大淀中3-5-7,,06-6343-9000
3839,㈱ビーエー,151-0066,東京都渋谷区,西原1-49-11,,03-5738-3218
3840,いまでやクリーニング,690-1405,島根県松江市,八束町入江330,,0852-76-2295
3841,きものクリニックしろま,901-1414,沖縄県南城市,佐敷字津波古400-26,,098-947-0130
3842,塚本 博雄,174-0043,東京都板橋区,坂下2-14-5,中銀401,03-3968-7204
3843,福島工業㈱ 相模原営業所,252-0314,神奈川県相模原市南区,南台5-21-20,ｼｬﾝﾂｪ南台1F,042-741-1888
3844,㈱ファッション･コ･ラボ,273-0012,千葉県船橋市,浜町2-5-7三井不動産ﾛｼﾞｽﾃｨｸｽﾊﾟｰｸ,船橋Ⅰ 東側4階,047-316-5655
3845,みずほ貸衣裳店,435-0053,静岡県浜松市東区,上新屋町249-11,,053-461-6079
3846,シンデレラ,670-0923,兵庫県姫路市,呉服町81,,079-224-3000
3847,㈱海谷商店,990-0832,山形県山形市,城西町4-17-55,,023-644-4178
3848,東洋舎クリーニング,182-0024,東京都調布市,布田2-27-2,,042-482-3028
3849,尾関装飾織物㈱,483-8375,愛知県江南市,宮田町泉131,,0587-57-7241
3850,㈱タカイ,491-0005,愛知県一宮市,西大海道字戌亥7-2,,0586-76-3552
3851,黒岩クリーニング店,775-0203,徳島県海部郡海陽町,大里中小路39-35,,0884-73-0337
3852,京美,603-8487,京都府京都市北区,大北山原谷乾町39-47,,075-464-2327
3853,モリヤクリーニング,187-0001,東京都小平市,大沼町7-5-15,,042-341-4245
3854,㈱YUMEMIDO 企画製造部 高崎,815-0041,福岡県福岡市南区,野間3-5-19,,092-551-9884
3855,㈱プリエール&インテリジェンス,442-0823,愛知県豊川市,正岡町縄手越113,,0533-84-2311
3856,きものはなふさ,690-0015,島根県松江市,上乃木5-1-25,,0852-26-4847
3857,㈱みぞばた,598-0004,大阪府泉佐野市,市場南1丁目3-45,,072-493-7682
3858,㈲川口屋クリーニング,807-0803,福岡県北九州市八幡西区,千代ケ崎2-2-28,,093-691-0583
3859,㈱石川ミシン商会,970-8026,福島県いわき市,平二町目8,,0246-22-3122
3860,㈱ノバレーゼ フォーマルセンター*社変　4449,330-0841,埼玉県さいたま市大宮区,東町1-54,,048-657-6081
3861,クリーンスタイルアオキ,187-0045,東京都小平市,学園西町1-22-2,,042-341-5826
3862,㈲シマカゲ,507-0063,岐阜県多治見市,松坂町2-23-2,,0572-44-8888
3863,㈱テクノ武蔵野 嶋崎 崇,202-0004,東京都西東京市,下保谷4-16-9,ﾒｿﾞﾝ永池R号室,042-410-0254
3864,㈲杉野写真型製作所,601-8025,京都府京都市南区,東九条柳下町11,,075-691-7994
3865,㈱佐野,615-0052,京都府京都市右京区,西院清水町9,,075-314-0044
3866,シューバッグ 川﨑美智也,890-0053,鹿児島県鹿児島市,中央町20-8,一番街ｱｰｹｰﾄﾞ内,099-206-7880
3867,㈱FREEDOM,947-0028,新潟県小千谷市,城内2丁目10-31,城川ﾋﾞﾙ3F,0258-82-2244
3868,㈱東海互助会,441-8051,愛知県豊橋市,柱四番町14-1,,0532-47-1118
3869,㈲渡辺ミシン商会,970-8026,福島県いわき市,平字堤ノ内13-4,,0246-25-3401
3870,十字屋刺繍㈲,670-0882,兵庫県姫路市,広峰1-7-22,,079-281-0550
3871,㈱ところ,501-0619,岐阜県揖斐郡揖斐川町,三輪907,,0585-22-1044
3872,水崎 航二郎,822-0031,福岡県直方市,植木1059-6,,0949-22-3576
3873,上田 十三雄,949-8526,新潟県十日町市,新宮乙174-7,,025-758-2416
3874,板妻ランドリー,412-0048,静岡県御殿場市,板妻170,,0550-89-1543
3875,㈱アトリエセゾン,150-0001,東京都渋谷区,神宮前3-15-17,,03-3796-7005
3876,㈲岡山総合機材センター,700-0965,岡山県岡山市北区,西長瀬74-1,,086-244-8737
3877,㈱Ａｙｌｉｎａ,801-0841,福岡県北九州市門司区,西海岸1丁目3-3,関門海峡ﾐｭｰｼﾞｱﾑ5F,093-600-4117
3878,ウエディングパレス㈱美鳳,319-1552,茨城県北茨城市,中郷町足洗海岸375,,0293-42-0700
3879,㈱イーアドバンス,101-0047,東京都千代田区,内神田1-15-16,松本ﾋﾞﾙ3F,03-5577-6341
3880,㈱たけなか,673-0433,兵庫県三木市,福井3-3-15,,0794-83-6712
3881,㈱三機厨房,309-1736,茨城県笠間市,八雲2-10-5,,0296-77-8252
3882,㈱アサショウ 本社,830-0027,福岡県久留米市,長門石4-3-5,,0942-32-6762
3883,㈱アサショウ 北九州営業所,802-0802,福岡県北九州市小倉南区,城野4-5-53,,093-952-6373
3884,㈱アサショウ 長崎営業所,851-2105,長崎県西彼杵郡時津町,浦郷307-14,,095-882-1586
3885,㈱アサショウ 熊本営業所,861-8037,熊本県熊本市東区,長嶺西1-13-3,,096-383-4888
3886,㈱アサショウ 大分営業所,870-0108,大分県大分市,三佐1-12-3,,097-522-1077
3887,㈱アサショウ 日田営業所,877-1231,大分県日田市,財津町2935,,0973-24-9873
3888,㈱アサショウ 延岡営業所,882-0063,宮崎県延岡市,古川町554-2,,0982-33-2037
3889,㈱アサショウ 宮崎営業所,880-0043,宮崎県宮崎市,上北方186-3,,0985-61-3665
3890,㈱アサショウ 東京営業所,134-0083,東京都江戸川区,中葛西7-18-3,ｺｰｽﾀﾙﾄｸﾗ103,03-6663-9117
3891,㈱アサショウ 広島営業所,739-0321,広島県広島市安芸区,中野5丁目13-15,,082-892-9870
3892,石倉クリーニング,519-3204,三重県北牟婁郡紀北町,紀伊長島区東長島1823-1,,05974-7-3565
3893,㈲マルシゲ繊維,417-0061,静岡県富士市,伝法2576-1,,0545-52-7016
3894,㈲イマイ加工所,503-2402,岐阜県揖斐郡池田町,粕ケ原1326,,0585-45-3127
3895,エスポワール,655-0873,兵庫県神戸市垂水区,青山台3-2-14,,078-752-8278
3896,樋本 千恵,768-0103,香川県三豊市,山本町財田西857-5,,090-4970-9742
3897,はせがわクリーニング,606-8316,京都府京都市左京区,吉田二本松町30-3,,075-761-7935
3898,㈱イマイ,790-0047,愛媛県松山市,余戸南6-5-8,,089-971-5115
3899,ハラダ商事㈱,701-1145,岡山県岡山市北区,横井上1532-3,,086-294-4500
3900,㈲中山クリーニング,995-0021,山形県村山市,楯岡楯1-7,,023-753-2313
3901,㈱鈴屋 宇都宮店,321-0972,栃木県宇都宮市,下川俣町105-1,,028-683-3036
3902,㈱紺文,510-0822,三重県四日市市,芝田1-6-2,,059-340-8180
3903,㈱フォトオフィスオーツー,943-0171,新潟県上越市,藤野新田336-1-2,,025-520-8181
3904,千歳屋,157-0072,東京都世田谷区,祖師谷3-28-1,,03-3482-0039
3905,㈲フジヤ商会,562-0025,大阪府箕面市,粟生外院2-3-26,,072-728-3470
3906,多田　麗子,537-0012,大阪府大阪市東成区,大今里3-20-22,H20今里901,06-6981-1351
3907,馬場 元成,183-0045,東京都府中市,美好町3-9-2,ｸﾞﾚｲｽｳﾞｨﾗ401,090-5342-5874
3908,㈱ドリームカムトゥルー企画,222-0033,神奈川県横浜市港北区,新横浜3-23-8,,045-471-2210
3909,㈱大和商会,922-0033,石川県加賀市,大聖寺法華坊町15-7,,0761-73-2223
3910,㈱MJワークス,130-0026,東京都墨田区,両国4-8-10,MYSﾋﾞﾙ1階,03-6659-2882
3911,㈱バリューインフィニティ,279-0032,千葉県浦安市,千鳥12,ﾄﾗｲﾈｯﾄﾛｼﾞｽﾃｨｯｸｽ舞浜ｾﾝﾀｰ4F,047-316-5030
3912,本多メリヤス㈱,491-0934,愛知県一宮市,大和町苅安賀字山王128,,0586-44-2727
3913,ホワイト急便 浦和第二工場,338-0823,埼玉県さいたま市桜区,栄和1-9-30,,048-855-8988
3914,㈱北信工業,124-0025,東京都葛飾区,西新小岩1-3-4,ｼﾃｨﾊｲﾂ新小岩901,03-3696-0981
3915,㈲ティーズ コーポレーション,731-0123,広島県広島市安佐南区,古市2-16-1,,082-870-5051
3916,㈱浅祐 浅野弘勝,954-0053,新潟県見附市,本町1-3-38,,0258-62-0642
3917,エムシイー㈱,520-2342,滋賀県野洲市,野洲1444-3,,077-586-0669
3918,㈱カワクボ,194-0215,東京都町田市,小山ケ丘2-1-6,DLC内 3F,042-794-8021
3919,㈱コカジﾞ,562-0035,大阪府箕面市,船場東1-9-32,,072-726-5225
3920,東和通商㈱,110-8586,東京都台東区,台東1-11-3,,03-3833-7171
3921,産業資材販売㈱,613-0023,京都府久世郡久御山町,野村村東109-1,,075-631-5300
3922,Cubic Effect Management㈱,547-0001,大阪府大阪市平野区,加美北9-7-12,,06-6777-4501
3923,赤石 茂敏,063-0003,北海道札幌市西区,山の手三条2-4-18,圓ﾊｲﾂ203号,090-1527-5897
3924,㈲赤坂プレス,271-0051,千葉県松戸市,馬橋1923-20,,047-344-7728
3925,プリマヴェーラ新潟,950-0911,新潟県新潟市中央区,笹口3-25,ﾀﾞｲﾔﾓﾝﾄﾞﾊｲﾂ笹口1F,025-250-5212
3926,㈱ジャヴァコーポレーション,650-0046,兵庫県神戸市中央区,港島中町6-8-2,,078-302-6882
3927,㈱オール･セインツ ウエディング,963-8811,福島県郡山市,方八町2-2-11,,024-941-1015
3928,きもの和祥布,946-0011,新潟県魚沼市,小出島124-102,,025-792-5766
3929,㈱埼玉ユニフォーム,338-0832,埼玉県さいたま市桜区,西堀9-13-14,,048-851-5111
3930,㈱二条丸八 メンテナンス事業部,619-0223,京都府木津川市,相楽台3-1-5,,0774-73-1016
3931,"AN PHUOC CO.,LTD",103-0007,東京都中央区,日本橋浜町3-35-5,ｵﾌｨｽ30 502号,03-6661-6845
3932,平野商店,240-0116,神奈川県三浦郡葉山町,下山口1060-3,,090-1609-6742
3933,㈱ザ･トリート･ドレッシング,107-0062,東京都港区,南青山5-3-18,Blue Cinq Point C-1,03-5467-7155
3934,㈲COZY,558-0054,大阪府大阪市住吉区,帝塚山東3-11-9,,06-6672-6813
3935,㈱ファッションコラボ*禁,279-0032,千葉県浦安市,千鳥12,ﾄﾗｲﾈｯﾄﾛｼﾞｽﾃｨｯｸｽ舞浜ｾﾝﾀｰ4F,047-316-5030
3936,㈲牟田商会,816-0932,福岡県大野城市,瓦田4-8-1,,092-581-6957
3937,㈱エヴァーズ,870-0009,大分県大分市,王子町32,,097-536-5566
3939,ふじ屋呉服美整 深石 正,384-0801,長野県小諸市,甲1236-17,,0267-25-4781
3940,㈱大喜商会 経理課,544-0001,大阪府大阪市生野区,新今里3-18-19,,06-6751-1561
3941,テクニカルシステムナリテック,030-0145,青森県青森市,金浜字伊吹84,,017-729-8270
3942,伏見織物加工㈱,612-8244,京都府京都市伏見区,横大路千両松町136,,075-621-3192
3943,アイナックス稲本㈱,331-0812,埼玉県さいたま市北区,宮原町1-586,,048-661-1115
3944,㈱117 飾磨大和会館,672-8064,兵庫県姫路市,飾磨区細江2713,,079-234-5969
3945,双葉化学㈱,104-0044,東京都中央区,明石町11-6,加健築地ﾋﾞﾙ,03-3545-3531
3946,㈱ハドソン,481-0038,愛知県北名古屋市,徳重吉駅62-1,,0568-23-5703
3947,㈱元井機材商会,430-0942,静岡県浜松市中区,元浜町384,,053-471-1827
3948,上田機料㈱,920-0855,石川県金沢市,武蔵町5-10,,076-221-4195
3949,北陸精染㈱,919-0477,福井県坂井市,春江町田端2-34,,0776-51-1724
3950,江原産業㈱ 福島工場,969-4101,福島県喜多方市,山都町小舟寺字中條乙471,,0241-38-3311
3951,江原産業㈱ 本社,361-0073,埼玉県行田市,行田11-12,,048-554-1135
3952,㈱アメリ,460-0008,愛知県名古屋市中区,栄4-6-1,ﾍﾞｽﾄｳｴｽﾀﾝﾎﾃﾙ 3F,052-269-3188
3953,㈱ラビアンローゼ,460-0002,愛知県名古屋市中区,丸の内3-17-13,いちご丸の内ﾋﾞﾙ 2F,052-950-5015
3954,スタジオきもの館,757-0001,山口県山陽小野田市,大字厚狭449-11,,0836-73-1344
3955,㈲冨士教材,920-0043,石川県金沢市,長田2-23-20,,076-231-0834
3956,㈱山下,941-0057,新潟県糸魚川市,南寺町1-10-3,,025-552-6442
3957,ブライダルサロンみや美,395-0023,長野県飯田市,江戸浜町3656-1,,0265-23-1637
3958,チャコット㈱ 上田物流センター,386-1106,長野県上田市,小泉794-5,,0268-28-6311
3959,㈱ザ･トリート･ドレッシング,140-0002,東京都品川区,東品川1-2-5,ﾘﾊﾞｰｻｲﾄﾞ品川港南ﾋﾞﾙ2F,080-6263-4112
3960,㈱ザ･トリート･ドレッシング,530-0001,大阪府大阪市北区,梅田2-5-25,,06-6345-4800
3961,着物クリーニング㈱,662-0047,兵庫県西宮市,寿町5-26,,0798-42-7764
3962,アイ･ケイ･ケイ㈱ 佐世保,857-0855,長崎県佐世保市,新港町4-1,,0956-42-0056
3963,㈲ヤングドライ高岡 緑支店,458-0801,愛知県名古屋市緑区,鳴海町字杜若32-3,,052-891-3955
3964,㈱ヤングドライ滋賀 草津支店,525-0041,滋賀県草津市,青地町692-18,,077-569-5850
3965,㈱鈴屋 会津店,965-0833,福島県会津若松市,明和町7-3,,0242-29-3280
3966,カラードホワイト㈱,108-0071,東京都港区,白金台5-3-7,2F,03-5422-8701
3967,㈱ジャムコ,981-1251,宮城県名取市,愛島台7-101-36,,022-784-1570
3968,㈲タックユアーズ,020-0661,岩手県滝沢市,鵜飼白石52-7,,019-687-6233
3969,㈱ニッセイ広島,731-5100,広島県広島市佐伯区,湯来町大字伏容137-45,,0829-86-2162
3970,フェリーチェマツエダ,980-0011,宮城県仙台市青葉区,上杉5-3-36,第3勝山ﾋﾞﾙ,022-268-5331
3971,㈱旅館ランドリー,212-0057,神奈川県川崎市幸区,北加瀬3-21-10,,044-588-0481
3972,㈲ケーティーシー,739-1752,広島県広島市安佐北区,上深川町1300-1,,082-844-1631
3973,記祥織物㈱,954-0055,新潟県見附市,嶺崎1-9-17,,0258-62-3119
3974,万葉ドライクリーニング,933-0123,富山県高岡市,伏木矢田4-28,,0766-44-6454
3975,広洋化学工業㈱,737-0045,広島県呉市,本通6-1-21,,0823-21-5468
3976,レンタルブティックYOU,870-0013,大分県大分市,浜町東1-1,,097-538-5339
3977,㈱平安閣,491-0862,愛知県一宮市,緑4-1-2,,0586-23-2768
3978,㈱サンワプリント,340-0835,埼玉県八潮市,浮塚457,,048-997-3521
3979,株式会社ジョイフルまるやま,190-0015,東京都立川市,泉町935-1,2F衣裳室,042-540-1600
3980,㈱日紋,948-0056,新潟県十日町市,高田町六丁目,,025-757-4100
3981,ファイブシーズン中野衣裳室,383-0015,長野県中野市,吉田1055,ﾎﾃﾙ国際21THE FIVE SEASONS中野,0269-26-7855
3982,㈱シーエフ 設備メンテナンス部,151-0071,東京都渋谷区,本町3-14-3,松尾ビル2階,03-5354-7633
3983,沖縄ワタベウェディング㈱,903-0123,沖縄県中頭郡西原町,字津花波431,,098-946-5555
3984,㈱セリアコーポレーション,114-8539,東京都北区,東田端2-4-4,,03-3800-3911
3985,㈲アートマーケット,065-0026,北海道札幌市東区,北二十六条東3-2-1,さくらビル1F,011-741-4859
3986,㈱日本セレモニー,980-0803,宮城県仙台市青葉区,国分町3-1-11,定禅寺通りｽｸｴｱﾋﾞﾙ5F,022-722-7488
3987,ダイヤ工業㈱,701-0203,岡山県岡山市南区,古新田1125,,086-282-1245
3988,㈲ごとうクリーニング,486-0927,愛知県春日井市,柏井町3-35,,0568-84-1082
3989,㈱フォーシスアンドカンパニー*名古屋へ,460-0007,愛知県名古屋市中区,新栄1-5-8,広小路ｱｸｱﾌﾟﾚｲｽ11F,052-526-0050
3990,㈱博新堂,065-0020,北海道札幌市東区,北二十条東20-3-8,,011-783-5116
3991,フクシマガリレイ㈱,243-0004,神奈川県厚木市,水引1-14-3,,046-297-7577
3992,リレーションズ㈱,150-0001,東京都渋谷区,神宮前3-7-5,青山MSﾋﾞﾙ9F,03-6434-9752
3993,㈱アサヒ製作所 南関東営業所,244-0815,神奈川県横浜市戸塚区,下倉田町688,ｶｰｻ688 2F,045-443-8671
3994,㈱加賀商会,702-8026,岡山県岡山市南区,浦安本町65-14,,086-230-6275
3995,㈱ヤマサワプレス,121-0061,東京都足立区,花畑1-8-15,,03-5242-8377
3996,㈲有美,379-2311,群馬県みどり市,笠懸町阿左美768-5,,0277-77-0791
3997,㈱フォーシスアンドカンパニー,430-0929,静岡県浜松市中区,中央1-15-1,ｸﾞﾗﾝﾒｿﾞﾝ浜松2F,053-455-6600
3998,クリーニング ワコー,480-1325,愛知県長久手市,杁ケ根783,,0561-62-2293
3999,三京染織,830-0003,福岡県久留米市,東櫛原町2207-4,,0942-32-7534
4000,キモノギャラリーまるやま,454-0927,愛知県名古屋市中川区,打中1-246,,052-362-6822
4001,㈱ジイプリモ,502-0916,岐阜県岐阜市,西中島4-2-12,,058-210-0061
4002,角南被服㈲ 箕島工場,701-0206,岡山県岡山市南区,箕島225-3,,086-482-2828
4003,(協)フジタカ繊維,794-0026,愛媛県今治市,別宮町3-5-16,,0898-32-5100
4004,㈲ニーザム,348-0026,埼玉県羽生市,下羽生1002-5,,048-563-0671
4005,㈱互助センター友の会,170-0004,東京都豊島区,北大塚2-3-16,,
4006,㈱マツオカトレーディング,720-0805,広島県福山市,御門町1-3-24,,084-922-6886
4007,三ヶ根運輸㈲ 金平倉庫,443-0102,愛知県蒲郡市,金平町八合7-1,,0533-95-2210
4008,レンタル&フォトスタジオ カクタス,920-0921,石川県金沢市,材木町25-16,,076-254-0488
4009,トキワ,319-3552,茨城県久慈郡大子町,矢田1456,,0295-72-2810
4010,紺五クリーニング,511-0054,三重県桑名市,西鍋屋町21,,0594-22-2232
4011,イッツ川崎店,,神奈川県川崎市,,,
4012,ブライズビレッジ㈱,460-0003,愛知県名古屋市中区,錦1-18-24,,052-218-2515
4013,bsコンシェルジュ,850-0035,長崎県長崎市,元船町15-3,長洋ﾋﾞﾙ3.4階,095-895-8787
4014,㈱ワイケーエス･マツヤ,764-0034,香川県仲多度郡多度津町,山階300,,0877-32-2757
4015,ししゅう工房 SAITOH,376-0013,群馬県桐生市,広沢町5-1742-7,,0277-52-2441
4016,丸二物流㈱ 善根寺営業所,579-8001,大阪府東大阪市,善根寺町4-8-3,,072-985-3881
4017,㈲メゾン,113-0021,東京都文京区,本駒込2-27-14,,03-5319-4230
4018,㈱ジョイフ恵利,530-0002,大阪府大阪市北区,曽根崎新地1-4-10,銀泉桜橋ﾋﾞﾙ 8F,06-6343-7811
4019,㈱フォーシスアンドカンパニー,444-0037,愛知県岡崎市,祐金町125,ｼﾞﾌﾞﾗﾙﾀ生命岡崎ﾋﾞﾙ1F,0564-23-0030
4020,松岡㈱ 村山工場,995-0042,山形県村山市,杉島字前田175-1,,0237-55-2306
4021,タクミホールディングス㈱,985-0001,宮城県塩竈市,新浜町2-9-8,,022-363-2971
4022,(合)セラマジィ,107-0061,東京都港区,北青山3-6-16,表参道ｻﾝｹｲﾋﾞﾙ７階,03-6418-9927
4023,㈱名護パイン園グループ,905-0406,沖縄県国頭郡今帰仁村,古宇利538,,0980-56-1616
4024,㈱ドルマン 本社,538-0052,大阪府大阪市鶴見区,横堤5-13-28,,06-4257-2220
4025,㈲ワカマツクリーニング,264-0021,千葉県千葉市若葉区,若松町432-11,,043-231-6478
4026,㈱ウイングスインターナショナル,983-0043,宮城県仙台市宮城野区,萩野町4-1-40,,022-231-8621
4027,フジキュウ服装㈱,574-0015,大阪府大東市,野崎4-11-8,,072-879-1666
4028,㈱ヒラトヤブライダルファッション,020-0831,岩手県盛岡市,三本柳7-27-1,,019-637-3555
4029,㈱オータニ礼服,532-0033,大阪府大阪市淀川区,新高3-2-27,,06-6395-3036
4030,㈱フォーシスアンドカンパニー,460-0023,愛知県名古屋市中区,金山町1-1-1,ANAｸﾗｳﾝﾌﾟﾗｻﾞﾎﾃﾙｸﾞﾗﾝｺｰﾄ名古屋4F,052-678-6644
4031,㈱鈴屋 郡山店,963-0204,福島県郡山市,土瓜1-235,,024-962-1145
4032,JAさがえ 西村山大江支所,990-1101,山形県西村山郡大江町,左沢887-1,,023-762-3211
4033,清洋舎ドライ,910-0016,福井県福井市,大宮3-8-3,,0776-23-2219
4034,㈱あさだ,284-0003,千葉県四街道市,鹿渡933,ｻﾝﾛｰｽﾞ1F,043-420-8188
4035,(合)あさだ,975-0037,福島県南相馬市,原町区北原大塚179-3,,0244-22-6055
4036,㈲三和クリーニング,468-0066,愛知県名古屋市天白区,元八事2-105,,052-834-3366
4037,蒲田中央電業㈱,144-0052,東京都大田区,蒲田4-43-15,,03-3732-7761
4038,㈱小野写真館,224-0037,神奈川県横浜市都筑区,茅ヶ崎南4-1-32,,045-530-4145
4039,"AN PHUOC CO.,LTD 東京事務所",103-0007,東京都中央区,日本橋浜町3-35-5-502,,03-6661-9845
4040,あいてむ,501-0216,岐阜県瑞穂市,生津天王町1-20-1,,058-327-7983
4041,ブライダルハウス,998-0859,山形県酒田市,大町8-18,,0234-26-2572
4042,福井大学 財務部財務課,910-8507,福井県福井市,文京3-9-1,,0776-27-8875
4043,㈲エムズ･テクニカル･サービス,332-0004,埼玉県川口市,領家3-13-6,,048-290-8955
4044,クリーニング シラギク,502-0939,岐阜県岐阜市,則武西1-2-2,,058-294-7677
4045,㈱ビクター特販,561-0843,大阪府豊中市,上津島2-18-20,,06-6863-3666
4046,㈱ノア,604-8142,京都府京都市中京区,西魚屋町619-1,,075-223-0255
4047,㈱ジョイフル恵利船橋,273-0005,千葉県船橋市,本町6-4-28,竹内ﾋﾞﾙ7F,047-423-0087
4048,㈱桑原 岐阜羽島工場,501-6232,岐阜県羽島市,竹鼻町狐穴小堤1114番地1,,058-322-6477
4049,㈱小野写真館,231-0839,神奈川県横浜市中区,仲尾台7,,045-628-2750
4050,㈱協和商事,921-8805,石川県野々市市,稲荷2-237,,076-246-5002
4051,株式会社　清心,376-0007,群馬県桐生市,浜松町2-4-21,,0277-47-7533
4052,長江 基嗣,130-0026,東京都墨田区,両国2-10-6,,090-6512-1637
4053,㈱ワールド･エム,574-0064,大阪府大東市,御領2-1-26,,072-874-9126
4054,㈱御園座,460-8403,愛知県名古屋市中区,栄1-6-14,,052-222-8300
4055,㈱協和,370-3521,群馬県高崎市,棟高町957-1,,027-373-0270
4056,㈱アスピカ はくれん福井,910-0017,福井県福井市,文京7-1-1,,0776-25-8933
4057,㈱めい美,674-0058,兵庫県明石市,大久保町駅前2-2-17,,078-934-1515
4058,高瀬 聡介,567-0051,大阪府茨木市,宿久庄4-21-41,,090-6752-4801
4059,翠宝商事㈱,710-0045,岡山県倉敷市,船倉町1287-4,,086-425-4040
4060,ﾄｰﾀﾙﾌｫﾄｽﾀｼﾞｵ　ｼﾝﾃﾞﾚﾗ　　ｵﾘ,345-0036,埼玉県北葛飾郡杉戸町,杉戸2-10-23,,0480-34-3430
4061,陸上自衛隊 関東補給処 松戸支処,270-2213,千葉県松戸市,五香六実17,,047-387-2171
4062,㈲SEALS,116-0012,東京都荒川区,東尾久2-20-16,,03-5692-2720
4063,きもの365㈱,370-3522,群馬県高崎市,菅谷町20-253,,027-373-5503
4064,未来スクリーン,517-0013,三重県鳥羽市,屋内町13-7,,0599-26-3986
4065,アサヒテクニクス㈲,111-0041,東京都台東区,元浅草3-1-7,五十嵐ﾋﾞﾙ,03-3847-4416
4066,千代田㈱,399-4301,長野県上伊那郡宮田村,5147,,0265-85-4050
4067,㈱ベベ,650-0046,兵庫県神戸市中央区,港島中町6-8-2,,078-303-1616
4068,㈱フォーシスアンドカンパニー,515-0011,三重県松阪市,高町505,華王殿内,0598-31-1820
4069,クリーニングのオーク,420-0847,静岡県静岡市葵区,西千代田町6-23,,054-245-3039
4070,お多福クリーニング,855-0834,長崎県島原市,八幡町7612,,0957-62-4125
4071,CORSO ゆかり屋,737-0051,広島県呉市,中央1-1-1,呉阪急ホテル2F,0823-25-8830
4072,しみぬき屋,284-0024,千葉県四街道市,旭ケ丘4-22-11,,043-432-1237
4073,田中繊維㈱,675-0047,兵庫県加古川市,西神吉町鼎123-1,,079-432-2931
4074,㈱レジュイール,106-0047,東京都港区,南麻布1-5-18,FRﾋﾞﾙ,03-5730-7973
4075,㈲横尾商会,169-0074,東京都新宿区,北新宿1-15-2,,03-3369-6941
4076,八木橋貸衣裳店　　　　ｵﾘ,374-0025,群馬県館林市,緑町2-21-7,,0276-72-3565
4077,ワタベウエディング㈱,602-8011,京都府京都市上京区,桜鶴円町361,京都本店3階,075-415-4115
4078,㈱スエヒロテクノ,494-0008,愛知県一宮市,東五城字南田尾54,,0586-85-8536
4079,㈱シップス シップスコントロール,135-0062,東京都江東区,東雲1-1-10,,03-6679-9313
4080,フェニックスプロ㈱,591-8022,大阪府堺市北区,金岡町813-1,,072-253-2728
4081,㈲庄原ミシン商会,690-0015,島根県松江市,上乃木4-31-15,,0852-23-9587
4082,伊藤クリーニング,509-6361,岐阜県瑞浪市,陶町猿爪406-5,,0572-65-2946
4083,沖縄ワタベウェディング㈱,904-0328,沖縄県中頭郡読谷村,宇座675,,098-921-6377
4084,伊師 雅人,182-0013,東京都調布市,深大寺南町5-36-12,,070-5025-5514
4085,森村商事㈱ 名古屋支店,450-0003,愛知県名古屋市中村区,名駅南1-16-30,東海ﾋﾞﾙ 9F,052-541-2141
4086,古都小町,708-0832,岡山県津山市,東新町53,,090-8241-1951
4087,三菱商事ファッション㈱,150-0013,東京都渋谷区,恵比寿4-3-14,恵比寿SSﾋﾞﾙ 8F,03-6757-2961
4088,クラブ　プリヴェ*禁,107-0062,東京都港区,南青山2-11-17,第一法規ﾋﾞﾙ 1F,03-3470-0302
4089,ＳＧ㈱,460-0003,愛知県名古屋市中区,錦3-2-32,錦ｱｸｼｽﾋﾞﾙ 8F,052-253-6168
4090,JUKI販売㈱ 秋田営業所,010-1423,秋田県秋田市,仁井田中谷地118-1,,018-874-7960
4091,㈲佐々木ミシン商会,796-0071,愛媛県八幡浜市,新町5-310,,0894-22-2580
4092,㈱サーヴォ,348-0026,埼玉県羽生市,下羽生1073-1,,070-6911-6787
4093,㈱ＶＣモードプロジェクト,151-0051,東京都渋谷区,千駄ヶ谷1-7-8,千駄ヶ谷尾澤ﾋﾞﾙ 3F,03-5413-1840
4094,㈱池田写真事務所　　　ｵﾘ,308-0021,茨城県筑西市,甲847,,
4095,㈱ベルコ,541-0056,大阪府大阪市中央区,久太郎町3-5-27,BLCﾋﾞﾙ 4F,080-5780-8869
4096,ファーストメンテナンス㈱,136-0071,東京都江東区,亀戸4-52-10,,03-5875-1454
4097,森田刺繍店,670-0873,兵庫県姫路市,八代東光寺町9-18,,079-281-1831
4098,㈲岩滝織物,629-2262,京都府与謝郡与謝野町,岩滝356,,0772-46-3741
4099,㈲小野産業 岐阜支店,501-0236,岐阜県瑞穂市,本田850-1,ｼﾞｰｴﾌ㈱岐阜支店内,058-327-2584
4100,カジハラ カツノリ,856-0035,長崎県大村市,武部町61-1,ｸｼﾏ団地 D103,0957-52-6133
4101,沖縄ワタベウェディング㈱,900-0006,沖縄県那覇市,おもろまち4-19-39,グランドテラス新都心 1F,098-993-0055
4102,㈱鈴屋 大田原店,324-0047,栃木県大田原市,美原1-3106,,0287-23-8833
4103,㈱フォーシスアンドカンパニー,500-8175,岐阜県岐阜市,長住町9-11,TANAKAﾋﾞﾙ 4F,058-252-3126
4104,京都屋,503-0017,岐阜県大垣市,中川町1-1047,,0584-81-6460
4105,㈲カインドプランニングルーム,330-0063,埼玉県さいたま市浦和区,高砂3-6-17,2F,
4106,㈲巨洋物産 Marsha K,102-0094,東京都千代田区,紀尾井町3-29,紀尾井町ﾛｲﾔﾙﾊｲﾂ701,03-6883-9736
4107,㈱コンセック 福山営業所,721-0952,広島県福山市,曙町6-4-8,,084-953-3988
4108,㈱ドリームバンク,184-0004,東京都小金井市,本町5-11-7,KIﾒｲﾝﾋﾞﾙ4階5階,042-388-0765
4109,絹工房 なかじ,861-4225,熊本県熊本市南区,城南町東阿高1783-25,,0964-28-6913
4110,きものリサイクル&ギャラリー 楓,005-0850,北海道札幌市南区,石山東2-9-65,,011-556-2697
4111,㈱夢工房 あだち,616-8186,京都府京都市右京区,太秦堀池町52-11,,075-882-3904
4112,㈱内本商會,551-0002,大阪府大阪市大正区,三軒家東2-11-36,,06-6554-5000
4113,㈱アスピカ,915-0804,福井県越前市,新保町30-43-2,,0778-24-2282
4114,大橋 信次,570-0034,大阪府守口市,西郷通3-5-14,,06-6996-0341
4115,㈲泉商会,253-0103,神奈川県高座郡寒川町,小谷1-4-1,,0467-75-0233
4116,㈱ヒラトヤブライダルファッション,010-8530,秋田県秋田市,中通7-2-1,ﾎﾃﾙﾒﾄﾛﾎﾟﾘﾀﾝ秋田 4F,018-833-8395
4117,㈱セラ,550-0014,大阪府大阪市西区,北堀江2-17-9,,06-6543-7339
4118,㈱イノウエ,373-0847,群馬県太田市,西新町12-4,,0276-33-7131
4119,㈲藍や,810-0045,福岡県福岡市中央区,草香江1-9-23,,092-739-8722
4120,サンヨー･インダストリー㈱,960-8252,福島県福島市,御山字中川原92,,024-535-2361
4121,トヨタL&F栃木 ㈱,322-0026,栃木県鹿沼市,茂呂2618-2,,0289-65-7070
4122,ラクナ油脂㈱ 川越事業所,350-1179,埼玉県川越市,かし野台2-14-2,,049-256-7960
4123,羽田調帯㈱ 本社,101-0032,東京都千代田区,岩本町1-9-5,,03-3864-2461
4124,大和物産㈱ 本社,450-0003,愛知県名古屋市中村区,名駅南2-10-25,名駅南ﾋﾞﾙ1F,052-582-8821
4125,㈲ツルヤ 本社,030-0113,青森県青森市,第二問屋町2-8-28,,017-739-2657
4126,櫻井洗機,121-0054,東京都足立区,辰沼2-13-22,,03-3629-4334
4127,㈱プラスダブルユニット,372-0841,群馬県伊勢崎市,大正寺町115,,0270-75-5850
4128,三菱商事ファッション㈱,108-0023,東京都港区,芝浦3-16-16,住友不動産田町ﾋﾞﾙ東館,080-1452-8544
4129,アイ･ケイ･ケイ㈱ 岡崎,444-0834,愛知県岡崎市,柱町字下荒子17-1,,0564-57-8177
4130,㈲ヒラリス,910-3402,福井県福井市,鮎川町95-29-1,,0776-88-2202
4131,小林刺繍,677-0052,兵庫県西脇市,和田町836,,0795-23-7776
4132,日本色素販売㈱,103-0012,東京都中央区,日本橋堀留町1-2-1,,03-3663-6971
4133,三菱商事ファッション㈱,150-0013,東京都渋谷区,恵比寿4-3-14,恵比寿SSﾋﾞﾙ,03-6757-3040
4134,グリーンウッズ 山岸 正弘,188-0011,東京都西東京市,田無町7-2-2-105,,090-3313-8616
4135,㈱新菱 由利本荘営業所,015-0873,秋田県由利本荘市,鶴沼28-1-103,,0184-74-8277
4136,田中 悠生,276-0046,千葉県八千代市,大和田新田46-2,ｴｸｾﾙ緑ヶ丘103,070-2618-0109
4137,㈱トイボックス 本社,329-4307,栃木県栃木市,岩舟町静1158-1,,090-1043-0149
4138,かざまクリーニング,300-0053,茨城県土浦市,真鍋新町16-27,,029-895-4429
4139,菱屋㈲,578-0905,大阪府東大阪市,川田2-5-19,,072-965-2080
4140,㈱キャンバス*禁,389-0505,長野県東御市,和1405-1,,0268-64-8600
4141,湊魚問屋㈲,238-0243,神奈川県三浦市,三崎5-2-12,,046-882-3515
4142,㈱東京洗染機械製作所 札幌支店,003-0022,北海道札幌市白石区,南郷通１丁目南7-14,北基ﾋﾞﾙ2階,011-865-1222
4143,㈱Ａｙｌｉｎａ 本社,810-0004,福岡県福岡市中央区,渡辺通り4-1-36,BiVi福岡4F,092-717-1850
4144,キャンディ㈱,987-0601,宮城県登米市,中田町石森字野元171,,0220-35-3231
4145,モリノブライズ㈱,210-0005,神奈川県川崎市川崎区,東田町8,,044-233-5180
4146,田上 進矢,335-0021,埼玉県戸田市,新曽2196-1,ﾐﾗｰｼﾞｭｶﾞｰﾃﾞﾝ806,090-1126-1441
4147,カイハラ産業㈱ 吉舎工場,729-4206,広島県三次市,吉舎町矢井10428-1,,0824-43-2953
4148,ブライダルサロン みや美　　ｵﾘ,395-0023,長野県飯田市,江戸浜町3656-1,,0265-23-1637
4149,丸金繊維㈱,916-0083,福井県鯖江市,石田上町24-23,,0778-52-1540
4150,アイ･ケイ･ケイ㈱ 大阪支店,540-0002,大阪府大阪市中央区,大阪城3-1,2F,06-6945-0022
4151,㈱ブルーミングSdressing,411-0933,静岡県駿東郡長泉町,納米里206,ﾈｸｻｽｳﾂｷﾋﾞﾙ201,055-989-5006
4152,イシワラ㈱,924-0828,石川県白山市,上二口町60,,076-276-0025
4153,㈱マックス,542-0081,大阪府大阪市中央区,南船場4-2-18,佐野屋桶ﾋﾞﾙ,06-6252-0779
4154,名川繊商㈱,151-0051,東京都渋谷区,千駄ヶ谷5-3-12,K&Kﾋﾞﾙ 4F,03-5919-2405
4155,株式会社　平安閣　*禁,491-0072,愛知県一宮市,中島通5-11,,0586-85-5377
4156,漆崎機業場,918-8166,福井県福井市,主計中町111-7-3,,0776-38-1502
4157,青島クリーニング,426-0046,静岡県藤枝市,高洲17-1,,054-635-0289
4158,㈱ベルソフィア,441-8069,愛知県豊橋市,潮崎町53,,0532-38-7411
4159,㈱ノバレーゼ 神戸商品管理,655-0886,兵庫県神戸市垂水区,東垂水1-7-7,,080-3215-3202
4160,㈱ジョイフルまるやま,150-0001,東京都渋谷区,神宮前6-12-23 原宿山田ﾋﾞﾙ 2階,ﾄﾞﾚｽﾍﾞﾈﾃﾞｨﾀ 表参道店,03-6451-1471
4161,㈲ホープクリーニング,572-0824,大阪府寝屋川市,萱島東3-30-11,,072-823-8282
4162,㈲染織･美整 中村,780-0914,高知県高知市,宝町2-16,,088-872-8083
4163,㈲ヤングドライ四つ葉 富山西支店,930-0864,富山県富山市,羽根流割105-3,,076-481-6240
4164,その他(現金売),,,,,
4165,㈱FRONT 第二倉庫,272-0801,千葉県市川市,大町259,,047-393-8418
4167,㈱フレームワークス,422-8067,静岡県静岡市駿河区,南町14-25,ｴｽﾊﾟﾃｨｵ7F,054-286-5411
4168,一般社団法人,624-0945,京都府舞鶴市,喜多1105番1,舞鶴21ﾋﾞﾙ内,
4169,㈱フレームワークス 東京本部,101-0035,東京都千代田区,神田紺屋町8,ｱｾﾝﾄﾞ神田紺屋町2F,03-5297-3155
4170,静谷製絲㈱,518-0825,三重県伊賀市,小田町1687-2,,0595-21-8899
4171,㈱エアークローゼット,107-0062,東京都港区,南青山3-1-31,NBF南青山ﾋﾞﾙ5F,03-6452-8654
4172,クリーンサポート上高,354-0022,埼玉県富士見市,山室2-17-15,,090-8317-6702
4173,㈱丸茂繊維,453-0046,愛知県名古屋市中村区,道下町1-31,,052-481-6541
4174,久保　洋子,771-5207,徳島県那賀郡那賀町,阿井片山3,,090-7570-5018
4175,グッドヒル㈱,680-0864,鳥取県鳥取市,吉成2丁目14-21,物流検品ｾﾝﾀｰ,0857-21-5000
4176,㈱ベルモニ,781-0083,高知県高知市,北御座6-21,,088-880-1188
4177,㈱厚木プレニカ,243-0807,神奈川県厚木市,金田666番地,,046-221-7886
4178,㈱アンテリーベ 銀座店,104-0061,東京都中央区,銀座5丁目12-6,CURA GINZA 3F,03-3569-0370
4179,㈱鈴木,910-1133,福井県吉田郡永平寺町,松岡春日1-24,,0776-61-0244
4180,ワタベウエディング㈱,231-0023,神奈川県横浜市中区,山下町16,ﾎﾃﾙﾒﾙﾊﾟﾙｸ横浜1F,045-640-0403
4181,㈲上野ミシン商会,121-0832,東京都足立区,古千谷本町3-6-6,,03-3897-8757
4182,㈱i-Laundry,104-0032,東京都中央区,八丁堀4-10-11,ﾈｵ神谷ﾋﾞﾙ5階,03-6280-3789
4183,㈱タートル,486-0833,愛知県春日井市,上条町5－7,,0568-81-2706
4184,ワタベウエディング㈱,615-0046,京都府京都市右京区,西院西溝崎町20,,050-1702-1406
4185,㈱ヤングドライ滋賀 津支店,514-0018,三重県津市,中河原2018,,090-1598-0372
4186,㈱ファッションクロスフルシマ*禁,348-0026,埼玉県羽生市,下羽生1073-1,,0485-61-4367
4187,ワイストリング㈱,596-0825,大阪府岸和田市,土生町4184,,072-437-8101
4188,㈱アンテリーベ 河原町店,604-8027,京都府京都市中京区,河原町通蛸薬師下る塩屋町344,日新河原町ﾋﾞﾙ6・7F,075-212-6552
4189,㈱アンテリーベ,530-0011,大阪府大阪市北区,大深町4-20,ｸﾞﾗﾝﾌﾛﾝﾄ大阪ﾀﾜｰA(南館)15F,06-6377-1600
4190,㈱ジョイフルまるやま,460-0008,愛知県名古屋市中区,栄4-2-29,名古屋広小路ﾌﾟﾚｲｽﾋﾞﾙ3F,052-269-0912
4191,㈱ジョイフルまるやま,542-0086,大阪府大阪市中央区,西心斎橋2-1-25,心斎橋W-Place5階,06-6214-5071
4192,㈱アンテリーベ 江坂店,564-0054,大阪府吹田市,芳野町13-10,miaviaｱﾄﾘｴ棟 1F,06-6380-3118
4193,㈱なごやか,431-3107,静岡県浜松市中央区,笠井町248,,053-435-4515
4194,㈱ファッションクロスフルシマ,110-0005,東京都台東区,上野1-18-9,黒門平成ﾋﾞﾙ9F,0485-61-4367
4195,東和産業㈱ 営業一部二課,153-0051,東京都目黒区,上目黒1-7-15,,03-5456-5441
4196,㈱フォーシスアンドカンパニー,510-0822,三重県四日市市,芝田1-1-6,ｸﾞﾚｲｽﾋﾞﾙ2F,059-359-6555
4197,㈲ワールドニックス,805-0048,福岡県北九州市八幡東区,大蔵2丁目15-21,,093-653-1601
4198,㈱huit 呉服町店,812-0035,福岡県福岡市博多区,中呉服町4-5白水ﾋﾞﾙA-101号,白水ﾋﾞﾙA-101号,092-260-3484
4199,㈱Dressmore 神宮前,150-0001,東京都渋谷区,神宮前6-27-8,京ｾﾗ原宿ﾋﾞﾙ2F,03-6696-4339
4200,㈱アスピカ,915-0804,福井県越前市,新保町30-43-2,,0778-24-2282
4201,㈱荒井特殊ミシン,182-0021,東京都調布市,調布ケ丘2-7-4,,042-486-0705
4202,㈲関源,111-0041,東京都台東区,元浅草1-15-11,,03-3845-3311
4203,㈱ヤングドライ滋賀 四日市支店,510-0815,三重県四日市市,野田2-7-5,,059-330-6666
4204,㈲恒星機械,063-0835,北海道札幌市西区,発寒十五条1-12-6-3,,011-667-6434
4206,㈱栗光,376-0012,群馬県桐生市,桜木町1383-8,,0277-52-6045
4207,エーベル鈴木,641-0014,和歌山県和歌山市,毛見1205,,073-445-7828
4208,㈱和とわ,021-0881,岩手県一関市,大町1-20,,022-369-3255
4209,㈱目黒雅叙園,250-0024,神奈川県小田原市,根府川583-1,,0465-29-0922
4210,㈱フォーシスアンドカンパニー,150-0001,東京都渋谷区,神宮前6-25-14,神宮前ﾒﾃﾞｨｱｽｸｴｱﾋﾞﾙ3.4F,03-3400-0097
4211,㈱フォーシスアンドカンパニー,420-0857,静岡県静岡市葵区,御幸町11-30,ｴｸｾﾙﾜｰﾄﾞ静岡ﾋﾞﾙ2F,054-205-1800
4212,㈱紀生 KISEI マリアージュ,985-0845,宮城県多賀城市,町前4-4-1,ｲｵﾝ多賀城店 1F,022-781-9138
4213,㈱ヴァンクール,107-0052,東京都港区,赤坂3-21-20,赤坂ﾛﾝｸﾞﾋﾞｰﾁﾋﾞﾙ3F,03-3586-3563
4214,㈲プロス,960-0634,福島県伊達市,保原町大泉字大館27,,024-575-5115
4215,㈱国吉ミシン店,900-0022,沖縄県那覇市,樋川2-6-7,,098-832-1546
4216,さくらや 仙台店,981-1103,宮城県仙台市太白区,中田町字千刈田30-24,,022-242-1551
4217,セント･ラファエロチャペル,251-0055,神奈川県藤沢市,南藤沢14-1,,0466-29-3560
4218,豊実精工㈱,501-3303,岐阜県加茂郡富加町,羽生2146-2,,0574-55-0180
4219,㈱Dressmore 梅田,530-0013,大阪府大阪市北区,茶屋町7-20,8F,06-7650-1085
4220,㈱パートナー,134-0015,東京都江戸川区,西瑞江5-10-8,,03-5878-1041
4221,㈱プレスト,351-0115,埼玉県和光市,新倉7-12-32,,048-467-1980
4224,㈱セブンユニフォーム*禁,103-0014,東京都中央区,日本橋蛎殻町2-3-4,,
4225,海渡産業㈱ 仙台,984-0015,宮城県仙台市若林区,卸町3-2-6,,022-290-2007
4226,㈱トーヨー特機 名古屋営業所,462-0062,愛知県名古屋市北区,新沼町55,,052-902-4030
4227,㈱カインドウェア 田口浩明,347-0105,埼玉県加須市,騎西510,,0480-73-5257
4228,㈱ノバレーゼ*社変　4450,460-0003,愛知県名古屋市中区,錦3-24-24,錦324ﾋﾞﾙ 3F,052-955-3388
4229,(合)TK-CRAFT,132-0013,東京都江戸川区,江戸川4-6-1,ｸﾞﾘｰﾝﾊｲﾑ浅野101,03-6638-9871
4230,㈱フォーシスアンドカンパニー,410-0048,静岡県沼津市,新宿町2-2,水の杜ﾋﾞﾙ1F,055-958-0055
4231,㈱カイト 釧路営業所,085-0058,北海道釧路市,愛国東1-27-5,,0154-36-6171
4232,㈱圓山特殊機器,894-0004,鹿児島県奄美市,名瀬鳩浜町180,,0997-53-4811
4233,㈲ティー・エフ・シー,379-2222,群馬県伊勢崎市,田部井町3-2643-1,,0270-62-8296
4234,日本デリバリーサービス㈱,720-0001,広島県福山市,御幸町上岩成614-1,,084-955-6671
4235,アイ･ケイ･ケイ㈱ 神戸,650-0045,兵庫県神戸市中央区,港島1-116,,078-304-7757
4236,㈱タナカ,080-0018,北海道帯広市,西八条南4-7,,0155-23-2317
4237,㈱ベリンダ,943-0823,新潟県上越市,高土町3-8-4,,025-546-7702
4238,丸京薬品店,602-8042,京都府京都市上京区,西裏辻町255,,075-221-7745
4239,北之坊倉庫㈱,561-0874,大阪府豊中市,長興寺南1-1-21,,06-6867-6008
4240,イノセントリー 仙台店,980-0811,宮城県仙台市青葉区,一番町4-7-17,小田急仙台ﾋﾞﾙ4F,
4241,㈱京呉服あいかわ,377-0008,群馬県渋川市,渋川2613-1,,0279-23-5298
4242,セントラル都市開発㈱,141-0022,東京都品川区,東五反田5－27－5,5ｾﾝﾄﾗﾙﾋﾞﾙ12F,03-3445-0459
4243,㈱マルイ縫製,910-3404,福井県福井市,大丹生町13-15-1,,0776-88-2639
4244,㈱三洋物産,463-0069,愛知県名古屋市守山区,新守西1801,,050-3538-2116
4245,㈲かつみソーイング,919-2225,福井県大飯郡高浜町,宮崎６５号12-1,,0770-72-3423
4246,ニシキクリーニング,983-0841,宮城県仙台市宮城野区,原町3-7-15,,022-256-2381
4247,㈱フープスターサカイ,915-0004,福井県越前市,北町31-38-5,,0778-22-6881
4248,㈱平安閣,491-0005,愛知県一宮市,西大海道金底77-1,,0586-81-0090
4249,㈱セブンユニフォーム,322-0302,栃木県鹿沼市,深程990-9,,0289-85-7700
4250,㈱昴,551-0013,大阪府大阪市大正区,小林西1-16-3,,06-6556-1118
4251,㈱橘一,481-0041,愛知県北名古屋市,九之坪半野14,,0568-26-5577
4252,㈱アルファブランカ,919-1305,福井県三方上中郡若狭町,北前川７４号今古1-1,,0770-45-2311
4253,淀名和紋章店,300-2505,茨城県常総市,中妻町569-5,,0297-23-5587
4254,㈱マツオカコーポレーション,720-0045,広島県福山市,宝町4-14,,084-973-5203
4255,佐藤資材,426-0031,静岡県藤枝市,築地73,,090-7463-2136
4256,㈲秀明堂 本店,690-0044,島根県松江市,浜乃木2-15-40,,0852-23-1031
4257,共栄工業㈱,133-0002,東京都江戸川区,谷河内2-2-15,,03-6638-8110
4258,㈲ファーシール,171-0043,東京都豊島区,要町3-41-10,新東京観光ﾋﾞﾙ302,03-5926-5816
4259,ブライダルサルーンやまさき,698-0041,島根県益田市,高津2-2-18,,0856-22-3418
4260,㈱ムラカミ,060-0013,北海道札幌市中央区,北十三条西17-1-36,,011-736-3311
4261,㈲ピュア ブライズベリー,460-0008,愛知県名古屋市中区,栄3-31-13,加地ﾋﾞﾙ3F,052-684-5473
4262,沖縄ワタベウェディング㈱,905-0026,沖縄県名護市,喜瀬115-2,喜瀬ﾋﾞｰﾁﾊﾟﾚｽ内,098-869-4201
4263,㈱ラビン,400-0042,山梨県甲府市,高畑1-4-23,,055-226-5454
4264,靴福来*退去,,,,,092-611-2311
4265,クリーニング ロイヤル,173-0014,東京都板橋区,大山東町24-13,,03-3961-2227
4266,㈱ザ･マーク ロジスティクス,272-0127,千葉県市川市,塩浜2-14-1,東京ﾍﾞｲ ﾌｧｯｼｮﾝｱﾘｰﾅ 3F,047-712-7618
4267,ファッション辻㈲,501-0421,岐阜県本巣郡北方町,芝原西町3-7,,058-323-6525
4268,㈲青柳,919-0401,福井県坂井市,春江町堀越3-10,,0776-72-3677
4269,㈱内田商会,047-0261,北海道小樽市,銭函1-36-26,,0134-62-6745
4270,アイ･ケイ･ケイ㈱ 東京,135-0061,東京都江東区,豊洲6-5-33,(豊洲ぐるり公園内),03-5548-7606
4271,安藤染色補正店 安藤 博,604-8256,京都府京都市中京区六角通油小路,西入ル越後町194-15,,075-241-3694
4272,㈱アンドーニット,409-3611,山梨県西八代郡市川三郷町,大塚1063,,055-272-2587
4273,㈲きたむら,602-8481,京都府京都市上京区,聖天町35,,075-431-3241
4274,ハイドライ森内㈲,760-0020,香川県高松市,錦町1-14-4,,087-851-9602
4275,㈱トイボックス,329-4307,栃木県栃木市,岩舟町静1158-1,,0282-28-6600
4276,バリュエンスジャパン㈱,108-0075,東京都港区,港南1-2-70,品川ｼｰｽﾞﾝﾃﾗｽ28F,03-4580-9864
4277,江刺開発振興㈱,023-1101,岩手県奥州市,江刺岩谷堂字小名丸86-1,,0197-35-7791
4278,ステュディオ スターシップ,537-0022,大阪府大阪市東成区,中本2-1-13,大阪ｽﾎﾟｰﾝｼﾞｬｰﾋﾞﾙ3階,06-6978-6900
4279,白木クリーニング,664-0858,兵庫県伊丹市,西台3-7-28,,072-772-1963
4280,司屋繊維工業㈱,531-0072,大阪府大阪市北区,豊崎6-6-32,,06-6371-3676
4281,㈲小林ドライ,956-0036,新潟県新潟市秋葉区,中村273,,0250-22-1188
4282,㈱タイコー,381-0008,長野県長野市,下駒沢793-14,,026-296-5211
4283,ワタベウエディング㈱,064-0804,北海道札幌市中央区,南四条西2-2-4,RECOLTE Sapporo 2F,011-530-4111
4284,ワタベウエディング㈱,615-0046,京都府京都市右京区西院西溝崎町20,,,0501-702-1406
4285,㈱三起,553-0007,大阪府大阪市福島区,大開2-19-18,,06-6461-2251
4286,T-クラフト,661-0031,兵庫県尼崎市,武庫之荘本町2-16-8-102,,06-6437-4977
4287,㈱ティア 総務部,462-0841,愛知県名古屋市北区,黒川本通3-35-1,ﾃｨｱ黒川4F,052-918-8252
4288,㈱鈴屋 白河店,961-0881,福島県白河市,与惣小屋18-1,,0248-22-3050
4289,㈱ウイングスインターナショナル,600-8887,京都府京都市下京区,西七条名倉町25-1,,075-326-7055
4290,㈱イワテブライダルセンター,020-0044,岩手県盛岡市,城西町2-1,2F,019-652-1143
4291,宮地染工㈱,581-0072,大阪府八尾市,久宝寺4-3-28,,072-991-3838
4292,㈱リプスアンドロジ,284-0008,千葉県四街道市,鹿放ケ丘312-1,,043-424-5963
4293,㈱フジワーク,144-0056,東京都大田区,西六郷4-31-12,,03-3734-2931
4294,かりや商店 狩屋 達雄,710-0038,岡山県倉敷市,新田2405-49,,086-424-6646
4295,クリート,989-6224,宮城県大崎市,古川小泉字大小430-3,,0229-24-3245
4296,三光堂クリーニング,625-0036,京都府舞鶴市,浜394,,0773-62-0142
4297,フジトランスポート㈱,348-0025,埼玉県羽生市,上手子林1316,,0742-50-6789
4298,横浜国立大学,240-8501,神奈川県横浜市保土ケ谷区,常盤台79-7,総合研究棟S108室,045-339-3301
4299,千葉ハナワ産商㈲,262-0002,千葉県千葉市花見川区,内山町251-1,,043-257-0824
4300,㈱レナンミツアキ,501-2259,岐阜県山県市,岩佐1363-1,,0581-52-3008
4301,(合)染と織のやまざき,511-0073,三重県桑名市,北寺町34,,0594-22-1377
4302,直本工業㈱仙台支店,984-0032,宮城県仙台市若林区,荒井7-5-1,,022-390-9301
4303,㈱ダイナン,879-7761,大分県大分市,中戸次4539-15,,097-597-7777
4304,伊藤忠商事㈱,107-8077,東京都港区,北青山2-5-1,,03-3497-2180
4305,㈱オオハラ,131-0045,東京都墨田区,押上3-61-11,,03-3617-3553
4306,㈱ビデオソニック,337-0053,埼玉県さいたま市見沼区,大和田町2-441-8,,048-689-9006
4307,㈱綾中,287-0006,千葉県香取市,篠原ｲ987-1,,0478-79-0700
4308,オールデコレーション㈱,151-0071,東京都渋谷区,本町1-42-7,,098-911-3358
4309,㈱ノバレーゼ 名古屋,460-0003,愛知県名古屋市中区,錦3-24-24,錦324ﾋﾞﾙ 3F,052-955-3388
4310,㈱ジャパンビジュアルサポート,939-8082,富山県富山市,小泉町44,,076-482-5554
4311,㈲ホープクリーニング,930-0174,富山県富山市,野町101-2,,076-434-3930
4312,㈱佐藤縫製工業,328-0111,栃木県栃木市,都賀町家中3773,,0282-27-0911
4313,㈱トヤ,344-0032,埼玉県春日部市,備後東5-8-22,,048-733-6432
4314,㈱トーヨー特機 豊橋営業所,441-3153,愛知県豊橋市,二川町東向山96-335,,0532-43-0551
4315,㈱ﾄﾗﾝｼﾞｯﾄｵﾍﾟﾚｰｼｮﾝｻｰﾋﾞｽ,450-6660,愛知県名古屋市中村区,名駅１－１－３,名古屋JRｹﾞｰﾄﾀﾜｰﾎﾃﾙ15F,052-581-4600
4316,Maersk Logistics&,272-0001,千葉県市川市,二俣678-55,ESR市川ﾃﾞｨｽﾄﾘｰﾋﾞｭｰｼｮﾝｾﾝﾀｰ D棟4F,047-374-3767
4317,ダイワミシン㈲,374-0025,群馬県館林市,緑町2-8-8,,0276-73-3160
4318,㈱関芳 装宴事業部,948-0066,新潟県十日町市,袋町中39,,025-752-4550
4319,㈱曽我,112-0001,東京都文京区,白山5-5-8,曽我ﾋﾞﾙB1,03-3946-8091
4320,フォーチュンヴェール㈱*倒産,479-0882,愛知県常滑市,りんくう町3-10-3,,0569-38-9588
4321,㈱Harvest,461-0011,愛知県名古屋市東区,白壁2-1-25,ｻﾊｼﾋﾞﾙ1F,052-253-8251
4322,㈱平安閣　アンジェラ,464-0075,愛知県名古屋市千種区,内山1-18-12,,052-731-2241
4323,㈱江戸ヴァンス,130-0026,東京都墨田区,両国1-8-8,BB6F,03-3635-3076
4324,㈱ノバレーゼ,222-0033,神奈川県横浜市港北区,新横浜1-17-12ｲﾝﾃﾘｯｸｽ新横浜ﾋﾞﾙ8FA,,045-620-7971
4325,㈱WAMM,431-1304,静岡県浜松市北区,細江町中川882-4,,090-6592-7655
4326,丹羽クリーニング,463-0051,愛知県名古屋市守山区,小幡太田11-23,,052-793-3802
4327,カシワセミシン,326-0141,栃木県足利市,小俣町1071-3,,0284-62-7059
4328,豊和㈱,711-0903,岡山県倉敷市,児島田の口4-4-18,,086-477-6051
4329,㈱Cｰプラス,399-8204,長野県安曇野市,豊科高家1036,,0263-71-1201
4330,㈱大河内メリヤス,960-0676,福島県伊達市,保原町千刈12,,024-575-2333
4331,㈱レオパール,151-0064,東京都渋谷区,上原2-33-7,,03-3465-7619
4332,シャネル(合),273-0045,千葉県船橋市,山手1-1-5,,047-410-2741
4333,㈱セブ･ティ･ディ,110-0004,東京都台東区,下谷1-1-5,TDﾋﾞﾙ3F,03-5806-1121
4334,茂木商事㈱,380-0824,長野県長野市,南石堂町1346,ﾎﾃﾙﾒﾄﾛﾎﾟﾘﾀﾝ長野4F 衣装室,026-291-7038
4335,㈲ヤングドライ四ツ葉 交野支店,576-0017,大阪府交野市,星田北1-38-2,,072-892-3050
4336,㈲ヤングドライ四ツ葉 岸和田支店,596-0805,大阪府岸和田市,田治米町54-3,,072-445-9667
4337,㈲ヤングドライ四ツ葉 奈良支店,630-8144,奈良県奈良市,東九条町771番地1-1,,0742-62-1476
4338,㈲川村クリーニング店,247-0062,神奈川県鎌倉市,山ノ内404,,0467-22-4237
4339,㈱文京精錬,910-3137,福井県福井市,石橋町29-75-5,,0776-85-8282
4340,㈲マルヤ,857-0103,長崎県佐世保市,原分町335,,0956-49-2103
4341,マッチロックデザイン㈱,540-0035,大阪府大阪市中央区,釣鐘町1-5-7,ﾆｭｰﾗｲﾌ大手前904号,06-6948-8570
4342,㈱小森クリーニング商会,590-0005,大阪府堺市堺区,南清水町1-4-16,,072-227-7861
4343,牧之内クリーニング,899-2502,鹿児島県日置市,伊集院町徳重449,,099-272-2840
4344,㈱盛田 八戸本部,039-1168,青森県八戸市,八太郎5-20-27,,0178-29-2810
4345,馬場ミシン商会,502-0909,岐阜県岐阜市,白菊町3丁目11,,058-231-7922
4346,㈱カネマタ衣裳店,475-0855,愛知県半田市,中町1-74,,0569-21-1085
4347,浅田ミシン商会,400-0049,山梨県甲府市,富竹3丁目3-7,,055-228-7035
4348,㈲林ネーム刺繍店,543-0024,大阪府大阪市天王寺区,舟橋町9-3,,06-6777-2755
4349,㈱ハニーズホールディングス,971-8141,福島県いわき市,鹿島町走熊七本松27-1,,0246-29-1111
4350,山科産業㈱ ルナキカク,581-0023,大阪府八尾市,都塚1-182,,072-996-3985
4351,㈱丸幸ニット,960-0741,福島県伊達市,梁川町大町2-1-1,,024-577-1131
4352,㈱キモノバナ,901-2201,沖縄県宜野湾市,新城2-40-7,,098-954-6446
4353,㈱アスピカ,500-8358,岐阜県岐阜市,六条南2-6-21,,058-274-5201
4354,ダイワ衣裳店,440-0812,愛知県豊橋市,東新町73-23,,053-255-8111
4355,㈱フジスタイリング,981-3206,宮城県仙台市泉区,明通4-9-1,,022-377-2611
4356,㈱コスモ,376-0013,群馬県桐生市,広沢町4-2280,,0277-52-8655
4357,㈱KOGOSHI,352-0012,埼玉県新座市,畑中2-16-23,,048-481-6281
4358,足立織物㈱,679-1102,兵庫県多可郡多可町,中区安楽田511,,0795-32-0437
4359,㈱誠屋,213-0013,神奈川県川崎市高津区,末長1-23-11,,044-712-4671
4360,㈱銀座もとじ,104-0061,東京都中央区,銀座4-8-12,ｺﾁﾜﾋﾞﾙ3F,03-5524-3222
4361,㈱FORSMILE,981-1251,宮城県名取市,愛島台1-101-58,,022-395-5261
4362,㈲縫製屋,969-0102,福島県西白河郡泉崎村,関和久字鳥川65,,0248-54-1850
4363,㈲ふたごやクリーニング,781-5103,高知県高知市,大津乙424,,088-866-4617
4364,きものしみぬき工房,627-0041,京都府京丹後市,峰山町菅577-2,,0772-62-8040
4365,㈱行徳繊維,279-0002,千葉県浦安市,北栄4-28-8,,047-304-9977
4366,イキテール,501-1167,岐阜県岐阜市,西改田夏梅52,,058-239-6157
4367,植田紋章工芸,600-8351,京都府京都市下京区,高辻通西堀川西入富永町678,,075-801-1628
4368,㈱SINCERE,130-0021,東京都墨田区,緑4-13-2,中山ﾋﾞﾙ102,03-5667-0446
4369,山一商事㈱,812-0863,福岡県福岡市博多区,金の隈2-18-34,,092-513-9848
4370,伊藤 孝祐,464-0077,愛知県名古屋市千種区,神田町16-16,ｱｽﾞﾏﾋﾞﾙ1階角,080-1613-7243
4371,㈱アルバ,910-0011,福井県福井市,経田1丁目1417,,0776-37-3851
4372,㈱カゲミツコーポレーション,106-0045,東京都港区,麻布十番3-1-5-102,,03-6436-0392
4373,Ambihone株式会社,540-0002,大阪府大阪市中央区,大阪城3-1,JO-TERRACE OSAKA Eﾃﾗｽ,06-4790-8880
4374,ジェイ･エス㈱,918-8231,福井県福井市,問屋町1丁目204,,0776-21-1065
4375,㈱未来ガ驚喜研究所,150-0041,東京都渋谷区,神南1丁目14-7,ﾜｲｽﾞ神南ﾋﾞﾙ4F,03-5784-1460
4376,豊クリーニング,340-0808,埼玉県八潮市,緑町4-14-12,,048-996-1091
4377,イズモ㈱,432-8017,静岡県浜松市中区,三組町185-1,,053-454-3211
4378,丸和㈱,530-0001,大阪府大阪市北区,梅田1-1-3,大阪駅前第3ﾋﾞﾙ22F,06-6344-7961
4379,WISTERIA㈱,150-0044,東京都渋谷区,円山町5-5,Navi渋谷V 3F,098-987-4532
4380,㈱ベストアニバーサリー,150-0011,東京都渋谷区,東3-11-10,,03-5778-3377
4381,㈲しみぬき大栄,064-0810,北海道札幌市中央区,南十条西8-2-37,,011-531-8033
4382,㈱原田屋,754-0002,山口県山口市,小郡下郷867-30,,083-972-0316
4383,sweet㈱,904-0303,沖縄県中頭郡読谷村,伊良皆265-1,,083-972-0316
4384,三恵メリヤス㈱,530-0015,大阪府大阪市北区,中崎西2-3-28,,06-6371-0498
4385,㈱ブライダルハウス,943-0832,新潟県上越市,本町2-5-11,,025-526-9111
4386,脇田織物修整加工所,491-0144,愛知県一宮市,浅井町極楽寺136,,0586-78-3552
4387,㈱丸一,653-0881,兵庫県神戸市長田区,滝谷町1-4-10,,078-531-7667
4388,㈱ベストアニバーサリー,150-0011,東京都渋谷区,東3-11-10,,03-5778-3377
4389,英国屋㈱,671-2214,兵庫県姫路市,西夢前台2-57-1,,079-266-5590
4390,㈲竹元産興,462-0038,愛知県名古屋市北区,稚児宮通1-32,,052-991-3588
4391,㈱アクセスジャパン,273-0012,千葉県船橋市,浜町2-5-7,MFLP船橋Ⅰ 8F,047-436-8881
4392,㈱ベストアニバーサリー,150-0011,東京都渋谷区,東3-11-10,,03-5778-3377
4393,㈱オファー,562-0035,大阪府箕面市,船場東2-1-20,ABCﾋﾞﾙ6A,072-728-3911
4394,三徳美健㈱,629-3104,京都府京丹後市,網野町浅茂川1846-1,,0772-72-5311
4395,ホライズン,666-0117,兵庫県川西市,東畦野2-12-22,,070-8997-4512
4396,菅野繊維㈱ 平石工場,964-0981,福島県二本松市,平石高田2-64,,0243-23-1234
4397,宮下織物㈱,403-0006,山梨県富士吉田市,新屋1515-1,,0555-22-8870
4398,㈱きもの あさ川,400-0867,山梨県甲府市,青沼3-8-24,,055-235-6318
4399,ユニフォームネクスト㈱,910-0123,福井県福井市,八重巻町25-81,,0776-97-8468
4400,㈱ファッションエース,123-0853,東京都足立区,本木2-21-5,,03-3880-6394
4401,着物レンタル 京さくら,612-0012,京都府京都市伏見区,深草一ノ坪町38-2,,075-744-1966
4402,大隈 千鶴,571-0005,大阪府門真市,南野口町21-1,,080-8024-7088
4403,光田修整㈲,491-0351,愛知県一宮市,萩原町花井方字1本松32番地,,0586-68-2379
4404,アイ･ケイ･ケイ㈱ 水戸,310-0851,茨城県水戸市,千波町2692-1,,029-240-4360
4405,Ambihone株式会社,460-0003,愛知県名古屋市中区,錦2-18-19,三井住友銀行名古屋ﾋﾞﾙ1F,052-228-6033
4406,共栄ファッション,910-0818,福井県福井市,堂島町13-3,,0776-53-1045
4407,キリン靴修理,166-0003,東京都杉並区,高円寺南3-36-15-102,,03-5913-9595
4408,㈲神明,491-0063,愛知県一宮市,常願通5-16-1,,0586-73-4715
4409,㈱ジョイフルまるやま,980-0014,宮城県仙台市青葉区,本町2-1-7,,022-393-5402
4410,㈱丸三屋,983-0852,宮城県仙台市宮城野区,榴岡1-2-13,ﾖﾄﾞﾊﾞｼ仙台第2ﾋﾞﾙ8F,
4411,神戸白洋舎,652-0802,兵庫県神戸市兵庫区,水木通5-1-16,,078-575-7775
4412,㈲創美苑,374-0033,群馬県館林市,堀工町908,,0276-75-5298
4413,幸心クリーニング店,463-0079,愛知県名古屋市守山区,幸心1-714,,052-793-2345
4414,㈱ライヴ,460-0003,愛知県名古屋市中区,錦2-6-10,,052-231-8521
4415,北村製布㈱,303-0023,茨城県常総市,水海道宝町3390番地,,0297-23-5511
4416,㈱丸三屋,231-0002,神奈川県横浜市中区海岸通,4月17日,東信ビル1階,045-228-7451
4417,㈱ティーブライド,470-1132,愛知県豊明市,間米町敷田1225-12,,0562-91-3381
4418,㈱フレンド,274-0063,千葉県船橋市,習志野台2丁目4-22,,047-465-4741
4419,㈱FUKUMI,930-0856,富山県富山市,牛島新町8-10,,076-441-8362
4420,㈱ジョイフル恵利,450-0002,愛知県名古屋市中村区,名駅4-26-10,,052-589-8686
4421,㈱アンテリーベ 大阪店,541-0041,大阪府大阪市中央区,北浜2丁目2-22,北浜中央ﾋﾞﾙ1F,06-6755-8277
4422,㈱あさひや,232-0023,神奈川県横浜市南区,白妙町1-3,,045-231-0438
4423,㈱岩本貸衣裳店(幸三郎ｳｴﾃﾞｨﾝｸﾞ),910-0004,福井県福井市,宝永4-1-7,,0776-24-6434
4424,㈱ヴィックワン,274-0818,千葉県船橋市,緑台2-4-8,,047-448-9870
4425,宮下機料㈱,918-8237,福井県福井市,和田東1-503,,0776-21-3581
4426,太谷㈱ 本社,920-0333,石川県金沢市,無量寺4丁目73番地,,076-267-8844
4427,AN PHUOC伊藤ｸﾛｰｼﾞﾝｸﾞ㈱,103-0007,東京都中央区,日本橋浜町3-35-5,ｵﾌｨｽ30-404,090-5480-5890
4428,丸屋クリーニング,939-0332,富山県射水市,橋下条1175-1,,0766-56-2101
4429,三島スクリーン印刷,501-5303,岐阜県郡上市,高鷲町大鷲826-1,,0575-72-5288
4430,㈲大橋ハイクリーナー,624-0928,京都府舞鶴市,竹屋2番地,,0773-75-3143
4431,㈲岡山総合機材センター,700-0965,岡山県岡山市北区,西長瀬1223-7,,086-241-0969
4432,㈱アルク,123-0864,東京都足立区,鹿浜6-4-4,,03-5647-5951
4433,田島衣裳店,491-0837,愛知県一宮市,多加木2-21-13,,0586-73-5900
4434,㈱ワイズブリッジ,900-0015,沖縄県那覇市,久茂地1-2-3-3F-A,,050-8890-7239
4435,松尾㈱ 大阪商品センター,562-0035,大阪府箕面市,船場東1丁目11番13号,林ﾋﾞﾙ7F,072-729-1941
4436,阪本㈱ 倉敷営業所,,,,,086-456-2476
4437,ウエサカニット㈱,915-0873,福井県越前市,池ノ上町45-1-13,,0778-23-8400
4438,㈱THE ウーマニフティ,504-0912,岐阜県各務原市,那加桜町3丁目270番地1,,090-9191-9505
4439,㈱岩本貸衣裳店(幸三郎ｳｴﾃﾞｨﾝｸﾞ),914-0811,福井県敦賀市,中央町1丁目3-7,,0770-25-8181
4440,第一化成㈱,460-0003,愛知県名古屋市中区,錦1丁目17番13号,名興中駒ﾋﾞﾙ4F,052-211-4031
4441,スタジオクレスト 梅村 千代,461-0004,愛知県名古屋市東区,葵3-25-20-901,,090-2137-2023
4442,㈱ジョイフル恵利,271-0092,千葉県松戸市,松戸1307-1,ｷﾃﾐﾃﾏﾂﾄﾞ9階　ぷりずむ館館内,047-711-7907
4443,㈱トレーダー愛,460-0008,愛知県名古屋市中区,栄5-15-19,,052-228-7580
4444,配送センター ㈱たけなか,623-0041,京都府綾部市,延町魚梁上8-6,,0773-48-9638
4445,Fit㈱*廃,663-8244,兵庫県西宮市,津門綾羽町6-48-103,,0798-61-1195
4446,河岸ランドリー,467-0845,愛知県名古屋市瑞穂区,河岸1丁目3番3号,,052-811-2098
4447,㈱A4WEDDING,904-0416,沖縄県国頭郡恩納村,山田590番地1 CasaN2 1階 A号室,,098-982-5055
4448,㈱アンドユー,104-0061,東京都中央区,銀座1-8-14 銀座YOMIKOﾋﾞﾙ4階,（株式会社ﾉﾊﾞﾚｰｾﾞ内）,03-6803-8989
4449,ノバレーゼフォーマルセンター,330-0841,埼玉県さいたま市大宮区,東町1-54,,048-657-6081
4450,フォーマルセンター名古屋,460-0003,愛知県名古屋市中区,錦3-24-24,錦324ﾋﾞﾙ 3F,052-955-3388
4451,㈱ホームドライ,473-0932,愛知県豊田市,堤町下町32,,0565-52-3219
4452,島田ミシン商会,760-0014,香川県高松市,昭和町1-1-20,,087-831-2200
4453,OVER THE MOON DRESS,630-0222,奈良県生駒市,壱分町188-1,ﾍﾞﾙｺｰﾄ生駒201号室,050-3631-4013
4454,フェニックス㈱,910-0016,福井県福井市,大宮1-11-27,清水ﾋﾞﾙ3F,0776-25-3077
4455,わ蔵,462-0844,愛知県名古屋市北区,清水5-13-1-103,,052-990-4120
4456,白清舎,611-0011,京都府宇治市,五ケ庄柴ノ東56-13,,0774-32-3178
4457,㈱幸新物流センター,574-0056,大阪府大東市,新田中町2-25,,072-874-1755
4458,服部㈱ 東名三好工場,470-0217,愛知県みよし市,根浦町4-4-16,,0561-33-0008
4459,羽生ミシン製造㈱,348-0057,埼玉県羽生市,北2丁目14番7号,,048-561-0258
4460,㈱Fort-Lee,541-0056,大阪府大阪市中央区,久太郎町2-5-19,丸忠第3ﾋﾞﾙ703,06-6251-1347
4461,服部㈱,460-0008,愛知県名古屋市中区,栄2丁目14-19,,0561-33-0008
4462,南出メリヤス㈱,595-0012,大阪府泉大津市,北豊中町2-2-3,,0725-21-0865
4463,㈲テクノ,262-0004,千葉県千葉市花見川区,大日町1247,,043-286-8577
4464,井上京染店,854-0004,長崎県諫早市,金谷町7-1,,0957-22-1624
4465,㈱川上製作所 東京,114-0013,東京都北区,東田端1-11-6,,03-3810-5051
4466,中村企画開発㈱,747-0833,山口県防府市,浜方272-21,,0835-24-0155
4467,イサムモリタ,604-0853,京都府京都市中京区,真如堂町321-1,,075-874-4450
4468,マツオブライダルサービス,562-0035,大阪府箕面市,船場東2丁目3番47号,,072-729-1642
4469,中村被服㈱,747-0833,山口県防府市,浜方265-1,,0835-21-3515
4470,みつる屋,519-3204,三重県北牟婁郡紀北町,東長島3507,,0597-47-0221
4471,㈲プラウド BABY STUDIO,466-0051,愛知県名古屋市昭和区,御器所1-12-5,,052-882-0061
4472,㈱空･道･港,723-0051,広島県三原市,宮浦6-20-22,ﾋﾞﾙﾄﾞN1　1F,0848-60-1515
4473,㈱ハイクリーニング小西,669-2446,兵庫県丹波篠山市,八上上264-1,,079-556-2307
4474,㈲いせや写真館,656-0022,兵庫県洲本市,海岸通2-5-25,,0799-20-9004
4475,倉橋アート㈱,915-0212,福井県越前市,長谷町30-8,,0778-43-1300
4476,㈱丸三屋 本店,108-0074,東京都港区,高輪3-7-6,,03-5798-2614
4477,KIMONO工房 奏,120-0026,東京都足立区,千住旭町38番地1号,東京千住ｱﾈｯｸｽ409号室,080-1237-3217
4478,㈱近藤紡績所 徳島工場,771-1272,徳島県板野郡藍住町,勝瑞成長174番地,,088-641-1711
4479,㈱ナカノ,271-0077,千葉県松戸市,根本421,,047-364-6260
4480,スズキ物流㈱,430-0907,静岡県浜松市中央区,高林3-8-15,,053-471-6735
4481,㈲三幸縫製,018-3103,秋田県能代市,二ツ井町荷上場字柳生122-1,,0185-73-2008
4482,㈲日本クオリティセンター,262-0004,千葉県千葉市花見川区,大日町1247,,043-286-8577
4483,㈱COCOLO COMPANY,561-0842,大阪府豊中市,今在家町20番地3号,,06-6863-8883
4484,(同)blanca,424-0842,静岡県静岡市清水区,春日2-3-25,,054-351-1155
4485,㈲池尻縫工,771-0142,徳島県徳島市,川内町沖島484番地の2,,088-666-3839
4486,㈱第一情報サービス,940-2101,新潟県長岡市,寺島町750,,0258-46-6449
4487,ＨＩＰＳＴＥＲ㈱,162-0843,東京都新宿区,市谷田町3-25,ﾊﾟｰﾑﾊｳｽ,9047634359
4488,㈱都屋,573-0014,大阪府枚方市,村野高見台9-92,,072-840-0047
4489,㈱江本染料店 本社,770-0944,徳島県徳島市,南昭和町７丁目39番地1,,088-653-9128
4490,化興㈱ 栃木営業所,327-0103,栃木県佐野市,石塚町515-1,,0283-26-7087
4491,㈱ゼットン 財務経理部 経理課,150-0002,東京都渋谷区,渋谷1丁目10番9号,MIYAMASU TOWER 9階,0283-26-7087
4492,㈱ワイド・デザイン,369-0316,埼玉県児玉郡上里町,長浜1026-6,,0495-71-9909
4493,㈱平安閣,491-0072,愛知県一宮市,中島通5-11,,0586-72-0100
4494,坂口ミシン,926-0033,石川県七尾市,千野町め部1-2,,0767-57-3827
4495,㈱有紀ミシン商会,641-0008,和歌山県和歌山市,北中島1丁目10番54号,,073-436-2555
4496,㈱山下,941-0057,新潟県糸魚川市,南寺町1-10-3,,025-552-6442
4497,㈲チコアンド田園,680-0802,鳥取県鳥取市,青葉町2-101,,0857-24-9988
4498,ネームレス,924-0847,石川県白山市,内方新保町7,,090-7087-9798
4499,㈱キャット 配送センター,286-0204,千葉県富里市,大和741,,047-685-6921
4500,ミヴィダ合同会社,904-0324,沖縄県中頭郡読谷村,長浜1396WestHouse,,090-8480-7220
4501,プラスワン三宮駅前店,650-0012,兵庫県神戸市中央区,北長狭通2丁目31-43,ﾐﾆﾊｳｽ3号,078-321-3610
4502,美東㈲,711-0906,岡山県倉敷市,児島下の町3丁目3314番31号,,086-474-6026
4503,立川織物,950-0131,新潟県新潟市江南区,袋津3丁目1番52号,,025-381-3067
4504,小川ミシン㈱,710-1101,岡山県倉敷市,茶屋町66,,086-428-0051
4505,キモノールベース瀬戸花見月,929-1706,石川県鹿島郡中能登町,瀬戸ｶ16,,0767-74-0807
4506,㈱奥原商事,904-0115,沖縄県中頭郡北谷町,美浜9番地1,,098-926-3322
4507,中村呉服店,918-8012,福井県福井市,花堂北2丁目7-15,,0776-36-3350
4508,㈱ララ,792-0060,愛媛県新居浜市,大生院161番地,,0897-43-5151
4509,㈲ファッションあいさわ 新潟工場,959-4302,新潟県東蒲原郡阿賀町,鹿瀬5922,,
4510,㈱WATANABE,501-6123,岐阜県岐阜市,柳津町流通センター1丁目18-3,,058-215-6340
4511,ケーアイ㈱,793-0027,愛媛県西条市,朔日市833-3,,0897-47-6085
4512,松山機業㈱,403-0016,山梨県富士吉田市,松山1-11-10,,0555-22-4155
4513,タジマ工業㈱,486-0901,愛知県春日井市,牛山町1800番地,,0568-90-6510
4514,㈱遊心,390-0828,長野県松本市,庄内2-1-19,,0263-55-3949
4515,JOURNEY,390-0821,長野県松本市,筑摩1-19-2,,0263-55-3949
4516,㈱ソトー日化工場,493-0007,愛知県一宮市,木曽川町外割田一の通り71番地,,0586-86-6151
4517,㈲コア･クリエート,963-8041,福島県郡山市,富田町字向舘117-4,,024-961-5744
4518,大一商会,578-0982,大阪府東大阪市,吉田本町1-9-8,,072-961-8455
4519,㈱サンレー,923-0938,石川県小松市,芦田町2-1,,0761-23-1130
4520,正録,918-8236,福井県福井市,和田中1丁目1506番地,ｸﾞﾗﾝｼｬﾝﾎﾞｰﾙ205号,090-3764-0973
4521,サムソン 海外本部,532-0003,大阪府大阪市淀川区,宮原4丁目2-10,PMO EX 新大阪 5階,06-6152-8135
4522,㈱ホームドライ,435-0002,静岡県浜松市中央区,白鳥町792,,053-422-2101
4523,㈱ケーアイ名古屋,452-0833,愛知県名古屋市西区,山木1-53,,052-325-8667
4524,㈱ファイトジャパン,547-0035,大阪府大阪市平野区,西脇3丁目7番28号,,06-7506-1287
4525,㈱ウェイバーズ インターナショナル,530-0041,大阪府大阪市北区,天神橋3丁目5-3,,06-6316-1112
4526,フォーク㈱ 埼玉支社,365-0001,埼玉県鴻巣市,赤城台362-20,,048-500-9409
4527,㈱ウィルハーツ 経理課,664-0842,兵庫県伊丹市,森本8-29,,072-777-8827
4529,㈱山陽ハイクリーナー,719-0243,岡山県浅口市,鴨方町鴨方935-1,,0865-44-2665
4530,㈱MENDER,494-0001,愛知県一宮市,開明字廻池郭26番地3,,0586-27-6970
4531,イオンリテール㈱ 衣料本部,261-0023,千葉県千葉市美浜区,中瀬1-4,ｲｵﾝﾀﾜｰAnnex6階,080-4946-1736
4532,宮本 晃佑,807-0824,福岡県北九州市八幡西区,光明２丁目3-1,TAKAﾋﾞﾙ光明608号,080-5284-2061
4533,同心染工㈱,794-0043,愛媛県今治市,南宝来町2-1-7,,0898-32-3860
4534,㈲日本活性濾過工業,252-0141,神奈川県相模原市緑区,相原2-13-7,,042-773-4481
4535,㈱LIB 日光うたかたフォトスタジオ,321-1433,栃木県日光市,匠町8-1600,,0288-25-7399
4536,㈱トリート TREAT沖縄店,900-0015,沖縄県那覇市,久茂地2-14-3,朝日生命沖縄ﾋﾞﾙ1F,050-2031-3300
4537,㈲昭和 松本工場,390-0828,長野県松本市,庄内2-2-4,,0263-27-3522
4538,ASTI㈱,433-8102,静岡県浜松市中央区,大原町4-1,,053-438-6032
4539,㈱マツダ,547-0044,大阪府大阪市平野区,平野本町3丁目5番4号,,06-6791-9517
4540,大谷㈱,601-8127,京都府京都市南区,上鳥羽北花名町43,,075-681-0361
4541,Ambihone株式会社,163-1312,東京都新宿区,西新宿6-5-1,新宿ｱｲﾗﾝﾄﾞﾀﾜｰ44F,03-6629-9710
4542,しみ抜き 竹内,340-0115,埼玉県幸手市,中1-4-17,,0480-42-5204
4543,日産呉服,534-0014,大阪府大阪市都島区,都島北通1-11-4,,
4544,㈱ブランド買取ブランドハンズ,564-0051,大阪府吹田市,豊津町10-31,ｸﾙｰｽﾞ江坂ﾋﾞﾙ201,06-6170-3530
4545,さわやまクリーニング,514-0101,三重県津市,白塚町2483,,059-232-3269
4546,miki kojima,272-0032,千葉県市川市,大洲4-1-17,ｼﾃｨﾎｰﾑｽﾞVⅢ 201号,070-8505-6035
4547,㈱パールドライ,850-0822,長崎県長崎市,愛宕3丁目19-6,,095-826-2131
4548,(有)WIN,910-0346,福井県坂井市,丸岡町磯部島6-41,,0776-66-2442
4549,㈱カイト 旭川,070-0058,北海道旭川市,８条西3丁目2-6,,0166-23-1312
4550,カラキヤ洗染㈱,108-0074,東京都港区,高輪2-7-8,,03-3445-0974
4700,華和産商㈱ 長野支店*禁1355,387-0006,長野県千曲市,粟佐1115,,026-285-9220
9900,amazon,,,,,
9901,メルカリ,,,,,
9986,北銀リース㈱,930-0028,,,,076-425-4155
9987,南都リース㈱,,,,,0742-26-5131
9988,㈱琉球リース,900-8550,沖縄県那覇市,久茂地１丁目７－１,,098-866-5500
9989,池田泉州リース㈱,,,,,072-224-0181
9990,㈱クォードコーポレーション,919-0321,福井県福井市,下河北町11-13,,0776-38-6010
9991,昭和リース㈱,,,,,050-3354-7756
9992,㈱とちぎんリーシング,320-0807,,,,028-632-1566
9993,群馬銀行,,,,,027-254-7142
9994,いわぎんリース・データ㈱,020-0871,岩手県盛岡市,中ノ橋通5-31,,019-653-5444
9995,三井住友ﾄﾗｽﾄ･ﾊﾟﾅｿﾆｯｸﾌｧｲﾅﾝｽ㈱,,,,,0120-49-4989
9996,三菱UFJリース㈱,,,,,075-211-3451
9997,㈱トラジ,,,,,
9998,(有)九州商事長崎,,,,,
9999,その他　　jimdo ネットショップ,,,,,
30001,ひまわりクリーニング,535-0002,大阪府大阪市旭区,大宮1-17-2,,06-6951-1268
30002,クリーニングマミー,572-0020,大阪府寝屋川市,田井西町19-1,,072-827-1425
30003,紀州屋クリーニング,571-0070,大阪府門真市,上野口町44-15,,072-883-2822
30004,シロヤクリーニング,572-0051,大阪府寝屋川市,高柳5-8-6,,072-828-1058
30005,シルバークリーニング清水,576-0051,大阪府交野市,倉治3-24-7,,072-891-1813
30006,シロヤクリーニング 香里,572-0080,大阪府寝屋川市,香里北之町7-20,,072-831-4745
30007,泉光舎,572-0839,大阪府寝屋川市,平池町4-21,,072-826-0456
30008,セントラルクリーニング,573-1144,大阪府枚方市,牧野本町2-1-12,,072-850-4825
30009,スタークリーニング,573-0022,大阪府枚方市,宮之阪4-1-8,,072-840-0365
30010,高島クリーニング,573-0005,大阪府枚方市,池之宮3-4-12,,072-849-7634
30011,第一ランドリー店,573-0102,大阪府枚方市,長尾家具町15-10,,072-857-1800
30012,クリーニングハウストラヤ,573-0076,大阪府枚方市,東香里元町28-39,,072-853-3881
30013,つくばクリーニング,572-0006,大阪府寝屋川市,美井元町29-13,,072-832-2140
30014,西川クリーニング,576-0034,大阪府交野市,天野が原町2-21-2,,072-891-6376
30015,長崎屋クリーニング店,573-0046,大阪府枚方市,宮之下町16-3,,072-891-6376
30016,日高商店,570-0014,大阪府守口市,藤田町40,,06-6905-3968
30017,日之出屋クリーニング,573-0055,大阪府枚方市,伊加賀本町3-9,,072-841-5215
30018,クリーニングMAX,540-0019,大阪府大阪市中央区,和泉町1-3-3,,06-6941-8534
30019,マルフク寝装店,572-0824,大阪府寝屋川市,萱島東2-11-12,,072-821-8147
30020,ミトヤクリーニング,571-0062,大阪府門真市,宮野町19-8,,072-881-0854
30021,明和ランドリー,572-0824,大阪府寝屋川市,萱島東3-4-9,,072-825-2909
30022,㈱旭寝具,576-0021,大阪府交野市,妙見坂1-16-1,,072-892-7178
30024,ローズクリーニング,573-1105,大阪府枚方市,南楠葉1-10-4,,072-857-6360
30025,タキシード洗化,572-0085,大阪府寝屋川市,香里新町21-24,,072-833-3744
30026,サンワクリーニング,658-0015,兵庫県神戸市東灘区,本山南町2-13-9,,078-431-1650
30027,青木クリーニング,658-0027,兵庫県神戸市東灘区,青木6-7-2,,078-411-7698
30028,㈱芦屋サンシャイン,659-0065,兵庫県芦屋市,公光町8-2,,0797-23-0637
30029,西尾ランドリー,659-0076,兵庫県芦屋市,清水町3-10,,0797-22-0694
30030,㈲サンクリーン大丸,659-0051,兵庫県芦屋市,呉川町12-16,,0797-22-4954
30031,灘ランドリー,657-0826,兵庫県神戸市灘区,倉石通1-2-31,,078-861-4822
30032,菊屋ランドリー,663-8136,兵庫県西宮市,笠屋町21-17,,0798-49-3888
30033,清光舎クリーニング,663-8006,兵庫県西宮市,段上町2-22-8,,0798-52-2550
30034,大阪屋クリーニング,663-8006,兵庫県西宮市,段上町2-17-27,,0798-51-0655
30035,平野クリーニング,663-8124,兵庫県西宮市,小松南町3-3-1,,0798-41-0913
30036,小松屋クリーニング店,663-8126,兵庫県西宮市,小松北町1-2-7,,079-841-0637
30037,ステップシャトル便,565-0841,大阪府吹田市,上山手町13-38,,06-6821-8887
30038,カワキヤクリーニング,562-0042,大阪府箕面市,百楽荘4-1-2,,072-721-2422
30039,㈲備前屋クリーニング,574-0034,大阪府大東市,朋来2-4-37,,072-873-8354
30040,ヤングクリーニング,569-1141,大阪府高槻市,氷室町2-35-18,,072-694-5900
30041,朝日屋クリーニング,569-0827,大阪府高槻市,如是町25-13,,072-695-8629
30042,クリーニング ステップ,565-0841,大阪府吹田市,上山手町15-30,,06-6388-7259
30043,東栄舎㈱,569-0056,大阪府高槻市,城南町1-6-1,,072-675-1579
30044,白木屋,563-0022,大阪府池田市,旭丘3-1-6,,072-761-1314
30045,はかた屋クリーニング,563-0032,大阪府池田市,石橋1-19-4,,072-762-0624
30046,サンワクリーニング,564-0082,大阪府吹田市,片山町4-38-33,,06-6385-2433
30047,中川クリーニング,565-0824,大阪府吹田市,山田西1-1-7,,06-6877-4484
30048,関西クリーニング,544-0004,大阪府大阪市生野区,巽北3-2-19,,06-6752-0430
30049,モリモトクリーニング,566-0071,大阪府摂津市,鳥飼下3-14-12,,072-654-7380
30050,丸玉クリーニング,570-0064,大阪府守口市,長池町7-8,,06-6997-0046
30051,丸福クリーニング,574-0025,大阪府大東市,御供田4-4-39,,072-874-3172
30052,やなぎやクリーニング,572-0033,大阪府寝屋川市,池田東町8-4,,072-826-4726
30053,横山ドライクリーニング,575-0021,大阪府四條畷市,南野1-16-19,,072-876-6838
30054,双葉クリーニング,570-0033,大阪府守口市,大宮通2-11,,06-6991-4721
30055,フジヤふとん店,572-0031,大阪府寝屋川市,若葉町25-6,,072-829-2447
30056,奈良屋クリーニング商会,545-0005,大阪府大阪市阿倍野区,三明町1-13-18,,06-6628-3754
30057,中山クリーニング,575-0024,大阪府四條畷市,塚脇町6-16,,072-877-5812
30058,㈲備前屋クリーニング,574-0042,大阪府大東市,大野1-10-16,,072-872-1571
30059,㈱フランス屋,596-0011,大阪府岸和田市,木材町1-4,,072-437-3333
30060,富士屋商会,571-0059,大阪府門真市,堂山町10-15,,06-6908-3357
30061,トミヤクリーニング,572-0051,大阪府寝屋川市,高柳1-5-26,,072-828-1887
30062,佐々木クリーニング,575-0021,大阪府四條畷市,南野1-4-7,,072-877-3054
30063,清光舎クリーニング,538-0052,大阪府大阪市鶴見区,横堤4-15-16,,06-6911-9608
30064,伸光クリーニング,538-0054,大阪府大阪市鶴見区,緑1-10-3,,06-6933-7248
30065,白石クリーニング,570-0006,大阪府守口市,八雲西町3-40,,06-6992-6514
30066,シルバー京極クリーニング,571-0047,大阪府門真市,栄町4-18,,06-6908-4041
30067,栄屋クリーニング,574-0025,大阪府大東市,御供田1-18-11,,072-871-5223
30068,㈲紀の国屋クリーニング,572-0835,大阪府寝屋川市,日之出町21-2,,072-821-2395
30069,㈲讃岐屋,572-0811,大阪府寝屋川市,楠根南町12-22,,072-821-2052
30070,月の友会,566-0063,大阪府摂津市,鳥飼銘木町18-26,,072-654-0075
30071,モビメント関西,566-0063,大阪府摂津市,鳥飼銘木町13-1,,072-650-1701
30073,クリーニング石本,566-0001,大阪府摂津市,千里丘2-9-1,,06-6387-6661
30074,京屋クリーニング,567-0032,大阪府茨木市,西駅前町10,,072-625-8977
30075,ファッションクリーニング幸福舎,567-0827,大阪府茨木市,稲葉町11-17,,072-635-9560
30076,ラヴィサンリューイル,573-0015,大阪府枚方市,村野東町61-1,,072-840-1110
30077,ローヤルランドリー,573-0047,大阪府枚方市,山之上2-15-5,,072-843-2229
30078,福屋クリーニング,573-0013,大阪府枚方市,星丘20-7,,0120-209-298
30079,島田屋クリーニング,560-0022,大阪府豊中市,北桜塚1-5-19,,06-6853-4489
30080,鈴木クリーニング,661-0973,兵庫県尼崎市,善法寺町24-34,,06-6493-3010
30081,一心舎クリーニング,660-0892,兵庫県尼崎市,東難波町3-13-37,,06-6481-1617
30082,クリーニング帝国社,532-0002,大阪府大阪市淀川区,東三国5-5-27,,06-6391-4026
30083,クリーニングマツバヤ,535-0021,大阪府大阪市旭区,清水2-17-17,,06-6951-1562
30084,クリーニングパリー,535-0005,大阪府大阪市旭区,赤川5-18,,06-6922-0322
30085,ドライクリーニング白新舎,570-0035,大阪府守口市,東光町3-8,,06-6988-8950
30086,森田布団店,662-0844,兵庫県西宮市,西福町7-20,,0798-67-9244
30087,エンパイヤクリーニング,662-0914,兵庫県西宮市,本町4-24,,0798-22-1619
30088,光洋社クリーニング,661-0047,兵庫県尼崎市,西昆陽3-22-2,,06-6431-2783
30089,マミーサービス㈱,665-0033,兵庫県宝塚市,伊孑志1-8-27,,0797-71-7165
30090,大和屋クリーニング,665-0882,兵庫県宝塚市,山本南1-20-13,,0797-89-4862
30091,㈲サンテン,621-0234,京都府亀岡市,東本梅町赤熊東山口21,,0771-26-2154
30092,㈱マルトミクリーニング,555-0013,大阪府大阪市西淀川区,千舟3-6-19,,06-6473-0149
30093,㈱マルトミクリーニング,663-8245,兵庫県西宮市,津門呉羽町3-41,,0798-26-1185
30094,㈱クリーニング太陽,566-0046,大阪府摂津市,別府1-17-3,,0800-808-8415
30095,クリーニングトラヤ 金田店,570-0011,大阪府守口市,金田町3-1-20,,06-6905-0125
30096,セントラルクリーニング,572-0051,大阪府寝屋川市,高柳2-39-4,,072-828-4145
30097,ドライショップ鷲見,621-0852,京都府亀岡市,紺屋町6-7,,0771-23-0079
30098,太陽ドライ,621-0826,京都府亀岡市,篠町篠野田10-36,,0771-23-6896
30099,竹本クリーニング東店,621-0832,京都府亀岡市,東つつじケ丘都台1-10-10,,0771-23-7162
30100,東京屋クリーニング,622-0017,京都府南丹市,園部町若松町10,,0771-62-0559
30101,タイムクリーニング,611-0001,京都府宇治市,六地蔵奈良町58-16,土岡ビル1F,0774-46-9771
30102,大久保自衛隊,611-0031,京都府宇治市,広野町風呂垣外１－１,,077-444-0001
30103,今津自衛隊,520-1621,滋賀県高島市,今津町平郷国有地,,074-22-2581
30104,信太山駐屯地,594-8502,大阪府和泉市,伯太町官有地,,072-541-0090
30105,桂 駐屯地,601-8211,京都府京都市南区,久世高田町,,075-381-2125
30106,福知山 駐屯地,620-8502,京都府福知山市,字天田無番地,,0773-22-9549
30107,宇治自衛隊,611-0011,京都府宇治市,五ケ庄梅林,,0774-31-8121
30108,越中屋ドライクリーニング店,612-0089,京都府京都市伏見区,深草佐野屋敷町3,,075-641-9436
30109,クリーニングシップくるみ,607-8242,京都府京都市山科区,勧修寺柴山8-198,,075-641-9436
30110,クリーニング洛東舎,607-8482,京都府京都市山科区,北花山大林町17-6,,075-501-3456
30111,クリーニングサービスショップ林,607-8463,京都府京都市山科区,上花山講田町1-3,,075-592-5394
30112,奥村クリーニング,607-8352,京都府京都市山科区,西野岸ノ下町12-3,,075-581-2933
30113,クリーニング中川,601-1345,京都府京都市伏見区,醍醐外山街道町25-31,,075-571-5605
30114,中川クリーニング,611-0021,京都府宇治市,宇治レンゲ57-1,,077-421-2453
30115,久保クリーニング,602-8125,京都府京都市上京区,大宮通下立売下る菱屋町802,,075-811-1730
30116,クリーニングたなか,611-0043,京都府宇治市,伊勢田町砂田113-47,,077-423-9506
30117,クリーニング ヤマゼン,613-0033,京都府久世郡久御山町,林3-5-4,,077-444-6819
30118,クリーニング ２００１,607-8131,京都府京都市山科区,大塚南溝町34-2,,075-593-9858
30119,中西クリーニング,605-0082,京都府京都市東山区,新門前通大和大路東入ル,,075-541-5211
30120,山口クリーニング,603-8313,京都府京都市北区,紫野下柏野町43,,075-461-8884
30121,ヤマモトクリーニング,610-0114,京都府城陽市,市辺五島7-48,,077-452-3290
30122,白光社クリーニング店,606-8001,京都府京都市左京区,山端柳ケ坪町5-1,,075-781-7653
30123,日の出屋クリーニング,601-8313,京都府京都市南区,吉祥院中島町30-5,,075-691-1034
30124,やまぐちクリーニング,603-8445,京都府京都市北区,鷹峯藤林町6-294,,075-491-8173
30125,小田クリーニング,606-8111,京都府京都市左京区,高野泉町11-83,,075-711-7950
30126,高島屋クリーニング,605-0026,京都府京都市東山区,古川町三条下る西入南サカイ町442,,075-561-2240
30127,寿屋洗工㈲,601-8004,京都府京都市南区,東九条東山王町10,,075-681-7231
30128,丸正クリーニング,605-0981,京都府京都市東山区,本町19-405,,075-561-7083
30129,新海クリーニング,612-8122,京都府京都市伏見区,向島庚申町54-20,,075-611-4979
30130,浅尾クリーニング,612-8141,京都府京都市伏見区,向島二ノ丸町85,,075-611-4979
30131,エミヤ田中クリーニング,602-0000,京都府京都市上京区上長者町,通松屋町西入る,,075-451-3660
30132,伊豆屋クリーニング,604-8424,京都府京都市中京区,西ノ京樋ノ口町5,,075-841-9656
30133,東洋舎クリーニング,604-8421,京都府京都市中京区,西ノ京永本町1-5,,075-811-6965
30134,山口クリーニング,604-8421,京都府京都市中京区,西ノ京永本町5,,075-811-6965
30135,吉田屋クリーニング,602-8134,京都府京都市上京区,大宮通丸太町上る一町目,,075-841-7945
30136,㈲エスケイクリーニング,602-0053,京都府京都市上京区,中小川町215,,075-451-1661
30137,ミカゲヤクリーニング,602-0898,京都府京都市上京区,相国寺門前町670-11,,075-231-7070
30138,足立クリーニング,602-0897,京都府京都市上京区,新御霊口町285,,075-231-6531
30139,清水クリーニング,617-0002,京都府向日市,寺戸町初田24,,075-921-2075
30140,栄光舎 城陽,610-0121,京都府城陽市,寺田乾出北2,,077-452-4062
30141,ユリヤクリーニング,617-0828,京都府長岡京市,馬場川原41-20,,075-954-5947
30142,㈱レザーランド,601-1351,京都府京都市伏見区,醍醐和泉町１番地,,075-572-8139
30143,木村クリーニング,615-0055,京都府京都市右京区,西院西田町22,,075-312-4269
30144,ちどり屋クリーニング,606-8221,京都府京都市左京区,田中西樋ノ口町２,,075-781-2677
30145,オガヤクリーニング,601-8467,京都府京都市南区,唐橋大宮尻町19,,075-691-5539
30146,かわしまクリーニング,601-8041,京都府京都市南区,東九条南烏丸町1,,075-691-6248
30147,久世ランドリー,601-8213,京都府京都市南区,久世中久世町5-30,,075-921-7882
30148,三つ葉クリーニング,607-8355,京都府京都市山科区,西野大鳥井町100-144,,075-591-1173
30149,上山クリーニング,607-8152,京都府京都市山科区,東野八代2-4,,075-591-6998
30150,クリーニングつき山,617-0005,京都府向日市,向日町10,,075-921-0426
30151,タムラクリーニング,615-8194,京都府京都市西京区,川島粟田町45,,075-381-2685
30152,㈱西洋舎,615-8034,京都府京都市西京区,下津林東芝ノ宮町24,,075-393-5550
30153,クリーニング花,606-8084,京都府京都市左京区,修学院薬師堂町26-3,,075-701-5056
30154,ラバンデリ屋,615-8283,京都府京都市西京区,松尾井戸町16-2,,075-393-0076
30155,㈲永野クリーニング整理,602-0034,京都府京都市上京区,築山南半町230,,075-441-5927
30156,音羽ドライクリーニング,607-8076,京都府京都市山科区,音羽役出町1-25,,075-592-3801
30157,ファスト前川クリーニング,615-0033,京都府京都市右京区,西院寿町23,,075-312-7591
30158,京屋クリーニング,602-0922,京都府京都市上京区,讃州寺町241,,075-451-0014
30159,アルファ,607-8088,京都府京都市山科区,竹鼻地蔵寺南町2-10,,075-581-9171
30160,蝶屋クリーニング,604-0907,京都府京都市中京区,大文字町242,,075-211-6936
30161,ハヤトウクリーニング,615-0923,京都府京都市右京区,梅津中倉町30,,075-861-1608
30162,㈱クリーニング ヤマグチ,602-8165,京都府京都市上京区,尼ケ崎横町358,,075-841-9052
30163,岡安クリーニング,616-8062,京都府京都市右京区,太秦安井春日町8,,075-802-3741
30164,牧田クリーニング,611-0033,京都府宇治市,大久保町田原26-50,,077-443-0641
30165,クリーニングいとお,602-0000,京都府京都市上京区七本松中立売下,,,075-461-8757
30166,ウサギヤクリーニング,602-8312,京都府京都市上京区,末広町29,,075-462-0820
30167,㈱中山クリーニング,602-8241,京都府京都市上京区,役人町244-5,,075-441-5643
30168,㈱クリーニングマルヤマ,602-8118,京都府京都市上京区,猪熊通出水上る蛭子町422,,075-841-5969
30169,㈲ミナトヤクリーニング商会,602-0942,京都府京都市上京区,靭屋町499,,075-441-5015
30170,マルキョークリーニング店,616-8243,京都府京都市右京区,鳴滝安井殿町10,,075-462-4735
30171,安田クリーニング,601-8301,京都府京都市南区,吉祥院西ノ庄西浦町60,,075-313-3721
30172,福中クリーニング,603-8312,京都府京都市北区,紫野中柏野町14,,075-462-0462
30173,太清クリーニング,616-8141,京都府京都市右京区,太秦棚森町6-63,,075-881-0759
30174,ラバンダーリア丸京クリーニング,615-0002,京都府京都市右京区,西院東今田町32,,075-312-5440
30175,畠山クリーニング,612-8321,京都府京都市伏見区,越前町601,,075-601-3651
30176,竹内クリーニング,612-8307,京都府京都市伏見区,景勝町57,,075-611-6508
30177,オリオン商会,615-0025,京都府京都市右京区,西院西矢掛町18-3,,075-312-4507
30178,朝日屋クリーニング,601-8438,京都府京都市南区,西九条東比永城町107-15,,075-661-1056
30179,㈲東晃ランドリー,616-0016,京都府京都市西京区,嵐山上海道町74-14,,075-861-1872
30180,山野クリーニング,607-8355,京都府京都市山科区,西野大鳥井町23-4,,075-591-3227
30181,サクラヤクリーニング,616-8317,京都府京都市右京区,嵯峨野神ノ木町13,,075-861-1730
30182,かぶとや,602-8392,京都府京都市上京区,御前通今出川上る２丁目北町624,,075-461-6232
30183,ヒコーキヤクリーニング,520-0041,滋賀県大津市,浜町,,077-522-2780
30184,㈲ミカゲヤ,520-0802,滋賀県大津市,馬場3-14-54,,077-524-2092
30185,クリーニングなかむら,520-0232,滋賀県大津市,真野3-19-33,,077-572-1328
30186,はり松クリーニング,520-0242,滋賀県大津市,本堅田3-14-8,,077-572-0439
30187,ドライクリーニング コトブキ,520-0244,滋賀県大津市,衣川3-2-1,,077-594-2528
30188,ファッションケア クボタ,615-0064,京都府京都市右京区,西院久田町145,,075-325-4485
30189,㈱白水舎,610-0112,京都府城陽市,長池北清水49-1,,07745-2-0129
30190,宮道クリーニング,520-0843,滋賀県大津市,北大路3-3-6,,077-534-6144
30191,塚本クリーニング,520-0814,滋賀県大津市,本丸町2-10,,077-524-6938
30192,㈲かたおか,520-0844,滋賀県大津市,国分1-10-13,,077-534-0966
30193,吉福クリーニング,520-0846,滋賀県大津市,富士見台25-1,,077-537-4548
30194,ドライクリーニング東洋舎,520-2141,滋賀県大津市,大江3-16-17,,077-545-0201
30195,みどりやクリーニング,520-2141,滋賀県大津市,大江3-20-12,,077-545-2369
30196,㈱フジヤクリーニング,520-2152,滋賀県大津市,月輪1-103,,077-545-8899
30197,㈱小平井屋クリーニング店,520-3034,滋賀県栗東市,小平井3-1-18,,077-552-2253
30198,ヤマギシクリーニング,520-2143,滋賀県大津市,萱野浦7-13,,077-543-5963
30199,㈲東洋ウエックス,525-0028,滋賀県草津市,上笠2-15-18,,077-563-9838
30200,福一クリーニング,615-0906,京都府京都市右京区,梅津高畝町55,,075-871-6530
30201,久保クリーニング,563-0036,大阪府池田市,豊島北1-8-20,,072-775-2069
30202,㈲サンクリーン大丸,659-0051,兵庫県芦屋市,呉川町12-16,,0797-22-4959
30203,大和屋クリーニング,538-0051,大阪府大阪市鶴見区,諸口2-2-8,,06-6911-3595
30204,クリーニングエルフ,565-0853,大阪府吹田市,春日1-4-10,,06-6384-5275
30205,㈱ミセスクリーニング,563-0024,大阪府池田市,鉢塚1-9-8,,072-761-0809
30207,クリーニングトラヤ,535-0011,大阪府大阪市旭区,今市1-18-2,,06-6955-5454
30208,マイティークリーニング,563-0022,大阪府池田市,旭丘1-5-21,,072-761-5510
30209,ランドリーバスケット,550-0015,大阪府大阪市西区,南堀江2-2-6,,06-6586-6622
30210,ロブ･ソワン,562-0043,大阪府箕面市,桜井1-14-26,,072-725-838
30211,中沢クリーニング,621-0043,京都府亀岡市,千代川町小林北ン田1,,0771-22-5302
30222,富士屋商会,572-0077,大阪府寝屋川市,点野3-31-27,,072-827-5210
30223,富士屋商会,572-0077,大阪府寝屋川市,点野3-31-27,,072-827-5210
30224,富士屋商会,572-0077,大阪府寝屋川市,点野3-31-27,,072-827-5210
30225,富士屋商会,572-0077,大阪府寝屋川市,点野3-31-27,,072-827-5210
30226,富士屋商会,572-0077,大阪府寝屋川市,点野3-31-27,,072-827-5210
30227,富士屋商会,572-0077,大阪府寝屋川市,点野3-31-27,,072-827-5210
30228,中村クリーニング,572-0077,大阪府寝屋川市,点野3-31-27,,072-827-5210
30229,TYT.堤,572-0077,大阪府寝屋川市,点野3-31-27,,072-827-5210
30230,TYT.谷口,572-0077,大阪府寝屋川市,点野3-31-27,,072-827-5210
30231,ニシムラヤクリーニング,572-0077,大阪府寝屋川市,点野3-31-27,,072-827-5210
30232,ゆみクリーニング,572-0077,大阪府寝屋川市,点野3-31-27,,072-827-5210
30233,福山クリーニング,572-0077,大阪府寝屋川市,点野3-31-27,,072-827-5210
30234,クリップ,617-0002,京都府向日市,寺戸町初田24,,075-921-2075
30235,和光クリーニング,573-0143,大阪府枚方市,野村北町1-3,,072-858-1176
30236,松田クリーニング商会,520-0001,滋賀県大津市,蓮池町10-22,,077-522-6260
30237,東京舎クリーニング,617-0845,京都府長岡京市,下海印寺横山20-5,,0120-307-475
30238,白清舎,611-0011,京都府宇治市,五ケ庄柴ノ東56-13,,0774-32-3178
30239,壽屋クリーニング,611-0002,京都府宇治市,木幡陣ノ内,,0774-32-1858
30240,松屋クリーニング,616-8015,京都府京都市右京区,谷口園町34,,075-462-4696
30241,ファッションリホームとよだ,577-0057,大阪府東大阪市,足代新町18-30,,06-6789-6698
30242,ニューなぎさ屋クリーニング,573-1182,大阪府枚方市,御殿山町5-7,,072-847-3101
30243,飯田寝具店,576-0016,大阪府交野市,星田5-17-16,,072-892-1066
30244,クリーニングマミー,572-0013,大阪府寝屋川市,三井が丘4-13-1,,072-892-1066
30245,クリーニングのほたる,572-0085,大阪府寝屋川市,香里新町22-10,,072-833-3002
30246,クリーニングタケダ 本店,602-0913,京都府京都市上京区,中立売通六軒町西入三軒町65,,075-466-0776
30247,サンコークラフト,606-8396,京都府京都市左京区,下堤町88,,075-771-3442
30248,クリーンショップコアラ 栗東,607-8481,京都府京都市山科区,北花山中道町32-2,,
30249,宮川クリーニング,607-8341,京都府京都市山科区,西野今屋敷町36-10,,075-581-0676
30250,ウォッシャーランドメモリ,520-0241,滋賀県大津市,今堅田2-3-3,,077-573-2110
30251,岡三クリーニング,520-0865,滋賀県大津市,南郷1-8-21,,077-534-4451
30252,中村製糊㈱,600-8119,京都府京都市下京区富小路,五条下ﾙ本塩竈町545,,075-341-3286
30253,タイヘイクリーニング,602-8373,京都府京都市上京区,下横町202,,075-461-4073
30254,ヤマザキドライクリーニング,612-8141,京都府京都市伏見区,向島二ノ丸町85-22,,075-601-1372
30255,ノムラクリーニング くずは店,573-1111,大阪府枚方市,楠葉朝日1-1-16,,072-855-0213
30256,はたクリーニング,564-0014,大阪府吹田市,吹東町29-14,,06-6381-0022
30257,マルカンクリーニング,605-0862,京都府京都市東山区,清水4-163,,075-561-8616
30258,山本,573-0047,大阪府枚方市,山之上2-15-5,,072-858-6492
30259,ドライクリーニング東京社,615-8107,京都府京都市西京区,川島北裏町69-4,,075-392-0108
30260,丸福クリーニング,612-8402,京都府京都市伏見区,深草川久保町17,,075-641-1020
30261,上坂クリーニング,561-0856,大阪府豊中市,穂積2-14-38,,080-3777-4174
30262,㈲たきいクリーニング,606-8303,京都府京都市左京区,吉田橘町31-9,,075-761-3121
30263,岡崎クリーニング商会,571-0016,大阪府門真市,島頭4-13-12,,072-882-3820
30264,若葉屋クリーニング店,573-1145,大阪府枚方市,黄金野1-2-24,,072-857-1346
30265,丸谷クリーニング,575-0036,大阪府四條畷市,雁屋南町15-18,,072-877-0735
30266,朝日屋クリーニング,606-8374,京都府京都市左京区,難波町200,,075-771-6806
30267,ランドリー健人,600-8879,京都府京都市下京区,西七条中野町12-12,,075-315-3235
30268,神戸屋クリーニング,520-0032,滋賀県大津市,観音寺11-8,,077-522-2328
30269,昭和クリーニング,612-0882,京都府京都市伏見区,深草薮之内町13,,090-4286-2180
30270,サイトウクリーニング,621-0864,京都府亀岡市,内丸町33,,0771-22-2811
39998,個人（CL関西工場 ）,,,,,
39999,個人（CL関西工場 現金売上,,,,,
49998,元　ﾈｯﾄｼｮｯﾌﾟ,,,,,
49999,,,,,,
50002,㈲アイブライズ,400-0306,山梨県南アルプス市,小笠原1789,,055-282-1188
50003,㈲アンヘルハート,939-1376,富山県砺波市,平和町80,,0763-58-5595
50004,アンナマリア,461-0004,愛知県名古屋市東区,葵1-25-1,,052-935-7748
50005,ブライダルハウス アンジェ,380-0838,長野県長野市,県町576,ホテル国際21 B1F,026-232-2215
50006,㈱フォールイ S･R･Y DRESS,108-0074,東京都港区,高輪4-23-6,ﾊｲﾎｰﾑ高輪509号,03-6320-1346
50007,㈱エヌワンツアー,460-0003,愛知県名古屋市中区,錦3-4-13-2F,,052-951-4891
50008,奥クリーニング,923-0302,石川県小松市,符津町ナ6-1,,0761-44-2601
50009,レンタル＆フォトスタジオ,920-1302,石川県金沢市,末町14-43,,076-254-0488
50010,㈱京屋,790-0002,愛媛県松山市,二番町2-7-13,,089-947-0117
50011,㈱アスピカ 流通事業部 福井,910-0015,福井県福井市,二の宮4-6-16,,0776-25-8944
50012,アイ･ケイ･ケイ㈱ 富山,930-0806,富山県富山市,木場町4-1,,076-445-1555
50013,㈱グレース*廃,600-8068,京都府京都市下京区,忠庵町3108,ｱﾝﾄﾞｳｴﾏﾅﾋﾞﾙ 3F,075-371-1151
50014,みや美㈱,910-0837,福井県福井市,高柳3-2201,,0776-52-5252
50015,㈱サンレー 松柏園ホテル 衣裳室,802-0022,福岡県北九州市小倉北区,上富野4-1-25,,093-511-2228
50016,㈱シャンテ,460-0003,愛知県名古屋市中区,錦3-21-21,,052-957-7655
50017,たにぐちドライ,619-0223,京都府木津川市,相楽台3-1-5,,090-1151-9918
50018,七塚女性会 衣裳室,929-1173,石川県かほく市,遠塚ﾛ52-10,町民ｾﾝﾀｰ 2F,076-285-1658
50019,㈱花みやび佳,920-0853,石川県金沢市,本町1-5-1,ﾘﾌｧｰﾚ1F,076-233-3064
50020,美洗堂 中野博充,520-0865,滋賀県大津市,南郷1-21-30,,077-534-8144
50021,㈱藤井呉服店,542-0085,大阪府大阪市中央区,心斎橋筋1-5-18,藤井ﾋﾞﾙ4F,06-6251-0025
50022,㈱アスピカ　流通*禁,915-0804,福井県越前市,新保30-35-2,,0778-24-3390
50023,ブランピュール敦賀店,914-0812,福井県敦賀市,昭和町2-21-23,,0770-25-8600
50024,㈱フェイズ,150-0001,東京都渋谷区,神宮前3-39-9,HILL'S AOYAMA 1F,03-6447-2840
50025,㈱ｴｽｸﾘﾏﾈｼﾞﾒﾝﾄﾊﾟｰﾄﾅｰｽﾞ,915-0803,福井県越前市,平出2-1-5,,0778-21-1956
50026,㈱サンレー アフロディーテ金沢,920-0056,石川県金沢市,出雲町ｲ230-2,,076-223-3000
50027,㈱サンレー アフロディーテ七尾店,926-0031,石川県七尾市,古府町ぬ37-1,,0767-53-7851
50028,㈱松枝衣裳店総本店,464-0067,愛知県名古屋市千種区,池下1-10-15,,052-761-3121
50029,ブライズビレッジ㈱,460-0003,愛知県名古屋市中区,錦1-18-24,,052-218-2515
50030,㈱エスクリ,910-0836,福井県福井市,大和田1-406,,0776-52-0505
50031,デグチビルディング㈱,414-0044,静岡県伊東市,川奈1439-1,,0557-44-4666
50032,(合)三井屋,460-0011,愛知県名古屋市中区,大須3-36-11,,052-242-2225
50033,㈱もりた衣裳,930-0083,富山県富山市,総曲輪4-7-8,,076-491-2323
50034,みや美㈱ 敦賀店,914-0814,福井県敦賀市,木崎41,,0770-22-8088
50035,㈱サンレー,923-0938,石川県小松市,芦田町2-1,,0761-23-1130
50036,㈱サンレー アフロディーテ輪島,928-0001,石川県輪島市,河井町3-200-1,,0768-22-7660
50037,アイ･ケイ･ケイ㈱ 福井,910-0803,福井県福井市,高柳町16,,0776-52-7555
50038,アイ･ケイ･ケイ㈱ 金沢,920-1154,石川県金沢市,太陽が丘3-1-3,,076-224-5123
50039,ラック㈱,910-1135,福井県吉田郡永平寺町,松岡室12-3-4,,0776-61-6612
50040,㈱LAKwedding,462-0847,愛知県名古屋市北区,金城2-4-4,ﾍﾞﾙﾃ金城 2F,052-508-4235
50041,㈱ラビアンローゼ 浜松本店,432-8021,静岡県浜松市中区,佐鳴台2-30-15,,053-449-0212
50042,一条ブライダルサロン,441-3416,愛知県田原市,東赤石5-7,,0531-22-5116
50043,㈲藍や,810-0045,福岡県福岡市中央区,草香江1-9-23,,092-739-8722
50051,ルミエ㈱ アリスガーデン,222-0032,神奈川県横浜市港北区,大豆戸町1147-5,,045-710-0031
50052,モードコレクション美和,918-8026,福井県福井市,渕2-2001,,0776-35-4170
50053,ルミエ㈱ 表参道元町店,231-0861,神奈川県横浜市中区,元町2-87-9,元町ﾊﾟｯｸﾋﾞﾙ2F,045-640-4731
50054,㈱かづ美 VG福井店,910-0061,福井県福井市,舟橋新町2-922,,0776-24-1001
50055,㈱かづ美 VG金沢店,920-0381,石川県金沢市,中屋2丁目88-1,,076-249-8008
50056,㈱かづ美 VG富山店*破産,930-0873,富山県富山市,金屋5330,,076-439-2002
50057,㈱かづ美 VG小松店,923-0993,石川県小松市,浮柳町へ98-1,,0761-24-1001
50058,アイ･ケイ･ケイ㈱ 盛岡支店,020-0866,岩手県盛岡市,本宮5-16-7,,019-656-4288
50059,アイ･ケイ･ケイ㈱ いわき,970-8047,福島県いわき市,中央台高久2-28,,0246-46-2511
50060,ホワイトスポーザブティックナゴヤ,460-0002,愛知県名古屋市中区,丸の内3-23-20,HF桜通ﾋﾞﾙﾃﾞｨﾝｸﾞ１F,052-253-7331
50061,衣裳工房 織花 折原俊哉,349-0221,埼玉県白岡市,上野田586,,0480-92-3721
50062,㈱エスクリ,915-0092,福井県越前市,塚町25,,0778-21-8080
50063,七塚女性会 衣裳室,929-1173,石川県かほく市,遠塚ﾛ52-10,町民ｾﾝﾀｰ 2F,076-285-1658
50064,アドリブ㈱,921-8152,石川県金沢市,高尾1-58-1,,076-224-0788
50065,ブライダルサロン　アマノ,933-0039,富山県高岡市,大手町2-18,,0766-24-4144
50066,ブライダル コットン,536-0014,大阪府大阪市城東区,鴫野西5-13-44,,06-6965-7288
50067,シンデレラ,670-0923,兵庫県姫路市,呉服町81,,079-224-3000
50068,アイ･ケイ･ケイ㈱ 広島,732-0804,広島県広島市南区,西蟹屋3-18-2,,082-568-6807
50069,アイ･ケイ･ケイ㈱ 岡崎,444-0834,愛知県岡崎市,柱町字下荒子17-1,,050-3852-5367
50070,㈱富士スタヂオ 本社,656-0025,兵庫県洲本市,本町6-3-5,,0799-22-0161
50071,衣裳館クレイドル,922-0423,石川県加賀市,作見町ﾆ-5-1,,0761-73-0200
50072,㈱ベージュ,920-0997,石川県金沢市,竪町113,LWP 1F,076-213-8885
50073,㈲錦屋衣裳店 ベニール錦屋,880-0031,宮崎県宮崎市,船塚2-6-2,,0985-26-1701
50074,アイ･ケイ･ケイ㈱ 大阪支店,540-0002,大阪府大阪市中央区,大阪城3-1,2F,06-6945-0022
50075,㈲やしま呉服店,932-0031,富山県小矢部市,岡360,,0766-67-5298
50076,㈱ノバレーゼ,980-0014,宮城県仙台市青葉区,本町2-3-10,KDX仙台本町ﾋﾞﾙ1F,022-354-8301
50077,㈱ノバレーゼ,231-0007,神奈川県横浜市中区,弁天通5-70,日本興亜馬車道ﾋﾞﾙ1-2F,045-222-6444
50078,㈱ノバレーゼ,460-0003,愛知県名古屋市中区,錦3-24-24,錦324ﾋﾞﾙ 3F,052-955-3388
50079,㈱ノバレーゼ,730-0017,広島県広島市中区,鉄砲町10-12,広島鉄砲町ﾋﾞﾙﾃﾞｨﾝｸﾞ3F,082-502-1818
50080,㈱ノバレーゼ,733-0005,広島県広島市西区,三滝町1-3三瀧荘内,,082-537-0205
50081,㈱ノバレーゼ,810-0072,福岡県福岡市中央区,長浜1丁目1番12号,TENJIN MONOLITH内,092-717-8899
50082,㈱ノバレーゼ,810-0024,福岡県福岡市中央区,桜坂1-6-38,ﾌﾚｱｰｼﾞｭ桜坂内,092-716-1685
50100,ワタベウエディング㈱,615-0046,京都府京都市右京区,西院西溝崎町20番地,,075-322-4110
50101,㈱Ａｙｌｉｎａ 本社,861-2107,熊本県熊本市東区,秋津新町1-34,ｱﾑｰﾙﾊﾟﾜｰﾋﾞﾙ　5F,096-365-8160
50102,㈱なぎさ本舗 京都屋ドレス工場,940-2127,新潟県長岡市,新産2-9-1,,0258-21-5456
50103,㈱アンテリーベ＊禁,564-0044,大阪府吹田市,南金田2-18-11,,06-6338-5337
50104,㈲ヤングドライ高岡 NS熱田,456-0052,愛知県名古屋市熱田区,二番2-2-22,,052-659-2223
50105,㈱ヤングドライ 滑川支店,936-0023,富山県滑川市,柳原字大法277,,076-476-5780
50106,㈱ヤングドライ 今池支店*閉所,464-0850,愛知県名古屋市千種区,今池5-31-3,,052-735-7666
50107,㈱ヤングドライ 泉野支店*閉所,921-8034,石川県金沢市,泉野町5-1,,076-244-5111
50108,オークス㈱ ビアンベール砺波,939-1365,富山県砺波市,三島町11-8,砺波平安閣,0763-33-4522
50109,㈲ロバリア,919-0423,福井県坂井市,春江町石仏1-44,,0776-51-4002
50110,㈲ひよしや本社,780-0822,高知県高知市,はりまや町1-11-9,,088-882-9611
50111,㈱オオタケポパイショップ,115-0045,東京都北区,赤羽1-63-15,,03-3901-7303
50112,㈱七福人,023-0003,岩手県奥州市,水沢佐倉河字慶徳44-1,,0197-23-8555
50113,㈱エス･ティ･ケー,300-0847,茨城県土浦市,卸町2-8-3,,029-879-5305
50114,㈱みつ和　小松ｱﾆﾍﾞｰﾙ*禁,923-0801,石川県小松市,園町ﾎ100-1,,0761-23-7777
50115,㈱アムール熊本*50101,861-2107,熊本県熊本市東区,秋津新町1-34,ｱﾑｰﾙPowerﾋﾞﾙ 1F,096-331-3330
50116,㈱真寿美衣裳,910-0015,福井県福井市,二の宮2-28-23,,0776-26-8181
50117,愛･美裳,915-0075,福井県越前市,幸町1-13,,0778-23-8181
50118,㈲スポーザ,506-0808,岐阜県高山市,松本町276-1,,0577-36-2771
50119,㈱ヤングドライ 大島支店*閉所,939-0271,富山県射水市,大島北野78-2,,0766-52-8090
50120,㈲ヤングドライ高岡 大曾根支店,462-0810,愛知県名古屋市北区,山田4-105,,052-910-1520
50121,㈲ヤングドライ金沢 野々市支店,921-8817,石川県野々市市,横宮町57-1,,0762-246-4111
50122,クリーニングひまわり,120-0025,東京都足立区,千住東1-13-10,,03-3888-5525
50123,㈲リペアランス*倒産,376-0023,群馬県桐生市,錦町3-5-35,,0277-44-2239
50124,辰口校下婦人会,923-1245,石川県能美市,辰口町ヌ10番地,辰口女性青年会館内,0761-51-5850
50125,㈱ヤングドライ 窪店,930-0842,富山県富山市,窪新町6-43,,076-431-3630
50126,アイ・ケイ・ケイ㈱福岡東支店,811-2502,福岡県糟屋郡久山町,山田1095-1,,092-931-9030
50127,オークス㈱ ビアンベール,939-8211,富山県富山市,二口町1-8-10,,
50128,㈱ひまわり,933-0038,富山県高岡市,坂下町1201-1,,0766-22-3660
50129,㈱カーロカーラ,922-0431,石川県加賀市,山田町平拍子72,,0761-74-8886
50130,㈲ヤングドライ金沢 福井北支店,910-0804,福井県福井市,高木中央2-4006,,0776-57-0220
50131,㈲ヤングドライ金沢 福井南支店,918-8024,福井県福井市,舞屋町16-2-2,,0776-33-5595
50133,ラヴィーナ和歌山,640-8451,和歌山県和歌山市,中639-6,,073-454-0010
50134,ｸﾗｼｺﾌｧｰｽﾄｸﾗｽ･ｳｴﾃﾞｨﾝｸﾞ 衣裳室,933-0045,富山県高岡市,本丸町13-1,,0766-23-4122
50135,㈲ヤングドライ金沢 小松支店,923-0867,石川県小松市,幸町3-1-1,,076-246-4111
50136,岩本ブライダルハウス,910-0016,福井県福井市,大宮3-25-10,,0776-22-8458
50137,㈱みつ和,920-0902,石川県金沢市,尾張町2-5-14,,076-221-3188
50138,㈱ベルセレマ 金沢 衣裳室,920-0364,石川県金沢市,松島1-30,,076-240-1105
50139,オーボランジェ㈲和光,951-8106,新潟県新潟市中央区,東大畑通1-647-1,,025-222-1462
50140,染色補正 彩徳,169-0075,東京都新宿区,高田馬場4-19-2,,03-3362-5660
50141,㈱オークス 衣裳相談窓口,926-0816,石川県七尾市,藤橋町ﾃ17-1,,0767-53-0108
50142,㈱ヤングドライ 武生支店*閉所,915-0816,福井県越前市,小松2-14-21,,0778-21-5003
50143,ラヴィーナ加古川,675-0021,兵庫県加古川市,尾上町安田413-1,,079-427-1000
50144,㈱よしお,668-0045,兵庫県豊岡市,城南町4-11,,0796-23-4477
50145,㈱コカジﾞ,562-0035,大阪府箕面市,船場東1-9-32,,072-726-5225
50146,㈱南愛知冠婚葬祭互助会,475-0925,愛知県半田市,宮本町6-215-1,,0569-21-2222
50147,㈱アスピカ レガピオーレ,500-8358,岐阜県岐阜市,六条南1-9-30,,058-272-1717
50148,㈱平安閣,491-0005,愛知県一宮市,西大海道金底77-1,,0586-81-0090
50149,㈱アメリ,460-0008,愛知県名古屋市中区,栄4-6-1,ﾍﾞｽﾄｳｴｽﾀﾝﾎﾃﾙ 3F,052-269-3188
50150,㈱アスピカ,501-6255,岐阜県羽島市,福寿町浅平1-44,,058-392-8880
50151,㈱アスピカ フェンテ･グランデ,503-0864,岐阜県大垣市,南頬町1-159,,0584-82-0022
50152,㈲丸幸,922-0334,石川県加賀市,西島町ﾙ17-1,,07617-7-2828
50153,ワタベウェディング㈱,460-0003,愛知県名古屋市中区,錦1-18-22,,052-218-4111
50154,㈱バリュープランニング,651-0061,兵庫県神戸市中央区,上筒井通6-1-5,,078-230-3034
50155,ワタベウエディング㈱,600-8540,京都府京都市下京区,四条通烏丸東入長刀鉾町20,四条烏丸FTｽｸｴｱ,075-352-4111
50156,㈲ヤングドライ高岡 中川支店,454-0815,愛知県名古屋市中川区,長良町4-133,,052-354-9700
50157,ワタベウェディング㈱ 名駅店,450-0002,愛知県名古屋市中村区,名駅2-26-22,名駅ﾋﾞﾙﾃﾞｨﾝｸﾞ1階,052-571-4111
50158,彩工房イワサ,910-0015,福井県福井市,二の宮5-6-11,,0776-23-2638
50159,㈱クレールコーポレーション,450-0002,愛知県名古屋市中村区,名駅3-19-18,ｺｽﾁｭｰﾑ6F,052-561-7727
50160,太谷㈱ 福井営業所,910-0853,福井県福井市,城東4-29-12,,0776-27-2244
50161,ワタベウエディング㈱,615-0046,京都府京都市右京区,西院西溝崎町20,,075-322-4110
50162,㈱吉崎,623-0222,京都府綾部市,栗町下沼上1,,0773-42-1127
50163,ANIIA㈱ 名古屋店,497-0058,愛知県海部郡蟹江町,富吉1-536,MIYOSHI BLD 2F,0567-69-6082
50164,井上衣裳店,633-0253,奈良県宇陀市,榛原萩原2429-10,,0745-82-0041
50165,㈱みつ和 七尾店,926-0021,石川県七尾市,本府中町ヲ部3-1,,
50166,日野工業㈱,547-0042,大阪府大阪市平野区,平野市町2-3-24,,06-6794-1021
50167,中央ドライ,930-0975,富山県富山市,西長江3-2-3,,076-423-9344
50168,㈲千代屋,626-0013,京都府宮津市,住吉1816,,0772-22-1165
50169,チャコット㈱ 上田物流センター,386-1106,長野県上田市,小泉794-5,,0268-28-6311
50170,㈱Dressmore 大阪,542-0081,大阪府大阪市中央区,南船場2-6-12,SEDIC PLACE 2F,06-6266-0069
50171,㈱ラコーム,911-0034,福井県勝山市,滝波町1-218,,0779-87-1291
50616,㈱サンレー アフロディーテ珠洲店,927-1213,石川県珠洲市,野々江町ﾕ36-1,,0768-82-4725
50617,㈱セルビス サンパレス,599-8237,大阪府堺市中区,深井水池町3288,,072-278-2211
50618,ラ･メゾンSuiteりんくう,598-0048,大阪府泉佐野市,りんくう往来北2-48,,072-458-2000
50619,ウエヤマ㈱,626-0013,京都府宮津市,住吉1816,,0772-22-4392
50620,ハドソンウェディング 宇多津店,769-0202,香川県綾歌郡宇多津町,浜二番丁18-3,,087-756-7505
50621,㈲巨洋物産 Marsha K,102-0094,東京都千代田区,紀尾井町3-29,紀尾井町ﾛｲﾔﾙﾊｲﾂ701,03-6883-9736
50622,㈱ノバレーゼ,530-0001,大阪府大阪市北区,梅田2-2-2,ﾋﾙﾄﾝﾌﾟﾗｻﾞｳｴｽﾄｵﾌｨｽﾀﾜｰ16F,06-4795-7117
50623,㈱ノバレーゼ,030-0843,青森県青森市,浜田3-1-1,1階D102,017-762-3663
50624,㈱ノバレーゼ,370-0006,群馬県高崎市,問屋町1-11-5,,027-370-9933
50625,㈱ノバレーゼ,963-8025,福島県郡山市,桑野1-11-17,郡山モノリス内,024-927-5510
51000,株式会社　あおき　　　　ｵﾘ,939-8132,富山県富山市,月岡町6-1339-2,,076-429-5588
51001,PHOTOHOUSE Heroes 寺井写真館　ｵﾘ,923-1121,石川県能美市,寺井町59-1,,0761-57-0231
51002,有限会社　丸幸　　　　ｵﾘ,922-0334,石川県加賀市,西島町ﾙ-17-1,,0761-77-2828
51003,加賀写真館　　　　　ｵﾘ,922-0811,石川県加賀市,大聖寺南町ホ34,,0761-72-4677
51004,フォトハウス・クルール　　ｵﾘ,939-1364,富山県砺波市,豊町2-17-5,,0763-33-2277
51005,㈱ハヤカワ 福CL,910-0001,福井県福井市,大願寺1-6-27,,0776-23-0037
51006,㈱アスピカ ブランピュール,910-0015,福井県福井市,二の宮4-6-16,,0776-25-8900
51007,㈱アンテリーベ 河原町店,604-8027,京都府京都市中京区,河原町通蛸薬師下る塩屋町344,日新河原町ﾋﾞﾙ6・7F,075-212-6552
51008,㈱アンテリーベ,530-0011,大阪府大阪市北区,大深町4-20,ｸﾞﾗﾝﾌﾛﾝﾄ大阪ﾀﾜｰA(南館)15F,06-6377-1600
51009,㈱アンテリーベ 銀座店,104-0061,東京都中央区,銀座12-6,CURA GINZA 3F,03-3569-0370
51010,㈱アンテリーベ 芦屋,659-0092,兵庫県芦屋市,大原町5-2,              ﾎﾟﾄﾗﾋﾞﾙ1･2F,0797-23-7887
52050,㈲レディアンス,700-0912,岡山県岡山市北区,大供表町3-1,,086-226-5000
52051,㈱アンテリーベ 江坂店,564-0054,大阪府吹田市,芳野町13-10,miaviaｱﾄﾘｴ棟 1F,06-6380-3118
52052,㈱アスピカ 流通,915-0804,福井県越前市,新保30-35-2,,0778-24-3390
52053,㈱LINES.inc.,340-0162,埼玉県幸手市,下川崎860-3,,0480-48-5648
52054,㈱meets,790-0004,愛媛県松山市,大街道3-2-12,,089-915-6707
52055,富山オークスセレモニーセンター,930-0801,富山県富山市,中島4-2-14,,076-432-9854
52056,アイ･ケイ･ケイ㈱ 神戸,650-0045,兵庫県神戸市中央区,港島1-116,,078-321-5125
52057,㈲福井油脂商会,910-0384,福井県坂井市,丸岡町四ツ屋6-11-1,,0776-67-6621
52058,ネームレス,924-0847,石川県白山市,内方新保町7,,090-7087-9798
52059,㈱アスピカ BGHレジーナ,,,,,
52060,㈱アルファブランカ,919-1305,福井県三方上中郡若狭町,北前川74号今古1-1,,0770-45-2311
52061,㈲エフ･アンジェリ,542-0086,大阪府大阪市中央区,西心斎橋1-5-5,ｱｰﾊﾞﾝBLD心斎橋7F,06-6252-0808
52062,㈱スタジオ ニコフィルム,683-0805,鳥取県米子市,西福原5-6-12,TREE'S 2F,0859-31-3337
52063,㈱ジャパンビジュアルサポート,939-2716,富山県富山市,婦中町下轡田165-1,ﾌｧﾎﾞｰﾚ2F,076-465-1402
52064,アイ･ケイ･ケイ㈱ 東京,135-0061,東京都江東区,豊洲6-5-33,（豊洲ぐるり公園内）,03-5548-7606
52065,㈱つぼた衣裳,910-0004,福井県福井市,宝永4-19-8,,0776-21-4747
52066,きものメンテナンス さかもと,917-0072,福井県小浜市,千種2-4-14,,0770-52-1871
52067,(合)染と織のやまざき,511-0073,三重県桑名市,北寺町34,,0594-22-1377
52068,㈲貸衣裳の和楽,939-8072,富山県富山市,堀川町338,,076-422-5225
52069,Ambihone株式会社,540-0002,大阪府大阪市中央区,大阪城3-1,JO-TERRACE OSAKA Eﾃﾗｽ,06-4790-8880
52070,㈱原田屋,754-0002,山口県山口市,小郡下郷867-30,,083-972-0316
52071,三恵メリヤス㈱,530-0015,大阪府大阪市北区,中崎西2-3-28,,06-6371-0498
52072,ビューティーライフ ソフィア,289-2144,千葉県匝瑳市,八日市場ｲ-66-1,,0479-72-0828
52073,Embellir,910-0067,福井県福井市,新田塚2-93-5,,090-1639-7602
52074,㈱CLOUD,920-8203,石川県金沢市,鞍月5-74,,076-287-3749
52075,㈱イワタグループ,910-0224,福井県坂井市,丸岡町八ケ郷21-7-1,,0776-68-5050
52076,㈲つるや本店,652-0006,兵庫県神戸市兵庫区,神田町28-10,,078-361-0932
52077,㈱岩本貸衣裳店,910-0004,福井県福井市,宝永4-1-7,,0776-24-6434
52078,㈱寿光,600-8413,京都府京都市下京区,烏丸通仏光寺下ﾙ大政町685,京都四条烏丸ﾋﾞﾙ8階,075-352-4122
52079,㈱岩本貸衣裳店　敦賀店,914-0811,福井県敦賀市,中央町1丁目3-7,,0770-25-8181
52080,㈱松川レピヤン,910-0314,福井県坂井市,丸岡町舛田20-5-1,,0776-66-0158
52081,㈱ベストアニバーサリー 商品管理部,135-0043,東京都江東区,塩浜2-4-20,浪速運送東京ｾﾝﾀｰ内,03-6703-6163
52082,ブライダル京洛,921-8041,石川県金沢市,泉3-1-3,,076-243-7533
52083,OVER THE MOON DRESS,630-0222,奈良県生駒市,壱分町188-1,ﾍﾞﾙｺｰﾄ生駒201号室,050-3631-4013
52084,㈲いせや写真館,656-0002,兵庫県洲本市,中川原町中川原82,,0799-20-9004
52086,松尾㈱,562-0035,大阪府箕面市,船場東1丁目11番13号,林ﾋﾞﾙ7F,072-729-1941
52087,(同)blanca,424-0842,静岡県静岡市清水区,春日2-3-25,,054-351-1155
52088,KIMONO工房 奏,120-0026,東京都足立区,千住旭町38番1号,東京千住ｱﾈｯｸｽ409号室,080-1237-3217
52089,Trunk.WEDDING,919-0441,福井県坂井市,春江町定重16-1,,080-1969-3362
52090,㈱ジャパンビジュアルサポート,939-8082,富山県富山市,小泉町44,,076-482-5056
52091,キモノールベース瀬戸花見月,929-1706,石川県鹿島郡中能登町,瀬戸ｶ16,,0767-74-0807
52092,㈱ノバレーゼ,921-8025,石川県金沢市,増泉2丁目7-19,ｼﾃｨｰｶﾞｰﾃﾞﾝ増泉1F,076-242-8002
52093,㈱塗装館エス･エス,929-1606,石川県鹿島郡中能登町,上後山と10番地,,0767-72-4222
52094,㈱Ａｙｌｉｎａ,862-0975,熊本県熊本市中央区,新屋敷1-9-2,,096-371-0255
52095,㈱Ａｙｌｉｎａ,801-0841,福岡県北九州市門司区,西海岸1丁目3-3,関門海峡ﾐｭｰｼﾞｱﾑ5F,070-5813-7212
52096,㈱ノバレーゼ,651-0086,兵庫県神戸市中央区,磯上通8-3-5,明治安田生命神戸ﾋﾞﾙ2F,078-272-2323
52097,㈱クラウディア リース事業部,601-8353,京都府京都市南区,吉祥院這登中町18番地,,075-691-3388
52098,㈱ノバレーゼ 名古屋,460-0003,愛知県名古屋市中区,錦3-24-24,錦324ﾋﾞﾙ 3F,052-955-3388
52099,㈱ウェイバーズ インターナショナル,530-0041,大阪府大阪市北区,天神橋3-5-3,GOX南森町ﾋﾞﾙ1階,06-6136-1112
52100,㈲日本活性濾過工業,252-0141,神奈川県相模原市緑区,相原2-13-7,,042-773-4481
52101,アイ･ケイ･ケイ㈱ 水戸,310-0851,茨城県水戸市,千波町2692-1,,029-240-4360
52102,㈱ブランド買取ブランドハンズ,564-0051,大阪府吹田市,豊津町10-31,ｸﾙｰｽﾞ江坂ﾋﾞﾙ201,06-6170-3530
52103,miki kojima,071-0207,北海道上川郡美瑛町,中町3丁目2-22,ﾎﾟﾗﾘｽBIEI202,070-8505-6035
52104,㈱ケーアイ名古屋,452-0833,愛知県名古屋市西区,山木1-53,,052-325-8667
59999,個人（CL福井工場 現金売上）,,福井県,,,
60010,かく勇　　　　　　　　　ｵﾘ,440-0076,愛知県豊橋市,大橋通1-44,,0532-55-1021
60011,写真の丸岡　　　　　　　ｵﾘ,470-2345,愛知県知多郡武豊町,西門75-2,,0569-73-0207
60012,株式会社メディアクリエイト　　ｵﾘ,470-1127,愛知県豊明市,三崎町ゆたか台28-8,,056-257-9988
60013,スタジオ　ハーベスト　　　ｵﾘ名,496-0862,愛知県津島市,城山町2-126-2,,0567-24-2737
60014,ココロフル　おのだｻﾝﾊﾟｰｸ店　　ｵﾘ,756-0806,山口県山陽小野田市,中川6-4-1,,0836-39-9460
60015,有限会社　シマカゲ　　　ｵﾘ,507-0063,岐阜県多治見市,松坂町2-23-2,,0572-44-8888
60016,衣舞　各務原店　　　　　ｵﾘ,504-0838,岐阜県各務原市,那加不動丘2-8-1,,
60017,有限会社　山田写真館　　　　ｵﾘ,394-0028,長野県岡谷市,本町4-10-9,,
60018,㈱ﾌﾞﾗｲﾀﾞﾙﾌｧｯｼｮﾝダイワ　　　ｵﾘ,440-0812,愛知県豊橋市,東新町73-23,,0532-55-8111
60019,桜工房　　　　　　　ｵﾘ,471-0029,愛知県豊田市,桜町2-69,,0565-32-7747
60020,衣舞　岐阜長良店　　ｵﾘ,502-0817,岐阜県岐阜市,長良福光東1-25-13,,
60021,ﾚﾝﾀﾙﾌﾞﾃｨｯｸ　東京軒　　ｵﾘ,444-0044,愛知県岡崎市,康生通南1-36,,0564-21-2907
60022,渡辺カメラ　有限会社　　ｵﾘ,405-0006,山梨県山梨市,小原西1122-1,,0553-23-0001
60023,株式会社　ウメショウ　　ｵﾘ,501-0204,岐阜県瑞穂市,馬場春雨町2-24,,058-327-2901
60024,写真の双葉　　　ｵﾘ,675-0031,兵庫県加古川市,加古川町北在家2554,,079-421-2777
60025,スタジオ　オラクル　　ｵﾘ,432-8061,静岡県浜松市西区,入野町19954-707,,053-447-8535
60026,衣舞　岐阜六条店　　　ｵﾘ,500-8358,岐阜県岐阜市,六条南2-20-13,,
60027,株式会社　福田カメラ　　ｵﾘ,436-0091,静岡県掛川市,城下7-5,,0537-23-0121
60028,㈱松枝衣裳店総本店,464-0067,愛知県名古屋市千種区,池下1-10-15,,052-761-3121
60029,ブライズビレッジ㈱,460-0003,愛知県名古屋市中区,錦1-18-24,,052-218-2515
60030,衣舞　大垣店　　　ｵﾘ,503-0032,岐阜県大垣市,熊野町字兵下1071-1,,
60031,デグチビルディング㈱,414-0044,静岡県伊東市,川奈1439-1,,0557-44-4666
60032,(名)三井屋,460-0011,愛知県名古屋市中区,大須3-36-11,,052-242-2225
60062,㈱ラビアンローゼ名古屋,460-0002,愛知県名古屋市中区,丸の内3-17-13,いちご丸の内ﾋﾞﾙ 2F,052-950-5015
60128,STUDIO FERICE,464-0067,愛知県名古屋市千種区,池下1-10-15,,052-761-3121
60148,㈱平安閣,491-0005,愛知県一宮市,西大海道金底77-1,,0586-81-0090
60149,㈱アメリ,460-0008,愛知県名古屋市中区,栄4-6-1,ﾍﾞｽﾄｳｴｽﾀﾝﾎﾃﾙ　3F,052-269-3188
60159,㈱クレールコーポレーション,450-0002,愛知県名古屋市中村区,名駅3-19-18,ｺｽﾁｭｰﾑ6F,052-561-7727
60160,㈲アイブライズ,400-0306,山梨県南アルプス市,小笠原1789,,055-282-1188
60161,㈱レジット,460-0002,愛知県名古屋市中区,丸の内3-21-25,,052-731-2241
60162,㈱マルイチ,464-0850,愛知県名古屋市千種区,今池1-17-3,,052-741-0120
60163,㈱平安閣,464-0075,愛知県名古屋市千種区,内山1-18-12,,052-731-2241
60164,キモノギャラリーまるやま,454-0927,愛知県名古屋市中川区,打中1-246,,052-362-6822
60165,㈱フォーシスアンドカンパニー,460-0023,愛知県名古屋市中区,金山町1-1-1,ANAｸﾗｳﾝﾌﾟﾗｻﾞﾎﾃﾙｸﾞﾗﾝｺｰﾄ名古屋4F,052-526-0050
60166,不二写真スタジオ,454-0903,愛知県名古屋市中川区,柳瀬町1-3,,052-361-7722
60168,新木屋,462-0844,愛知県名古屋市北区,清水2-2-7,,052-931-2808
60170,チャコット㈱,386-1106,長野県上田市,小泉794-5,,0268-28-6311
60171,THE PARK BANQUET,460-0003,愛知県名古屋市中区,錦3-6-15,名古屋TV塔 4F,052-951-8825
60172,㈱かね宗,446-0026,愛知県安城市,安城町広美14-1,,0566-75-5298
60173,㈱フォーシスアンドカンパニー,460-0007,愛知県名古屋市中区,新栄1-5-8,広小路ｱｸｱﾌﾟﾚｲｽ11F,052-526-0050
60175,㈱３０５,451-0031,愛知県名古屋市西区,城西5-22-4,,052-750-3060
60176,ＳＧ㈱,460-0003,愛知県名古屋市中区,錦3-2-32,錦ｱｸｼｽﾋﾞﾙ 8F,052-253-6168
60177,㈱なごや大丸,461-0004,愛知県名古屋市東区,葵2-14-16,,052-935-0773
60178,アイ･ケイ･ケイ㈱ 岡崎,444-0834,愛知県岡崎市,柱町字下荒子17-1,,0564-54-8177
60179,㈱エヌワンツアー,460-0003,愛知県名古屋市中区,錦3-4-13,2F,052-951-4891
60180,㈱Grand Slam,450-0002,愛知県名古屋市中村区,名駅5丁目16番地17号,花車ﾋﾞﾙ7階,090-2130-5190
60181,衣裳工房 織花 折原俊哉,349-0221,埼玉県白岡市,上野田586,,0480-92-3721
60182,㈱フォーシスアンドカンパニー,510-0822,三重県四日市市,芝田1-1-6,ｸﾞﾚｲｽﾋﾞﾙ2F,059-359-6555
60183,㈱エス ピー エム,460-0002,愛知県名古屋市中区,丸の内2-7-19,丸の内ﾀﾅｶﾋﾞﾙ4F,052-220-7970
60184,㈱フォーシスアンドカンパニー,420-0857,静岡県静岡市葵区,御幸町11-30,ｴｸｾﾙﾜｰﾄﾞ静岡ﾋﾞﾙ2F,054-205-1800
60185,蒲郡クラシックホテル,443-0031,愛知県蒲郡市,竹島町15-1,蒲郡ｸﾗｼｯｸﾎﾃﾙ,0533-68-1111
60186,㈱写真のみくに,466-0845,愛知県名古屋市昭和区,藤成通4-10,,052-842-5060
60187,㈱PLANETS STUDIO POSY,458-0810,愛知県名古屋市緑区,八つ松2-101,,052-625-1100
60188,㈱アトリエはるか,460-0003,愛知県名古屋市中区,錦3-4-6,桜通大津第一生命ﾋﾞﾙﾃﾞｨﾝｸﾞ3F,052-953-0800
60189,㈱北徳,467-0856,愛知県名古屋市瑞穂区,新開町22-18,,052-882-2968
60190,名古屋ｳｴﾃﾞｨﾝｸﾞ&ﾌﾗﾜｰﾋﾞｭｰﾃｨ学院,462-8580,愛知県名古屋市北区,平安2-15-43,,052-917-0001
60191,㈱アイムワールド,458-0033,愛知県名古屋市緑区,相原郷2-606,,052-621-0708
60192,(資)天野写真室,460-0008,愛知県名古屋市中区,栄3丁目1-26,本町牧野ﾋﾞﾙ8階D,052-211-9905
60193,㈱タートル,486-0833,愛知県春日井市,上条町5－7,,0568-81-2706
60194,㈱ワンエイト(五一),460-0007,愛知県名古屋市中区,新栄1-26-5,,052-262-0051
60195,THE SEA WEDDING,444-1161,愛知県安城市,姫小川町北門原22,,090-4793-9418
60196,株式会社　ｼﾞｮｲﾌﾙまるやま*禁,150-0001,東京都渋谷区,神宮前6-12-23,原宿山田ﾋﾞﾙ2Fﾄﾞﾚｽﾍﾞﾈﾃﾞｨﾀ表参道店,03-6451-1471
60197,ドレスベネデッタ 名古屋店,460-0008,愛知県名古屋市中区,栄4-2-29,名古屋広小路ﾌﾟﾚｲｽﾋﾞﾙ3F,052-269-0912
60198,佐々智恵子バレエ団,464-0807,愛知県名古屋市千種区,東山通4-2-1,,052-753-3600
60199,㈲むらまつリーベリー,444-0011,愛知県岡崎市,欠町足延41-1,,0564-26-3323
60200,㈱松枝衣裳店総本店,464-0067,愛知県名古屋市千種区,池下1-10-15,,052-761-3121
60201,㈲ごとうクリーニング,486-0927,愛知県春日井市,柏井町3-35,,0568-84-1082
60202,㈱平安閣 美翔苑 四間道,451-0042,愛知県名古屋市西区,那古野1-34-3,,052-462-8073
60203,㈲ピュア ブライズベリー,460-0008,愛知県名古屋市中区,栄3-31-13,加地ﾋﾞﾙ3F,052-684-5473
60204,スタジオ･クニ,465-0035,愛知県名古屋市名東区,豊が丘1203,,052-776-0092
60205,ガーデンレストラン徳川園*社変60250,461-0023,愛知県名古屋市東区,徳川町1001,,052-932-7875
60206,㈱フォーシスアンドカンパニー,530-0017,大阪府大阪市北区,角田町8-47,阪急ｸﾞﾗﾝﾄﾞﾋﾞﾙ20F,06-6362-6011
60207,㈱フォーシスアンドカンパニー,500-8175,岐阜県岐阜市,長住町9-11,TANAKAﾋﾞﾙ 4F,058-252-3126
60208,㈲エミシオン,466-0849,愛知県名古屋市昭和区,南分町2-6,南分ﾊｲﾂ1,052-848-8166
60209,㈱La Bridge,460-0007,愛知県名古屋市中区,新栄3-3-9,GIﾋﾞﾙ千種102,052-217-4343
60210,㈱三洋物産,464-0850,愛知県名古屋市千種区,今池3-9-21,,052-733-3401
60211,㈱なごやか,431-3107,静岡県浜松市東区,笠井町248,,053-435-4515
60212,㈱オーエスティー 第２事業部,451-0066,愛知県名古屋市西区,児玉1-5-17,,052-521-0366
60213,㈲三和クリーニング,468-0066,愛知県名古屋市天白区,元八事2-105,,052-834-3366
60214,㈱イーデザイン,451-0082,愛知県名古屋市西区,大金町1-48,,052-887-4347
60215,㈱フォーシスアンドカンパニー,444-0037,愛知県岡崎市,祐金町125,ｼﾞﾌﾞﾗﾙﾀ生命岡崎ﾋﾞﾙ1F,0564-23-0030
60216,田中,466-0838,愛知県名古屋市昭和区,五軒家町30-21,,
60217,㈱平安閣,463-0018,愛知県名古屋市守山区,桜坂1-401,,052-739-1118
60218,㈱アスピカ,500-8358,岐阜県岐阜市,六条南2-6-21,,058-274-5201
60219,Bellezza ベレッツァ,486-0912,愛知県春日井市,高山町1-8-2,ｴｽﾃｰﾄ高山202,090-9225-1798
60220,㈱ﾄﾗﾝｼﾞｯﾄｵﾍﾟﾚｰｼｮﾝｻｰﾋﾞｽ,450-6660,愛知県名古屋市中村区,名駅1-1-3,名古屋JRｹﾞｰﾄﾀﾜｰﾎﾃﾙ15F,052-581-4600
60221,フォーチュンヴェール㈱,479-0882,愛知県常滑市,りんくう町3-10-3,,0569-38-9588
60222,㈱Harvest Studio Harvest/82Honey,496-0862,愛知県津島市,城山町2-126-2,,052-253-8251
60223,kimono jubile,463-0091,愛知県名古屋市守山区,川上町55-2,,080-3645-6780
60224,㈱WAMM,431-1304,静岡県浜松市北区,細江町中川882-4,,090-6592-7655
60225,㈱Cｰプラス,399-8204,長野県安曇野市,豊科高家1036,,0263-71-1201
60226,わ蔵,462-0844,愛知県名古屋市北区,清水5-13-1-103,,052-990-4120
60227,Ambihone株式会社,460-0003,愛知県名古屋市中区,錦2-18-19,三井住友銀行名古屋ﾋﾞﾙ1F,052-228-6033
60228,衣料の美容室,652-0807,兵庫県神戸市兵庫区,浜崎通1-35,,078-671-2292
60229,㈱ホームドライ,473-0932,愛知県豊田市,堤町下町32,,0565-52-3219
60230,富士クリーニング,492-8184,愛知県稲沢市,日下部松野町1-58,,0587-32-5258
60231,㈱ティーブライド,470-1132,愛知県豊明市,間米町敷田1225-12,,0562-91-3381
60232,小橋 元気,452-0822,愛知県名古屋市西区,中小田井5-257-1,,090-8077-2438
60233,フォトスタジオ Neo Princess,455-0803,愛知県名古屋市港区,入場2丁目1710-2,,052-383-2755
60234,㈱あさひや,232-0023,神奈川県横浜市南区,白妙町1-3,,045-231-0438
60235,㈲竹内クリーニング,701-0211,岡山県岡山市南区,東畦171,,086-282-0309
60236,hap㈱,103-0012,東京都中央区,日本橋堀留町1-2-15,第三朝日ﾋﾞﾙ5F,03-5651-1775
60237,㈱真奈武,422-8076,静岡県静岡市駿河区,八幡5-9-18,,054-284-7255
60238,㈲フタバヤ,652-0802,兵庫県神戸市兵庫区,水木通6-4-11,,078-576-4441
60239,㈱THE ウーマニフティ,504-0912,岐阜県各務原市,那加桜町3丁目270番地1,,090-9191-9505
60240,㈱AK-LAB カワチドライクリーニング,657-0035,兵庫県神戸市灘区,友田町4丁目3番7号,,078-851-7781
60241,カネマツ㈱ ララ･モーダ,470-0135,愛知県日進市,岩崎台1丁目2207番地,,0561-74-2211
60242,スタジオ クレスト,464-0075,愛知県名古屋市千種区,内山1-23-24,ﾅｺﾞﾔｻﾛﾝ2F,090-2137-2023
60243,河岸ランドリー,467-0845,愛知県名古屋市瑞穂区,河岸1丁目3番3号,,052-811-2098
60244,クリーニングショップ ミヤタ,485-0011,愛知県小牧市,岩崎1500番地,,0568-77-1051
60245,山本屋 成彩苑,511-0088,三重県桑名市,南魚町71番地,,0594-22-0373
60246,Kimono たばた屋,481-0041,愛知県北名古屋市,九之坪梅田3,,0568-22-2661
60247,㈱ノバレーゼ 名古屋,460-0003,愛知県名古屋市中区,錦3-24-24,錦324ﾋﾞﾙ 3F,052-955-3388
60248,㈱小林写真館,670-0851,兵庫県姫路市,京口町30,,079-222-4488
60249,㈱米品,454-0860,愛知県名古屋市中川区,畑田町3-50,,052-382-2123
60250,㈱ゼットン,461-0023,愛知県名古屋市東区,徳川町1001,,052-932-7887
60251,㈱ノバレーゼ,104-0061,東京都中央区,銀座1-8-14,銀座YOMIKOﾋﾞﾙ3F,03-5524-1117
60252,㈲シャルマン studio charmant,460-0024,愛知県名古屋市中区,正木4-11-2,第2竹内ﾋﾞﾙ3階,090-7494-3317
60253,㈲みつもと,510-0089,三重県四日市市,西町14-3,,059-352-4050
60254,クリーニングやました,665-0047,兵庫県宝塚市,亀井町11-48,,0797-77-1221
60255,㈱東亜染織,670-0092,兵庫県姫路市,新在家本町5-1-24,,079-292-0601
60256,シューズリペア 45,455-0014,愛知県名古屋市港区,港楽3-13-11,,052-652-7483
60257,みつる屋,519-3204,三重県北牟婁郡紀北町,東長島3507,,0597-47-0221
60258,㈱丸三,900-0012,沖縄県那覇市,泊1-29-4,,098-943-6440
60259,㈱華屋,790-0916,愛媛県松山市,束本2-12-11,,089-946-2188
75000,沖縄ワタベウェディング㈱,900-0006,沖縄県那覇市,おもろまち4-19-39,ｸﾞﾗﾝﾄﾞﾃﾗｽ新都心1F,098-993-0055
75001,ワタベウエディング㈱,615-0046,京都府京都市右京区,西院西溝崎町20,,075-322-4110
75002,沖縄ワタベウェディング㈱,904-0404,沖縄県国頭郡恩納村,瀬良垣2260,ANAｲﾝﾀｰｺﾝﾁﾈﾝﾀﾙ万座ﾋﾞｰﾁﾘｿﾞｰﾄ内,098-982-3144
75003,沖縄ワタベウェディング㈱,901-0143,沖縄県那覇市,安次嶺1-10,,098-859-4139
75004,沖縄ワタベウェディング㈱,904-0328,沖縄県中頭郡読谷村,宇座675,,098-921-6377
75005,沖縄ワタベウェディング㈱石垣店,907-0002,沖縄県石垣市,真栄里354-1,,0980-88-0839
75006,沖縄ワタベウェディング㈱,904-0404,沖縄県国頭郡恩納村,瀬良垣2260,ANAｲﾝﾀｰｺﾝﾁﾈﾝﾀﾙ万座ﾋﾞｰﾁﾘｿﾞｰﾄ内,098-982-3422
75007,沖縄ワタベウェディング㈱,905-0026,沖縄県名護市,喜瀬115-2,喜瀬ﾋﾞｰﾁﾊﾟﾚｽ内,098-869-4201
75008,沖縄ワタベウェディング㈱,904-0404,沖縄県国頭郡恩納村,瀬良垣2260,ANAｲﾝﾀｰｺﾝﾁﾈﾝﾀﾙ万座ﾋﾞｰﾁﾘｿﾞｰﾄ内,098-966-1211
75009,沖縄ワタベウェディング㈱,903-0123,沖縄県中頭郡西原町,津花波431,,098-946-5555
75010,沖縄ワタベウェディング㈱,904-0328,沖縄県中頭郡読谷村,宇座675,,098-921-6377
75011,沖縄ワタベウェディング㈱,906-0202,沖縄県宮古島市,上野新里926-25,ｼｷﾞﾗﾍﾞｲｻｲﾄﾞｽｲｰﾄｱﾗﾏﾝﾀﾞ内,0980-76-4111
75012,沖縄ワタベウェディング㈱,900-0006,沖縄県那覇市,おもろまち4-19-39,ｸﾞﾗﾝﾄﾞﾃﾗｽ新都心1F,098-993-0055
75013,沖縄ワタベウェディング㈱,900-0006,沖縄県那覇市,おもろまち4-19-39,ｸﾞﾗﾝﾄﾞﾃﾗｽ新都心1F,098-993-0055
75014,沖縄ワタベウェディング㈱,907-0002,沖縄県石垣市,真栄里354-1,,0980-88-0839
75015,沖縄ワタベウェディング㈱,900-0006,沖縄県那覇市,おもろまち4-19-39,ｸﾞﾗﾝﾄﾞﾃﾗｽ新都心1F,098-993-0055
75016,沖縄ワタベウェディング㈱,905-0406,沖縄県国頭郡今帰仁村,古宇利588,,
75017,沖縄ワタベウェディング㈱,900-0006,沖縄県那覇市,おもろまち4-19-39,ｸﾞﾗﾝﾄﾞﾃﾗｽ新都心1F,098-993-0055
75018,沖縄ワタベウェディング㈱,900-0006,沖縄県那覇市,おもろまち4-19-39,ｸﾞﾗﾝﾄﾞﾃﾗｽ新都心1F,098-993-0055
75019,沖縄ワタベウェディング㈱,900-0006,沖縄県那覇市,おもろまち4-19-39,ｸﾞﾗﾝﾄﾞﾃﾗｽ新都心1F,098-993-0055
75020,沖縄ワタベウェディング㈱ 宮古島,906-0202,沖縄県宮古島市,上野新里1405-106,,0980-76-4111
75021,沖縄ワタベウェディング㈱,900-0006,沖縄県那覇市,おもろまち4-19-39,ｸﾞﾗﾝﾄﾞﾃﾗｽ新都心1F,098-993-0055
75022,沖縄ワタベウェディング㈱,900-0006,沖縄県那覇市,おもろまち4-19-39,ｸﾞﾗﾝﾄﾞﾃﾗｽ新都心1F,098-993-0055
75023,沖縄ワタベウェディング㈱,900-0006,沖縄県那覇市,おもろまち4-19-39,ｸﾞﾗﾝﾄﾞﾃﾗｽ新都心1F,098-993-0055
75024,沖縄ワタベウェディング㈱,900-0006,沖縄県那覇市,おもろまち4-19-39,ｸﾞﾗﾝﾄﾞﾃﾗｽ新都心1F,
75025,沖縄ワタベウェディング㈱,900-0006,沖縄県那覇市,おもろまち4-19-39,ｸﾞﾗﾝﾄﾞﾃﾗｽ新都心1F,098-993-0055
75026,沖縄ワタベウェディング㈱,904-0115,沖縄県中頭郡北谷町,美浜9-7,PLAZAF2F,098-926-1308
75027,沖縄ワタベウェディング㈱,900-0006,沖縄県那覇市,おもろまち4-19-39,ｸﾞﾗﾝﾄﾞﾃﾗｽ新都心1F,098-993-0055
75028,沖縄ワタベウェディング㈱,906-0203,沖縄県宮古島市上野宮国765-1,うえのﾄﾞｲﾂ文化村商用地ｿﾞｰﾝ,1棟1-102号,098-834-4117
75100,ワタベウェディング㈱,900-0006,沖縄県那覇市,おもろまち4-19-39,ｸﾞﾗﾝﾄﾞﾃﾗｽ新都心1F,098-993-0055
77958,㈱デコルテ STUDIO SUNS,904-0116,沖縄県中頭郡北谷町,北谷2-19-6,,098-923-5615
77959,㈱千代田ブライダルハウス,904-0117,沖縄県中頭郡北谷町,北前1-18-1,,098-926-1184
77960,オールデコレーション㈱,901-2223,沖縄県宜野湾市,大山4-1-8,,098-911-3358
77961,㈲ナカダ サムシングフォー西崎,901-0305,沖縄県糸満市,西崎5-13-3,,098-992-0808
77962,㈱レック ブライダルカフェ,900-0005,沖縄県那覇市,天久1-8-5,,098-963-9480
77963,第一スタジオ 豊見城店,901-0224,沖縄県豊見城市,与根9,,098-850-5300
77964,㈱レック,150-0001,東京都渋谷区,神宮前5-51-6,ﾃﾗｱｼｵｽ青山2F,03-6418-6955
77966,㈱エマエンタープライズ,900-0006,沖縄県那覇市,おもろまち1-5-26,,098-868-9332
77968,㈱フェスティーナ,900-0006,沖縄県那覇市,おもろまち2-14-1,ｻﾞ･ﾅﾊﾃﾗｽ3階,098-866-1637
77969,㈱SHUGEN,901-1412,沖縄県南城市,佐敷新里1668,ﾕﾝｲﾁﾎﾃﾙ南城内,098-947-4888
77975,㈱ラグナガーデンホテル,901-2224,沖縄県宜野湾市,真志喜4-1-1,,098-897-2121
77976,第一スタジオ,904-0033,沖縄県沖縄市,山里2-2-10,,098-933-5647
77980,㈱キタムラ,901-1102,沖縄県島尻郡南風原町,宮城264,ｲｵﾝSC2F,098-940-6192
77981,㈱レック,901-0306,沖縄県糸満市,西崎町1-6-1,,098-840-8585
77982,㈱キタムラ,900-0006,沖縄県那覇市,おもろまち3-7-16,,098-860-2776
77983,㈱キタムラ,904-0116,沖縄県中頭郡北谷町,北谷2-7-3,,098-936-9671
77986,㈱フジカラーフォトセンター,901-2224,沖縄県宜野湾市,真志喜4-1-1,,098-897-8384
77987,㈱光貴,901-2221,沖縄県宜野湾市,伊佐2-19-12,,098-870-2100
77990,㈱千代田ブライダルハウス,900-0036,沖縄県那覇市,西3-3-1,,098-860-1184
77993,㈱フジカラーフォトセンター,411-0814,静岡県三島市,中島199-1,,055-977-3489
77994,あらがき貸衣装,902-0064,沖縄県那覇市,寄宮2-12-1,,098-833-6853
77995,㈱サンレー,902-0061,沖縄県那覇市,古島1-15-11,,098-886-3030
77996,㈱コートドオール,900-0004,沖縄県那覇市,銘苅1-10-21,ｾﾝﾁｭﾘｰﾋﾙｽﾞ新都心1-1,098-860-5111
77997,㈱千代田ブライダルハウス,904-0117,沖縄県中頭郡北谷町,北前1-18-1,経理総務課,098-926-1196
77998,㈱デコルテ,904-0115,沖縄県中頭郡北谷町,美浜51-3,,098-923-3161
77999,㈱バリューブリッジ,901-0225,沖縄県豊見城市豊崎1-870　1F,那覇市久茂地1-1-1.9F?,住所確認要,098-975-5056
78000,㈱アート*倒産,901-0401,沖縄県島尻郡八重瀬町,東風平492-2,,098-840-7887
78001,㈱フルスロットルズ,901-0225,沖縄県豊見城市,豊崎1-870,ﾒｿﾞﾝ･ﾄﾞ･ﾚｽﾎﾟﾜｰﾙ1F,098-851-7380
78002,㈲日光写真館,901-1303,沖縄県島尻郡与那原町,与那原61-1,,098-946-2351
78003,㈱名護パイン園グループ,905-0406,沖縄県国頭郡今帰仁村,古宇利538,,0980-56-1616
78004,株式会社　ｸﾞｯﾄﾞﾗｯｸ･ｺｰﾎﾟﾚｰｼｮﾝ,,,,,098-982-5701
78005,㈱国吉ミシン店,900-0022,沖縄県那覇市,樋川2-6-7,,098-832-1546
78006,㈱ODAL,901-0154,沖縄県那覇市,赤嶺2-11-15,O-B,098-851-4326
78007,㈱ジェニッククリエイション,901-0225,沖縄県豊見城市,豊崎1-870,1F,098-975-5056
78008,株式会社　ｸﾞｯﾄﾞﾗｯｸ･ｺｰﾎﾟﾚｰｼｮﾝ,904-1303,沖縄県国頭郡宜野座村,惣慶1182,,098-923-1923
78009,株式会社　ｸﾞｯﾄﾞﾗｯｸ･ｺｰﾎﾟﾚｰｼｮﾝ,904-0404,沖縄県国頭郡恩納村,瀬良垣1108,ﾊｲｱｯﾄ ﾘｰｼﾞｪﾝｼｰ瀬良垣島ｱｲﾗﾝﾄﾞ沖縄,
78010,株式会社　ｸﾞｯﾄﾞﾗｯｸ･ｺｰﾎﾟﾚｰｼｮﾝ,905-0207,沖縄県国頭郡本部町,備瀬148-1,,
78011,株式会社　ｸﾞｯﾄﾞﾗｯｸ･ｺｰﾎﾟﾚｰｼｮﾝ,904-0416,沖縄県国頭郡恩納村,山田3085-1,,098-982-5701
78012,アールイズ・ウエディング㈱,905-0207,沖縄県国頭郡本部町,備瀬148-1,ﾎﾃﾙｵﾘｵﾝﾓﾄﾌﾞﾘｿﾞｰﾄ&ｽﾊﾟ内,0980-51-7676
78013,アールイズ・ウエディング㈱,904-1303,沖縄県国頭郡宜野座村,惣慶下袋原1182,,098-923-1923
78014,アールイズ・ウエディング㈱,904-0404,沖縄県国頭郡恩納村,瀬良垣1108,ﾊｲｱｯﾄﾘｰｼﾞｪﾝｼｰ村瀬良ｱｲﾗﾝﾄﾞ沖縄内,098-960-4291
78015,㈱MARRY MARBLE,901-2226,沖縄県宜野湾市,嘉数1-16-1,,098-987-6266
78016,沖縄ワタベウェディング㈱宮古島,906-0202,沖縄県宮古島市,上野新里1405-106,,0980-76-4111
78017,㈱千代田ブライダルハウス,901-2224,沖縄県宜野湾市,真志喜4-1-1,ﾗｸﾞﾅｶﾞｰﾃﾞﾝﾎﾃﾙ内,098-897-3475
78018,スタークリーニング,904-2172,沖縄県沖縄市,泡瀬5-2-5,,098-937-4585
78019,誓言久久沖縄,900-0032,沖縄県那覇市,松山1-17-44,八重洲第三ﾋﾞﾙ102号室,080-5235-6627
78020,㈱ユカルヒ 豊崎店,901-0225,沖縄県豊見城市,豊崎1-453,1F,098-894-6905
78021,㈱キモノバナ,901-2311,沖縄県中頭郡北中城村,喜舎場1380-2,ｼｪﾗﾄﾝﾊｳｽB棟,098-954-6446
78022,小倉 智之,907-0004,沖縄県石垣市,登野城1255-1,ｵｰｼｬﾝﾊﾟﾚｽ登野城11-101,090-9040-6135
78023,㈱フォーシスアンドカンパニー,901-0351,沖縄県糸満市,名城963,琉球ﾎﾃﾙ&ﾘｿﾞｰﾄ名城ﾋﾞｰﾁ3F,098-997-2211
78024,㈲大嵩写真スタジオ･美容室,902-0077,沖縄県那覇市,長田2-5-24,,098-834-3392
78025,WISTERIA㈱,901-0225,沖縄県豊見城市,豊崎1-870,1F,098-987-4088
78026,sweet㈱,904-1106,沖縄県うるま市,石川2-39-8,,098-923-3232
78027,YUA Wedding,900-0013,沖縄県那覇市,牧志2-17-3,PLAZA21 3F,098-987-6351
78028,㈱ﾐｹﾗﾝｼﾞｪﾛ沖縄,900-0021,沖縄県那覇市,泉崎2丁目46番地,沖縄ﾊｰﾊﾞｰﾋﾞｭｰﾎﾃﾙ3階,080-4006-5496
78029,㈱ノバレーゼ,901-0513,沖縄県島尻郡八重瀬町,玻名城534,,098-840-7220
78030,㈱ワイズブリッジ,900-0015,沖縄県那覇市,久茂地1-2-3-3F-A,,050-8890-7239
78031,㈱ユカルヒ LPC宮古島店,906-0013,沖縄県宮古島市,平良下里2595−1,,080-8376-2129
78032,㈱ユカルヒ LPC石垣島店,907-0021,沖縄県石垣市,名蔵1124-1,,0980-87-5258
78033,㈱ユカルヒ 北中城店,901-2321,沖縄県中頭郡北中城村,美崎13番地,,
78040,ミヴィダ（同）,904-0328,沖縄県中頭郡読谷村,宇座1861,,090-8480-7220
78041,STUDIO SUNNY KING,901-0306,沖縄県糸満市,西崎町3丁目217番地,ﾏﾝｼｮﾝ幸105号,080-6494-3211
78042,當山 好美,901-0616,沖縄県南城市,玉城前川560-1,,090-8760-0362
79999,個人（CL沖縄工場 現金売上,,,,,
80010,㈱ファッションクロスフルシマ,348-0026,埼玉県羽生市,下羽生1073-1,,048-561-4367
80011,㈲巨洋物産 Marsha K,102-0094,東京都千代田区,紀尾井町3-29,紀尾井町ﾛｲﾔﾙﾊｲﾂ701,03-6883-9736
80012,衣裳工房 織花 折原俊哉,349-0221,埼玉県白岡市,上野田586,,0480-92-3721
80013,㈱カインドウェア,347-0105,埼玉県加須市,騎西510,,0480-73-5257
80014,㈱エアークローゼット,107-0062,東京都港区,南青山3-1-31,NBF南青山ビル5F,03-6452-8654
80015,チャコット㈱ 上田物流センター,386-1106,長野県上田市,小泉794-5,,0268-28-6311
80016,㈱マツオカコーポレーション,720-0045,広島県福山市,宝町4-14,,084-973-5203
80017,㈱曽我 白山,112-0001,東京都文京区,白山5-5-8,曽我ﾋﾞﾙB1,03-3946-8091
80019,㈱セブンユニフォーム,322-0302,栃木県鹿沼市,深程990-9,,0289-85-7701
80020,㈱ファッションクロスフルシマ,110-0005,東京都台東区,上野1-18-9,黒門平成ﾋﾞﾙ9F,0485-61-4367
80021,㈱セブンユニフォーム,322-0302,栃木県鹿沼市,深程990-9,,0289-85-7701
80022,㈲ファーシール,171-0043,東京都豊島区,要町3-41-10,新東京観光ﾋﾞﾙ302,03-5926-5816
80023,㈲ビアドプラン,151-0051,東京都渋谷区,千駄ヶ谷3-55-12,,03-3404-3587
80024,バリュエンスジャパン㈱,108-0075,東京都港区,港南1-2-70,品川ｼｰｽﾞﾝﾃﾗｽ28F,03-4580-9864
80025,㈱フジワーク,144-0056,東京都大田区,西六郷4-31-12,,03-3734-2931
80026,フジトランスポート㈱,630-8453,奈良県奈良市,西九条町4-1-2,,0742-50-6789
80027,㈱曽我 テトワ,112-0001,東京都文京区,白山5-5-8,曽我ﾋﾞﾙB1,03-3946-8091
80028,㈱オオハラ,131-0045,東京都墨田区,押上3-61-11,,03-3617-3553
80029,㈱ビデオソニック,331-0078,埼玉県さいたま市西区,西大宮3-32-3,,048-729-8327
80030,湘南ブライダル協会,253-0032,神奈川県茅ヶ崎市,常盤町3-4,,0467-57-4410
80031,楽家錦,158-0081,東京都世田谷区,深沢5-5-6,,03-3703-2121
80032,㈱ユニティ,136-0071,東京都江東区,亀戸3-34-7,,03-3638-1591
80033,㈱大丸松坂屋百貨店 本社,135-0042,東京都江東区,木場2-18-1,,03-6860-6913
80034,㈲コバヤシカメラ,348-0052,埼玉県羽生市,東7-14-4,,048-561-1766
80035,㈱ヤギ 東京本社,103-0016,東京都中央区,日本橋小網町18-15,7F,03-3667-4151
80036,㈲ファッションあいさわ,374-0018,群馬県館林市,城町16-9,,0276-73-4208
80037,㈱盛田 人事 CX創造部,151-0053,東京都渋谷区,代々木1-43-7,光ﾋﾞﾙ5F,03-6300-0120
80038,グランマリエ,321-0118,栃木県宇都宮市,ｲﾝﾀｰﾊﾟｰｸ6-2-3,,028-656-9979
80039,㈱カゲミツコーポレーション,106-0045,東京都港区,麻布十番3-1-5-102,,03-6436-0392
80040,㈱キヌヤ,360-0815,埼玉県熊谷市,本石1-82,,048-521-0560
80041,㈱Harvest Tokyo,106-0032,東京都港区,六本木7-17-36,ROPPONGI TERRACE 2C,
80042,㈱未来ガ驚喜研究所,150-0041,東京都渋谷区,神南4-14-7,ﾜｲｽﾞ神南ﾋﾞﾙ4F,03-5784-1460
80043,フォーク㈱ 埼玉支社,365-0001,埼玉県鴻巣市,赤城台362-20,,048-500-9409
80044,㈱ジョイフル恵利,271-0092,千葉県松戸市,松戸1307-1,ｷﾃﾐﾃﾏﾂﾄﾞ9階　ぷりずむ館館内,047-711-7907
80045,㈱Ouka としま衣裳,330-0803,埼玉県さいたま市大宮区,高鼻町1-62,,048-641-4738
80047,㈱曽我 ウィシュトンホテル ユーカリ衣裳店,112-0001,東京都文京区,白山5-5-8,曽我ﾋﾞﾙB1,03-3946-8091
80048,㈱小羽皮革,333-0831,埼玉県川口市,木曽呂16-3,,048-290-5220
80057,㈱曽我 シェラトンホテル,279-0031,千葉県浦安市,舞浜1-9,ｼｪﾗﾄﾝ･ｸﾞﾗﾝﾃﾞ･ﾄｰｷｮｰﾍﾞｲ･ﾎﾃﾙ1F,
80058,㈱曽我,261-0021,千葉県千葉市美浜区,ひび野2-10-3,ﾎﾃﾙｸﾞﾘｰﾝﾀﾜｰ2F,043-273-5005
89999,一般,,,,,
90001,アールイズ･ウエディング,980-0803,宮城県仙台市青葉区,国分町3-6-1,仙台ﾊﾟｰｸﾋﾞﾙ1階,022-713-7130
90002,㈲矢口 Sol-terre仙台店,980-0803,宮城県仙台市青葉区,国分町3-5-7,,022-722-7887
90003,㈱ギャレリア,951-8055,新潟県新潟市中央区,礎町通一ノ町1945-1,ﾘｱﾗｲｽﾞ万代橋ﾋﾞﾙ1F,025-378-3731
90004,ANNIA㈱ COCOMELODY 大塚店,170-0005,東京都豊島区,南大塚2-42-6,信友大塚ﾋﾞﾙ6F,03-5981-8106
90005,フェリーチェマツエダ,980-0011,宮城県仙台市青葉区,上杉5-3-36,第3勝山ﾋﾞﾙ,022-268-5331
90006,フェリーチェマツエダ,980-0011,宮城県仙台市青葉区,上杉5-3-36,第3勝山ﾋﾞﾙ,022-268-5331
90007,アルバスタッフ㈲,020-0866,岩手県盛岡市,本宮3-50-31,ﾉｰﾄﾙﾀﾞﾑ盛岡内,090-5091-3605
90008,アンジェリカ仙台,980-0011,宮城県仙台市青葉区,上杉5-3-36,第3勝山ﾋﾞﾙ,022-268-5331
90009,株式会社　天野屋呉服店　　　ｵﾘ,323-0023,栃木県小山市,中央町3-1-29,,0285-22-0062
90010,photo creation　ＡＬＩＶＥ　　ｵﾘ,320-0057,栃木県宇都宮市,中戸祭11-36,ｸﾞﾗﾝﾄﾞｰﾙK1 1F,028-627-8911
90011,株式会社　あさだ　　　ｵﾘ,284-0003,千葉県四街道市,鹿渡933-336,,043-420-8188
90012,合資会社　あさだ　　　ｵﾘ,975-0037,福島県南相馬市原町区,北原字大塚179-3,,0244-22-6055
90013,㈲藍や,810-0045,福岡県福岡市中央区,草香江1-9-23,,092-739-8722
90015,㈱ギャレリア,104-0061,東京都中央区,銀座6-7-2,みつわﾋﾞﾙ2Ｆ,03-5537-3456
90016,ANIIA㈱ COCOMELODY 日本橋店,103-0012,東京都中央区,日本橋堀留町1-2-1,日本色素本社ﾋﾞﾙ2Ｆ,03-3527-3396
90017,㈱Ａｙｌｉｎａ,810-0004,福岡県福岡市中央区,渡辺通り4-1-36,BiVi福岡4F,092-717-1850
90018,アズマ㈱ 横手営業所,013-0008,秋田県横手市,睦成字長坂23,,0182-32-8766
90019,㈱マリーゴールド,790-0004,愛媛県松山市,大街道2-5-10,,089-932-5850
90020,㈱マリーゴールド,720-0067,広島県福山市,西町1-6-25,安藤ﾋﾞﾙ,084-973-0779
90021,アズマ㈱ 山形営業所,990-0813,山形県山形市,桧町4-6-35,,0236-84-8400
90022,アズマ㈱ 弘前営業所,036-8086,青森県弘前市,田園1-1-2,,0172-27-1777
90023,アズマ㈱ 郡山営業所,963-0107,福島県郡山市,安積3-292,,024-945-4111
90201,㈲伊藤写真館　スタジオエルム　ｵﾘ,989-6141,宮城県大崎市,古川南新町6-29,,0229-24-2226
90202,イノセントリー 大宮店,330-0846,埼玉県さいたま市大宮区,大門町3-88,逸見ビル4F,048-650-2050
90203,イノセントリー 軽井沢,389-0104,長野県北佐久郡軽井沢町,軽井沢東21-1,,0267-41-2555
90204,イノセントリー 郡山,963-8004,福島県郡山市,中町7-9,ﾃﾞｼﾞﾌﾟﾗﾝ中野ﾋﾞﾙ2F,024-990-1011
90205,イノセントリー 札幌店,060-0001,北海道札幌市中央区,北一条西3-3,ばらと北一条ﾋﾞﾙ6F,011-223-1903
90206,イノセントリー 仙台店,980-0811,宮城県仙台市青葉区,一番町4-7-17,小田急仙台ﾋﾞﾙ4F,
90207,イノセントリー 東京店,160-0022,東京都新宿区,新宿2-5-3,AMﾋﾞﾙ2F,03-3354-0753
90208,イノセントリー 八王子店,192-0081,東京都八王子市,横山町6-9,丸多屋ビル9F,
90209,イノセントリー 水戸店,310-0844,茨城県水戸市,住吉町166,,029-304-3511
90210,イノセントリー 新潟店,951-8056,新潟県新潟市中央区,花町2069,日生第3ﾋﾞﾙ7F,025-227-6555
90211,イノセントリー ピュアート店,107-0062,東京都港区,南青山3-4-4,CASA BIANC201号,03-5772-8441
90212,イノセントリー 横浜店,220-0004,神奈川県横浜市西区,北幸2-9-10,横浜HSﾋﾞﾙ5F,
90213,イッツ川崎店　　　ｵﾘ,,神奈川県川崎市,幸区小向西町4-25,,
90214,いせや/こまち　東松山店　　ｵﾘ,355-0017,埼玉県東松山市,松葉町3-15-13,,0493-59-9371
90215,イノセントリー 大宮店,330-0846,埼玉県さいたま市大宮区,大門町3-88,逸見ビル4F,
90216,いせや/こまち　鴻巣店　　ｵﾘ,365-0038,埼玉県鴻巣市,本町8-5-26,,048-540-6888
90217,いせや/こまち　ｲｵﾝ上里店　　ｵﾘ,369-0301,埼玉県児玉郡上里町,金久保359-1,,0495-35-3915
90218,入曽写真館　　　　　　ｵﾘ,350-1317,埼玉県狭山市,水野456-5,,0429-59-4982
90219,㈱イワテブライダルセンター,020-0044,岩手県盛岡市,城西町2-1,2F,019-652-1143
90220,池田写真事務所　　　ｵﾘ,308-0021,茨城県筑西市,甲847,,
90221,イノセントリー 高崎店,370-0827,群馬県高崎市,鞘町20-1,高崎鞘町ﾋﾞﾙ4F,027-310-2281
90222,いせや／こまち　　　　ｵﾘ,366-0822,埼玉県深谷市,仲町4-3,,048-571-3161
90223,㈱イワテブライダルセンター,020-0021,岩手県盛岡市,中央通3-3-23,,019-654-5533
90224,イッツ新横浜店　　　　ｵﾘ,222-0033,神奈川県横浜市港北区,新横浜2-3-19,ﾐﾈﾀﾋﾞﾙ地下1F,
90225,交衣室 mage (石巻ウエディング）,981-0204,宮城県宮城郡松島町,初原字的場20-10,,090-8255-2702
90226,イノセントリー 宇都宮,321-0901,栃木県宇都宮市,平出町3511,ｱｰｶﾝｼﾞｪﾙ迎賓館内,028-613-6355
90401,(合)ウォーレス,112-0006,東京都文京区,小日向1-21-6-302,,090-2543-2623
90402,うたかた　　　　ｵﾘ,321-1402,栃木県日光市,中鉢石町925,,0288-54-3503
90403,株式会社　内田写真館　　ｵﾘ,335-0022,埼玉県戸田市,上戸田1-12-6,,048-444-5755
90601,㈱日本セレモニー,980-0803,宮城県仙台市青葉区,国分町3-1-11,定禅寺通りｽｸｴｱﾋﾞﾙ5F,022-722-7488
90602,エルズ アティレ,010-0922,秋田県秋田市,旭北栄町1-5,,018-853-1004
90603,江刺開発振興㈱,023-1101,岩手県奥州市,江刺岩谷堂字小名丸86-1,,0197-35-7791
90801,㈱小野写真館　　　ｵﾘ,312-0042,茨城県ひたちなか市,東大島2-2-16,,029-274-1791
90802,㈱小野写真館　　　ｵﾘ,319-1416,茨城県日立市,田尻町4-48-5,,
90803,㈱小野写真館　　　ｵﾘ,305-0055,茨城県つくば市,上原747-15,,
90804,衣裳工房 織花 折原俊哉,349-0221,埼玉県白岡市,上野田586,,0480-92-3721
90805,㈱扇屋 衣裳室マリアベール,950-0948,新潟県新潟市中央区,女池南3-5-26,,025-280-8688
90806,太谷㈱ 福井営業所,910-0853,福井県福井市,城東4-29-12,,0776-27-2244
90807,㈱小野写真館　　　ｵﾘ,310-0912,茨城県水戸市,見川2-108-26,ｱｰﾊﾞﾝﾃﾗｽ一周館A棟205号,
90808,㈱小野写真館　　　ｵﾘ,312-0042,茨城県ひたちなか市,東大島2-2-20,ｽﾍﾟｰｽ八重,029-219-7170
90809,㈲オカダ　フォトステージノア　ｵﾘ,361-0073,埼玉県行田市,行田24-12,,048-555-3200
90810,㈱ｵｵﾀｹﾎﾟﾊﾟｲｼｮｯﾌﾟ*廃,115-0045,東京都北区,赤羽1-63-15,,03-3901-7303
90811,オカダフォトスタジオ　　ｵﾘ,330-0063,埼玉県さいたま市浦和区,高砂1-10-13,,048-822-7538
90812,㈱小野写真館　　　ｵﾘ,224-0037,神奈川県横浜市都筑区,茅ヶ崎南4-1-32,,045-530-4145
90813,㈱小野写真館　　　ｵﾘ,301-0853,茨城県龍ケ崎市,松ケ丘4-3-4,,029-764-7751
90814,㈱小野写真館　　　ｵﾘ,213-0001,神奈川県川崎市高津区,溝口1-4-1,ﾏﾙｲﾌｧﾐﾘｰ溝口 9F,044-328-9300
90815,株式会社　大船渡アーバン,022-0006,岩手県大船渡市立根町,字大畑野38-22,,0192-25-1300
90816,㈱小野写真館　　　ｵﾘ,234-0054,神奈川県横浜市港南区,港南台5-20-21,,045-836-3015
90817,株式会社　大船渡アーバン,022-0006,岩手県大船渡市立根町,字大畑野38-22,,0192-25-1300
90818,株式会社　大船渡アーバン,022-0006,岩手県大船渡市立根町,字大畑野38-22,,0192-25-1300
91001,柏屋染色㈱仙台,984-0012,宮城県仙台市若林区,六丁の目中町17-28,,022-288-0676
91002,カラードホワイト㈱,108-0071,東京都港区,白金台5-3-7,2F,03-5422-8701
91003,株式会社　カメラのサンヨー　　ｵﾘ,466-0842,愛知県名古屋市昭和区,檀溪通1-32,,052-834-0411
91004,㈲柏衣裳店,207-0014,東京都東大和市,南街6-38-2,ｻﾝｼﾞｪﾘ-ﾋﾞﾙ1F,042-567-3261
91005,㈲ｶｲﾝﾄﾞﾌﾟﾗﾝﾆﾝｸﾞﾙｰﾑ　　　ｵﾘ,330-0063,埼玉県さいたま市浦和区,高砂3-6-17,2F,
91006,風のスタジオ　　古河店　　ｵﾘ,306-0235,茨城県古河市,下辺見2140-3,おぐら新きもの館3F,0280-32-2362
91007,風のスタジオ　SWEET　　　ｵﾘ,323-0806,栃木県小山市,中久喜1467-1,ｲｵﾝ小山店2F,
91008,カメラのキタハラ　　ｵﾘ,394-0083,長野県岡谷市,長地柴宮2-3-20,,0266-28-8200
91009,カメラのまき　　ｵﾘ,264-0004,千葉県千葉市若葉区,千城台西1-2-6,,043-237-7878
91201,㈱紀生　桂由美ブライダルハウス,981-0913,宮城県仙台市青葉区,昭和町2-28,,022-233-2277
91202,㈱紀生　桂由美ブライダルハウス,981-1245,宮城県名取市,ゆりが丘1-18-1,,022-386-5153
91203,㈱紀生　桂由美ブライダルハウス,981-0213,宮城県宮城郡松島町,松島字犬田10-96,ﾎﾃﾙ松島大観荘内,022-354-2161
91204,㈱紀生 KISEI,985-0845,宮城県多賀城市,町前4-4-1,ｲｵﾝ多賀城店 1F,022-781-9138
91205,㈱紀生 KISEI,982-0011,宮城県仙台市太白区,長町5-11-30,,022-308-3131
91206,ブライダル衣裳 絹,989-6116,宮城県大崎市,古川李埣2-7-41,,0229-23-8811
91207,㈱木立写真館,040-0043,北海道函館市,宝来町10-03,,0138-23-1303
91208,㈱協生商事 ゴールデンダウン,165-0025,東京都中野区,沼袋3-15-2,1F,03-4546-1722
91209,㈱紀生　桂由美　仙台ゆりが丘,981-1245,宮城県名取市,ゆりが丘1-18-1,,022-386-5153
91210,㈲巨洋物産 Marsha K,102-0094,東京都千代田区,紀尾井町3-29,紀尾井町ﾛｲﾔﾙﾊｲﾂ701,03-6883-9736
91211,きもの３６５株式会社,370-3522,群馬県高崎市,菅谷町20-253,,027-373-5503
91212,㈱きものセンター 青森,030-0113,青森県青森市,第二問屋町4-1-3,,017-729-2222
91213,㈱きものセンター 八戸,031-0804,青森県八戸市,青葉1-1-21,やまいちﾋﾞﾙ1F,0178-32-7555
91214,㈱木立写真館,158-0094,東京都世田谷区,玉川3-12-14,1F,0138-23-1303
91401,くじゃく苑,030-0802,青森県青森市,本町2-10-12,,017-773-1050
91402,グラン･クチュール弘前本店,036-8182,青森県弘前市,土手町126,弘前ﾊﾟｰｸﾎﾃﾙ3F,0172-37-4111
91403,グラン･クチュール大館店,017-0045,秋田県大館市,中道2-2-40,,0186-44-4777
91404,グラン･クチュール五所川原店,037-0061,青森県五所川原市,雛田181-2,,
91405,㈲クリーニングのバンビ,030-0845,青森県青森市,緑3-11-1,,017-734-3510
91406,クイーンズヒル迎賓館,989-3123,宮城県仙台市青葉区,錦ケ丘9-1-1,,022-391-1077
91407,㈱隈川写真館　　　ｵﾘ,354-0024,埼玉県富士見市,鶴瀬東1-8-20,,049-251-0476
91408,クリート,989-6224,宮城県大崎市,古川小泉字大小430-3,,0229-24-3245
91601,ＫＮＯ　PHOTOSTUDIO　　ｵﾘ,254-0812,神奈川県平塚市,松風町18-2,,
91801,有限会社　光陽スタジオ　　　ｵﾘ,960-0604,福島県伊達市,保原町元木89-1,,024-575-3480
91802,ブライダル㈱寿,983-0863,宮城県仙台市宮城野区,車町17,,
91803,ココロフル　おのだｻﾝﾊﾟｰｸ店　　ｵﾘ,756-0806,山口県山陽小野田市,中川6-4-1,,0836-39-9460
91804,㈲後藤ドライクリーニング,993-0006,山形県長井市,あら町1-26,,0238-84-3117
92001,㈲さち美容院,034-0092,青森県十和田市,西一番町23-8,,0176-23-4446
92002,㈱サンファミリー,031-0072,青森県八戸市,城下2-11-70,,0178-72-5335
92003,㈱the merry marriage,110-0005,東京都台東区,上野4-8-4,上野ABAB7階,
92004,佐々木写真館　　　　　ｵﾘ,395-0032,長野県飯田市,主税町28,,0265-22-0567
92005,スタジオ　さくら　池袋店　　ｵﾘ,170-0013,東京都豊島区,東池袋1-14-10,,03-3982-2888
92006,有限会社サイトースタジオ　　ｵﾘ,985-0034,宮城県塩竈市,南錦町8-62,,022-362-3577
92007,フォトスタジオ　さくら川口店　ｵﾘ,333-0866,埼玉県川口市,芝4516-1,,048-261-2201
92008,振袖&ﾌｫﾄｽﾀｼﾞｵ･さくら　　ｵﾘ,160-0023,東京都新宿区,西新宿7-4-7,第一太田ﾋﾞﾙ2F,03-5348-5557
92009,㈱Ｈ＆Ｓ,980-0014,宮城県仙台市青葉区,本町2丁目4-16,ｴｽﾍﾟﾗﾝｻ本町201,022-227-8210
92010,㈲ササキ美容院,035-0031,青森県むつ市,柳町1-6-28,,0175-23-3787
92011,桜工房　　　　　　　ｵﾘ,471-0029,愛知県豊田市,桜町2-69,,0565-32-7747
92012,さくらや 仙台店,981-1103,宮城県仙台市太白区,中田町字千刈田30-24,,022-242-1551
92201,勝山館,980-0011,宮城県仙台市青葉区,上杉2-1-50,,022-213-9188
92202,㈱七福人,023-0003,岩手県奥州市,水沢佐倉河字慶徳44-1,,0197-23-8555
92203,ブライダルサロン ジュライ,010-0918,秋田県秋田市,泉南3-1-25,ﾎﾞｯｸｽﾋﾞﾙ1F,018-862-8263
92204,㈱ジャムコ,981-1251,宮城県名取市,愛島台7-101-36,,022-784-1570
92205,シャレニー長野店　　　　　ｵﾘ,,長野県,,,
92206,シャレニー諏訪店　　　　　ｵﾘ,,長野県,,,
92207,シャレニー上田店　　　　　ｵﾘ,,長野県上田市,常盤城2250-1,,
92208,シャレニーメガドンキホーテ店　ｵﾘ,,,,,
92209,シャレニーあづみの店　　　ｵﾘ,,安曇市,三郷温892,,
92210,シャレニー佐久店　　　ｵﾘ,,長崎県佐久市,中込3170-1,,
92211,写真の双葉　　　　　　ｵﾘ,675-0031,兵庫県加古川市,加古川町北在家2554,,079-421-2777
92212,シャレニーデッキィ店　　　ｵﾘ,950-0973,新潟県新潟市中央区,上近江4-12-20,,
92213,シャレニー飯田店　　　ｵﾘ,,長野県飯田市,,,
92214,シャレニー山形北店　　ｵﾘ,,山形県,,,
92215,シャレニー長野南店　　　ｵﾘ,,長野県,,,
92216,株式会社　写真の森　　ｵﾘ,371-0846,群馬県前橋市,元総社町2-31-34,,027-254-4151
92217,フォトハウス　シマカゲ　　　ｵﾘ,507-0063,岐阜県多治見市,松坂町2-23-2,,0572-44-8888
92218,ﾄｰﾀﾙﾌｫﾄｽﾀｼﾞｵ　ｼﾝﾃﾞﾚﾗ　　ｵﾘ,345-0036,埼玉県北葛飾郡杉戸町,杉戸2-10-23,,0480-34-3430
92219,シャレニー山形南店　　　ｵﾘ,990-2433,山形県山形市,鳥居ケ丘9-35,,0236-09-5402
92220,シャレニーイオン新潟西店　　　ｵﾘ,950-2028,新潟県新潟市西区,小新南2-1-10,ｲｵﾝ新潟西店店2F,025-234-6888
92221,シャレニーアピタ新潟亀田店　　ｵﾘ,950-0157,新潟県新潟市中央区,鵜ノ子4-466,ｱﾋﾟﾀ新潟亀田店2F,
92222,㈱シラカワ 郡山営業所,963-8832,福島県郡山市,山根町5-20,,024-933-0600
92223,㈱ｼﾞｬﾊﾟﾝﾋﾞｼﾞｭｱﾙｻﾎﾟｰﾄ filer　ｵﾘ,939-2716,,,,076-465-1402
92224,㈱シラカワ 一関営業所*閉,021-0041,岩手県一関市,赤荻字雲南185-1,,0191-25-2131
92225,㈱ジューシーオレンジ,981-3102,宮城県仙台市泉区,向陽台1-21-3,,022-344-6420
92401,㈱スワン,299-4501,千葉県いすみ市,岬町椎木8601,,0470-87-8040
92402,㈱鈴屋 白河店,961-0881,福島県白河市,与惣小屋18-1,,0248-22-3050
92403,スタジオロクセキ,369-1243,埼玉県深谷市,永田1590,,048-584-2270
92404,㈱鈴屋 郡山店,963-0204,福島県郡山市,土瓜1-235,,024-962-1145
92405,㈱鈴屋 黒磯本店,325-0051,栃木県那須塩原市,豊町1-18,,0287-62-3238
92406,スタジオキャッスル,134-0083,東京都江戸川区,中葛西4-12-2,,03-5878-3966
92407,㈱鈴屋,325-0301,栃木県那須郡那須町,湯本新林206-167,,0287-76-7607
92408,㈱鈴屋 ミッシェル･ドレスステージ,325-0302,栃木県那須郡那須町,高久丙1790,那須高原ｾﾝﾄ･ﾐｯｼｪﾙ教会内,0278-76-1388
92409,スプランディッド ブランシュ,980-0811,宮城県仙台市青葉区,一番町2-5-5,東一中央ﾋﾞﾙ303,022-217-2588
92410,スタジオリッツ春日部店　　ｵﾘ,,埼玉県春日部市,,,
92411,有限会社　スリーファイブ　　　ｵﾘ,988-0053,宮城県気仙沼市,田中前4-8-10,,0226-25-7508
92412,スタジオ・エム・ツー　　　　ｵﾘ,361-0077,埼玉県行田市,忍2-14-14,,048-556-0359
92413,スタジオリッツ越谷店　　ｵﾘ,343-0023,埼玉県越谷市,東越谷4-8-20,,048-966-2510
92414,スタジオリッツ草加店　　ｵﾘ,,埼玉県草加市,,,
92415,スタジオ　オラクル　　ｵﾘ,432-8061,静岡県浜松市西区,入野町19954-707,,053-447-8535
92416,スワローテイル　　　　ｵﾘ,,宮城工場扱い,,,
92417,㈱鈴屋 TWO エンジェル山形店,990-0831,山形県山形市,西田2-2-1,,023-646-1355
92418,㈱鈴屋 会津店,965-0833,福島県会津若松市,明和町7-3,,0242-29-3280
92419,㈲鈴木和裁研究所,987-2202,宮城県栗原市,築館城生野要害43,,0228-21-4844
92601,株式会社　清心　　　ｵﾘ,376-0007,群馬県桐生市,浜松町2-4-21,,0277-47-7533
92801,㈲矢口 Sol-terre山形店,990-2435,山形県山形市,青田5-13-5,,023-624-7455
93001,㈲タックユアーズ,020-0661,岩手県滝沢市,鵜飼白石52-7,,019-687-6233
93002,タクミホールディングス㈱,985-0001,宮城県塩竈市,新浜町2-9-8,,022-363-2971
93003,㈱ﾌﾗｲﾀﾞﾙﾌｧｯｼｮﾝ ダイワ　　　ｵﾘ,440-0812,愛知県豊橋市,東新町73-23,,0532-55-8111
93004,㈱太成 横手営業所 CL,013-0064,秋田県横手市,赤坂字荒沼129-2,,0182-32-8156
93005,㈱巧,983-0822,宮城県仙台市宮城野区,燕沢東2-7-37,大友ﾋﾞﾙ1F,022-352-5042
93201,チャコット㈱ 上田物流センター,386-1106,長野県上田市,小泉794-5,,0268-28-6311
93202,チャコット株式会社,108-8439,東京都港区,海岸3-9-32,ｵﾝﾜｰﾄﾞﾍﾞｲﾊﾟｰｸﾋﾞﾙﾃﾞｨﾝｸﾞ3F,03-6858-0200
93203,有限会社　秩父写真館　　　　ｵﾘ,368-0042,埼玉県秩父市,東町9-10,,0494-22-1069
93801,トータルフォトスタジオ　　　ｵﾘ,289-2501,千葉県旭市,新町399,,0479-60-0025
93802,㈲東北クリーンサービス,029-4102,岩手県西磐井郡平泉町,平泉字高田前74-4,,0191-46-2227
93803,㈱鈴屋 TWO ｴﾝｼﾞｪﾙ大田原店,324-0047,栃木県大田原市,美原1-13-2,,0287-23-4528
94001,㈱ナウエル グランドホクヨウ,992-0012,山形県米沢市,金池2-3-7,,0238-22-1238
94002,株式会社　内藤城　　　　　　ｵﾘ,399-0014,長野県松本市,平田東1-2-20,,0263-27-8300
94003,株式会社　ＮＡＧＡＯＫＡ　　ｵﾘ,321-3223,栃木県宇都宮市,清原台4-27-1,,028-683-6150
94004,株式会社　長野フジカラー使用禁止,381-2221,長野県長野市,川中島町御厨944,,026-213-6371
94005,㈱長野フォトセンター,381-2221,長野県長野市,川中島町御厨944,,026-213-6571
94201,㈱日本セレモニー,020-0866,岩手県盛岡市,本宮3-50-31,,019-636-2225
94202,㈱日本セレモニー,755-0022,山口県宇部市,神原町2-7-1,,0836-32-1165
94401,日本写真文化協会　　　ｵﾘ,160-0004,東京都新宿区,四谷1-7,,03-3351-2463
94402,ニシキクリーニング,983-0841,宮城県仙台市宮城野区,原町3-7-15,,022-256-2381
95001,パレスいわや 衣裳室,971-8144,福島県いわき市,鹿島町久保字梅田4-1,,0246-58-5558
95002,㈱華裳,381-2221,長野県長野市,川中島町御厨937-1,ﾜｲﾙﾄﾞﾋﾞﾙ 1F,026-286-3993
95003,株式会社林写真館　　ｵﾘ,346-0003,埼玉県久喜市,久喜中央3-8-22,,0480-21-0245
95004,はれのひ　富山店　　　　ｵﾘ,930-0002,富山県富山市,新富町1-2-3,CICﾋﾞﾙ2F,076-482-3422
95005,㈲白新舎,996-0026,山形県新庄市,大町21-21,,0233-22-0975
95006,橋本貸衣裳店　　　ｵﾘ,927-0433,石川県鳳珠郡能登町,宇出津ウ字65番地,,0768-62-3191
95007,㈱ハニーズホールディングス,972-8311,福島県いわき市,常磐水野谷町錦沢73-14,,0246-43-0222
95201,ブライダルハウスBIBI,040-0064,北海道函館市,大手町5-10,函館国際ﾎﾃﾙ1F,0138-23-7770
95202,㈱ヒラトヤブライダルファッション,020-0831,岩手県盛岡市,三本柳7-27-1,,019-637-3555
95203,㈱美美ｺｰﾎﾟﾚｰｼｮﾝ　　　　ｵﾘ,963-0534,福島県郡山市,日和田町字小原1,,024-968-1855
95204,㈱美美ｺｰﾎﾟﾚｰｼｮﾝ　　　ｵﾘ,971-8151,福島県いわき市,小名浜岡小名字沖2-1,,0246-73-8655
95205,㈱美美ｺｰﾎﾟﾚｰｼｮﾝ　　　ｵﾘ,970-8026,福島県いわき市,平字三倉68-1,ｲｵﾝいわき店3F,0246-37-5517
95206,㈱ヒラトヤブライダルファッション,010-8530,秋田県秋田市,中通7-2-1,ﾎﾃﾙﾒﾄﾛﾎﾟﾘﾀﾝ秋田 4F,018-833-8395
95401,(合)フォトスタジオみどりかわ,974-8261,福島県いわき市,植田町番所下26-11,,0246-62-2688
95402,ファイブシーズン中野衣裳室,383-0015,長野県中野市,吉田1055,ﾎﾃﾙ国際21THE FIVE SEASONS中野,0269-26-7855
95403,BRIDES TIME 大崎店,989-6162,宮城県大崎市,古川駅前大通6-2-8,,
95404,Primavera宇都宮,321-0901,栃木県宇都宮市,平出町3511,,028-613-6355
95405,Primoウェディングスタジオ,321-0972,栃木県宇都宮市,下川俣町105-1,,028-683-3036
95406,㈱プラザハート,102-0076,東京都千代田区,五番町1番地,市ヶ谷大郷ビル 2F,03-3222-3101
95407,ブライダルサロン幸,981-0503,宮城県東松島市,矢本字北浦1,,0225-84-1322
95408,フォトスタジオ　ミドリヤ　　　ｵﾘ,305-0007,茨城県つくば市,春風台A25街区2-10,,029-886-9852
95409,ファミリー写真館スマイル　　ｵﾘ,191-0031,東京都日野市,高幡1004-3,ﾗｳﾞｨ･ｴｾﾞｰ2F,042-594-7676
95410,振袖さくら（フォプロ）　　　ｵﾘ,210-0024,神奈川県川崎市川崎区,日進町1-11,ﾏﾙｲ川崎4F,044-221-6800
95411,ファミリー写真館ピーススタジオ,136-0075,東京都江東区,新砂3-4-31,南砂町SC SUNAMO 4F,
95412,株式会社 blanc lotus　ｵﾘ,330-0854,埼玉県さいたま市大宮区,桜木町4-182-1,,
95413,有限会社プロローグ　　ｵﾘ,336-0926,埼玉県さいたま市緑区,東浦和7-41-15,,048-875-3986
95414,振袖さくら　　　　　ｵﾘ,174-0056,東京都板橋区,志村1-13-16,,03-3966-5858
95415,㈲フォトダイン東京　　　ｵﾘ,340-0815,埼玉県八潮市,八潮1-5-11,,090-1772-3963
95416,株式会社　福田カメラ　　ｵﾘ,436-0091,静岡県掛川市,城下7-5,,0537-23-0121
95417,フォトスタジオピース　　　ｵﾘ,350-0214,埼玉県坂戸市,千代田1-1-11,,049-277-4981
95418,フォトすまいる　　ｵﾘ,379-2121,群馬県前橋市,小屋原町1757-15,,027-289-6547
95419,フェリーチェマツエダ 名古屋本店,464-0067,愛知県名古屋市千種区,池下1-8-8,松枝ｱﾈｯｸｽ,052-761-3331
95420,㈱ブライダルプロデュースマーチ,963-6316,福島県石川郡玉川村,竜崎字四斗蒔21-1,,0247-37-1508
95421,㈱ブライダルサロン愛,060-0005,北海道札幌市中央区,北五条西13-1,,011-271-0522
95422,4MEEE㈱,163-0808,東京都新宿区,,西新宿新宿ＮＳビル８階,03-5339-8730
95423,㈲プロス,960-0634,福島県伊達市,保原町大泉字大館27,,024-575-5115
95601,㈱へいあん秋田,010-0941,秋田県秋田市,川尻町字大川反233-75,,018-862-6511
95602,㈱へいあん秋田,017-0872,秋田県大館市,片山町3-6-3,,0186-42-9367
95603,㈱へいあん秋田,014-0005,秋田県大仙市,花館柳町1-51,,0187-63-7715
95604,㈱へいあん秋田,016-0831,秋田県能代市,元町16-6,,0185-55-1111
95605,㈱ベルコ アールベルアンジェ仙台,984-0823,宮城県仙台市若林区,遠見塚東2-1,,022-286-7118
95606,㈱へいあん秋田,012-0823,秋田県湯沢市,湯ノ原1-3-12,,0183-73-3381
95607,有限会社 ベッティ写真館　　　ｵﾘ,191-0062,東京都日野市,多摩平1-4-13,,042-581-1245
95801,㈲細谷ドライクリーニング,989-6712,宮城県大崎市,鳴子温泉坂ノ上135-1,,
95802,㈱ホンダクリーニング,981-3135,宮城県仙台市泉区,八乙女中央4-1-27,,022-375-3169
95803,㈱スタジオ・ホワイトルーム　　ｵﾘ,134-0084,東京都江戸川区,東葛西6-7-7,2F,03-5667-6540
95804,㈱スタジオ・ホワイトルーム　　ｵﾘ,272-0144,千葉県市川市,新井3-27-7,,047-356-0400
95805,ホワスト　　　　ｵﾘ,329-0111,栃木県下都賀郡野木町,丸林643-1,,0280-55-2762
95806,有限会社　ボアスタジオ　　　ｵﾘ,340-0011,埼玉県草加市,栄町3-1-22,,
96001,ブライダルハウス マリッヂ うえの,998-0859,山形県酒田市,大町8-18,,0234-26-2572
96002,㈱マルマン総本店,986-0824,宮城県石巻市,立町1-1-6-19,,0225-95-5155
96003,㈱丸三屋,990-0039,山形県山形市,香澄町1-1-1,5F,0236-28-1155
96004,㈱丸三屋,171-0021,東京都豊島区,西池袋1-6-1,,03-3985-0381
96005,㈱丸三屋 商品部,108-0074,東京都港区,高輪3-7-13,,03-6657-5228
96006,㈱丸三屋,980-0021,宮城県仙台市青葉区,中央4-10-3,住友生命ﾋﾞﾙ 1F,022-726-5055
96007,㈱丸三屋,980-8477,宮城県仙台市青葉区,中央1-1-1,5F衣裳室,022-262-1835
96008,㈲マリアージュ矢澤,980-0822,宮城県仙台市青葉区,立町16-22,ﾃﾞｨﾅｽｶｰﾗ定禅寺1102,022-263-9673
96009,株式会社　松井写真館　　　ｵﾘ,378-0053,群馬県沼田市,東原新町1544-12,,0278-22-2335
96010,㈱丸三屋,108-0074,東京都港区,高輪3-7-6,6F 商品ｾﾝﾀｰ,03-5798-2614
96011,晴れ着の丸昌　池袋店　ｵﾘ,171-0014,東京都豊島区,池袋2-39-2,,03-3986-5531
96012,㈱丸三屋 アイビーホール青学会館,150-0002,東京都渋谷区,渋谷4-4-25,B-1,03-5485-3580
96013,㈱丸三屋,103-0014,東京都中央区,日本橋蛎殻町2-1-1,ﾛｲﾔﾙﾊﾟｰｸﾎﾃﾙ4F,03-3808-1122
96014,㈱丸三屋　ブライダリウムミュー,108-8612,東京都港区高輪3-13-1,ｸﾞﾗﾝﾄﾞﾌﾟﾘﾝｽﾎﾃﾙ新高輪,国際館ﾊﾟﾐｰﾙ2F ｺｽﾁｭｰﾑｻﾛﾝ,03-5791-2011
96015,㈱丸三屋　ブライダリウムミュー,248-0025,神奈川県鎌倉市,七里ガ浜東1-2-18,1F,0467-33-3122
96016,㈱丸三屋,104-0061,東京都中央区,銀座3-10-6,ﾏﾙｲﾄ銀座第三ﾋﾞﾙ 5F,03-3545-0363
96017,㈱丸三屋,990-0039,山形県山形市,香澄町1-1-1,5F,0236-28-1155
96018,㈲マサミコレクション,016-0184,秋田県能代市,高塙121-1,,0185-54-6398
96201,㈱みちのくジャパン,024-0061,岩手県北上市,大通り4,MJﾋﾞﾙ,0197-63-7878
96202,㈱宮城,996-0026,山形県新庄市,大町1-13,,0233-22-3151
96203,三浦京染店　　　　　ｵﾘ,989-5501,宮城県栗原市,若柳川北元町39,,0228-32-2546
96204,ブライダルサロン　みや美　　ｵﾘ,395-0023,長野県飯田市,江戸浜町3656-1,,0265-23-1637
96205,フォトスタジオ　みどりかわ　　ｵﾘ,974-8261,福島県いわき市,植田町番所下26-11,,0246-62-2688
96601,メイフェアリー,305-0051,茨城県つくば市,二の宮2-15-18,,029-855-6300
96602,ワタベウエディング㈱*閉,983-0851,宮城県仙台市宮城野区,榴ケ岡5-6-51,,022-792-8888
96603,株式会社メディアクリエイト　　ｵﾘ,470-1127,愛知県豊明市,三崎町ゆたか台28-8,,0562-57-9988
96604,株式会社　丸三屋→ ﾉｾﾝﾄﾘｰ変更,380-0824,長野県長野市,南石堂町1348,4F,026-291-7038
96802,諸橋,363-0023,埼玉県桶川市,朝日1-13-33,,048-774-5215
97001,株式会社　山下　　　　　　ｵﾘ,941-0057,新潟県糸魚川市,南寺町1-10-3,,025-552-8868
97002,有限会社　山田写真館　　　　ｵﾘ,394-0028,長野県岡谷市,本町4-10-9,,
97003,八木橋貸衣裳店,374-0025,群馬県館林市,緑町2-21-7,,0276-72-3565
97004,㈲ヤングドライ高岡 大曾根支店,462-0810,愛知県名古屋市北区,山田4-105,,052-910-1520
97005,㈲ヤングドライ高岡 清水支店,933-0866,富山県高岡市,清水町1-475-1,,0766-25-5333
97006,㈱矢部プロカッティング,981-0504,宮城県東松島市,小松字稔田110,,0225-82-8111
97401,㈱ユーティーオー 岩手工場,024-0073,岩手県北上市,下江釣子12地割164番3,,0197-72-7602
97801,よしずみ呉服店,349-0131,埼玉県蓮田市,根金679,,048-766-5170
98001,㈱蘭 仙台支店,983-0852,宮城県仙台市宮城野区,榴岡3-6-3,,
98002,ラヴィーナ加古川,675-0021,兵庫県加古川市,尾上町安田413-1,,079-427-1000
98003,ラヴィーナ和歌山,640-8451,和歌山県和歌山市,中639-6,,073-454-0010
98004,ラ・メゾン Suite りんくう,598-0048,大阪府泉佐野市,りんくう往来北2-48,,072-458-2000
98005,アイ・ケイ・ケイ㈱　盛岡支店,020-0866,岩手県盛岡市,本宮5-16-7,,019-656-4288
98006,アイ・ケイ・ケイ㈱いわき,970-8047,福島県いわき市,中央台高久2-28,,0246-46-2511
98201,リブラブラフ 仙台店,983-0852,宮城県仙台市宮城野区,榴岡3-6-1,ｾﾝﾄｼﾞｪｰﾑｽｸﾗﾌﾞ迎賓館 3F,022-211-6221
98601,㈲矢口 Sol-terre東根店,999-3702,山形県東根市,温泉町3-8-50,,0237-43-3515
98800,株式会社 六本木　　　ｵﾘ,141-0031,東京都品川区,西五反田6-2-7,ｳｴｽﾄｻｲﾄﾞ五反田ﾋﾞﾙ4F,03-6410-6181
99001,ワタベウエディング㈱,980-0021,宮城県仙台市青葉区,中央2-2-25,天成堂ビル1F,022-221-4441
99002,ワタベウエディング㈱,983-0852,宮城県仙台市宮城野区,榴岡4-1-5,ｶﾞｰﾃﾞﾝﾊﾟﾚｽ内,022-292-3171
99003,㈱和とわ,021-0881,岩手県一関市,大町1-20,,022-369-3255
99998,関西,,,,,
99999,個人（CL宮城工場 ）,,宮城県,,,
100000,株式会社　ｹｰｱｲﾗﾎﾞ,910-0367,福井県坂井市,丸岡町羽崎12-16-19,,0776-67-1777
500102,㈱アスピカ,910-0843,福井県福井市,西開発4-101-2,,0776-52-6600
780201,㈱キモノバナ,901-2201,沖縄県宜野湾市,新城2-40-7,,098-954-6446
999999,諸口,,,,,
