商品ｺｰﾄﾞ,商品名,商品名索引,単位,上代単価
100001,EX－20LS(220V),20LS,台,0
100002,BL-10,BL-10,台,45000
100003,BL-10　ﾊﾞｲﾄﾝ仕様,BL-10,台,45000
100004,BL-10(220V),BL-10,台,0
100005,BL-20,BL-20,台,52000
100006,BL-20　ﾛﾝｸﾞﾉｽﾞﾙ付,BL-20,台,0
100007,BL-20(ﾃﾌﾛﾝﾎｰｽ仕様),BL-20,台,0
100008,BL-20　ﾊﾞｲﾄﾝ仕様,BL-20,台,0
100009,BL-20(220V),BL-20,台,0
100010,BL-20(220V.ﾊﾞｲﾄﾝ仕様),BL-20,台,0
100011,BL-20 酢酸ｱﾐｰﾙ対応(FCﾁｭｰﾌﾞ),BL-20,台,0
100012,BL-20(110V),BL-20,台,0
100013,BL-20 広角ﾉｽﾞﾙ付,BL-20,台,0
100014,BL-30,BL-30,台,0
100015,K.I-10B,KI10B,台,0
100016,K.I-10B.C 変更ﾉｽﾞﾙ付,KI10BC,台,42000
100017,K.I-10LS,KI10LS,台,0
100018,K.I-10LS　変更ﾉｽﾞﾙ付,KI10LS,台,45000
100019,K.I-10LS変更ﾉｽﾞﾙ仕様.容器付,KI10LS,台,0
100020,KI30B ﾊﾞｲﾄﾝ仕様:直ﾉｽﾞﾙ付,KI30B,台,0
100021,K.I-30B,KI30B,台,0
100022,K.I-30B 変更ﾉｽﾞﾙ付(強力型),KI30B,台,0
100023,K.I-30B　直ﾉｽﾞﾙ付,KI30B,台,0
100024,K.I-30B　変更ﾉｽﾞﾙ付,KI30B,台,0
100025,K.I-30B(220V),KI30B,台,0
100026,K.I-30LS,KI30LS,台,0
100027,KI30LS*5L容器付,KI30LS,式,0
100028,K.I-30LS 変更ﾉｽﾞﾙ付,KI30LS,台,52000
100029,K.I-30LS ﾛﾝｸﾞﾉｽﾞﾙﾂｷ,KI30LS,台,0
100030,KI30-LS　直ﾉｽﾞﾙ付,KI30LS,台,0
100031,KI30-LS･直ﾉｽﾞﾙ･ﾌｯﾄｽｲｯﾁ仕様.ﾀﾝｸ付,KI30LS,台,35000
100032,KI30-LS.直ﾉｽﾞﾙ仕様.ﾀﾝｸ付,KI30LS,台,45000
100033,KI30-LS(強力型),KI30LS,台,0
100034,KI30-LS強力型(ﾊﾞｲﾄﾝ仕様ﾄﾞﾚﾝﾎﾞﾄﾙ付),KI30LS,台,0
100035,KI30-LS強力型(ﾄﾞﾚﾝﾎﾞﾄﾙ変更ﾉｽﾞﾙ付),KI30LS,台,0
100036,KI30-LS(ﾊﾞｲﾄﾝ仕様.ﾄﾞﾚﾝﾎﾞﾄﾙ付),KI30LS,台,0
100037,EX　LS-10,LS-10,台,0
100038,EX　LS-10(220V).水用容器付,LS-10,台,0
100039,EX　LS-10(220V.ﾊﾞｲﾄﾝ仕様),LS-10,台,0
100040,EX LS-20ﾄﾞﾚﾝﾎﾞﾄﾙ付(ﾃﾌﾛﾝﾎｰｽ仕様),LS-20,台,0
100041,LS-20(ｽｲｯﾁ.ｽﾄｯﾌﾟﾊﾞﾙﾌﾞﾅｼ電磁仕様)220V,LS-20,台,0
100042,EX LS-20(缶ｷｬｯﾌﾟﾎｰｽ.ｼｮｯｸ止ﾊﾞｲﾄﾝ)220V,LS-20,台,0
100043,EX　LS-20,LS-20,台,0
100044,LSV-10.容器付,LSV-10,台,0
100045,LSV-10(透明ﾊﾞｲﾄﾝ仕様),LSV-10,台,0
100046,LSV-10,LSV-10,台,58000
100047,LSV-10(220V),LSV-10,台,56000
100048,LSV-10(200V),LSV-10,台,0
100049,LSV-10 ﾊﾞｲﾄﾝ仕様,LSV-10,台,0
100050,LSV-10　ﾄﾞﾚﾝﾎｰｽ仕様,LSV-10,台,56000
100051,LSV-20･ﾄﾞﾚﾝﾎｰｽ仕様　220V,LSV-20,台,0
100052,LSV-20(ﾄﾞﾚﾝﾎﾞﾄﾙ仕様.缶ｷｬｯﾌﾟﾎｰｽ無),LSV-20,台,0
100053,LSV-20,LSV-20,台,64000
100054,LSV-20.容器付,LSV-20,台,65000
100055,LSV-20 ﾊﾞｲﾄﾝﾎｰｽ仕様,LSV-20,台,0
100056,LSV-20　広角ﾉｽﾞﾙ付,LSV-20,台,0
100057,LSV-20.ﾄﾞﾚﾝ仕様･容器付,LSV-20,台,0
100058,LSV-20 (220V),LSV-20,台,0
100059,LSV-20(110V),LSV-20,台,0
100060,LSV-20(電磁弁付.ﾌｯﾄｽｲｯﾁ仕様),LSV-20,台,0
100061,LSV-20(220V)黒ﾊﾞｲﾄﾝ仕様,LSV-20,台,65000
100062,LSV-20(ｽﾄｯﾌﾟﾊﾞﾙﾌﾞﾅｼ.E.Pﾎ-ｽ仕様),LSV-20,台,0
100063,LSV-20(青),LSV-20,台,64000
100064,LSV-20 ﾊﾞｲﾄﾝ･ﾄﾞﾚﾝﾎ-ｽ仕様,LSV-20,台,0
100065,LSVｰ20(電磁弁式.ﾄﾞﾗｲﾔｰ連動式),LSV-20,台,0
100066,LSV-20 ﾎﾟﾘｷｬｯﾌﾟ仕様･ﾀﾝｸﾅｼ,LSV-20,台,64000
100067,LSV-20ﾄﾞﾚﾝﾎｰｽ仕様,LSV-20,台,0
100068,LSV-20ﾄﾞﾚﾝﾎｰｽ.缶ｷｬｯﾌﾟﾎｰｽﾅｼ　AIT仕様,LSV-20,台,0
100069,LSV-20･ﾊﾞｲﾄﾝ.ﾎｰｽﾊﾞﾝﾄﾞ付仕様,LSVｰ20,台,0
100070,VH-10(120V) 溶剤用,VH-10,台,0
100071,VH-10 水用　容器付,VH-10,台,59000
100072,VH-10 溶剤用,VH-10,台,58000
100073,VHｰ10.溶剤用 ﾊﾞｲﾄﾝ仕様,VH-10,台,60000
100074,VH-20 水用(200V),VH-20,台,0
100075,VH-20水用.ﾊﾞｲﾄﾝ仕様:容器付,VH-20,台,0
100076,VH-20水用,VH-20,台,68000
100077,VH-20溶剤用.缶ｷｬｯﾌﾟ付,VH-20,台,67000
100078,VH-20水用.広角ﾉｽﾞﾙ付,VH-20,台,67000
100079,VH-20溶剤用.広角ﾉｽﾞﾙ付,VH-20,台,0
100080,VH-20溶剤用 ﾊﾞｲﾄﾝﾎｰｽ仕様,VH-20,台,0
100081,VH-20溶剤用(ﾊﾞｲﾄﾝ仕様.広角ﾉｽﾞﾙ付),VH-20,台,0
100082,VH-20溶剤用.容器付,VH-20,台,0
100083,VH-20溶剤用(110V.60HZ),VH-20,台,0
100084,VH-20溶剤用(ﾄﾞﾚﾝﾎｰｽ仕様.5L容器付),VH-20,台,0
100085,VHｰ20水用.容器付(110V),VH-20,台,66000
100086,VHｰ20(110V)水用.ﾀﾝｸﾅｼ,VH-20,台,0
100087,VHｰ20溶剤用.ﾄﾞﾚﾚﾝﾎｰｽ仕様,VH-20,台,0
100088,VH-20溶剤用.230V,VH-20,台,0
100089,VH-20水用.ﾀﾝｸﾅｼ,VH-20,台,0
100090,VH-20.L　溶剤用　5L容器付,VH-20,台,65000
100091,VH-20 溶剤用(200V),VH-20,台,0
100092,VH-20 溶剤用　透明ﾊﾞｲﾄﾝ仕様,VH-20,台,0
100093,VH-20(240V)　溶剤用,VH-20,台,0
100094,VH-20.溶剤用(ｽﾄｯﾌﾟﾊﾞﾙﾌﾞﾅｼ),VH-20,台,0
100095,VHｰ20溶剤用.ﾊﾞｲﾄﾝ仕様(220V),VH-20,台,0
100096,VH-20水用.容器付(220V),VH-20,台,0
100097,VHｰ20 溶剤用(220V),VH-20,台,0
100098,VH-20溶剤用･透明ﾊﾞｲﾄﾝ仕様･220V,VHｰ20,台,0
100099,W-10,W10,台,55000
100100,牛若ｶﾞﾝ(ﾊﾞﾗﾝｻ-ﾅｼ),ｳｼﾜｶｶﾞ,台,0
100101,缶ｷｬｯﾌﾟ(ｼﾞｮｲﾝﾄ付),ｶﾝｷｬｯﾌ,個,800
100102,ｸﾘｰﾆﾝｸﾞｶﾞﾝ　ｺｽﾓｽﾊﾟｰ100,ｺｽﾓ,台,0
100103,ｸﾘｰﾆﾝｸﾞｶﾞﾝ　ｺｽﾓｽﾊﾟｰ24,ｺｽﾓ,台,0
100104,ｸﾘ-ﾆﾝｸﾞｶﾞﾝ  ｺﾙﾄ5(大),ｺﾙﾄ5,台,0
100105,他社ｽﾌﾟﾚｰｶﾞﾝ,ｽﾌﾟﾚ,台,0
100107,ｾﾌﾃｨｽﾎﾟｯﾄｶﾞﾝ　SS-1,ｽﾎﾟｯﾄ,台,20000
100108,LSV-30,LSV-30,台,0
100110,ECORZA(溶剤用),ECO,台,0
100111,ECORZA(溶剤用･110V),ECO,台,0
100112,ECORZA(水用)容器付,ECO,台,0
100113,ECORZA(水用)　ﾀﾝｸﾅｼ,ECO,台,0
100114,ECORZA(溶剤用.220V),ECO,台,0
100115,ECORZA(200V),ECORZA,台,0
100116,ECORZA(溶剤用)容器付,ECO,台,0
100117,ECORZA TWIN,ECORZA,台,0
100118,LSV-20(200V),LSV,台,64000
100119,ECORZA(溶剤用)広角ﾉｽﾞﾙ仕様,ECO,台,72500
100120,ﾀﾞｲﾔｽﾌﾟﾚｰｶﾞﾝ S-B型(ｾﾗﾐｯｸﾎﾟﾝﾌﾟ･直ﾉｽﾞﾙ,ﾀﾞｲﾔ,台,0
100121,ECORZA(水用)広角ﾉｽﾞﾙ仕様 容器付,ECO,台,0
100122,RCｴｱｰｶﾞﾝ・ﾚｷﾞｭﾚｰﾀｰｾｯﾄ,ｴｱｰｶﾞﾝ,台,0
110001,ﾎﾞﾄﾙﾎﾙﾀﾞｰ(ｺﾙﾄ用),ﾎﾞﾄﾙ,ｾｯﾄ,0
110002,RS用ﾍﾞｱﾘﾝｸﾞ,ﾍﾞｱﾘﾝｸ,個,0
110003,EXﾊﾝﾄﾞﾙｾｯﾄ,ﾊﾝﾄﾞﾙ,ｾｯﾄ,0
110004,ｵｰﾘﾝｸﾞ(2.8X1.9)ｽﾄｯﾌﾟﾊﾞﾙﾌﾞ用,ｵｰﾘﾝｸﾞ,個,0
110005,EX-B型ｻｸｼｮﾝﾎｰｽ一式(ﾃﾌﾛﾝ仕様),ｻｸｼｮﾝ,式,0
110006,ｻｸｼｮﾝｽｸﾘｭｰ(ﾀﾞｲﾔｶﾞﾝ用),ｻｸｼｮﾝｽ,個,0
110007,KIB型ｻｸｼｮﾝﾎｰｽ (ﾊﾞｲﾄﾝ),ｻｸｼｮﾝ,本,300
110008,ｼﾘﾝﾀﾞｰ(ｴｱｰｶﾞﾝ SS-1用),ｼﾘﾝﾀﾞ,個,0
110009,KI直ﾉｽﾞﾙ一式,ﾉｽﾞﾙ,ｾｯﾄ,5000
110010,KIｽｲｯﾁ　SB-61A,ｽｲｯﾁ,個,0
110011,KIﾎﾟﾝﾌﾟｼﾘﾝﾀﾞｰ,ﾎﾟﾝﾌﾟｼ,本,6500
110012,KIﾛﾝｸﾞﾉｽﾞﾙ一式,ﾉｽﾞﾙ,ｾｯﾄ,0
110013,KI変更ﾉｽﾞﾙ一式,ﾉｽﾞﾙ,ｾｯﾄ,5000
110014,EX変更ﾉｽﾞﾙ一式,ﾉｽﾞﾙ,ｾｯﾄ,5000
110015,ｺﾙﾄﾉｽﾞﾙ一式,ﾉｽﾞﾙ,ｾｯﾄ,5000
110016,ﾕﾆｰﾉｽﾞﾙ一式,ﾉｽﾞﾙ,ｾｯﾄ,5000
110017,EXﾛﾝｸﾞﾉｽﾞﾙ一式,ﾉｽﾞﾙ,ｾｯﾄ,0
110018,ﾀﾞｲﾔﾉｽﾞﾙ一式,ﾉｽﾞﾙ,ｾｯﾄ,0
110019,ｸﾘﾝｽｰﾊﾟｰﾉｽﾞﾙ一式,ﾉｽﾞﾙ,ｾｯﾄ,0
110020,KI-10型ｾﾗﾐｯｸﾎﾟﾝﾌﾟ一式,ﾎﾟﾝﾌﾟ,ｾｯﾄ,10000
110021,KI-30型ｾﾗﾐｯｸﾎﾟﾝﾌﾟ一式,ﾎﾟﾝﾌﾟ,ｾｯﾄ,11000
110022,EXｾﾗﾐｯｸﾎﾟﾝﾌﾟ一式,ﾎﾟﾝﾌﾟ,ｾｯﾄ,11000
110023,5Lﾎﾟﾘ容器(角),ﾎﾟﾘﾖｳｷ,個,1000
110024,EXﾎﾟﾝﾌﾟｽｸﾘｭｰ,ﾎﾟﾝﾌﾟｽ,個,200
110025,EXﾋﾟｽﾄﾝB,ﾋﾟｽﾄﾝB,個,0
110026,EXﾎﾟﾝﾌﾟﾊｳｼﾞﾝｸﾞ(青),ﾎﾟﾝﾌﾟﾊ,個,6000
110027,EX用ﾌｯｸ,ﾌｯｸ,個,600
110028,EXｺﾝﾄﾛｰﾙﾉﾌﾞ,ｺﾝﾄﾛﾙﾉ,個,2400
110029,EX可動鉄心,ｶﾄﾞｳ,個,4000
110030,ECORZA用ﾌｯｸ,ﾌｯｸ,個,600
110031,EXﾏｸﾞﾈｯﾄ　　10型,ﾏｸﾞﾈｯﾄ,個,5000
110032,EX板ﾊﾞﾈ,ｲﾀﾊﾞﾈ,個,1000
110033,EXﾊﾝﾄﾞﾙ,ﾊﾝﾄﾞﾙ,ｾｯﾄ,4200
110034,KI曲ﾉｽﾞﾙ一式,ﾉｽﾞﾙ,ｾｯﾄ,0
110035,EXｽｲｯﾁ押ﾎﾞﾀﾝ,ｽｲｯﾁｵｼ,個,500
110036,EXﾀﾞｲｵｰﾄﾞ,ﾀﾞｲｵｰﾄ,個,0
110037,EX端子台,ﾀﾝｼﾀﾞｲ,個,400
110038,EXﾘｰﾄﾞｽﾌﾟﾘﾝｸﾞ,ﾘｰﾄﾞｽ,個,0
110039,電源ｺｰﾄﾞ(EX/KI),ｺｰﾄﾞ,個,1000
110040,EXｻｸｼｮﾝｽｸﾘｭｰ,ｻｸｼｮﾝ,個,700
110041,EXｻｸｼｮﾝｽﾌﾟﾘﾝｸﾞ(S),ｻｸｼｮﾝｽ,個,120
110042,EXﾄﾞﾚﾝｽｸﾘｭｰ,ﾄﾞﾚﾝｽｸ,個,700
110043,EXﾎｰﾙﾄﾞｽｸﾘｭｰ,ﾎｰﾙﾄﾞｽ,個,700
110044,BL用 ｻｸｼｮﾝﾎｰｽ,ｻｸｼｮﾝﾎ,本,180
110045,KI-B型ｻｸｼｮﾝﾎｰｽ一式,ｻｸｼｮﾝﾎ,ｾｯﾄ,1500
110046,EXﾌｨﾙﾀｰ,ﾌｨﾙﾀ-,個,1400
110047,缶ｷｬｯﾌﾟﾎｰｽ一式,ｶﾝｷｬｯﾌ,ｾｯﾄ,2200
110048,EXｽﾄｯﾌﾟﾊﾞﾙﾌﾞ,ｽﾄｯﾌﾟ,ｾｯﾄ,7500
110049,LSﾎｰｽ一式,LSﾎｰｽ,ｾｯﾄ,7000
110050,LSﾎｰｽ　2M,LSﾎｰｽ,本,2400
110051,LSVﾎｰｽ(2M),LSVﾎｰｽ,本,1000
110052,LSVﾎ-ｽ一式(缶ｷｬｯﾌﾟ仕様),LSVﾎｰｽ,ｾｯﾄ,3000
110053,VHﾎｰｽ(3M),VHﾎｰｽ,本,1500
110054,VHﾎｰｽ一式(缶ｷｬｯﾌﾟ仕様),VHﾎｰｽ,ｾｯﾄ,3500
110055,EXﾉｽﾞﾙﾍｯﾄﾞ,ﾉｽﾞﾙﾍ,個,1700
110056,EXﾎﾞﾄﾙ(BL用),ﾎﾞﾄﾙ,個,1000
110057,EXﾎﾞﾄﾙﾎﾙﾀﾞｰ,ﾎﾞﾄﾙﾎﾙ,個,1000
110058,ﾄﾞﾚﾝﾎﾞﾄﾙ(ﾌﾀﾂｷ),ﾄﾞﾚﾝﾎﾞ,個,400
110059,ﾎﾟﾘｷｬｯﾌﾟﾎｰｽ一式,ﾎﾟﾘｷｬｯ,ｾｯﾄ,2200
110060,缶ｷｬｯﾌﾟ用ｼﾞｮｲﾝﾄ,ｼﾞｮｲﾝﾄ,個,600
110061,EXｽｲｯﾁ取付ﾌﾟﾚｰﾄ,ｽｲｯﾁﾄﾘ,個,1000
110062,ｽｲｯﾁﾊﾞﾙﾌﾞ一式,ｽｲｯﾁﾊﾞ,ｾｯﾄ,0
110063,ﾌﾟﾗｸﾞ付電源ｺｰﾄﾞ(ﾀﾞｲﾔ用),ｺｰﾄﾞ,個,0
110064,EXﾋﾟｽﾄﾝA,ﾋﾟｽﾄﾝA,個,4500
110065,ｵｰﾘﾝｸﾞ(P-3),ｵｰﾘﾝｸﾞ,個,200
110066,EXﾉｽﾞﾙﾁｯﾌﾟ,ﾉｽﾞﾙﾁ,個,0
110067,EXﾉｽﾞﾙﾊﾟｯｷﾝ(ﾃﾌﾛﾝﾘﾝｸﾞ),ﾉｽﾞﾙﾊﾟ,個,200
110068,EXﾉｽﾞﾙﾚﾊﾞｰ軸,ﾉｽﾞﾙﾚﾊ,個,0
110069,EXﾊﾞｯﾌｧｺﾞﾑ,ﾊﾞｯﾌｧ,個,430
110070,缶ｷｬｯﾌﾟﾎｰｽﾉﾐ(ﾊﾞｲﾄﾝ),ｶﾝｷｬｯﾌ,本,0
110071,KI-B型 ｻｸｼｮﾝﾎｰｽ,ｻｸｼｮﾝﾎ,本,180
110073,KI-B型ｻｸｼｮﾝﾎｰｽ一式(ﾊﾞｲﾄﾝ仕様),ｻｸｼｮﾝ,ｾｯﾄ,0
110074,KIｽﾄｯﾌﾟﾊﾞﾙﾌﾞ(KIｵﾓﾘ),ｵﾓﾘ,式,3600
110075,ｵｰﾊﾞｰﾎｰﾙ,ｵｰﾊﾞｰﾎ,,3000
110076,EX広角ﾉｽﾞﾙ一式,ｺｳｶｸ,ｾｯﾄ,6500
110077,ﾀﾞｲﾔ-B型ｻｸｼｮﾝﾎｰｽ一式,ｻｸｼｮﾝ,式,0
110078,缶ｷｬｯﾌﾟ　ﾉﾐ,ｶﾝｷｬｯﾌ,個,0
110079,K.Iｼｮｯｸ止ｺﾞﾑ,ｼｮｯｸﾄﾒ,個,600
110080,ｽﾄｯﾌﾟﾊﾞﾙﾌﾞﾈｼﾞｶﾗｰ,ｽﾄｯﾌﾟ,個,0
110081,ｽﾄｯﾌﾟﾊﾞﾙﾌﾞﾋﾟﾝ,ｽﾄｯﾌﾟ,個,0
110084,EXｼｮｯｸ止ｶﾊﾞｰ,ｼｮｯｸﾄﾒ,個,1200
110085,KIﾉｽﾞﾙｽﾋﾟﾝﾅｰ,ﾉｽﾞﾙｽ,本,2000
110086,KI-30Bｾﾐﾛﾝｸﾞﾉｽﾞﾙ付,KI30B,台,0
110087,ﾎﾟﾝﾌﾟ一式(ﾕﾆｽｰﾊﾟｰ用),ﾎﾟﾝﾌﾟｲ,個,0
110088,ﾃﾌﾛﾝﾎｰｽ　φ3X5,ﾃﾌﾛﾝ,M,0
110089,ﾏｸﾞﾈｯﾄ取付ﾋﾞｽ(ﾅｯﾄ付),ﾏｸﾞﾈｯﾄ,ｾｯﾄ,0
110090,KIﾉｽﾞﾙﾊﾟｯｷﾝ,ﾉｽﾞﾙﾊﾟ,個,200
110091,ﾕﾆｽｰﾊﾟｰ用ｽｲｯﾁ,ｽｲｯﾁ,個,0
110092,ｻｸｼｮﾝﾎｰｽ(牛若ｶﾞﾝ用),ｻｸｼｮﾝ,本,0
110093,ｽｰﾊﾟｰﾌﾛﾝ　φ3X5　（1M）,ﾊﾞｲﾄﾝﾎ,M,1200
110094,EX台座,ﾀﾞｲｻﾞ,個,500
110095,EXﾎﾟﾝﾌﾟｽﾌﾟﾘﾝｸﾞ,ﾎﾟﾝﾌﾟｽ,個,600
110096,ﾊﾞﾙﾌﾞＥﾘﾝｸﾞ,ｲｰﾘﾝｸﾞ,個,100
110097,3Lﾎﾟﾘ容器(角),ﾎﾟﾘﾖｳｷ,個,1000
110098,ｳﾚﾀﾝﾎｰｽ(3ﾊﾟｲX5),ｳﾚﾀﾝﾎ,M,500
110099,ﾎﾟﾘｷｬｯﾌﾟｼﾞｮｲﾝﾄ金具,ｼﾞｮｲﾝﾄ,個,0
110101,Wﾎ-ｽ(2M)　3本,Wﾎｰｽ,本,4000
110102,EXﾊﾞﾙﾌﾞｺｰﾝｾｯﾄ,ﾊﾞﾙﾌﾞｺ,ｾｯﾄ,800
110103,EXｾｯﾄﾘﾝｸﾞ,ｾｯﾄﾘﾝｸ,個,200
110104,EX変更ｽﾋﾟﾝﾅｰ,ﾉｽﾞﾙｽ,本,2000
110105,EXｽﾎﾟｯﾄﾘﾝｸﾞ(ﾎﾟﾝﾌﾟ調整ﾈｼﾞ付),ｽﾎﾟｯﾄ,個,1000
110106,EXﾎﾟﾝﾌﾟﾛｯｸﾈｼﾞ,ﾎﾟﾝﾌﾟﾛ,個,200
110107,KIｻｸｼｮﾝｽｸﾘｭｰ,ｻｸｼｮﾝｽ,個,1000
110108,EX ﾎﾟﾝﾌﾟ調整ﾈｼﾞ,ﾎﾟﾝﾌﾟﾁ,個,0
110109,EXﾎﾟﾝﾌﾟｼﾘﾝﾀﾞｰ,ﾎﾟﾝﾌﾟｼ,個,7000
110110,EXｼｮｯｸ止ｺﾞﾑ,ｼｮｯｸﾄﾒ,個,600
110111,EXﾉｽﾞﾙﾈｼﾞｶﾗｰ,ﾉｽﾞﾙﾈｼ,個,700
110112,ｶﾞﾝ取付ｽﾀﾝﾄﾞ一式,ｽﾀﾝﾄﾞ,式,0
110113,ｶｰﾌﾞﾉｽﾞﾙ一式　(ﾐｽﾄﾗﾙ),ﾉｽﾞﾙ,ｾｯﾄ,0
110114,EX ｽﾌﾟﾚｰｷｬｯﾌﾟ,ｽﾌﾟﾚｰｷ,個,0
110115,EXｽｲｯﾁ押ﾎﾞﾀﾝｶﾗｰ,ｽｲｯﾁｵｼ,個,500
110117,KIｾﾐﾛﾝｸﾞﾉｽﾞﾙ一式,ﾉｽﾞﾙ,ｾｯﾄ,0
110118,EXﾉｽﾞﾙｷｬｯﾌﾟ,ﾉｽﾞﾙｷｬ,個,0
110119,EXﾊﾞﾙﾌﾞｽﾄｯﾊﾟｰ,ﾊﾞﾙﾌﾞｽ,個,0
110120,"ｶﾞﾝ本体一式(ｽｲｯﾁ,ﾊﾞﾙﾌﾞ付)",ｶﾞﾝ,ｾｯﾄ,0
110121,EX広角ﾉｽﾞﾙﾍｯﾄﾞ,ｺｳｶｸ,個,2700
110123,ﾆｭｰﾀﾞｲﾔ用ｽｲｯﾁ,ｽｲｯﾁ,個,0
110124,BL用　ｻｸｼｮﾝﾎｰｽ一式,ｻｸｼｮﾝﾎ,ｾｯﾄ,1500
110125,EXﾉｽﾞﾙEﾘﾝｸﾞ,ｲｰﾘﾝｸﾞ,個,0
110126,ﾐﾆﾁｭｱｼﾘﾝﾀﾞ-　(ﾏｼﾞｶ),ﾐﾆﾁｭｱ,個,0
110127,KIｽｲｯﾁ押しﾎﾞﾀﾝ,ｵｼﾎﾞﾀﾝ,個,700
110128,KIＷﾎ-ｽ一式,Wﾎｰｽ,ｾｯﾄ,0
110131,ｻﾝｱ-ﾙ用ﾎﾟﾝﾌﾟ一式,ｻﾝｱ-ﾙﾎ,ｾｯﾄ,0
110132,ｼｮｯｸ止金具,ｼｮｯｸﾄﾒ,個,0
110133,ｵｰﾘﾝｸﾞ(7.6X1.2),ｵｰﾘﾝｸﾞ,個,0
110134,ﾉｽﾞﾙﾍｯﾄﾞ(ﾏｼﾞｶ),ﾉｽﾞﾙﾍｯ,個,0
110135,ﾌﾟﾗﾝｼﾞｬｰﾒﾀﾙ,ﾌﾟﾗﾝｼﾞ,個,0
110136,KIﾉｽﾞﾙﾈｼﾞｶﾗｰ,ﾉｽﾞﾙ,個,0
110137,牛若ｶﾞﾝｶﾊﾞ-(黒),ｳｼﾜｶｶﾞ,ｾｯﾄ,0
110138,EXﾘｰﾄﾞｺﾞﾑ　→ｺｰﾄﾞﾌﾞｯｼｭ,ﾘｰﾄﾞ,個,0
110139,F.Cﾁｭｰﾌﾞ,ｴﾌｼｰﾁｭ,本,0
110140,KI用ﾎﾞﾄﾙ,ﾎﾞﾄﾙ,個,900
110141,LSVﾎ-ｽ一式(ｽｰﾊﾟｰﾌﾛﾝ仕様),LSVﾎｰｽ,ｾｯﾄ,0
110142,ｼｮｯｸ止ｺﾞﾑ(ﾊﾞｲﾄﾝ仕様),ｼｮｯｸﾄﾒ,個,720
110144,EX-B型ｻｸｼｮﾝﾎ-ｽ一式(ﾊﾞｲﾄﾝ仕様),ｻｸｼｮﾝ,ｾｯﾄ,0
110145,ﾘｰﾄﾞ線,ﾘｰﾄﾞ,本,0
110146,EXﾌｸﾛﾅｯﾄ(ﾉｽﾞﾙ用),ﾌｸﾛﾅｯﾄ,個,0
110147,ｼﾐﾇｷｸﾝ用ﾉｽﾞﾙ一式,ﾉｽﾞﾙ,ｾｯﾄ,0
110148,牛若ｶﾞﾝ用ﾎ-ｽ一式,ｳｼﾜｶｶﾞ,ｾｯﾄ,0
110149,ｼﾐﾇｷｸﾝ用ﾎｰｽ一式,ﾎｰｽ,ｾｯﾄ,0
110150,ｳﾚﾀﾝﾎ-ｽ(2.5ﾊﾟｲX4),ｳﾚﾀﾝﾎｰ,M,0
110151,ｳﾚﾀﾝﾎｰｽ(5*7),ｳﾚﾀﾝﾎｰ,M,0
110152,EXｵｰﾘﾝｸﾞ（P-8）,ｵｰﾘﾝｸﾞ,個,0
110153,ﾄﾞﾚﾝﾎｰｽ(ﾄﾞﾚﾝﾎﾞﾄﾙ用),ﾄﾞﾚﾝﾎﾞ,本,0
110154,ﾄﾞﾚﾝｷｬｯﾌﾟﾉﾐ,ﾄﾞﾚﾝｷｬ,個,200
110155,4Lﾎﾟﾘ容器(角),ﾎﾟﾘﾖｳｷ,個,0
110156,EXｻｸｼｮﾝﾎｰｽ,ｻｸｼｮﾝﾎ,本,200
110157,RS用ｸﾗﾝｸ軸,ｸﾗﾝｸ,個,0
110158,ｼﾐﾇｷｸﾝ用ﾎｰｽﾉﾐ,ﾎｰｽ,本,0
110159,牛若ｶﾞﾝ用ﾄﾞﾚﾝﾎﾞﾄﾙ一式,ｳｼﾜｶｶﾞ,ｾｯﾄ,0
110160,透明ﾊﾞｲﾄﾝﾎ-ｽ(3*5ﾊﾟｲ),ﾊﾞｲﾄﾝﾎ,M,0
110161,ﾕﾆｽｰﾊﾟｰ用ﾎﾞﾄﾙ,ﾎﾞﾄﾙ,個,0
110162,牛若ｶﾞﾝ用Wﾎｰｽ,ｳｼﾜｶｶﾞ,本,3600
110163,袋ﾅｯﾄ,ﾌｸﾛﾅｯﾄ,個,0
110164,ｽﾎﾟｯﾄｶﾞﾝ,ｽﾎﾟｯﾄ,台,0
110165,KIﾏｸﾞﾈｯﾄ,ﾏｸﾞﾈｯﾄ,ｾｯﾄ,6000
110166,ﾊﾞﾙﾌﾞﾜｯｼｬｰ,ﾊﾞﾙﾌﾞﾜ,個,0
110167,ﾄﾞﾚﾝﾎﾞﾄﾙ(ｼﾐﾇｷｸﾝ用),ﾄﾞﾚﾝﾎﾞ,個,400
110168,ｼﾐﾇｷｸﾝ用ﾊﾞｲﾄﾝﾎｰｽ*2M,ﾎｰｽﾊﾞｲ,本,0
110169,ﾀﾞｲﾔ用ﾎﾞﾄﾙ,ﾎﾞﾄﾙ,個,0
110171,EX－Wﾎ-ｽ一式(ﾊﾞｲﾄﾝ仕様),Wﾎｰｽ,ｾｯﾄ,0
110172,EXｽｲｯﾁ(BL用),ｽｲｯﾁ,個,1600
110173,ｽｲｯﾁ金具一式,ｽｲｯﾁｶﾅ,ｾｯﾄ,0
110174,ﾊﾞｲﾄﾝﾎｰｽ　φ5x7　（1M),ﾊﾞｲﾄﾝﾎ,M,2600
110175,VHﾎｰｽ(黒ﾊﾞｲﾄﾝ),VHﾎｰｽ,本,0
110176,ｺﾙﾄ用ﾎﾞﾄﾙ,ﾎﾞﾄﾙ,個,0
110177,KI-Wﾎｰｽ*２M,Wﾎｰｽ,本,0
110178,ｽﾄﾚｰﾅｰ (ﾏｼﾞｶ),ｽﾄﾚｰﾅｰ,個,0
110179,ｺﾙﾄ用Ｗﾎｰｽ,Wﾎｰｽ,本,0
110180,ﾐｽﾄﾗﾙ用ﾉｽﾞﾙ一式,ﾉｽﾞﾙ,ｾｯﾄ,0
110181,ｼﾐﾇｷｸﾝ用ﾓｰﾀｰ,ﾓｰﾀｰ,個,5000
110182,缶ｷｬｯﾌﾟ用ﾎｰｽ,ｶﾝｷｬｯﾌﾟ,本,200
110184,BL用ｻｸｼｮﾝﾎｰｽ(ﾃﾌﾛﾝ),ｻｸｼｮﾝﾎ,本,0
110185,1Lﾎﾟﾘ容器(角),ﾎﾟﾘﾖｳｷ,個,600
110186,ﾄﾞﾚﾝﾎﾞﾄﾙ ﾉﾐ,ﾄﾞﾚﾝﾎﾞ,個,200
110187,EXｺｰﾄﾞﾌﾞｯｼｭ(ﾘｰﾄﾞｺﾞﾑ),ｺｰﾄﾞﾌﾞ,個,600
110188,ｶﾞﾝｹｰｽ(片側),ｶﾞﾝｹｰｽ,個,0
110189,EXｺｰﾄﾞｽﾄｯﾊﾟｰ,ｺｰﾄﾞｽﾄ,個,300
110190,ﾈｼﾞ.ﾋﾞｽ,ﾈｼﾞﾋﾞｽ,ｾｯﾄ,0
110191,ﾊﾞﾘｽﾀ(電流ｶﾞｰﾄﾞ),ﾊﾞﾘｽﾀ,個,0
110192,ﾃﾌﾛﾝﾎｰｽ　φ6ｘφ4,ﾃﾌﾛﾝﾎｰ,M,0
110193,ｼﾘｺﾝﾁｭｰﾌﾞφ7ｘφ5,ｼﾘｺﾝ,M,0
110194,KI10型ｽｲｯﾁ(SB221),ｽｲｯﾁ,個,0
110195,EXﾏｸﾞﾈｯﾄﾌﾟﾚｰﾄ,ﾏｸﾞﾈｯﾄ,個,1000
110196,ｶﾞﾝ固定金具(ﾌｯﾄｽｲｯﾁ付),ｶﾞﾝｺﾃｲ,個,0
110197,ﾊﾟｯｷﾝ(EXｽﾄｯﾌﾟﾊﾞﾙﾌﾞ用),ﾊﾟｯｷﾝ,個,0
110198,ｶﾞﾝ2台用電磁弁ﾕﾆｯﾄ(ﾌｯﾄｽｲｯﾁ付),ﾃﾞﾝｼﾞﾍ,式,0
110199,BL用ｻｸｼｮﾝﾎｰｽ(ﾊﾞｲﾄﾝ),ｻｸｼｮﾝﾎ,本,300
110200,ﾎﾟﾘｷｬｯﾌﾟﾎｰｽﾉﾐ,ﾎﾟﾘｷｬｯ,本,200
110203,ｼﾐﾇｷｸﾝ用ﾎﾟﾝﾌﾟﾊﾟｯｷﾝ,ﾊﾟｯｷﾝ,個,200
110204,ﾀﾞﾘｱｽﾌﾟﾚｰ噴口ｾｯﾄ,ﾀﾞﾘｱｽ,ｾｯﾄ,500
110205,KI可動鉄心,ｶﾄﾞｳ,個,4000
110206,EX10型ｾﾗﾐｯｸﾎﾟﾝﾌﾟ一式,ﾎﾟﾝﾌﾟ,ｾｯﾄ,10000
110207,KIﾎﾞﾄﾙﾎﾙﾀﾞｰ,ﾎﾞﾄﾙﾎﾙ,個,1000
110209,貸出料,ｶｼﾀﾞｼ,台,0
110210,KIﾀﾞｲｵｰﾄﾞ,ﾀﾞｲｵｰﾄ,本,0
110211,KIﾊﾞﾙﾌﾞｺｰﾝｾｯﾄ,ﾊﾞﾙﾌﾞｺ,ｾｯﾄ,800
110212,VHﾎｰｽ一式(ﾎﾟﾘｷｬｯﾌﾟ仕様),VHﾎｰｽ,式,3600
110213,K.I板ﾊﾞﾈﾌﾟﾚｰﾄ,ｲﾀﾊﾞﾈ,個,1200
110214,牛若ｶﾞﾝ用ﾉｽﾞﾙﾍｯﾄﾞ,ﾉｽﾞﾙﾍｯ,個,0
110215,KIﾉｽﾞﾙﾍｯﾄﾞ,ﾉｽﾞﾙﾍ,個,0
110216,ﾏｼﾞｶｻｸｼｮﾝｽｸﾘｭｰ,ｻｸｼｮﾝ,個,0
110217,ｵｰﾘﾝｸﾞ(ｴｱｰｶﾞﾝ　SS-1用)大,ｵｰﾘﾝｸﾞ,個,0
110218,EX鉄芯ﾊｽﾞﾚ防止板,ﾃｯｼﾝ,個,600
110219,ﾌｨﾙﾀｰ　EX-B用,ﾌｨﾙﾀｰ,個,800
110220,EXﾏｸﾞﾈｯﾄ　20型,ﾏｸﾞﾈｯﾄ,個,6000
110221,KIｾｯﾄﾘﾝｸﾞ,ｾｯﾄﾘﾝｸ,個,0
110222,KIﾎﾟﾝﾌﾟｽﾌﾟﾘﾝｸﾞ,ﾎﾟﾝﾌﾟｽ,個,600
110223,EXﾉｽﾞﾙﾚﾊﾞｰ,ﾉｽﾞﾙ,個,0
110224,EX直ﾉｽﾞﾙ一式,ﾉｽﾞﾙ,ｾｯﾄ,0
110225,LSVﾎｰｽ一式(ﾎﾟﾘｷｬｯﾌﾟ仕様),LSVﾎｰｽ,ｾｯﾄ,3000
110226,KI缶ｷｬｯﾌﾟ（ﾌﾞｯｼｭ付）,ｶﾝｷｬｯﾌ,個,0
110227,ﾉｽﾞﾙﾚﾊﾞｰ(旧ﾀｲﾌﾟ),ﾉｽﾞﾙ,個,200
110228,缶ｷｬｯﾌﾟﾎｰｽﾉﾐ(ﾃﾌﾛﾝ),ｶﾝｷｬｯﾌ,本,0
110229,KIﾋﾟｽﾄﾝA,ﾋﾟｽﾄﾝ,本,4500
110230,KIﾊﾞﾙﾌﾞｽﾄｯﾊﾟｰ,ﾊﾞﾙﾌﾞｽ,個,200
110231,KIﾊﾞﾙﾌﾞｺｰﾝｽﾌﾟﾘﾝｸﾞ,ﾊﾞﾙﾌﾞｺ,個,400
110232,EXﾎｰｽｼﾞｮｲﾝﾄ金具,ﾎｰｽｼﾞ,個,0
110233,ｽﾄｯﾌﾟﾊﾞﾙﾌﾞ電磁弁,ｽﾄｯﾌﾟ,個,0
110234,ﾊﾞﾙﾌﾞｽｸﾘｭｰ,ﾊﾞﾙﾌﾞｽ,個,500
110235,ﾊﾟｯｷﾝ(ﾄﾞﾚﾝﾎﾞﾄﾙ用),ﾊﾟｯｷﾝ,個,0
110236,KIB型ﾌｨﾙﾀｰ,ﾌｨﾙﾀｰ,個,1400
110238,EXﾉｽﾞﾙｽﾋﾟﾝﾅｰ(直),ﾉｽﾞﾙ,式,0
110240,KI端子台,ﾀﾝｼ,個,400
110241,EXﾎｰｽﾊﾞﾝﾄﾞ(ﾜﾝｸﾗﾝﾌﾟﾊﾞﾝﾄﾞ),ﾎｰｽﾊﾞ,個,0
110243,EXﾁｭｰﾌﾞﾌﾟﾛﾃｸﾀｰ,ﾁｭｰﾌﾞ,個,0
110244,KI20型ｾﾗﾐｯｸﾎﾟﾝﾌﾟ一式,ﾎﾟﾝﾌﾟ,式,10000
110245,ﾎﾟﾝﾌﾟｵｰﾘﾝｸﾞ(ﾕﾆｽﾊﾟｰ用),ﾎﾟﾝﾌﾟ,個,0
110246,ﾎﾟﾝﾌﾟﾃﾌﾛﾝﾊﾟｯｷﾝ(ﾕﾆｽﾊﾟｰ用),ﾎﾟﾝﾌﾟ,個,0
110247,RS用ﾍﾞｽﾍﾟﾙ(小),ﾍﾞｽﾍﾟﾙ,個,0
110248,KIﾋﾟｽﾄﾝB,ﾋﾟｽﾄﾝB,本,600
110249,KIｼｮｯｸ止ｺﾞﾑ一式,ｼｮｯｸﾄﾒ,ｾｯﾄ,800
110250,KIﾊﾞｯﾌｧｺﾞﾑ,ﾊﾞｯﾌｧ,個,0
110251,RS用ﾊﾞﾙﾌﾞｽﾌﾟﾘﾝｸﾞ,ﾊﾞﾙﾌﾞｽ,個,0
110252,KIﾎﾟﾝﾌﾟｹｰｽｾｯﾄ,ﾎﾟﾝﾌﾟ,ｾｯﾄ,0
110253,ｽｲｯﾁ(日本開閉器　SB-265),ｽｲｯﾁ,個,0
110254,KI-B型ｻｸｼｮﾝﾎｰｽ一式(ﾃﾌﾛﾝ仕様),ｻｸｼｮﾝ,式,0
110255,ｼﾙｸｶﾞﾝ用Wﾎｰｽ,Wﾎｰｽ,M,0
110256,EXｻｸｼｮﾝｽﾌﾟﾘﾝｸﾞ(L),ｻｸｼｮﾝ,個,200
110257,ｽｲｯﾁ押ｼﾎﾞﾀﾝ一式,ｽｲｯﾁｵ,式,1000
110258,W型ﾎｰｽ一式　３本,ﾀﾞﾌﾞﾙ,式,0
110259,ｵｰﾘﾝｸﾞ(ﾄﾞﾚﾝﾎﾞﾄﾙ用),ｵｰﾘﾝｸﾞ,個,0
110260,ｶﾞﾝ用ﾌｯﾄｽｲｯﾁ,ﾌｯﾄｽｲｯ,台,0
110261,W型ﾎｰｽ一式　２本,ﾀﾞﾌﾞﾙ,式,0
110262,ﾎﾟﾝﾌﾟﾊｳｼﾞﾝｸﾞｷｬｯﾌﾟ,ﾎﾟﾝﾌﾟﾊ,個,0
110263,EXﾎﾟﾝﾌﾟﾊｳｼﾞﾝｸﾞ(白),ﾎﾟﾝﾌﾟﾊ,個,6000
110264,EXｽｲｯﾁ,ｽｲｯﾁ,個,1800
110265,ﾄﾞﾚﾝﾎﾞﾄﾙ(ﾄﾝｶﾞﾘｷｬｯﾌﾟ付),ﾄﾞﾚﾝﾎﾞ,個,0
110266,EXｲﾝﾅｰﾎｰｽ(ﾊﾞｲﾄﾝ),ｲﾝﾅｰ,本,500
110267,KIﾄﾞﾚﾝｽｸﾘｭｳ,ﾄﾞﾚﾝｽｸ,個,0
110268,ｻｸｼｮﾝﾎｰｽ(ﾊﾞｲﾄﾝ)BL用,ｻｸｼｮﾝ,本,500
110269,缶ｷｬｯﾌﾟﾎｰｽ一式(ﾊﾞｲﾄﾝﾎ-ｽ仕様),ｶﾝｷｬｯﾌ,ｾｯﾄ,0
110270,ﾏｸﾞﾈｯﾄ(EX.220V),ﾏｸﾞﾈｯﾄ,個,900
110271,LSVﾎｰｽ(ﾊﾞｲﾄﾝ)　2M,LSVﾎｰｽ,本,2800
110272,KIﾎﾟﾝﾌﾟﾊｳｼﾞﾝｸﾞ,ﾎﾟﾝﾌﾟﾊ,個,6600
110273,ﾎﾟﾘｷｬｯﾌﾟ(ｼﾞｮｲﾝﾄ付),ﾎﾟﾘｷｬｯ,個,1000
110274,ﾎﾟﾘｷｬｯﾌﾟ　ﾉﾐ,ﾎﾟﾘｷｬ,個,150
110275,KIｻｸｼｮﾝｽﾌﾟﾘﾝｸﾞ,ｻｸｼｮﾝ,個,0
110277,KIｺﾝﾄﾛｰﾙﾉﾌﾞ,ｺﾝﾄﾛｰﾙ,個,4000
110278,RS用ﾍﾞｽﾍﾟﾙ,ﾍﾟｽﾍﾟﾙ,個,0
110279,EX-Wﾎｰｽ　2M　2本,Wﾎｰｽ,本,2400
110280,ﾄﾞﾚﾝﾎﾞﾄﾙ用ﾜｯｼｬｰ,ﾄﾞﾚﾝﾎﾞ,個,0
110281,VHﾎｰｽ一式(ｽｰﾊﾟｰﾌﾛﾝ仕様),VHﾎｰｽ,ｾｯﾄ,0
110282,VHﾎｰｽ一式(透明ﾊﾞｲﾄﾝ仕様),VHﾎｰｽ,ｾｯﾄ,0
110283,ﾏｸﾞﾈｯﾄE型(ﾀﾞｲﾔｶﾞﾝ用),ﾏｸﾞﾈｯﾄ,個,0
110284,ｽﾊﾟｲﾗﾙﾁｭｰﾌﾞ,ｽﾊﾟｲﾗﾙﾁｭｰﾌ,本,0
110285,Wｺｯｸｽｸﾘｭｰ,ﾀﾞﾌﾞﾙｺｯｸ,個,700
110286,ｼﾐﾇｷｸﾝ ｽｲｯﾁ,ｽｲｯﾁ,個,0
110287,KIｽﾄﾚｰﾅｰ,ｽﾄﾚｰﾅ,個,1400
110288,EXｻｸｼｮﾝﾎｰｽ(ｽｰﾊﾟｰﾌﾛﾝ),ｻｸｼｮﾝﾎ,本,0
110289,ECORZA変更ﾉｽﾞﾙ一式,ﾉｽﾞﾙ,ｾｯﾄ,5000
110290,ECORZAﾉｽﾞﾙﾍｯﾄﾞ,ﾉｽﾞﾙﾍ,個,0
110291,ECORZAﾉｽﾞﾙﾊﾟｯｷﾝ,ﾉｽﾞﾙﾊﾟ,個,0
110292,ECORZAﾉｽﾞﾙﾚﾊﾞｰ,ﾉｽﾞﾙﾚﾊﾞ,個,0
110293,ECORZAｾﾗﾐｯｸﾎﾟﾝﾌﾟ一式,ﾎﾟﾝﾌﾟ,ｾｯﾄ,0
110294,ECORZAﾎﾟﾝﾌﾟｼﾘﾝﾀﾞｰ,ﾎﾟﾝﾌﾟ,個,0
110295,ECORZAﾌﾟﾗﾝｼﾞｬﾋﾟｽﾄﾝ,ﾋﾟｽﾄﾝ,個,0
110296,ECORZAﾊﾞﾙﾌﾞｺｰﾝｾｯﾄ,ﾊﾞﾙﾌﾞｺ,ｾｯﾄ,0
110297,ECORZAﾎﾟﾝﾌﾟｽﾌﾟﾘﾝｸﾞ,ﾎﾟﾝﾌﾟｽ,個,0
110298,ECORZAﾎﾟﾝﾌﾟﾊｳｼﾞﾝｸﾞ,ﾎﾟﾝﾌﾟﾊ,個,0
110299,ECORZAﾎﾟﾝﾌﾟUSｻｸｼｮﾝｽｸﾘｭｰ,ｻｸｼｮﾝｽ,個,0
110300,ECORZAﾎﾟﾝﾌﾟUSｻｸｼｮﾝﾘﾝｸﾞ,ｻｸｼｮﾝﾘ,個,0
110301,ECORZAﾏｸﾞﾈｯﾄ,ﾏｸﾞﾈｯﾄ,個,0
110302,ECORZAｼｮｯｸ止ｺﾞﾑ,ｼｮｯｸ,個,0
110303,ECORZA可動鉄心,ｶﾄﾞｳ,個,0
110304,ECORZA回転軸ﾌﾟﾚｰﾄ(L),ｶｲﾃﾝｼﾞｸ,個,0
110305,ECORZA回転軸ﾌﾟﾚｰﾄ(R),ｶｲﾃﾝｼﾞｸ,個,0
110306,ECORZAｺﾝﾄﾛｰﾙﾉﾌﾞ,ｺﾝﾄﾛｰﾙﾉﾌﾞ,個,0
110307,ECORZAﾊﾞｯﾌｧｺﾞﾑ,ﾊﾞｯﾌｧｺﾞﾑ,個,0
110308,ECORZA電磁弁,ﾃﾞﾝｼﾞ,ｾｯﾄ,0
110309,ECORZA電磁弁USｻｸｼｮﾝｽｸﾘｭｰ,ｻｸｼｮﾝｽ,個,0
110310,ECORZA電磁弁USｻｸｼｮﾝﾘﾝｸﾞ,ｻｸｼｮﾝﾘ,個,0
110311,ECORZAｽｲｯﾁ,ｽｲｯﾁ,個,0
110312,ECORZAｽｲｯﾁ押ﾎﾞﾀﾝ,ｽｲｯﾁｵ,ｾｯﾄ,0
110313,ECORZA端子台,ﾀﾝｼﾀﾞｲ,個,0
110314,ECORZAｺｰﾄﾞｽﾄｯﾊﾟｰ,ｺｰﾄﾞｽﾄ,個,0
110315,ECORZAｺｰﾄﾞﾌﾞｯｼｭ(ﾘｰﾄﾞｺﾞﾑ),ｺｰﾄﾞﾌﾞ,個,0
110316,ECORZAﾊﾝﾄﾞﾙ,ｹｰｽ,個,0
110317,ECORZAﾛﾝｸﾞｻｸｼｮﾝﾎｰｽ（2M）,ﾛﾝｸﾞ,M,0
110318,ECORZAﾌｨﾙﾀｰ（ｽﾄﾚｰﾅｰ）,ｽﾄﾚｰﾅｰ,個,0
110319,ECORZAｻｸｼｮﾝｽﾌﾟﾘﾝｸﾞ,ｻｸｼｮﾝｽ,個,0
110320,ECORZA缶ｷｬｯﾌﾟ（ｼﾞｮｲﾝﾄ付）,ｶﾝｷｬｯﾌ,本,0
110321,ECORZAﾎﾟﾘｷｬｯﾌﾟ（ｼﾞｮｲﾝﾄ付）,ﾎﾟﾘｷｬｯﾌﾟﾎ,本,0
110322,ECORZA缶ｷｬｯﾌﾟﾎｰｽ一式,ｶﾝｷｬｯﾌ,ｾｯﾄ,0
110323,ECORZAﾎﾟﾘｷｬｯﾌﾟﾎｰｽ一式,ﾎﾟﾘｷｬｯﾌﾟﾎ,ｾｯﾄ,0
110324,ECORZAﾎｰｽ一式(缶ｷｬｯﾌﾟ仕様),ﾎｰｽｲ,ｾｯﾄ,0
110325,ECORZAﾎｰｽ一式(ﾎﾟﾘｷｬｯﾌﾟ仕様),ﾎｰｽｲ,ｾｯﾄ,0
110326,ｽﾄｯﾌﾟﾊﾞﾙﾌﾞｼﾞｮｲﾝﾄ小(ﾀﾞｲﾔ用),ｽﾄｯﾌﾟﾊﾞﾙﾌﾞ,個,0
110327,EXｳﾒ栓,ｳﾒｾﾝ,個,0
110328,ECORZA　ｷｬｯﾌﾟｼｰﾙ　3点,ﾊﾞﾙﾌﾞｽﾄ,個,0
110329,EXｽｲｯﾁ用ｶﾗｰﾉﾐ,ｽｲｯﾁ,個,0
110330,EXﾎﾞﾄﾙﾎﾙﾀﾞｰ(穴ﾅｼ),ﾎﾞﾄﾙﾎﾙ,個,0
110331,BL用押ﾎﾞﾀﾝ(赤),ﾎﾞﾀﾝ,個,0
110332,ECORZA電磁弁(ﾃﾌﾛﾝﾘﾝｸﾞ),ﾃﾞﾝｼﾞﾍﾞﾝ,個,0
110333,ECORZAｲﾝﾅｰﾎｰｽ,ｲﾝﾅｰﾎｰｽ,本,0
110334,ECORZA電磁弁可動鉄芯,ｶﾄﾞｳﾃｯｼﾝ,個,0
110335,ECORZA 広角ﾉｽﾞﾙﾍｯﾄﾞ,ﾉｽﾞﾙﾍ,個,0
110336,ECORZA缶ｷｬｯﾌﾟﾎｰｽ(ﾃﾌﾛﾝ)ｼｮｰﾄｻｸｼｮﾝﾎｰｽ,ｶﾝｷｬｯﾌﾟ,本,0
110337,ECORZA　ﾎﾟﾝﾌﾟUSｻｸｼｮﾝｽｸﾘｭｰOﾘﾝｸﾞ(1.27),ｵｰﾘﾝｸﾞ,個,0
110338,ECORZA　ﾎﾟﾝﾌﾟUSｻｸｼｮﾝｽｸﾘｭｰOﾘﾝｸﾞ(1.0),ｵｰﾘﾝｸﾞ,個,0
110339,ECORZA ﾛﾝｸﾞﾎｰｽ（3M）,ﾛﾝｸﾞ,本,2400
110340,ECORZA広角ﾉｽﾞﾙ一式,ｺｳｶｸ,ｾｯﾄ,6500
110342,ECORZA　ﾛﾝｸﾞｻｸｼｮﾝﾎｰｽ一式（溶）,ﾛﾝｸﾞｻｸｼｮﾝ,式,0
110343,ｵｰﾘﾝｸﾞ（4.75*1.27）,ｵｰﾘﾝｸﾞ,個,0
110344,ｵｰﾘﾝｸﾞ（4.80*1.00）,ｵｰﾘﾝｸﾞ,個,0
110345,ECORZA　Wｺｯｸ,ｺｯｸ,個,0
110346,ECORZA　ﾛﾝｸﾞｻｸｼｮﾝﾎｰｽ一式（水）,ﾛﾝｸﾞｻｸｼｮﾝ,個,0
110347,ECORZA　ﾎﾟﾘｷｬｯﾌﾟﾎｰｽﾉﾐ,ﾎﾟﾘｷｬ,本,0
110348,ECORZA　缶ｷｬｯﾌﾟﾎｰｽﾉﾐ(ﾃﾌﾛﾝ),ｶﾝｷｬｯﾌﾟ,本,0
110349,ECORZAﾃﾌﾛﾝﾁｭｰﾌﾞ　2.5*3.5,ﾃﾌﾛﾝ,本,0
110350,電源ｺｰﾄﾞ（ECORZA）,ﾃﾞﾝｹﾞﾝ,本,0
110351,LSﾎｰｽ一式（KIｵﾓﾘ）,LSﾎｰｽ,式,0
190001,牛若ｶﾞﾝ修理,ｼｭｳﾘ,台,0
190002,出張修理,ﾒﾝﾃ,式,0
190003,点検.調整一式,ﾃﾝｹﾝ,式,0
190005,ﾉｽﾞﾙ一式取替,ﾉｽﾞﾙﾄﾘ,ｾｯﾄ,5000
190009,ﾏｸﾞﾈｯﾄ取替,ﾏｸﾞﾈｯﾄ,個,0
190012,ﾎﾟﾘｷｬｯﾌﾟ取替,ﾎﾟﾘｷｬｯ,個,0
190013,ﾎﾟﾘｷｬｯﾌﾟﾎｰｽ取替,ﾎﾟﾘｷｬｯ,本,0
190014,ｾﾗﾐｯｸﾎﾟﾝﾌﾟ一式取替,ﾎﾟﾝﾌﾟ,ｾｯﾄ,0
190016,ﾋﾟｽﾄﾝB取替,ﾋﾟｽﾄﾝB,個,1000
190017,ﾎﾟﾝﾌﾟﾊｳｼﾞﾝｸﾞ修理,ﾎﾟﾝﾌﾟﾊ,個,0
190018,ﾌｯｸ取付,ﾌｯｸ,個,0
190019,ｺﾝﾄﾛｰﾙﾉﾌﾞ取替,ｺﾝﾄﾛｰﾙ,個,2400
190020,可動鉄心取替,ﾃｯｼﾝ,ｾｯﾄ,4000
190025,ｽｲｯﾁ取替,ｽｲｯﾁ,個,1800
190026,ﾉｽﾞﾙﾊﾟｯｷﾝ取替,ﾉｽﾞﾙﾊﾟ,個,0
190027,ﾀﾞｲｵｰﾄﾞ取替,ﾀﾞｲｵｰﾄ,個,0
190030,電源ｺｰﾄﾞ取替,ｺｰﾄﾞﾄﾘ,本,0
190031,ｻｸｼｮﾝｽｸﾘｭｰ取替,ｻｸｼｮﾝ,個,0
190033,ﾄﾞﾚﾝｽｸﾘｭｳ取替,ﾄﾞﾚﾝｽｸ,個,0
190034,缶ｷｬｯﾌﾟﾎｰｽ取替,ｶﾝｷｬｯﾌ,本,0
190035,ｻｸｼｮﾝﾎｰｽ取替,ｻｸｼｮﾝﾎ,本,0
190036,ｻｸｼｮﾝﾎｰｽ一式取替,ｻｸｼｮﾝﾎ,ｾｯﾄ,0
190037,ｼｮｯｸ止ｺﾞﾑ取替(ﾊﾞｲﾄﾝ),ｼｮｯｸﾄﾒ,個,0
190041,LSﾎ-ｽ取替,LSﾎｰｽ,本,2800
190043,LSVﾎ-ｽ一式取替,LSVﾎｰｽ,ｾｯﾄ,3000
190044,VHﾎｰｽ取替,VHﾎｰｽ,本,0
190045,VHﾎ-ｽ一式取替,VHﾎｰｽ,ｾｯﾄ,0
190046,ﾉｽﾞﾙﾍｯﾄﾞ取替,ﾉｽﾞﾙﾍｯ,個,1800
190047,ﾎﾟﾝﾌﾟﾊｳｼﾞﾝｸﾞ取替,ﾎﾟﾝﾌﾟﾊ,個,6000
190049,ｽｲｯﾁ押ﾎﾞﾀﾝ取替,ｵｼﾎﾞﾀﾝ,個,0
190051,ﾎﾞﾄﾙﾎﾙﾀﾞｰ取替,ﾎﾞﾄﾙﾎﾙ,ｾｯﾄ,0
190052,ｽｲｯﾁ取付ﾌﾟﾚｰﾄ取替,ｽｲｯﾁﾄﾘ,個,0
190054,ﾊﾞﾙﾌﾞｺｰﾝｾｯﾄ取替,ﾊﾞﾙﾌﾞｺ,ｾｯﾄ,0
190055,ﾋﾟｽﾄﾝA取替,ﾋﾟｽﾄﾝA,個,4500
190056,ﾋﾟｽﾄﾝA修理,ﾋﾟｽﾄﾝA,個,0
190059,ﾉｽﾞﾙﾚﾊﾞｰ取付,ﾉｽﾞﾙﾚﾊ,個,0
190061,ﾊﾞｯﾌｧｺﾞﾑ取替,ﾊﾞｯﾌｧｺ,個,0
190064,ﾎﾟﾝﾌﾟ修理,ﾎﾟﾝﾌﾟｼ,式,0
190065,可動鉄心修理,ﾃｯｼﾝ,個,0
190068,ｽﾄｯﾌﾟﾊﾞﾙﾌﾞ修理,ｽﾄｯﾌﾟ,個,2000
190070,ﾏｸﾞﾈｯﾄﾌﾟﾚｰﾄ取替,ﾏｸﾞﾈｯﾄ,個,0
190071,ｻｸｼｮﾝｽﾌﾟﾘﾝｸﾞ取替,ｻｸｼｮﾝｽ,個,0
190072,ｻｸｼｮﾝﾎｰｽ取替(ﾊﾞｲﾄﾝ),ｻｸｼｮﾝﾎ,本,0
190074,ﾄﾞﾚﾝｷｬｯﾌﾟ取替,ﾄﾞﾚﾝｷｬ,個,0
190075,ﾎﾞﾄﾙ取替,ﾎﾞﾄﾙﾄﾘ,個,0
190082,ｵｰﾘﾝｸﾞ取替,ｵｰﾘﾝｸﾞ,個,0
190083,ｼｮｯｸ止ｶﾊﾞｰ取替,ｼｮｯｸﾄﾒ,個,1200
190084,缶ｷｬｯﾌﾟ(ｼﾞｮｲﾝﾄ付)取替,ｶﾝｷｬｯﾌ,個,1000
190085,ｽｲｯﾁ押し釦取替,ｽｲｯﾁｵｼ,個,0
190086,Wｺｯｸ修理,Wｺｯｸｼｭ,個,0
190090,広角ﾉｽﾞﾙﾍｯﾄﾞｾｯﾄ取替,ｺｳｶｸﾉｽ,ｾｯﾄ,0
190093,台座取替,ﾀﾞｲｻﾞ,個,0
190094,ﾎﾟﾝﾌﾟｽﾌﾟﾘﾝｸﾞ取替,ﾎﾟﾝﾌﾟｽ,個,600
190099,ｽﾄﾚｰﾅｰ取替,ｽﾄﾚｰﾅｰ,個,0
190100,ﾎﾟﾘｷｬｯﾌﾟ(ｼﾞｮｲﾝﾄ付)取替,ﾎﾟﾘｷｬｯ,式,800
190102,ｾｯﾄﾘﾝｸﾞ取替,ｾｯﾄﾘﾝｸ,個,200
190103,ﾄﾞﾚﾝﾎﾞﾄﾙﾉﾐ取替,ﾄﾞﾚﾝﾎﾞ,個,200
190104,ﾉｽﾞﾙｽﾋﾟﾝﾅｰ取替,ﾉｽﾞﾙｽ,個,0
190109,ﾎﾟﾝﾌﾟｼﾘﾝﾀﾞｰ取替,ﾎﾟﾝﾌﾟｼ,個,0
190110,ｼｮｯｸ止ｺﾞﾑ取替,ｼｮｯｸﾄﾒ,個,0
190113,ｳﾚﾀﾝﾎｰｽ取替(3ﾊﾟｲ*5),ｳﾚﾀﾝﾎｰ,M,0
190127,ｽﾄｯﾌﾟﾊﾞﾙﾌﾞﾈｼﾞｶﾗｰ取替,ﾈｼﾞｶ,個,0
190130,ｽｲｯﾁ押ｼﾎﾞﾀﾝｾｯﾄ取替,ｽｲｯﾁｵｼ,ｾｯﾄ,1000
190134,本体ｼﾞｮｲﾝﾄ金具取付,ｼﾞｮｲﾝﾄ,個,1200
190136,Wｺｯｸ取替,Wｺｯｸﾄﾘ,個,0
190137,VHｲﾝﾅｰﾎｰｽ取付(ﾊﾞｲﾄﾝ),ｲﾝﾅｰﾎ,本,0
190138,鉄芯ｶﾞｲﾄﾞﾌﾟﾚｰﾄ取付,ﾃｯｼﾝ,個,600
190143,ｼｮｯｸ止ｺﾞﾑ一式取替,ｼｮｯｸﾄﾒ,ｾｯﾄ,0
190145,EXｽﾄｯﾌﾟﾊﾞﾙﾌﾞ取替,ｽﾄｯﾌﾟ,個,7500
190151,ﾌｨﾙﾀｰ取替,ﾌｨﾙﾀｰ,個,0
190152,ｽﾄﾚｰﾅｰ修理,ｽﾄﾚｰﾅｰ,個,0
190156,KIｽｲｯﾁ取替,ｽｲｯﾁ,個,0
190161,押しﾎﾞﾀﾝｽｲｯﾁ取替,ｵｼﾎﾞﾀﾝ,個,0
190163,VHﾎｰｽ.ｻｸｼｮﾝﾎｰｽ取替,ﾎｰｽ,ｾｯﾄ,0
190164,LSVﾎｰｽ.ｻｸｼｮﾝﾎｰｽ取替,ﾎｰｽ,ｾｯﾄ,0
190168,3Lﾎﾟﾘ容器取付,ﾎﾟﾘﾖｳｷ,個,0
190169,ﾄﾞﾚﾝﾎﾞﾄﾙ取替,ﾄﾞﾚﾝﾎﾞ,個,400
190170,ﾊﾞﾙﾌﾞﾋﾟｽﾄﾝ取替,ﾊﾞﾙﾌﾞﾋ,個,0
190171,ｽﾄｯﾌﾟﾊﾞﾙﾌﾞﾋﾟﾝ取替,ｽﾄｯﾌﾟ,本,0
190173,ｸﾘｰﾆﾝｸﾞｶﾞﾝ点検一式,ｶﾞﾝﾃﾝ,式,0
190174,ｶﾞﾝ分解清掃点検一式,ﾌﾞﾝｶｲ,式,0
190180,KIﾎﾟﾝﾌﾟﾊｳｼﾞﾝｸﾞ取替,ﾎﾟﾝﾌﾟﾊ,個,0
190181,KIﾋﾟｽﾄﾝB取替,ﾋﾟｽﾄﾝ,個,0
190182,広角ﾉｽﾞﾙ一式取替,ｺｳｶｸ,式,5200
190188,KI可動鉄心取替,ﾃｯｼﾝ,個,0
190194,ｽﾎﾟｯﾀｰｶﾞﾝ修理　SS-1,ｼｭｳﾘ,台,0
190195,ｽﾌﾟﾚｰｶﾞﾝ修理(BL-10),ｼｭｳﾘ,台,0
190196,ｽﾌﾟﾚｰｶﾞﾝ修理(LSVｰ10),ｼｭｳﾘ,台,0
190197,ｽﾌﾟﾚｰｶﾞﾝ修理(BLｰ20),ｼｭｳﾘ,台,0
190198,ｽﾌﾟﾚｰｶﾞﾝ修理(LSVｰ20),ｼｭｳﾘ,台,0
190199,ｽﾌﾟﾚｰｶﾞﾝ修理(VHｰ20),ｼｭｳﾘ,台,0
190200,ｽﾌﾟﾚｰｶﾞﾝ修理(KI20LS),ｼｭｳﾘ,台,0
190201,ｽﾌﾟﾚｰｶﾞﾝ修理(KI30LS),ｼｭｳﾘ,台,0
190202,ｽﾌﾟﾚｰｶﾞﾝ修理(KI10LS),ｼｭｳﾘ,台,0
190203,ｽﾌﾟﾚｰｶﾞﾝ修理(KI-30B),ｼｭｳﾘ,台,0
190204,ｽﾌﾟﾚｰｶﾞﾝ修理(ﾕﾆｽｰﾊﾟｰ),ｼｭｳﾘ,台,0
190205,ｼﾐﾇｷｸﾝRS31修理(溶剤用),ｼｭｳﾘ,台,0
190206,ｼﾐﾇｷｸﾝ修理(水用),ｼｭｳﾘ,台,0
190207,ｽﾌﾟﾚｰｶﾞﾝ修理(KI10B),ｼｭｳﾘ,台,0
190208,ｽﾌﾟﾚｰｶﾞﾝ修理(ｸﾘｰﾝｽｰﾊﾟｰ),ｼｭｳﾘ,台,0
190209,ｼﾐﾇｷｸﾝ修理(RS32)溶剤用,ｼｭｳﾘ,台,0
190210,ｿﾉﾏﾏｽﾌﾟﾚｰPARTⅡ修理,ｼｭｳﾘ,台,0
190212,ｽﾌﾟﾚｰｶﾞﾝ修理(ｺﾙﾄ),ｼｭｳﾘ,台,0
190213,ｽﾌﾟﾚｰｶﾞﾝ修理(ﾀﾞｲﾔ),ｼｭｳﾘ,台,0
190214,ｽﾌﾟﾚｰｶﾞﾝ修理(EX10W),ｼｭｳﾘ,台,0
190215,ｽﾌﾟﾚｰｶﾞﾝ修理(VHｰ10),ｼｭｳﾘ,台,0
190216,ｽﾌﾟﾚｰｶﾞﾝ修理(KI20W型),ｼｭｳﾘ,台,0
190217,ｽﾌﾟﾚｰｶﾞﾝ修理(KI20B.青),ｼｭｳﾘ,台,0
190218,ｿﾉﾏﾏｽﾌﾟﾚｰ修理,ｼｭｳﾘ,台,0
190219,ｽﾌﾟﾚｰｶﾞﾝ修理(EX-20W),ｼｭｳﾘ,台,0
190221,ｽﾁｰﾑｶﾞﾝ修理,ｽﾁｰﾑｶﾞ,台,0
190223,ｽﾌﾟﾚｰｶﾞﾝ修理(KI-10W),ｼｭｳﾘ,台,0
190225,ｽﾌﾟﾚｰｶﾞﾝ修理(Hi-Spot Gun),ｼｭｳﾘ,台,0
190226,ｽﾌﾟﾚｰｶﾞﾝ修理　ｼﾙｸｶﾞﾝ,ｼｭｳﾘ･ｶﾞｲﾁｭ,台,0
190227,ｽﾌﾟﾚｰｶﾞﾝ修理(ﾐｽﾄﾗﾙ),ｼｭｳﾘ,台,0
190228,ｽﾌﾟﾚｰｶﾞﾝ修理(BL-30),ｼｭｳﾘ,台,0
190229,ｽﾌﾟﾚｰｶﾞﾝ修理(ｿﾙﾋﾞｰ),ｼｭｳﾘ,台,0
190230,ｽﾌﾟﾚｰｶﾞﾝ修理(ｵｻﾞﾜ),ｼｭｳﾘ,台,0
190231,ｽﾌﾟﾚｰｶﾞﾝ修理(EX10LS),ｼｭｳﾘ,台,0
190232,ｽﾌﾟﾚｰｶﾞﾝ修理(EX-20LS),ｼｭｳﾘ,台,0
190233,ﾊﾞﾉｯｸ修理,ｼｭｳﾘ,台,0
190234,ピースガン修理,ｼｭｳﾘ,台,0
190236,ｽﾌﾟﾚｰｶﾞﾝ修理(ｺｽﾓｽｰﾊﾟｰ),ｼｭｳﾘ_ｶﾞｲﾁｭ,台,0
190238,ﾉｽﾞﾙ修理,ﾉｽﾞﾙｼ,ｾｯﾄ,0
190240,ｽﾌﾟﾚｰｶﾞﾝ修理　他社,ｼｭｳﾘ,台,0
190241,ﾓｰﾀｰ修理,ﾓｰﾀｰ,個,0
190245,B型ﾎｰｽ一式取替,ﾎｰｽｲ,式,0
190246,ｽﾌﾟﾚｰｶﾞﾝ修理(ECORZA),ｼｭｳﾘ,台,0
190250,電磁弁修理,ﾃﾞﾝｼﾞﾍﾞﾝ,式,0
190251,ｽﾌﾟﾚｰｶﾞﾝ修理(EX-10B),ｼｭｳﾘ,台,0
190259,ﾊﾝﾄﾞﾙ(ｶﾞﾝｹｰｽ)ｾｯﾄ取替,ﾊﾝﾄﾞﾙ,ｾｯﾄ,4200
190260,その他（他社機械）,ｿﾉﾀ,,0
190261,ECORZAﾎﾟﾝﾌﾟUSｻｸｼｮﾝｽｸﾘｭｰ取替,ｻｸｼｮﾝ,個,800
190262,その他（資材）,ｿﾉﾀ,,0
190264,EX-B型ｻｸｼｮﾝﾎｰｽ取替,ｻｸｼｮﾝﾎ,本,0
190265,EX-B型ｻｸｼｮﾝﾎｰｽ(ﾊﾞｲﾄﾝ)取替,ｻｸｼｮﾝﾎ,本,300
190266,ｽﾌﾟﾚｰｶﾞﾝ修理(ECORZA TWIN),ｼｭｳﾘ,台,0
190269,ECORZAｲﾝﾅｰﾎｰｽ取替,ｲﾝﾅｰﾎｰｽ,本,0
190273,ECORZA　缶ｷｬｯﾌﾟﾎｰｽ(ﾃﾌﾛﾝ)取替,ｶﾝｷｬｯﾌﾟ,本,0
190275,ECORZA　ﾊﾞﾙﾌﾞｺｰﾝｾｯﾄ取替,ﾊﾞﾙﾌﾞｺｰﾝ,ｾｯﾄ,0
190276,ECORZA　ﾎﾟﾝﾌﾟｼﾘﾝﾀﾞｰ取替,ﾎﾟﾝﾌﾟｼﾘﾝ,個,10000
200001,超音波 ﾋｭｰｽﾞﾎﾞｯｸｽ,ﾋｭｰｽﾞ,個,0
200002,超音波 電源ｺｰﾄﾞ,ｺｰﾄﾞ,本,0
200003,超音波 ｺﾈｸﾀｰｺﾝｾﾝﾄ,ｺﾈｸﾀ,個,0
200004,超音波発振器用電源ｽｲｯﾁ　TY,ｽｲｯﾁ,個,1200
200005,超音波ﾘﾐｯﾄｽｲｯﾁ(ｶﾞﾝ用),ｽｲｯﾁ,個,0
200006,超音波 ｺｰﾄﾞｽﾄｯﾊﾟｰ,ｺｰﾄﾞｽ,個,0
200007,超音波ｶﾞﾝ用ﾌｯｸ,ﾌｯｸ,個,600
200008,RC-15用ﾎｰﾝ一式,ﾎｰﾝ,ｾｯﾄ,0
200009,超音波 ﾎｰﾝ ﾉﾐ,ﾎｰﾝ,個,0
200010,超音波 ｶﾞﾝｹｰｽ,ｶﾞﾝｹｰｽ,ｾｯﾄ,4000
200011,超音波用ﾏｽｸｺﾞﾑ　TY用,ﾏｽｸｺﾞﾑ,個,0
200012,超音波 液量調整ｺｯｸ一式,ｴｷﾘｮｳ,ｾｯﾄ,0
200013,超音波 ｽｲｯﾁﾚﾊﾞｰ,ｽｲｯﾁﾚ,個,0
200014,超音波 ｽﾄｯﾌﾟﾊﾞﾙﾌﾞﾚﾊﾞｰ一式,ｽﾄｯﾌﾟ,ｾｯﾄ,0
200015,超音波ｽｲｯﾁﾚﾊﾞｰｽﾌﾟﾘﾝｸﾞ,ｽｲｯﾁﾚﾊ,個,0
200016,超音波 ﾊﾞﾙﾌﾞﾚﾊﾞｰｽﾄｯﾊﾟｰ,ﾊﾞﾙﾌﾞﾚ,個,0
200017,超音波ﾊﾞﾙﾌﾞｽｲｯﾁ取付板,ﾊﾞﾙﾌﾞｽ,個,0
200018,超音波ｽﾄｯﾌﾟﾊﾞﾙﾌﾞ一式,ｽﾄｯﾌﾟ,式,6000
200019,LSﾁｭｰﾌﾞｾｯﾄ(超音波用),LSﾁｭｰﾌ,ｾｯﾄ,0
200020,LSﾁｭｰﾌﾞ(16.5cm),LSﾁｭｰﾌ,本,0
200021,超音波用 ｽﾄﾚｰﾅｰ一式,ｽﾄﾚｰﾅｰ,ｾｯﾄ,1200
200022,4芯ｹｰﾌﾞﾙ(ｺﾈｸﾀｰﾌﾟﾗｸﾞ付),4ｼﾝｹｰﾌ,ｾｯﾄ,0
200023,超音波 ｺｰﾄﾞﾌﾞｯｼｭ,ｺｰﾄﾞﾌﾞ,本,0
200024,ｳﾚﾀﾝﾎｰｽ(φ5*8)2M,ｳﾚﾀﾝﾎｰ,本,3000
200025,超音波ｳﾚﾀﾝﾎｰｽ(φ6X8)2M,ｳﾚﾀﾝﾎｰ,本,3300
200027,5L丸ﾀﾝｸ(口出ｼ金具付),ﾀﾝｸ,個,0
200028,超音波ｶﾞﾝ用4芯ｹｰﾌﾞﾙ,4ｼﾝｹｰ,M,0
200029,振動子のみ,ｼﾝﾄﾞｳｼ,個,0
200030,超音波 出力ﾄﾗﾝｽ,ﾄﾗﾝｽ,個,0
200031,ﾊﾟﾜｰﾄﾗﾝｼﾞｽﾀ　2SC-4139　TY-100用,ﾊﾟﾜｰﾄﾗ,個,0
200032,2L角ﾎﾟﾘ容器口出ｼ金具付(6*4),ﾀﾝｸ,個,0
200033,3L丸ﾀﾝｸ(口出し金具付),ﾀﾝｸ,個,0
200034,超音波用ｳﾚﾀﾝﾎｰｽ(4*6)2M,ｳﾚﾀﾝﾎｰ,本,0
200035,超音波用ｽﾄﾚｰﾅｰﾃﾌﾛﾝﾊﾟｯｷﾝ,ｽﾄﾚｰﾅｰ,枚,0
200036,液量調整ﾋﾟﾝ,ｴｷﾘｮｳﾘ,個,0
200037,5L丸ﾀﾝｸ(ｶﾌﾟﾗ.2Mﾎｰｽ付),ﾀﾝｸ,ｾｯﾄ,0
200038,ｳﾚﾀﾝﾎｰｽ(φ4X6)（＠/ｍ）,ｳﾚﾀﾝﾎｰ,M,1100
200039,液量調整板ﾊﾞﾈ,ｲﾀﾊﾞﾈ,個,0
200040,超音波ｽﾄｯﾌﾟﾊﾞﾙﾌﾞｾｯﾄ(本体ﾅｼ),ｽﾄｯﾌﾟ,ｾｯﾄ,0
200041,超音波ﾀﾝｸ4L角 ｶﾌﾟﾗ付 5X8･6X9(黄ｺﾝﾋﾞ),ﾀﾝｸ,ｾｯﾄ,0
200042,超音波ﾀﾝｸ 4L角口出ｼ金具付　→×,ﾀﾝｸ,個,4000
200043,超音波ｽﾄｯﾌﾟﾊﾞﾙﾌﾞｹｰｼﾝｸﾞ,ｽﾄﾂﾌﾟ,個,4000
200044,３L角容器(口出し金具付),ｶｸﾖｳｷ,個,0
200045,振動子ｺｲﾙ付,ｼﾝﾄﾞｳｼ,ｾｯﾄ,0
200046,ｳﾚﾀﾝﾎｰｽ(φ5X8)（＠/ｍ）,ｳﾚﾀﾝﾎ,M,1500
200047,ﾄﾗｽﾋﾞｽ4*8,ﾄﾗｽﾋﾞｽ,個,0
200048,口出し金具　超音波用,ｸﾁﾀﾞｼｶ,ｾｯﾄ,0
200049,口出ｼ金具取付(4Lﾎﾟﾘ容器)ﾌﾟﾛﾌｨｯﾄ仕様,ｸﾁﾀﾞｼ,個,0
200050,発振ｺｲﾙ(可変),ﾊｯｼﾝｺｲ,個,0
200051,ｵｰﾘﾝｸﾞＰ-5  超音波用,ｵｰﾘﾝｸﾞ,個,0
200052,ﾎｰﾝ止めﾈｼﾞ,ﾎｰﾝﾄﾒ,個,0
200053,5L丸ﾀﾝｸ(4x6ｶﾌﾟﾗ付),ﾀﾝｸ,個,0
200054,超音波ｽﾄﾚｰﾅｰｼﾞｮｲﾝﾄ･ｵｽﾉﾐ,ｽﾄﾚﾅｰｾ,個,0
200055,ﾊﾞﾙﾌﾞｼﾘﾝﾀﾞｰ,ﾊﾞﾙﾌﾞ,個,0
200056,超音波用 Ｅ-ﾘﾝｸﾞ,ｲｰﾘﾝｸﾞ,個,0
200057,超音波発振器用ﾈｵﾗﾝﾌﾟ　赤,ﾈｵﾝﾗﾝﾌ,個,0
200058,10L角ﾀﾝｸ(ｺｯｸ付),ﾀﾝｸ,個,0
200059,ｻｲﾘｽﾀ(FOR-3D),ｻｲﾘｽﾀ,個,0
200060,電解ｺﾝﾃﾞﾝｻ-,ﾃﾞﾝｶｲｺ,個,0
200061,ｳﾚﾀﾝﾎｰｽ(φ3X5)ｶﾌﾟﾗｼﾞｮｲﾝﾄ付,ｳﾚﾀﾝﾎｰ,ｾｯﾄ,0
200062,ﾘﾐｯﾄｽｲｯﾁ押え板,ｽｲｯﾁｵｻ,個,0
200064,超音波用ｽﾄﾚｰﾅｰﾈｯﾄ,ｽﾄﾚｰﾅ,枚,0
200065,ﾊﾟﾜｰﾄﾗﾝｼﾞｽﾀ(2SC-5352)　TY-70用,ﾊﾟﾜｰﾄﾗ,個,0
200066,超音波広口角ﾀﾝｸ(4L),ﾀﾝｸ,個,2000
200067,超音波ﾀﾝｸ 4L角(口出ｼ加工ﾉﾐ),ﾄﾗﾝｼﾞｽ,個,0
200068,ﾊﾞｲﾄﾝﾎｰｽ　5*7　2M,ﾊﾞｲﾄﾝﾎ,本,0
200069,発振基板(超音波),ﾊｯｼﾝｷﾊ,枚,0
200070,超音波ﾋｭｰｽﾞ,ﾋｭｰｽﾞ,個,0
200071,超音波用ﾀﾞﾝﾎﾞｰﾙ箱(内.外),ｹｰｽ,ｾｯﾄ,0
200072,超音波用ﾋﾟｽﾄﾝ,ﾋﾟｽﾄﾝ,個,0
200073,超音波基板,ﾁｮｳｵﾝﾊ,枚,0
200074,振動子巻線,ｼﾝﾄﾞｳｼ,,0
200075,液量調整ﾈｼﾞ一式,ｴｷﾘｮｳ,ｾｯﾄ,0
200076,超音波ﾀﾝｸ4L角 口出ｼ金具付(ｻｲｽﾞ関係ﾅｼ,ﾀﾝｸ,個,4000
200077,超音波用ｳﾚﾀﾝﾎｰｽ(φ3X5)2M,ｳﾚﾀﾝﾎｰ,本,1000
200078,5L角ﾀﾝｸ口出ｼ金具付(6*9),ﾀﾝｸ,個,0
200079,超音波発振器用電源ｽｲｯﾁ　旧ﾀｲﾌﾟ,ｽｲｯﾁ,個,0
200080,ｶﾌﾟﾗｼﾞｮｲﾝﾄ(ｵｽ)3x5･4x6,ｶﾌﾟﾗ_New,個,1200
200081,LSﾁｭｰﾌﾞ,LSﾁｭｰﾌ,M,6000
200082,LSﾁｭｰﾌﾞ(黒ﾊﾞｲﾄﾝ),LSﾁｭｰﾌ,ｾｯﾄ,300
200083,超音波ｶﾌﾟﾗｼﾞｮｲﾝﾄｾｯﾄ(ｵｽ.ﾒｽ),ｶﾌﾟﾗｾｯ,ｾｯﾄ,5100
200084,5L丸ﾀﾝｸ(ﾎｰｽｼﾞｮｲﾝﾄ ﾅｼ),ﾀﾝｸ,個,0
200085,超音波用ﾜｲﾔｰﾎｰｽｸﾗﾝﾌﾟ,ﾜｲﾔﾎｰｽﾊﾞﾝﾄ,個,200
200086,5L角容器(口出し金具付),ｶｸﾖｳｷ,個,0
200087,超音波ﾀﾝｸ4L角 ｶﾌﾟﾗ付 3X5･4X6(黒),ﾀﾝｸ,ｾｯﾄ,7200
200088,LSﾁｭｰﾌﾞ(透明ﾊﾞｲﾄﾝﾎｰｽ),LSﾁｭｰﾌ,ｾｯﾄ,0
200089,ｶﾌﾟﾗｼﾞｮｲﾝﾄ(ﾒｽ) (4X6)or(3X5) (黒),ｶﾌﾟﾗﾒｽ,個,0
200090,超音波ﾀﾝｸ 4L角(φ6X9)口出ｼ金具付　×,ﾀﾝｸ,個,4000
200091,20L丸ﾀﾝｸ口出ｼ金具付(ψ5x8),ﾀﾝｸ,個,0
200092,超音波ｽﾄｯﾌﾟﾊﾞﾙﾌﾞ用蓋,ｽﾄｯﾌﾟ,個,0
200093,超音波ｽﾄｯﾌﾟﾊﾞﾙﾌﾞ軸,ｽﾄｯﾌﾟ,個,0
200094,超音波ｽﾄｯﾌﾟﾊﾞﾙﾌﾞ特殊ｵｰﾘﾝｸﾞ,ｽﾄｯﾌﾟ,個,0
200095,超音波ｽﾄｯﾌﾟﾊﾞﾙﾌﾞｵｰﾘﾝｸﾞ(P-3),ｽﾄｯﾌﾟ,個,0
200096,超音波ｽﾄｯﾌﾟﾊﾞﾙﾌﾞﾊﾞﾈ,ｽﾄｯﾌﾟ,個,0
200097,5L丸ﾀﾝｸ　口出ｼ金具付(4x6),ﾀﾝｸ,個,0
200098,超音波ﾏｽｸｺﾞﾑ　RC-15用,ﾏｽｸｺﾞﾑ,個,800
200099,超音波ｶﾞﾝ点検調整一式,ﾁｮｳｵﾝ,式,0
200100,超音波液量調整ﾊﾞﾙﾌﾞ一式,ｴｷﾘｮｳ,式,0
200101,超音波RC用ｶﾞﾝｽｲｯﾁ,ｽｲｯﾁ,個,1300
200102,超音波液量調整部品,ｴｷﾘｮｳ,ｾｯﾄ,0
200103,超音波　整流器,ｾｲﾘｭｳ,個,0
200104,超音波　ｱｳﾄﾄﾗﾝｽ,ｱｳﾄ,個,0
200105,超音波　LSﾁｭｰﾌﾞ　18.5cm,LS,本,1200
200106,ｶﾌﾟﾗｼﾞｮｲﾝﾄ(ｵｽ) (4X6)or(3X5) (黒),ｶﾌﾟﾗｵｽ,個,800
200107,超音波ｶﾞﾝｽｲｯﾁｷｬｯﾌﾟ,ｽｲｯﾁ,個,250
200108,超音波ｶﾞﾝｽｲｯﾁｶﾗｰ,ｽｲｯﾁｶ,個,500
200109,超音波ｽﾄｯﾌﾟﾊﾞﾙﾌﾞ　RC用,ｽﾄｯﾌﾟ,式,0
200110,超音波RC用電源ｽｲｯﾁ,ｽｲｯﾁ,個,1000
200111,超音波　ｿﾉﾌﾗｯｼｭ　SF-357,ﾁｮｳｵﾝ,台,0
200112,ｶﾞﾝ板ﾊﾞﾈ止ﾈｼﾞ一式,ﾈｼﾞ,式,0
200113,超音波ﾀﾝｸ4L角 ｶﾌﾟﾗ付(ｻｲｽﾞ関係ﾅｼ),ﾀﾝｸ_New,個,6700
200114,超音波RC用ｶﾞﾝｽｲｯﾁ(ｶﾗｰﾅｼ),ｽｵｲｲﾁ,個,0
200115,超音波RC用ｺﾈｸﾀｰ(6ﾋﾟﾝ)　ﾒｽ,ｺﾈｸﾀｰ,個,0
200116,LSﾁｭｰﾌﾞ　8.5cm,LSﾁｭｰﾌ,本,0
200117,ｳﾚﾀﾝﾎｰｽ(φ6X8)（＠/ｍ）,ｳﾚﾀﾝ,M,1650
200118,超音波RC用電磁弁,ﾃﾞﾝｼﾞ,個,0
200119,10L丸ﾀﾝｸ(口出ｼ金具付),ﾀﾝｸ,個,0
200120,超音波ｽﾄｯﾌﾟﾊﾞﾙﾌﾞ蓋部一式,ｽﾄｯﾌﾟ,式,0
200121,超音波ｽﾄﾚｰﾅｰｵｰﾘﾝｸﾞ,ｵｰﾘﾝｸﾞ,個,0
200122,超音波用透明ﾊﾞｲﾄﾝﾎｰｽ,ﾊﾞｲﾄﾝ,本,0
200123,超音波RC用電磁弁(15V),ﾃﾞﾝｼﾞ,個,0
200125,6芯ｹｰﾌﾞﾙ(ｺﾈｸﾀｰ付),ｹｰﾌﾞﾙ,本,0
200126,超音波RC-15用ホーン一式,ﾎｰﾝ,式,0
200127,超音波ﾏｽｸｺﾞﾑ　RC-30用,ﾏｽｸｺﾞﾑ,個,0
200128,超音波振動子ｽﾄｯﾊﾟｰｺﾞﾑ,ｽﾄｯｶｲ,個,0
200129,超音波 CUBEE RC-15　ｶﾞﾝﾉﾐ,RC-15,台,0
200130,ﾎ-ｽｼﾞｮｲﾝﾄ金具,ﾎ-ｽｼﾞｮ,ｾｯﾄ,0
200131,ｳﾚﾀﾝﾎ-ｽ( 5*8)ｶﾌﾟﾗｼﾞｮｲﾝﾄ付(ｵｽ),ｳﾚﾀﾝﾎｰ,本,0
200132,超音波　本体ｹｰｽ,ﾎﾝﾀｲｹｰｽ,個,0
200133,超音波ﾎｰﾝ　小型,ﾎｰﾝ,個,0
200134,超音波大型用ﾎｰﾝ,ﾎｰﾝ,個,0
200135,振動子(小型),ｼﾝﾄﾞｳｼ,個,0
200136,振動子(大型),ｼﾝﾄﾞｳｼ,個,0
200137,振動子・ホーン付(小型),ｼﾝﾄﾞｳｼ,個,0
200138,振動子・ホーン付(大型),ｼﾝﾄﾞｳｼ,個,0
200139,IC(S202S02)RC15用,ｱｲｼｰ,個,0
200140,超音波ﾀﾝｸ交換(4L角ｶﾌﾟﾗ付),ﾀﾝｸ,個,0
200141,M10ﾅｯﾄ,ﾅｯﾄ,個,0
200142,超音波 CUBEE RC-30　ｶﾞﾝﾉﾐ,RC-30,台,0
200143,ｶﾌﾟﾗｼﾞｮｲﾝﾄ(ﾒｽ)(ｻｲｽﾞ関係ﾅｼ),ｶﾌﾟﾗ_New,個,0
200144,ｶﾌﾟﾗｼﾞｮｲﾝﾄ(ｵｽ)5x8･6x9,ｶﾌﾟﾗ_New,個,800
200145,ｶﾌﾟﾗｼﾞｮｲﾝﾄ(ﾒｽ)5x8(黄ｺﾝﾋﾞ),ｶﾌﾟﾗ,個,4500
200146,ｶﾌﾟﾗｼﾞｮｲﾝﾄ(ｵｽ)5x8(黄ｺﾝﾋﾞ),ｶﾌﾟﾗ,個,600
200147,超音波　ﾘｰﾄﾞｺﾞﾑ,ﾘｰﾄﾞｺﾞﾑ,個,600
200148,変圧器,ﾍﾝｱﾂ,個,0
200149,ﾈｼﾞ(　　),ﾈｼﾞ,個,0
200150,超音波ｽﾄﾚｰﾅｼﾞｮｲﾝﾄｾｯﾄ,ｽﾄﾚｰﾅｾ,ｾｯﾄ,0
200151,超音波　LSﾁｭｰﾌﾞ　＠1cm,LS,cm,0
210001,超音波修理 RC-15,ｼｭｳﾘ,台,0
210002,LSﾁｭｰﾌﾞ取替,LSﾁｭｰﾌ,ｾｯﾄ,0
210004,"発振器調整,工費一式",ﾊｯｼﾝｷﾁ,式,0
210005,点検工費一式,ﾃﾝｹﾝ,式,0
210006,超音波修理,ｼｭｳﾘ,台,0
210007,超音波修理(ｿﾉﾌﾗｯｼｭ,ｼｭｳﾘ,台,0
210008,超音波修理(TY-70),ｼｭｳﾘ,台,0
210009,超音波修理(TY-100),ｼｭｳﾘ,台,0
210010,超音波修理(UT-30),ｼｭｳﾘ,台,0
210011,超音波修理(UF-15),ｼｭｳﾘ,台,0
210012,取付料,ﾄﾘﾂｹﾘｮ,,0
210013,配線修理(超音波),ﾊｲｾﾝｼｭ,,0
210015,超音波修理 RC-30,ｼｭｳﾘ,台,0
210017,超音波加工,ﾁｮｳｵﾝ,式,0
210018,ｶﾌﾟﾗ接続金具加工取付,ｾﾂｿﾞｸ,式,0
210019,電磁弁ｺｲﾙ交換,ﾃﾞﾝｼﾞ,個,0
210020,超音波電磁弁清掃,ﾃﾞﾝｼﾞ,個,0
210021,ﾏｽｸｺﾞﾑ取替,ﾏｽｸｺﾞﾑ,個,0
210023,ﾘﾐｯﾄｽｲｯﾁ交換,ｽｲｯﾁ,個,0
210026,ｾﾒﾝﾄ抵抗取替,ｾﾒﾝﾄﾃｲ,個,0
210027,ｽﾄﾚｰﾅｰｼﾞｮｲﾝﾄ清掃,ｽﾄﾚｰﾅ,個,0
210030,ｽﾄﾚｰﾅｼﾞｮｲﾝﾄｾｯﾄ交換,ｽﾄﾚｰﾅｼ,ｾｯﾄ,0
210031,ｳﾚﾀﾝﾎ-ｽ交換*5X8　2M,ｳﾚﾀﾝﾎｰ,本,0
210033,配線修正,ﾊｲｾﾝｼｭ,個,0
210034,液量調整ﾊﾞﾙﾌﾞ一式交換,ｴｷﾘｮｳ,ｾｯﾄ,0
210036,ﾊﾟﾜｰﾄﾗﾝｼﾞｽﾀ交換,ﾊﾟﾜｰﾄﾗ,ｾｯﾄ,0
210038,ｽﾄｯﾌﾟﾊﾞﾙﾌﾞ一式交換,ｽﾄｯﾌﾟ,ｾｯﾄ,0
210039,ｱｳﾄﾄﾗﾝｽ交換,ｱｳﾄﾄﾗﾝ,個,0
210040,ｶﾞﾝﾌﾟﾚｰﾄ交換,ﾌﾟﾚｰﾄ,枚,0
210041,ﾒﾀﾙｺﾈｸﾀｰ交換,ﾒﾀﾙｺﾈｸ,ｾｯﾄ,0
210042,ｱｳﾄｺｲﾙ交換,ｱｳﾄｺｲﾙ,個,0
210043,基板一式交換,ｷﾊﾞﾝｺｳ,ｾｯﾄ,0
210044,ｽｲｯﾁﾌﾟﾚ-ﾄ一式取替,ｽｲｯﾁﾌﾟ,ｾｯﾄ,0
210045,ﾎｰｽｸﾗﾝﾌﾟ取替,ﾎｰｽｸﾗﾝ,個,0
210046,本体ｹ-ｽ塗装.修正,ｹ-ｽﾄｿｳ,個,0
210047,ｽﾄｯﾌﾟﾊﾞﾙﾌﾞ清掃,ｽﾄｯﾌﾟ,式,0
210048,ｽﾄﾚｰﾅﾈｯﾄ交換,ｽﾄﾚｰﾅｰ,個,0
210049,電源ｺｰﾄﾞﾌﾟﾗｸﾞ付取替,ｺｰﾄﾞﾄﾘ,本,0
210050,基板修正,ｷﾊﾞﾝ,枚,0
210052,ﾈｵﾝﾗﾝﾌﾟ交換,ﾈｵﾝﾗﾝﾌ,個,0
210053,電解ｺﾝﾃﾞﾝｻｰ交換,ﾃﾞﾝｶｲ,個,0
210054,ｽｲｯﾁ取付ﾌﾟﾚｰﾄ交換,ｽｲｯﾁﾄﾘ,個,0
210055,4芯ｹｰﾌﾞﾙ交換　2M,4ｼﾝｹｰﾌ,本,0
210056,ﾋｭｰｽﾞ取替,ﾋｭｰｽﾞﾄ,個,0
210057,ｶﾞﾝ一式取替,ｶﾞﾝｼｯｼ,ｾｯﾄ,0
210058,ﾒﾀﾗｲｽﾞﾌｨﾙﾑｺﾝﾃﾞﾝｻｰ交換,ﾒﾀﾗｲｽﾞ,個,0
210059,ｶﾌﾟﾗｼﾞｮｲﾝﾄｵｽ交換,ｶﾌﾟﾗｺｳ,個,0
210061,発振用ｺｲﾙ交換,ﾊｯｼﾝﾖｳ,個,0
210062,ﾎｰﾝﾆｯﾌﾟﾙ取付,ﾎｰﾝﾆｯﾌ,個,0
210063,振動子取替,ｼﾝﾄﾞｳｼ,個,0
210064,ﾄﾗﾝｼﾞｽﾀ交換,ﾄﾗﾝｼﾞｽ,個,0
210065,振動子脱落再接着,ｼﾝﾄﾞｳｼ,式,0
210066,超音波ﾎｰﾝ交換,ﾎｰﾝｺｳｶ,個,0
210067,液量調整ﾋﾟﾝ交換,ｴｷﾘｮｳﾁ,個,0
210068,ｶﾞﾝﾚﾊﾞｰﾊﾞﾈ交換,ｶﾞﾝﾚﾊﾞ,個,0
210069,ﾈｵｽﾎﾟ交換,ﾈｵｽﾎﾟｺ,個,0
210070,整流器交換,ｾｲﾘｭｳｷ,個,0
210071,ﾊﾝﾀﾞ修理,ﾊﾝﾀﾞ,式,0
210072,振動子巻線修正,ｼﾝﾄﾞｳｼ,個,0
210073,ｽﾄｯﾌﾟﾊﾞﾙﾌﾞ軸交換,ｽﾄｯﾌﾟ,個,0
210074,ｽｲｯﾁ押え板取替,ｽｲｯﾁｵｻ,個,0
210075,ｾﾗﾐｯｸｺﾝﾃﾞﾝｻｰ交換,ｺﾝﾃﾞﾝｻ,個,0
210076,5L丸ﾀﾝｸ交換　口出ｼ金具付,ﾀﾝｸ,個,0
210077,ﾎｰﾝ点検.修正,ﾎｰﾝｼｭｳ,個,0
210078,超音波ｺｰﾄﾞ押え板取付,ｺｰﾄﾞｵｻ,個,0
210079,ﾒﾀﾗｲｽﾞｺﾝﾃﾞﾝｻｰ交換,ｺﾝﾃﾞﾝｻ,個,0
210080,ﾏｯﾁﾝｸﾞﾄﾗﾝｽ交換,ﾏｯﾁﾝｸﾞ,個,0
210081,ｶﾞﾝｹｰｽ修正.点検,ｶﾞﾝｹｰｽ,ｾｯﾄ,0
210082,ｱｳﾄｺｲﾙ巻直ｼ,ｱｳﾄｺｲﾙ,個,0
210083,ﾏｲﾗｺﾝﾃﾞﾝｻ交換,ﾏｲﾗｺﾝ,個,0
210084,放熱板取付,ﾎｳﾈﾂﾊﾞ,個,0
210085,ｺｰﾄﾞﾌﾞｯｼｭ取付,ｺｰﾄﾞﾌﾞ,個,0
210086,ｶﾞﾝｽｲｯﾁ取付ﾌﾟﾚｰﾄ修正,ｽｲｯﾁﾄﾘ,個,0
210087,部品修理,ﾌﾞﾋﾝ,個,0
210088,板ﾊﾞﾈ取替,ｲﾀﾊﾞﾈ,個,0
210089,超音波ﾄﾗｽﾋﾞｽ取付,ﾄﾗｽﾋﾞｽ,本,0
210090,電源ｹｰﾌﾞﾙ交換,ﾃﾞﾝｹﾞﾝ,本,0
210091,超音波電磁弁取替,ﾃﾞﾝｼﾞ,個,4500
210092,ｽｲｯﾁﾚﾊﾞｰｽﾌﾟﾘﾝｸﾞ修理,ｽｲｯﾁﾚﾊ,個,0
210093,丸ﾀﾝｸ交換　ｶﾌﾟﾗ付,ﾀﾝｸ,個,0
210094,ｽﾄｯﾌﾟﾊﾞﾙﾌﾞﾊﾞﾈ交換,ｽﾄｯﾌﾟ,個,0
210095,ｽﾄｯﾌﾟﾊﾞﾙﾌﾞ蓋取替,ｽﾄｯﾌﾟ,個,0
210096,ｶﾞﾝｱｰｽ端子取付,ｶﾞﾝｱｰｽ,本,0
210097,ﾎｰﾝﾆｯﾌﾟﾙ修理,ﾎｰﾝﾆｯﾌ,個,0
210098,ｽﾄｯﾌﾟﾊﾞﾙﾌﾞﾚﾊﾞｰ一式交換,ｽﾄｯﾌﾟ,ｾｯﾄ,0
210099,超音波IC交換,ｱｲｼｰ,個,0
210100,振動子巻線交換,ｼﾝﾄﾞｳｼ,式,0
210101,ｶﾌﾟﾗｼﾞｮｲﾝﾄ再接続,ｶﾌﾟﾗ,個,0
210102,ｳﾚﾀﾝﾎｰｽ交換(φ4x6)2M,ｳﾚﾀﾝﾎｰ,本,0
210103,ﾀﾝｸ交換(4L角ｶﾌﾟﾗ付),ﾀﾝｸｺｳｶ,個,0
210104,超音波E-ﾘﾝｸﾞ取替,ｲｰﾘﾝｸﾞ,個,0
210105,超音波ﾄﾗﾝｽｺｱ交換,ﾄﾗﾝｽｺｱ,個,0
210106,ｽﾄｯﾌﾟﾊﾞﾙﾌﾞﾆｯﾌﾟﾙ再接着,ﾆｯﾌﾟﾙ,個,0
210107,ﾀﾝｸ交換(4L角.口出金具付),ﾀﾝｸｺｳｶ,個,0
210108,超音波ﾘﾚｰ交換(W型用),ﾘﾚｰｺｳ,個,0
210109,超音波ﾋｭｰｽﾞﾎﾞｯｸｽ交換,ﾋｭｰｽﾞﾎ,個,0
210110,CUBEE　基盤改良工費一式,ｷﾊﾞﾝｶｲ,式,0
210111,超音波ｳﾚﾀﾝﾎｰｽ交換(φ3X5)･2M,ｳﾚﾀﾝﾎｰ,本,0
210112,振動子押え金具取付,ｼﾝﾄﾞｳｼ,個,0
210113,ﾜｲﾔｰﾎｰｽﾊﾞﾝﾄﾞ取付,ﾜｲﾔｰ,個,0
210114,超音波ｹｰﾌﾞﾙ修整,ｹｰﾌﾞﾙ,台,0
210115,ｵｰﾘﾝｸﾞ取替(7.6X1.2),ｵｰﾘﾝｸﾞ,個,0
210116,LSﾁｭｰﾌﾞ長ﾉﾐ交換,LSﾁｭｰﾌ,本,0
210117,ﾊﾞｲﾄﾝﾎｰｽ取替,ﾊﾞｲﾄﾝﾎ,本,0
210118,超音波本体ｹｰｽ取替,ｹｰｽ,個,0
210119,ｶﾞﾝｹｰｽ清掃点検,ｶﾞﾝｹｰｽ,ｾｯﾄ,0
210120,LSﾁｭｰﾌﾞ交換　8.5Cm,LSﾁｭｰﾌ,本,0
210121,ｶﾞﾝ本体点検修正,ｶﾞﾝﾃﾝｹ,式,0
210122,ﾄﾗﾝｼﾞｽﾀﾊﾝﾀﾞ修正,ﾄﾗﾝｼﾞｽ,個,0
210123,超音波ﾀﾝｸ清掃,ﾀﾝｸｾｲ,個,0
210124,超音波液量調整ﾅｯﾄ･ﾎﾙﾀﾞｰ取替,ｴｷﾘｮｳ,個,0
210125,超音波ｶﾞﾝｽｲｯﾁ取替,ｽｲｯﾁ,個,0
210126,超音波透明ﾊﾞｲﾄﾝﾎｰｽ交換,ﾊﾞｲﾄﾝﾎ,本,0
210127,振動子部調整,ｼﾝﾄﾞｳｼ,個,0
210128,ﾀﾝｸ取付(4L角4*6口出ｼ金具付),ﾀﾝｸ,個,0
210129,ｳﾚﾀﾝﾎｰｽ交換(φ6X9)2M,ｳﾚﾀﾝﾎ,本,0
210130,超音波ﾄﾗﾝｽ修正,ﾄﾗﾝｽ,個,0
210131,超音波6芯ｹｰﾌﾞﾙ取替,6ｼﾝｹｰﾌ,本,0
210132,液量調整ﾈｼﾞ取付,ｴｷﾘｮｳ,個,0
210133,ｱｳﾄﾄﾗﾝｽ修正,ｱｳﾄﾄﾗﾝ,個,0
210134,液量調整ﾊﾟｯｷﾝ取替,ｴｷﾘｮｳ,個,0
210135,ｽﾄﾚｰﾅｰ金具取付(ｵｽ),ｽﾄﾚﾅｰ,個,0
210136,超音波ｲﾝｻｰﾄﾋﾞｯﾄ修正,ｲﾝｻｰﾄ,個,0
210137,液量調整ﾈｼﾞ一式交換,ｴｷﾘｮｳ,式,0
210138,LSﾁｭｰﾌﾞ交換 18.5Cm,LSﾁｭｰﾌ,本,0
210139,超音波電磁弁修理,ﾃﾞﾝｼﾞ,個,0
210140,超音波LEDﾗﾝﾌﾟ交換,ﾗﾝﾌﾟ,個,0
210141,ｽﾄｯﾌﾟﾊﾞﾙﾌﾞﾚﾊﾞｰ調整,ｽﾄｯﾌﾟ,個,0
210142,ｽﾄﾚｰﾅｰﾊﾟｯｷﾝ取替,ｽﾄﾚｰﾅ,個,0
210143,超音波ｽﾄﾚｰﾅｰ清掃,ｽﾄﾚｰﾅｰ,個,0
210144,ｶﾌﾟﾗｼﾞｮｲﾝﾄﾒｽ交換,ｶﾌﾟﾗ,個,0
210145,振動子ﾆｯﾌﾟﾙ交換,ｼﾝﾄﾞｳｼ,個,0
210146,ｳﾚﾀﾝﾎｰｽｼﾞｮｲﾝﾄ取付,ｳﾚﾀﾝﾎ,個,0
210147,超音波液量調整部軸.ﾌﾀ交換,ｴｷﾘｮｳ,ｾｯﾄ,0
210148,4L角ﾀﾝｸ交換　口出ｼ金具付,ﾀﾝｸ,個,0
210149,ﾌｨﾙﾑｺﾝﾃﾞﾝｻｰ交換,ｺﾝﾃﾞﾝ,個,0
210150,電磁弁ｹｰｽ交換,ﾃﾞﾝｼﾞ,個,0
210151,超音波ｶﾞﾝｺﾈｸﾀｰ修正,ｺﾈｸﾀｰ,個,0
210153,液量調整部一式交換,ｴｷﾘｮｳ,式,0
210154,ｻｰｼﾞｱﾌﾞｿｰﾊﾞ交換,ｻｰｼﾞｱﾌ,個,0
210155,振動子修理,ｼﾝﾄﾞｳｼ,式,0
210156,基盤足取付,ｷﾊﾞﾝ,個,0
210157,超音波ﾎｰﾝﾊﾟｯｷﾝ交換,ﾎｰﾝ,個,0
210158,超音波圧着端子取替,ｱｯﾁｬｸ,個,0
210159,基板総点検,ｷﾊﾞﾝｿｳ,式,0
210160,超音波ｶﾞﾝﾚﾊﾞｰ部修理,ｶﾞﾝﾚ,式,0
210161,超音波ﾃﾌﾛﾝﾊﾟｯｷﾝ交換,ﾃﾌﾛﾝ,個,0
210162,超音波ﾀﾝｸ液漏れ修正,ﾀﾝｸ,式,0
210163,ﾅｯﾄ取付,ﾅｯﾄ,個,0
210164,超音波ﾎｰｽﾆｯﾌﾟﾙ交換,ﾎｰｽﾆ,個,0
210165,液量調整板ﾊﾞﾈ交換,ｴｷﾘｮｳ,個,0
210166,超音波ｶﾞﾝｽｲｯﾁ部調整,ｽｲｯﾁ,式,0
210167,超音波ﾘﾚｰ修理,ﾘﾚｰ,個,0
210168,液量調整部部品交換,ｴｷﾘｮｳ,式,0
210169,超音波ﾀﾝｸ口出し金具取付,ﾀﾝｸ,個,0
210170,超音波ﾀﾝｸ修理,ﾀﾝｸ,個,0
210171,超音波ｶﾞﾝｽｲｯﾁｷｬｯﾌﾟ交換,ｽｲｯﾁ,個,0
210172,超音波用基板ﾄﾗﾝｽ交換,ｷﾊﾞﾝ,式,0
210173,超音波ｽﾄｯﾌﾟﾊﾞﾙﾌﾞﾈｼﾞｶﾗｰ交換,ｽﾄｯﾌﾟ,個,0
210174,ﾎｰｽ修理,ﾎｰｽｼｭｳ,本,0
210175,ﾎｰﾝ口出し金具交換,ﾎｰﾝｸﾁﾀ,個,0
210176,液量調整修理,ｴｷﾘｮｳﾁ,個,0
210178,ﾘｰﾄﾞｺﾞﾑ取替,ﾘｰﾄﾞｺﾞ,個,0
210179,ｽｲｯﾁﾊﾞﾈ取替,ｽｲｯﾁﾊﾞ,個,0
210180,ｺﾝｾﾝﾄﾌﾟﾗｸﾞ交換,ｺﾝｾﾝﾄ,個,0
210181,超音波ﾎｰｽｼﾞｮｲﾝﾄ取付,ﾎｰｽｼﾞ,個,0
210182,超音波電磁弁ﾊﾞｲﾄﾝﾊﾟｯｷﾝ交換,ﾊﾟｯｷﾝ,個,0
210183,ｽﾄﾚｰﾅｰｼﾞｮｲﾝﾄ取付,ｽﾄﾚｰﾅｰ,個,0
210184,電磁弁内部ﾊﾞｲﾄﾝﾊﾞﾙﾌﾞ交換,ﾊﾞﾙﾌﾞ,式,0
210185,超音波ｶﾞﾝｽｲｯﾁｶﾗｰ取付,ｶﾞﾝｽｲｯﾁｶﾗ,個,0
210186,電磁弁内部弁取替,ﾃﾞﾝｼﾞﾍﾞﾝﾅｲ,式,0
210187,ﾈｼﾞ取付,ﾈｼﾞﾄﾘﾂｹ,個,0
210188,ｺﾈｸﾀｵｽ交換,ｺﾈｸﾀｵｽｺｳｶﾝ,式,0
210189,ﾘﾐｯﾄｽｲｯﾁ金具取付,ｽｲｯﾁ,個,0
210190,本体ｺﾞﾑ足取付,ｱｼ,個,0
210191,基板ｽﾀﾝﾄﾞ交換,ｷﾊﾞﾝ,個,0
210192,ｶﾞﾝﾋﾞｯﾄｽﾀﾝﾄﾞ取付,ｽﾀﾝﾄﾞ,個,0
210193,ｽﾄﾚｰﾅｰﾈｯﾄ清掃,ｽﾄﾚｰﾅ,個,0
210194,ｽﾄﾚｰﾅｰｼﾞｮｲﾝﾄ部部品交換,ｽﾄﾚｰﾅｰ,式,0
210195,電磁弁部品取替,ﾃﾞﾝｼﾞﾍﾞﾝ,式,0
240001,超音波洗浄機,ﾁｮｳｵﾝﾊ,台,0
240002,超音波　TY-70,TY-70,台,98000
240003,超音波　TY-70(ｶﾌﾟﾗ付),TY-70C,台,105000
240004,超音波　TY-70W,TY-70W,台,0
240005,超音波　TY-70(110V),TY-70,台,0
240006,超音波　TY-70(110V･ｶﾌﾟﾗ付),TY-70C,台,0
240007,超音波　TY-70(220V),TY-70,台,0
240008,超音波　TY-70(220V)(ｶﾌﾟﾗ付),TY-70,台,0
240009,超音波　TY-70(240V),TY-70,台,0
240010,超音波　TY-70(240V･ｶﾌﾟﾗ付),TY-70C,台,0
240011,超音波　TY-70.ﾀﾝｸﾅｼ口出金具付(110V),TY70,台,0
240012,超音波 CUBEE　RC-30(120V),RC-30,台,0
240013,超音波 CUBEE RC-15  220V,RC-15,台,0
240014,超音波 CUBEE RC-30(220V),RC-30,台,0
240015,超音波　RC-15(115V),RC-15,台,0
240016,超音波 CUBEE RCｰ15,RC-15,台,128000
240017,超音波 CUBEE RC-30,RC-30,台,160000
240018,超音波 CUBEE RC-15(110V),RC-15,台,0
240019,超音波 CUBEE RC-30(110V),RC-30,台,0
240020,超音波 CUBEE　RC-15(120V),RC-15,台,0
240021,超音波 CUBEE　RC-15(230V),RC-15,台,0
240022,超音波　TY-100,TY-100,台,155000
240023,超音波　TY-100(ｶﾌﾟﾗ付),TY100C,台,162000
240024,超音波　TY-100(110V),TY-100,台,0
240026,超音波　TY-100(220V),TY-100,台,0
240027,超音波　TY-100(220V.ｶﾌﾟﾗ付),TY-100,台,0
240028,超音波　TY-100(240V),TY-100,台,0
240029,超音波　TY-100(240V)ｶﾌﾟﾗ付,TY-100,台,0
240030,超音波  TY-100(120V) ｶﾌﾟﾗ付,TY-100,台,0
240031,超音波　TY-100(200V),TY-100,台,0
240032,超音波　TY-70　ｶﾞﾝﾉﾐ,TY-70,台,0
240033,超音波 CUBEE　RC-15(240V),RC-15,台,0
240034,超音波RC-30　特注品,RC-30,,0
240035,超音波　（他社）,ｿﾉﾌﾗｼｭ,台,0
240036,UF-15,UF-15,台,0
240037,UT-30,UT-30,台,0
240038,超音波 CUBEE RC-15  220V　4Lﾀﾝｸ無,RC-15,台,0
240039,超音波 CUBEE RC-15 TWIN,RC-15,台,160000
240040,超音波 CUBEE RCｰ15Δ(ﾃﾞﾙﾀ),RC-15,台,0
240041,超音波給水ﾀﾝｸ設置棚,ﾀﾅ,個,0
240042,超音波 CUBEE RCｰ15Δ(ﾃﾞﾙﾀ)TWIN,ﾃﾞﾙﾀ,台,0
300001,ﾊﾞｷｭーﾑ台 RS-022,RS022,台,0
300002,ﾊﾞｷｭｰﾑ台RS-021(特注),RS021,台,0
300003,ｼﾐﾇｷﾔｻﾝRV101(100V),RV101,台,0
300004,ｼﾐﾇｷﾔｻﾝRV101(200V),RV101,台,640000
300005,ｼﾐﾇｷﾔｻﾝ SB-103(200V),SB103,台,695000
300006,ｼﾐﾇｷﾔｻﾝSB-102(単相.200V),SB102,台,0
300007,ﾐﾆ弁慶(200V),ﾐﾆﾍﾞﾝｹ,台,0
300008,ｼﾐﾇｷﾔｻﾝRV102(200V),RV102,台,0
300009,SB-103(200V)1800*900,SB103,台,0
300010,RV202(100V)本体ﾉﾐ,RV202,台,0
300011,SB-101(100V)1800*800*750,SB101,台,0
300012,ｼﾐﾇｷﾔｻﾝRS121(100V),RS121,台,360000
300013,SB-101･200V(1800*900),SB101,台,0
300014,ｼﾐﾇｷﾔｼﾝ RV-102(100V),RV102,台,0
300015,ﾃ-ﾌﾞﾙ(1500*700)棚付,ﾃ-ﾌﾞﾙ,台,0
300016,ｽﾃﾝ前処理台,ﾏｴｼｮﾘ,台,0
300018,ｼﾐﾇｷﾔｻﾝRV201(100V),RV201,台,380000
300019,ｼﾐﾇｷﾔｻﾝRV202(200V),RV202,台,480000
300020,ｼﾐﾇｷﾔｻﾝ RV201(220V),RV201,台,0
300021,ｼﾐﾇｷﾔｻﾝRV101(S&Aﾕﾆｯﾄ付),RV101,台,0
300022,SBｰ201(特注),SBｰ201,台,450000
300023,ｼﾐﾇｷﾔｻﾝRV202(220V)ｾｯﾄ,RV202ｾ,ｾｯﾄ,0
300024,EXﾊﾞｷｭ-ﾑ　B-213,B-213,台,187000
300025,ｼﾐﾇｷﾔｻﾝRS202(220V)ﾌﾞﾗｼ付,RS202,台,0
300026,ｼﾐﾇｷﾔｻﾝ RS121(220V),RS121,台,0
300027,ｼﾐﾇｷﾔｻﾝ RS-202(100V),RS-202,台,0
300028,ｼﾐﾇｷﾔｻﾝ RS221ｾｯﾄ,RS221ｾ,ｾｯﾄ,0
300029,BX-202(220V)ﾌﾞﾗｼ付,BX202,台,0
300030,RS-221(座り台),RS221,ｾｯﾄ,0
300031,ｼﾐﾇｷﾔｻﾝRS221ﾌｯﾄｽｲｯﾁ付(本体ﾉﾐ),RS221,台,250000
300032,ｼﾐﾇｷﾔｻﾝRS221　220V,RS221ｾ,ｾｯﾄ,0
300033,RS221*特注(1000*590*720),RS221ｾ,ｾｯﾄ,0
300034,ｼﾐﾇｷﾔｻﾝ RS-221ｾｯﾄ(S&Aﾕﾆｯﾄ付),RS221,ｾｯﾄ,0
300035,RV202　特注,RV202,台,0
300036,RV101(200V)座り台1800*900*300,RV101,台,0
300037,EXﾊﾞｷｭｰﾑ B-230,B-230,台,195000
300038,EXﾊﾞｷｭ-ﾑ　B-230D,B-230D,台,195000
300039,ﾊﾞｷｭｰﾑ本体一式(200V.3相),ﾊﾞｷｭｰﾑ,台,0
300040,ﾊﾞｷｭ-ﾑ台 RS-021A,RS021,台,180000
300041,SBｰ101(200V)1500X700X700H,SB101,台,0
300042,RS-221特注(1100*590),RS221ｾ,ｾｯﾄ,0
300043,ﾊﾞｷｭｰﾑ台 SB-101本体.ｺﾝﾄﾛｰﾗｰ.ﾌｯﾄｽｲｯﾁ,SB101,ｾｯﾄ,0
300044,ｼﾐﾇｷﾔｻﾝRV202(220V),RV202,台,0
300045,SB101用本体一式(ﾌｯﾄｽｲｯﾁ付),SB101,台,0
300046,ﾊﾞｷｭｰﾑ台 RS221 ｻｽﾍﾟﾝﾀﾞｰ棚ﾅｼ,RS221,ｾｯﾄ,0
300047,ﾊﾞｷｭｰﾑ本体一式(100V)ﾓｰﾀｰ基盤内臓,ﾊﾞｷｭｰﾑ,一式,0
300048,ﾊﾞｷｭ-ﾑ特注品,ﾊﾞｷｭｰﾑ,台,0
300049,ｼﾐﾇｷﾔｻﾝRV303　ﾕﾆｯﾄﾅｼ,RV303,台,545000
300050,検反機取付型ﾊﾞｷｭ-ﾑ,ｹﾝﾀﾝｷ,台,0
300051,ｼﾐﾇｷﾔｻﾝRV303　S&Aﾕﾆｯﾄ付,RV303,台,730000
300052,前処理台,ﾏｴｼｮﾘ,台,0
300053,前処理台TR-321(S&Ａﾕﾆｯﾄ付),ﾏｴｼｮﾘ,ｾｯﾄ,440000
300054,ﾊﾞｷｭｰﾑ台RS-022　ｾｯﾄ,RS-022,ｾｯﾄ,0
300055,ｼﾐﾇｷﾔｻﾝRV303(1200X600.ﾎﾟｰﾙ棚ﾅｼ),RV303,台,0
300056,ｼﾐﾇｷﾔｻﾝRS121(棚.袖馬ﾅｼ),RS121,台,0
300057,前処理台　TR-321,ﾏｴｼｮﾘ,台,0
300058,ｼﾐﾇｷﾔｻﾝSB-101(100V)丸口･ﾅｷﾞｻ本舗仕様,SB101,ｾｯﾄ,0
300059,ｼﾐﾇｷﾔｻﾝRV303ｾｯﾄ(S&Aﾕﾆｯﾄ付),RV303ｾ,ｾｯﾄ,0
300060,前処理台TR322V,ﾏｴｼｮﾘ,台,0
300061,前処理台TR-322Vｾｯﾄ,ﾏｴｼｮﾘ,ｾｯﾄ,0
300062,ｼﾐﾇｷﾔｻﾝSB101(丸口)200V　ﾅｷﾞｻ本舗仕様,SB101,台,0
300063,SB-101(ｼﾐ抜ｷ＆ｱｲﾛﾝ台)1300X720X750,SB101,台,0
300064,ﾊﾞｷｭ-ﾑ台(FB-370),FB-370,台,0
300065,ﾁｮｲｽ：袖馬吸引口ｾｯﾄ*Aﾀｲﾌﾟ,ﾁｮｲｽ,ｾｯﾄ,0
300066,ﾁｮｲｽ:ﾊﾞｷｭｰﾑ本体,ﾁｮｲｽ,台,0
300067,ﾁｮｲｽ:ﾊﾞｷｭｰﾑﾀﾝｸ一式(電気ﾕﾆｯﾄ付),ﾁｮｲｽ,式,0
300068,ｼﾐﾇｷﾔｻﾝRS221(ﾃｰﾌﾞﾙなし),RS221,台,0
300069,ｼﾐﾇｷﾔｻﾝRV202(200V)ｽﾃﾝ大袖馬付,RV202,台,0
300070,BX202(100V)ｾｯﾄ,BX202ｾ,式,0
300071,RS221(230V)本体ﾉﾐ.棚付,RS221,台,0
300072,ｼﾐﾇｷﾔｻﾝ RV101(220V)ｾｯﾄ,RV101ｾ,ｾｯﾄ,0
300073,ｼﾐﾇｷﾔｻﾝSB-102,SB102,台,0
300074,ｼﾐﾇｷﾔｻﾝSB101(200V)1800X900,SB101ｾ,ｾｯﾄ,0
300075,ｼﾐﾇｷﾔｻﾝRS121(220V)ｾｯﾄ,RS121ｾ,ｾｯﾄ,0
300076,RV101.220V(900X600)平台　特注,RV101,台,0
300077,ｼﾐﾇｷﾔｻﾝRS121特注　1500X700　丸口,RS121,台,0
300078,ﾄﾞﾚｽ用前処理台ｾｯﾄ,ﾏｴｼｮﾘ,ｾｯﾄ,0
300079,ﾄﾞﾚｽ用前処理台(1800X900),ﾏｴｼｮﾘ,台,0
300080,ｼﾐﾇｷﾔｻﾝSB-101(200V),SB101,台,0
300081,ｼﾐﾇｷﾔｻﾝRS121(100V)　丸口,RS121,台,360000
300082,ｼﾐﾇｷﾔｻﾝRV101(200V)丸口仕様,RV101,台,0
300083,ｼﾐﾇｷﾔｻﾝRS303(220V)ﾕﾆｯﾄ付　ｾｯﾄ,RS303ｾ,ｾｯﾄ,0
300084,ｼﾐﾇｷﾔｻﾝSB-101(単相200V)1400X700特注,SB101,台,0
300086,ｼﾐﾇｷﾔｻﾝ SB-101(100V),SB101,台,0
300087,ｼﾐﾇｷﾔｻﾝ RV101(220V),RV101,台,0
300088,SB101(200V)座卓1200ｘ700ｘ330,SB101,台,600000
300089,ｼﾐﾇｷﾔｻﾝSB101(100V)1800X900　特注,SB101,台,0
300090,SB-101(200V)1500X700,SB101ｾ,ｾｯﾄ,0
300091,ｼﾐﾇｷﾔｻﾝRV202(200V)ｾｯﾄ,RV202ｾ,ｾｯﾄ,0
300092,ｼﾐﾇｷﾔｻﾝ RS221(120V),RS221,台,0
300093,SB102(200V)1800*700*700H,SB102ｾ,ｾｯﾄ,0
300094,ｼﾐﾇｷﾔｻﾝRV202(100V)ｾｯﾄ,RV202ｾ,ｾｯﾄ,0
300095,ｼﾐﾇｷﾔｻﾝ RS221(220V),RS221,台,0
300096,ｼﾐﾇｷﾔｻﾝRV221(220V)本体ﾉﾐ(ﾌﾞﾗｼﾚｽ),RV221,台,0
300097,ｼﾐﾇｷﾔｻﾝ RV-501　ﾄﾗﾊﾞｰｽ巾1500m/m,RV501,台,0
300098,ｼﾐﾇｷﾔｻﾝRV101(100V)ｾｯﾄ,RV101ｾ,ｾｯﾄ,916000
300099,ｼﾐﾇｷﾔｻﾝRV101,RV101,台,0
300100,ｼﾐﾇｷﾔｻﾝRS121ｾｯﾄ,RS121ｾ,ｾｯﾄ,0
300101,RV121(200V)特注1400*800,RV121,ｾｯﾄ,0
300102,ｼﾐﾇｷﾔｻﾝRV102(袖馬ﾅｼ)200V　ｾｯﾄ,RV102ｾ,ｾｯﾄ,0
300103,ﾊｲｽﾎﾟｯﾄﾊﾞｷｭ-ﾑ(220V),ﾊｲｽﾎﾟｯ,台,0
300104,ﾊﾞｷｭｰﾑ台RVｰ101(100V)ｾｯﾄ,RV101,ｾｯﾄ,0
300105,ｼﾐﾇｷﾔｻﾝRS121(ﾃｰﾌﾞﾙなし),RS121,台,0
300106,ｸﾗﾝﾌﾟﾊﾝｶﾞｰ,ｸﾗﾝﾌﾟﾊﾝｶﾞｰ,式,0
300107,ﾊﾞｷｭｰﾑSB102　本体ﾉﾐ,SB102,台,0
300108,ｼﾐﾇｷﾔｻﾝRV202(200V)S&Aﾕﾆｯﾄ付,RV202,台,0
300109,SB-101(丸口)ｾｯﾄ,SB101ｾ,式,0
300110,ｼﾐﾇｷﾔｻﾝRV301(200V)S&Aﾕﾆｯﾄ付,RV301,台,750000
300111,ｼﾐﾇｷﾔｻﾝRV301ｾｯﾄ(S&Aﾕﾆｯﾄ付),RV301ｾ,ｾｯﾄ,0
300112,BX202(200V)ｾｯﾄ,BX202ｾ,式,0
300113,ｼﾐﾇｷﾔｻﾝRV-301(200V)S&Aﾕﾆｯﾄﾅｼ,RV301,式,0
300114,活性炭ﾌｨﾙﾀｰ入り消臭BOX,ｼｮｳｼｭｳ,台,0
300115,ｼﾐﾇｷﾔｻﾝRV203,RV203,台,0
300116,ｼﾐﾇｷﾔｻﾝRS222,RS222,台,0
300117,ｼﾐﾇｷﾔｻﾝRS225,RS225,台,0
300118,ｼﾐﾇｷﾔｻﾝRV203　ｾｯﾄ,RV203,式,0
300119,ｼﾐﾇｷﾔｻﾝRV302(S&Aﾕﾆｯﾄ付),RV302,台,0
300120,ｼﾐﾇｷﾔｻﾝRV313　S&Aﾕﾆｯﾄ付,RV313,台,0
300121,ｼﾐﾇｷﾔｻﾝRV313　S&Aﾕﾆｯﾄﾅｼ,RV313,台,0
300122,ｼﾐﾇｷﾔｻﾝRS122,RS122,台,0
300123,ｼﾐﾇｷﾔｻﾝRS223,RS223,台,0
300124,ｼﾐﾇｷﾔｻﾝRV302(S&Aﾕﾆｯﾄﾅｼ),RV302,台,0
310001,大袖軸付(ｽﾀﾝﾄﾞ付),ｵｵｿﾃﾞ,ｾｯﾄ,0
310002,ｽﾃﾝ棚一式(2段),ｽﾃﾝﾀﾅ,ｾｯﾄ,0
310003,ｽﾃﾝｶﾞﾝ吊ｽﾀﾝﾄﾞ,ｽﾀﾝﾄﾞ,ｾｯﾄ,0
310004,ﾊﾞｷｭｰﾑ用ﾌｯﾄｽｲｯﾁ(OFL-BS-S3),ﾌｯﾄｽｲｯ,個,8000
310005,ｸﾗﾝﾌﾟ式ｱｰﾑｼﾞｮｳｺﾞ一式,ｸﾗﾝﾌﾟｼ,ｾｯﾄ,0
310006,袖馬ﾌﾛｰｸﾞﾗｽﾈｯﾄ,ｿﾃﾞｳﾏﾌ,枚,0
310007,丸口ﾌﾛｰｸﾞﾗｽﾈｯﾄ,ﾏﾙｸﾁ,枚,0
310008,広口ﾐｶﾄﾞ布ﾌｨﾙﾀｰ,ﾐｶﾄﾞ,枚,1600
310009,ｽﾃﾝ金網2(袖馬用130X78),ｶﾅｱﾐ,枚,800
310010,丸口金網　新,ｶﾅｱﾐ,枚,800
310011,広口金網,ﾋﾛｸﾁ,枚,1500
310012,ﾏｼﾞｯｸﾌｨﾙﾀｰ(袖),ﾏｼﾞｯｸﾌ,枚,0
310013,ﾏｼﾞｯｸﾌｨﾙﾀｰ(丸),ﾏｼﾞｯｸﾌ,枚,0
310014,袖馬一式　RV202型,ｿﾃﾞｳﾏｲ,ｾｯﾄ,20000
310015,ﾏｼﾞｯｸﾌｨﾙﾀｰ(楕円),ﾏｼﾞｯｸ,枚,0
310016,丸口吸引口受,ﾏﾙｸﾁ,ｾｯﾄ,22500
310017,丸型吸引口　ﾎﾟｱﾒｯﾄ,ﾏﾙｸﾁ,枚,6000
310018,広口吸引口一式,ﾋﾛｸﾁｷｭ,ｾｯﾄ,0
310019,広口吸引口一式(ﾎﾟｱﾒｯﾄ仕様),ﾋﾛｸﾁ,ｾｯﾄ,24000
310020,ﾀﾝｸﾌｨﾙﾀｰ,ﾀﾝｸﾌｨﾙﾀｰ,枚,1600
310021,ｶｰﾎﾞﾝﾌﾞﾗｼ(ﾅｼｮﾅﾙ),ｶｰﾎﾞﾝﾌ,個,0
310022,ｶｰﾎﾞﾝﾌﾞﾗｼ(日立),ｶｰﾎﾞﾝﾌ,個,0
310023,ﾊﾞｷｭｰﾑﾓｰﾀｰ(BX202.中国向),ﾓｰﾀ,個,0
310024,ﾊﾞｷｭｰﾑ用基盤(SPA-1006BL2.松下),ｷﾊﾞﾝ,枚,85000
310025,ﾊﾞｷｭｰﾑ用電源ﾗﾝﾌﾟ,ﾃﾞﾝｹﾞﾝ,個,600
310026,ﾊﾞｷｭｰﾑ用ﾎﾞﾘｭｰﾑ,ﾎﾞﾘｭｰﾑ,個,300
310027,ﾊﾞｷｭｰﾑ用電源ｽｲｯﾁ(S-21A),ｽｲｯﾁ,個,0
310028,ﾊﾞｷｭｰﾑ制御基板,ｾｲｷﾞｮ,枚,5000
310029,昇圧ﾄﾗﾝｽ(ｹｰｽ付),ﾄﾗﾝｽ,個,0
310030,ﾊﾞｷｭｰﾑﾓｰﾀｰ取付ﾍﾞｰｽ,ﾍﾞｰｽ,個,0
310031,ﾌﾛｰﾄｽｲｯﾁ(RVﾀﾝｸ用),ﾌﾛｰﾄｽｲ,個,7600
310032,ﾊﾞｷｭｰﾑ用押しﾎﾞﾀﾝｽｲｯﾁ,ｵｼﾎﾞﾀﾝ,個,0
310033,ﾗﾁｪｯﾄﾘﾚｰ,ﾗﾁｪｯﾄ,個,0
310034,8Pﾒﾀﾙｺﾈｸﾀｰ(ｵｽ．ﾒｽ),ﾒﾀﾙｺﾈ,ｾｯﾄ,800
310035,ｴﾚﾊﾝﾄﾎｰｽ(φ38),ｴﾚﾊﾝﾄ,M,1250
310036,ｴﾚﾊﾝﾄﾎｰｽ(75ｃｍ）,ｴﾚﾊﾝﾄ,本,0
310037,ｴﾚﾊﾝﾄﾎｰｽ(φ50),ｴﾚﾊﾝﾄ,M,1500
310038,ﾊﾞｷｭｰﾑﾓｰﾀｰ用ﾊﾟｯｷﾝ中段,ﾓｰﾀｰﾊﾟ,枚,1500
310039,ﾊﾞｷｭｰﾑﾀﾝｸ一式(ﾓｰﾀｰﾅｼ)輸出用,ﾀﾝｸ,ｾｯﾄ,30000
310040,袖馬一式用ｱﾀﾞﾌﾟﾀｰ加工,ｿﾃﾞｳﾏｲ,個,0
310041,広口ﾈｯﾄﾘﾝｸﾞﾉﾐ,ﾋﾛｸﾁ,,3000
310042,RV303用三方ｺｯｸ一式,ｻﾝﾎﾟｳ,ｾｯﾄ,0
310043,広口吸引口一式(金網.ﾌﾛｰｸﾞﾗｽ仕様),ﾋﾛｸﾁ,ｾｯﾄ,24000
310044,別置ﾄﾗﾝｽ(ｹｰｽ付),ﾄﾗﾝｽ,個,0
310045,袖馬用ｶｰﾄﾘｯｼﾞ一式,ｿﾃﾞｳﾏ,ｾｯﾄ,3200
310046,袖馬一式(BX202用),ｿﾃﾞｳﾏｲ,ｾｯﾄ,0
310047,袖馬一式　RS121型,ｿﾃﾞｳﾏ,ｾｯﾄ,20000
310048,ﾎﾄｶﾌﾟﾗ(ﾊﾞｷｭ-ﾑｷﾊﾞﾝ用),ﾎﾄｶﾌﾟﾗ,個,0
310049,4芯ｹｰﾌﾞﾙ*1.25(ﾊﾞｷｭｰﾑ用),ｹｰﾌﾞﾙ,M,0
310050,ﾌﾞﾛｱｰﾓｰﾀｰ(FB-2000),ﾓｰﾀｰ,台,0
310051,ﾊﾞｷｭｰﾑﾀﾝｸ用ｺﾞﾑﾊﾟｯｷﾝ,ﾀﾝｸﾖｳ,個,1600
310052,ﾊﾞｷｭｰﾑ用ﾏｽｸｺﾞﾑ　大(広口),ﾏｽｸｺﾞﾑ,枚,4000
310053,ﾊﾞｷｭｰﾑ用ﾋｰﾄﾝ,ﾋｰﾄﾝ,個,0
310054,ｱｰﾑｼｼﾞｮｰｺﾞｽﾀﾝﾄﾞ,ｱｰﾑｼﾞｮ,個,0
310055,電源ｺﾝｾﾝﾄ(200V),ｺﾝｾﾝﾄ,,0
310056,袖馬用ﾌｨﾙﾀｰ,ｿﾃﾞｳﾏ,枚,150
310057,ﾓ-ﾀ-取付部成形品(ｲﾝｻ-ﾄﾂｷ),ﾓｰﾀｰﾄﾘ,ｾｯﾄ,0
310058,丸ｼﾞｮ-ｺﾞ,ﾏﾙｼﾞｮｰ,ｾｯﾄ,0
310059,電気ﾎﾞｯｸｽ一式(ﾌﾞﾗｼﾂｷ.220V),ﾃﾞﾝｷﾎﾞ,ｾｯﾄ,0
310060,ﾊﾞｷｭｰﾑ排気ﾎｰｽ取付部品,ﾊﾞｷｭｰﾑ,式,0
310061,ﾈｯﾄﾘﾝｸﾞ一式,ﾈｯﾄﾘﾝｸ,ｾｯﾄ,0
310062,ﾊﾞｷｭｰﾑ用ｷｬﾌﾞﾀｲﾔﾌﾟﾗｸﾞ,ﾌﾟﾗｸﾞ,個,500
310063,ﾊﾞｷｭｰﾑ補修用ﾘﾚｰ,ﾘﾚｰ,個,0
310064,ｱﾀﾞﾌﾟﾀｰ(100V),ｱﾀﾞﾌﾟﾀ,個,0
310065,角ｼﾞｮｰｺﾞ(EX230用),ｶｸｼﾞｮｰ,ｾｯﾄ,0
310066,ﾊﾞｷｭｰﾑ用ﾌﾞｻﾞｰ,ﾌﾞｻﾞｰ,個,0
310067,ﾊﾞｷｭｰﾑ整流板,ｾｲﾘｭｳｷ,ｾｯﾄ,0
310068,丸口ﾌｨﾙﾀｰ,ﾏﾙｸﾁ,枚,150
310069,ﾌﾞﾛｱｰﾓｰﾀｰ(0.3KW),ﾓｰﾀｰ,台,0
310070,ｼﾐﾇｷﾔｻﾝ101用支柱,ｼﾁｭｳ,本,0
310071,ﾊﾞｷｭ-ﾑ棚用部品　ﾋｰﾄﾝ,ﾋｰﾄﾝ,個,0
310072,ﾊﾞｷｭｰﾑﾍﾞｰｽﾀﾝｸ一式(円板付),ﾍﾞｰｽﾀ,ｾｯﾄ,0
310073,袖馬一式　RV101(軸付),ｿﾃﾞｳﾏｲ,ｾｯﾄ,40000
310074,丸口吸引口一式,ﾏﾙｸﾁ,ｾｯﾄ,30000
310075,ｵｸﾉﾃ吸引口一式,ｵｸﾉﾃ,ｾｯﾄ,0
310076,ﾓ-ﾀ-接続ｹ-ﾌﾞﾙ(松下.5P),ﾓ-ﾀ-ｾﾂ,ｾｯﾄ,0
310077,袖馬用ｽﾀﾝﾄﾞ　101用,ｿﾃﾞｳﾏｽ,個,0
310078,ｱﾀﾞﾌﾟﾀ-基板 (SPA-100 6BLV),ｱﾀﾞﾌﾟﾀ,個,0
310079,ﾓｰﾀｰ(RV201.220V)BM-50LT22.TEC,ﾓｰﾀｰ,台,0
310080,ﾊﾞｷｭｰﾑ角ｼﾞｮｰｺﾞ一式(縦型),ｶｸｼﾞｮｰ,ｾｯﾄ,0
310081,ﾊﾞｷｭｰﾑﾌﾞﾗｼﾚｽﾓｰﾀｰ,ﾓｰﾀｰ,個,0
310082,ﾊﾞｷｭｰﾑ本体BOX,ﾊﾞｷｭｰﾑ,式,0
310083,"ﾊﾞｷｭ-ﾑ基板,ﾓ-ﾀ-ｾｯﾄ",ｷﾊﾞﾝﾓｰ,ｾｯﾄ,0
310084,排気ｱﾀﾞﾌﾟﾀｰ,ﾊｲｷｱﾀﾞ,個,0
310085,ﾀﾝｸ排気口,ﾀﾝｸﾊｲｷ,個,0
310086,ｽﾃﾝ棚板,ｽﾃﾝﾀﾅ,枚,8000
310087,広口ｼﾞｮｰｺﾞｱﾀﾞﾌﾟﾀｰ,ﾋﾛｸﾁｼﾞ,個,0
310088,ｺﾝﾄﾛｰﾗ一式　SB101用,ｺﾝﾄﾛｰﾗ,ｾｯﾄ,0
310089,水分分離器,ｽｲﾌﾞﾝ,台,0
310090,ドレンコック,ﾊｲｽｲ,個,2000
310091,広口ﾌｨﾙﾀｰ,ﾋﾛｸﾁﾌ,枚,300
310092,ﾊﾞｷｭｰﾑ用ﾏｸﾞﾈｯﾄ(SC-0),ﾏｸﾞﾈｯﾄ,個,0
310093,防音BOX,ﾎﾞｳｵﾝ,個,0
310094,ｶｰﾎﾞﾝﾌﾞﾗｼ(AMETEC)100V(2個1ｾｯﾄ),ｶｰﾎﾞﾝﾌ,ｾｯﾄ,1500
310095,ﾌｯﾄｽｲｯﾁ用ﾊﾟﾈﾙ,ﾌｯﾄｽｲｯ,個,0
310096,ﾏｸﾞﾈｯﾄ用ﾘﾚｰ(G75-4A-B200V),ﾏｸﾞﾈｯﾄ,個,3000
310097,RS221用ﾀﾝｸ一式(ﾌﾞﾗｼ付ﾓｰﾀｰ内臓),ﾀﾝｸｲｯｼ,ｾｯﾄ,150000
310098,排水ﾀﾝｸ(ﾎﾞｲﾗ-用),ﾊｲｽｲﾀﾝ,個,0
310099,防音材,ﾎﾞｳｵﾝｻ,枚,0
310100,ﾓｰﾀー駆動基盤部品(FUGI.6DI15S-050),ﾓｰﾀｰ,個,0
310101,ｶｰﾎﾞﾝﾌﾞﾗｼ(AMETECﾓ-ﾀ-用)220V(2個1ｾｯﾄ),ｶｰﾎﾞﾝﾌ,ｾｯﾄ,0
310102,ﾓｰﾀｰ(RV202.220V),ﾓｰﾀｰ,個,0
310103,ﾊﾞｷｭｰﾑﾌﾞﾗｼﾚｽﾓｰﾀｰ(TPBBW1006BL2),ﾓｰﾀｰ,個,0
310104,袖馬一式(ｶｰﾄﾘｯｼﾞﾅｼ),ｿﾃﾞｳﾏｲ,ｾｯﾄ,16800
310105,SFｺｲﾙ,ｺｲﾙ,個,0
310106,ﾊﾞｷｭｰﾑ用ﾊﾟﾜｰﾘﾚｰ(G-7J-4AB),ﾊﾟﾜｰﾘﾚ,個,3000
310107,ﾘﾐｯﾄｽｲｯﾁ(ﾌｯﾄｽｲｯﾁ用),ﾘﾐｯﾄｽｲ,個,0
310108,ﾓｰﾀｰ(RS221用*100V)･ｱﾒﾃｯｸ,ﾓｰﾀｰ,個,40000
310109,ﾓｰﾀｰ基盤ｾｯﾄ(RV201.220V用),ﾓｰﾀｰｷﾊ,個,0
310110,ﾓ-ﾀ-(ﾌﾞﾗｼﾚｽ.201.韓国向),ﾓｰﾀｰ,台,0
310111,ｽﾃﾝ金網(角型)300*72,ｶﾅｱﾐｶｸ,枚,1000
310112,ｽﾃﾝ金網(角型)400*70,ｶﾅｱﾐｶｸ,枚,1000
310113,ﾄﾗｲﾄﾞﾝﾊﾞﾝﾄﾞ　φ75,ﾄﾗｲﾄﾞﾝ,個,600
310114,ﾊﾞｷｭｰﾑﾓｰﾀｰ用ﾊﾟｯｷﾝ上段,ﾓｰﾀｰﾊﾟ,枚,1500
310115,ｴﾚﾊﾝﾄﾎｰｽ(φ65),ｴﾚﾊﾝﾄ,M,0
310116,ﾌﾞﾗｼ付ﾓｰﾀｰ(100V)AMETEC,ﾓｰﾀｰ,個,40000
310117,ｽﾃﾝ金網(横型.角)330*130,ｶﾅｱﾐｶｸ,枚,0
310118,丸口金網(旧)　細目,ｶﾅｱﾐﾏﾙ,枚,1500
310119,ｽﾃﾝ金網3(袖馬用65X126),ｶﾅｱﾐ,枚,800
310120,ｸﾗﾝﾌﾟﾉﾐ(ｽﾃﾝ棚用),ｸﾗﾝﾌﾟ,個,0
310121,排気ﾎﾞｯｸｽ(550*460*540),ﾊｲｷﾎﾞｯ,台,0
310122,"SB-121用ﾃ-ﾌﾞﾙ一式(袖馬付,ｺﾝﾄﾛ-ﾗ-ﾅｼ)",SB121,ｾｯﾄ,0
310123,SB101用三方ｺｯｸ一式,ｻﾝﾎﾟｳｺ,ｾｯﾄ,0
310124,延長ｺｰﾄﾞ,ｺｰﾄﾞ,M,0
310125,ﾊﾞｷｭｰﾑ用基盤(RV201.220V.BM-50LT22),ｷﾊﾞﾝ,個,50000
310126,袖馬ｶｰﾄﾘｯｼﾞ一式(ﾎﾟｱﾒｯﾄ仕様),ｿﾃﾞｳﾏ,ｾｯﾄ,6000
310127,ﾌｯﾄｽｲｯﾁ固定ﾊﾟﾈﾙ(101用),ｺﾃｲﾊﾟﾈ,枚,3000
310128,ﾌﾛｰｸﾞﾗｽﾈｯﾄ縦型･角380ｘ110,ﾌﾛｰｸﾞﾗ,枚,0
310129,ﾌｨﾙﾀｰ(1.8m*0.5m),ﾌｨﾙﾀ-,枚,0
310130,ﾌﾛｰﾄｽｲｯﾁ(RS用),ﾌﾛｰﾄｽｲ,個,7600
310131,丸型吸引口一式(ﾎﾟｱﾒｯﾄ仕様),ﾏﾙｸﾁ,ｾｯﾄ,30000
310132,ｽﾃﾝ金網5(袖馬用127X66),ｶﾅｱﾐ,枚,800
310133,ﾘﾐｯﾄｽｲｯﾁ(ﾊﾞｷｭｰﾑ用.IBS5005),ﾘﾐｯﾄｽｲ,個,5000
310134,Ｌ棒(ｸﾗﾝﾌﾟ式棚用)ﾌｯｸ3ｹ,ｴﾙﾎﾞｳ,本,9000
310135,ｽﾃﾝ金網1(袖馬用166X76),ｶﾅｱﾐ,枚,800
310136,袖馬一式 202型　ﾎﾟｱﾒｯﾄ仕様,ｿﾃﾞｳﾏ,ｾｯﾄ,22000
310137,ﾊﾞｷｭｰﾑﾓｰﾀｰ用ｹｰﾌﾞﾙ,ｹｰﾌﾞﾙ,本,0
310138,ﾌｨﾙﾀｰ(1.8mX1.0m),ﾌｨﾙﾀｰ,枚,0
310139,ｴﾙﾎﾞ　VP30,ｴﾙﾎﾞ,個,0
310140,ｽﾃﾝ金網(角)150x150,ｶﾅｱﾐ,枚,0
310141,ﾊﾞｷｭｰﾑ台用丸口押ﾘﾝｸﾞ,ﾏﾙｸﾁ,個,0
310142,丸口吸引口ﾃﾌﾛﾝﾘﾝｸﾞ,ﾏﾙｸﾁ,個,0
310143,二部屋式角ｼﾞｮｳｺﾞ,ｶｸｼﾞｮｳ,個,0
310144,丸口吸引口ｱﾀﾞﾌﾟﾀｰ,ﾏﾙｸﾁｷｭ,個,10000
310145,ｽﾃﾝ金網(丸.旧ﾀｲﾌﾟ),ｶﾅｱﾐ,枚,800
310146,ﾎｰｽ吊りﾊﾞﾈ,ﾎｰｽﾂﾘ,個,0
310147,ﾊﾞｷｭｰﾑ電源ｺﾈｸﾀｰ　4P,ﾃﾞﾝｹﾞﾝ,個,500
310148,ﾊﾞｷｭｰﾑﾀﾝｸ用排水ﾎｰｽ,ﾊｲｽｲ,本,350
310149,ﾊﾞｷｭｰﾑ用ﾘﾚｰ(ｵﾑﾛﾝMY4　AC100-110J)連動,ﾘﾚｰ,個,1500
310150,袖馬用台座(ﾎﾟｱﾒｯﾄ),ﾀﾞｲｻﾞ,枚,0
310151,袖馬用ｽﾀﾝﾄﾞ　202用,ｿﾃﾞｳﾏ,個,8000
310152,袖馬用ｽﾀﾝﾄﾞ　RV303用,ｿﾃﾞｳﾏﾖ,個,21000
310153,ｺﾝﾄﾛｰﾗｰ一式(ﾌﾞﾗｼﾚｽﾊﾞｷｭｰﾑ用),ｺﾝﾄﾛｰﾗ,ｾｯﾄ,0
310154,金網　角　250X250,ｶﾅｱﾐ,枚,1875
310155,ﾊﾞｷｭｰﾑ用ﾘﾚｰ(G7J-4A-B),ﾘﾚｰ,個,0
310156,ｽﾃﾝ金網200X200,ｶﾅｱﾐ,枚,0
310157,ﾊﾞｷｭｰﾑｺﾝﾄﾛｰﾗｰ用ｹｰﾌﾞﾙ(ｺﾈｸﾀｰ8P付),ｹｰﾌﾞﾙ,ｾｯﾄ,3000
310158,ﾊﾞｷｭｰﾑ電源ｽｲｯﾁ用ﾅｯﾄ,ﾃﾞﾝｹﾞﾝ,個,100
310159,広口吸引口(ﾎﾟｱﾒｯﾄなし),ﾋﾛｸﾁ,個,0
310160,広口吸引口一式(新･ﾌﾛｰｸﾞﾗｽ仕様),ﾋﾛｸﾁ,式,24000
310161,ﾊﾞｷｭｰﾑ用ﾏｽｸｺﾞﾑ　小(袖馬),ﾏｽｸｺﾞﾑ,枚,2500
310163,流し台水ﾊﾈ防止板,ﾎﾞｳｼ,式,0
310164,袖馬金網止ﾋﾞｽ,ﾋﾞｽ,個,0
310165,ﾌﾞﾛｱｰﾓｰﾀｰ(FB-370),ﾓｰﾀｰ,個,0
310166,ﾊﾞｷｭｰﾑﾀﾝｸ一式(ﾌﾞﾗｼﾚｽﾓｰﾀｰ内臓),ﾀﾝｸｲｯｼ,ｾｯﾄ,0
310167,ｴﾚﾊﾝﾄﾎｰｽ用ｶﾌｽ　38φ,ｶﾌｽ,個,0
310168,ﾄﾗｲﾄﾞﾝﾊﾞﾝﾄﾞ　φ65,ﾄﾗｲﾄﾞﾝ,個,0
310169,吸音材(ﾊﾞｷｭ-ﾑBOX用),ｷｭｳｵﾝ,枚,0
310170,ﾃﾌﾛﾝﾎｰｽ金具付(ｸﾘｱﾒｲﾄ用),ﾃﾌﾛﾝﾎｰ,ｾｯﾄ,0
310171,ﾀﾝｸ一式(202.220V用ﾓ-ﾀ-付),ﾀﾝｸ,ｾｯﾄ,0
310172,ﾊｲｽﾎﾟｯﾄﾊﾞｷｭｰﾑ用ﾓｰﾀｰ(220V･BM-50LT22),ﾓｰﾀｰ,個,0
310173,ﾀﾝｸ一式(ｱﾒﾃｯｸﾌﾞﾗｼ付ﾓ-ﾀ-内臓),ﾀﾝｸｲｯｼ,ｾｯﾄ,0
310174,ｴﾚﾊﾝﾄﾎｰｽ(φ100),ｴﾚﾊﾝﾄ,M,0
310175,RV用ｻｽﾍﾟﾝﾀﾞｰ,ｻｽﾍﾟﾝﾀ,本,0
310176,ﾄﾗｲﾄﾞﾝﾊﾞﾝﾄﾞ　38φ,ﾄﾗｲﾄﾞ,個,0
310177,ﾊﾞｷｭｰﾑ用制御ﾄﾗﾝｽ,ﾄﾗﾝｽ,個,3000
310178,ﾀﾞｲﾚｸﾄﾓｰﾄﾞｽｲｯﾁ(SB101用),ｽｲｯﾁ,個,600
310179,ﾊﾞｷｭｰﾑﾓｰﾀｰ(RV201.100V用)TEC-BM501LT,ﾓｰﾀｰ,個,45000
310180,ﾊﾞｷｭ-ﾑ基盤(RV201.100V用)TEC,ｷﾊﾞﾝ,個,40000
310181,ﾊﾞｷｭｰﾑﾀﾝｸ,ﾊﾞｷｭｰﾑ,式,0
310182,広口吸引口一式(ｱﾀﾞﾌﾟﾀｰ付),ﾋﾛｸﾁｷｭ,ｾｯﾄ,30000
310183,202用ﾈｯﾄﾊﾟｲﾌﾟ(ﾈｯﾄ付),ﾈｯﾄﾊﾟｲ,ｾｯﾄ,0
310184,ｴｱｰｶﾞﾝ(SGｰ2)用ﾉｽﾞﾙ　ﾃﾌﾛﾝﾊﾟｷﾝ付,ﾉｽﾞﾙ,本,0
310185,ｽﾁｰﾑｶﾞﾝ用ﾉｽﾞﾙ一式→310184,ｽﾁｰﾑｶﾞ,ｾｯﾄ,3500
310186,新型丸口吸引口一式,ﾏﾙｸﾁｷｭ,ｾｯﾄ,20000
310187,ﾊﾞｷｭｰﾑ用ｷｬｽﾀｰ,ｷｬｽﾀｰ,個,0
310188,ﾌﾛｰｸﾞﾗｽﾈｯﾄ横型･角330ｘ130,ﾌﾛｰｸﾞﾗ,枚,0
310189,ｽﾃﾝ金網丸(弁慶用),ｶﾅｱﾐ,枚,0
310190,RV201基板用ｺﾝﾃﾞﾝｻｰ,ｺﾝﾃﾞﾝｻ,個,0
310191,袖馬ｶｰﾄﾘｯｼﾞ(ﾈｯﾄﾅｼ),ｿﾃﾞｳﾏ,個,2300
310192,RV303用大袖一式(丸口吸引口付)ｽﾃﾝ,ｵｵｿﾃﾞ,式,0
310193,ﾊﾞｷｭｰﾑ棚用ﾌﾗﾝｼﾞ,ﾌﾗﾝｼﾞ,個,800
310194,ﾊﾞｷｰﾑ本体用ﾊﾟｯｷﾝ(260ﾊﾟｲ),ﾊﾞｷｭｰﾑ,本,1600
310195,ﾊﾞｷｭｰﾑﾀﾝｸｷｬｯﾌﾟ,ﾀﾝｸ,個,0
310196,RS221用ﾎﾟﾝﾌﾟ一式,ﾎﾟﾝﾌﾟ,ｾｯﾄ,0
310197,袖馬ｶｰﾄﾘｯｼﾞ枠ﾉﾐ(上.下)新,ｿﾃﾞｳﾏｶ,ｾｯﾄ,3000
310198,袖馬ｶｰﾄﾘｯｼﾞ用台座,ｿﾃﾞｳﾏｶ,個,4000
310199,ﾊﾞｷｭｰﾑ用ﾀﾞｳﾝﾄﾗﾝｽ（ｹｰｽ付）,ﾀﾞｳﾝﾄﾗﾝｽ,個,0
310200,ﾌｯﾄｽｲｯﾁ(RS用),ﾌｯﾄｽｲｯ,個,0
310201,ｽﾃﾝﾚｽﾒｯｼｭ(枠付)2400*600,ｽﾃﾝﾚｽ,ｾｯﾄ,0
310202,ｱﾙﾐﾎ-ｽ(耐熱用)50ﾊﾟｲ,ｱﾙﾐﾎｰｽ,M,0
310203,まごの手式ﾌｯﾄｽｲｯﾁ,ﾏｺﾞﾉﾃｼ,ｾｯﾄ,0
310204,ｽﾃﾝＬ棒,ｽﾃﾝLﾎﾞ,ｾｯﾄ,0
310205,ﾊﾞｷｭｰﾑ用ﾃｰﾌﾞﾙ,ﾃｰﾌﾞﾙ,枚,12000
310206,ｽﾃﾝ棚板(RS221用),ｽﾃﾝﾀﾅｲ,枚,0
310207,"RV303用大袖,小袖ｾｯﾄ(軸付)",ｵｵｿﾃﾞｺ,ｾｯﾄ,0
310208,ｵﾀﾏ型吸引口(吸引口80Cm角),ｵﾀﾏｶﾞﾀ,ｾｯﾄ,50000
310209,ｽﾃﾝ金網(1300*1000),ｶﾅｱﾐ,M,0
310210,ｽﾃﾝ金網SUS316(1000X500),ｶﾅｱﾐ,枚,0
310211,ｽﾃﾝ金網弁慶用(袖馬),ｶﾅｱﾐ,枚,0
310212,袖馬ｽﾀﾝﾄﾞ軸,ｿﾃﾞｳﾏ,個,0
310213,広口吸引口台座,ﾋﾛｸﾁｷｭ,個,8000
310214,ｴﾚﾊﾝﾄ用ｶﾌｽ　φ75,ｶﾌｽ,個,1100
310215,ｴﾚﾊﾝﾄﾎｰｽ用ｶﾌｽφ65,ｶﾌｽ,個,0
310216,ﾊﾞｷｭｰﾑﾎﾟﾝﾌﾟ一式,ﾎﾟﾝﾌﾟ,式,0
310217,小馬一式　RV303用(軸付),ｿﾃﾞｳﾏ,式,0
310218,ｻｽﾍﾟﾝﾀﾞｰ　RS221用,ｻｽﾍﾟﾝ,本,10000
310219,RV303用ｽﾃﾝ大袖(丸口吸引口付),RV303,ｾｯﾄ,0
310220,丸口吸引口一式(RV303用),ﾏﾙｸﾁ,式,30000
310221,ｽﾃﾝ金網(角型)300*70,ｶﾅｱﾐ,枚,0
310222,ｽﾃﾝ金網(角型)320*70,ｶﾅｱﾐ,枚,0
310223,ﾊﾞｷｭｰﾑﾀﾝｸ用天板,ﾊﾞｷｭｰﾑ,枚,0
310224,RV303用丸口網(樹脂),ﾏﾙｸﾁ,枚,1200
310225,RV303用袖馬網(樹脂),ｿﾃﾞｳﾏ,枚,1200
310226,FB-2000用ｻｲﾚﾝｻｰﾓﾙﾄﾌﾟﾚｰﾝ(網付)一式,ｻｲﾚﾝｻｰ,式,0
310227,FB-3700用ｻｲﾚﾝｻｰﾓﾙﾄﾌﾟﾚｰﾝ(網無),ｻｲﾚﾝｻｰ,個,0
310228,ﾊﾞｷｭｰﾑﾎｰｽｱﾀﾞﾌﾟﾀﾊﾟｯｷﾝ,ｱﾀﾞﾌﾟﾀ,個,0
310229,ﾊﾞｷｭｰﾑ用ｺｰﾄﾞ(8ﾋﾟﾝ.ﾓｰﾀｰ),ｺｰﾄﾞ,本,6000
310230,ｴﾚﾊﾝﾄ用ｶﾌｽ　φ50,ｶﾌｽ,個,600
310231,袖馬用ﾎﾟｱﾒｯﾄ台座,ﾀﾞｲｻﾞ,枚,3000
310232,袖馬ｶｰﾄﾘｯｼﾞ用ﾎﾟｱﾒｯﾄ洗浄,ｿﾃﾞｳﾏ,枚,0
310233,ｽﾃﾝ金網(丸)303.旧,ｶﾅｱﾐ,枚,800
310234,袖馬金網　140X90,ｶﾅｱﾐ,枚,0
310235,ｺﾞﾑｷｬｯﾌﾟ,ｺﾞﾑｷｬ,個,300
310236,ﾊﾞｷｭｰﾑﾀﾝｸ水切部一式,ﾀﾝｸﾐ,ｾｯﾄ,10000
310237,ﾄﾗｲﾄﾞﾝﾊﾞﾝﾄﾞ　φ50,ﾄﾗｲﾄﾞﾝ,個,0
310238,減圧弁ｾｯﾄ(圧力計.ｻｲﾌｫﾝ管.ﾊﾞﾙﾌﾞ一式),ｹﾞﾝｱﾂ,ｾｯﾄ,0
310239,丸口吸引口台座,ﾏﾙｸﾁ,枚,5000
310240,ｱｲﾛﾝﾎｰｽﾉﾐ　1M,ｱｲﾛﾝﾎ,本,0
310241,ﾀﾞｸﾄｲﾝﾎｰｽ　φ65,ﾀﾞｸﾄ,M,0
310242,ﾊﾞｷｭｰﾑ基盤用ｺﾝﾃﾞﾝｻｰ,ｺﾝﾃﾞﾝｻ,個,0
310243,ﾅｲﾛﾝﾒｯｼｭ,ﾅｲﾛﾝ,枚,4000
310244,ﾌﾟﾗｸﾞ付ｺﾝｾﾝﾄ,ｺﾝｾﾝﾄ,本,0
310245,塩ﾋﾞｿｹｯﾄ　呼ﾋﾞ径30,ｴﾝﾋﾞ,個,0
310246,ｼﾘｺﾝﾁｭｰﾌﾞ(外径φ8),ｼﾘｺﾝ,本,0
310247,ｽﾃﾝ金網(丸)303.新,ｶﾅｱﾐ,枚,800
310248,ﾊﾞｷｭｰﾑ　ｼﾞｮｰｺﾞ本体,ｼﾞｮｰｺﾞ,個,0
310249,袖馬ｶｰﾄﾘｯｼﾞ用ﾋﾟﾝﾌﾞｯｼｭ,ｿﾃﾞｳﾏ,ｾｯﾄ,0
310250,小袖馬一式　RV303用軸なし,ｿﾃﾞｳﾏ,式,20000
310251,ﾊﾞｷｭｰﾑｺﾝﾄﾛｰﾗｰ用ｹｰﾌﾞﾙ(ｺﾈｸﾀｰ6P付),ﾊﾞｷｭｰﾑ,式,0
310252,袖馬用ﾎﾟｱﾒｯﾄ,ｿﾃﾞｳﾏ,枚,4000
310253,ｴﾚﾊﾝﾄﾎｰｽ　φ32,ｴﾚﾊﾝﾄ,M,0
310254,袖馬本体上蓋ﾉﾐ,ｿﾃﾞｳﾏ,個,0
310255,ﾊﾞｷｭｰﾑ用ﾋﾞｽ　M3-90,ﾋﾞｽ,ｾｯﾄ,0
310256,ﾊﾞｷｭｰﾑ用ｹｰﾌﾞﾙﾌｯｸ,ｹｰﾌﾞﾙ,個,0
310257,ﾚｰｻﾞｰﾏｰｶｰ取付台,ﾚｰｻﾞｰﾏ,台,0
310258,前処理台用ﾄﾞﾚﾝﾎｰｽｾｯﾄ,ﾏｴｼｮﾘ,ｾｯﾄ,0
310259,ﾜｲﾔｰﾎｰｽﾊﾞﾝﾄﾞ　40φ,ﾎｰｽﾊﾞ,個,0
310260,ｼﾐﾇｷメッシュ(受皿付),ｼﾐﾇｷﾒ,個,0
310261,ﾊﾞｷｭｰﾑﾌﾞﾗｼﾚｽﾓｰﾀｰ･ﾓｰﾀ取付ﾍﾞｰｽ付,ﾓｰﾀｰ,式,0
310262,電源ｽｲｯﾁ　G-31,ｽｲｯﾁ,個,0
310263,ﾄﾖｽﾌﾟﾘﾝｸﾞﾎｰｽ　φ19X25,ﾄﾖｽﾌﾟﾘ,M,0
310264,袖馬一式　RS221型,ｿﾃﾞｳﾏ,式,20000
310265,ﾊﾞｷｭｰﾑ本体(ﾃｰﾌﾞﾙ.ﾓｰﾀｰﾅｼ)220V,ﾊﾞｷｭｰﾑ,式,0
310266,和服移動ﾒｯｼｭ,ﾜﾌｸｲﾄﾞ,式,0
310267,ﾊﾞｷｭｰﾑ三方ｺｯｸｽﾄｯﾊﾟｰﾈｼﾞ,ﾈｼﾞ,個,0
310268,ﾊﾞｷｭｰﾑSB101(200V)本体ﾉﾐ,SB101,台,0
310269,ﾌｯﾄｽｲｯﾁ(RS221用)丸型,ﾌｯﾄｽｲｯ,個,2000
310270,袖馬一式　RV101型,ｿﾃﾞｳﾏｲ,ｾｯﾄ,20000
310271,袖馬一式(RV101.ﾎﾟｱﾒｯﾄ仕様),ｿﾃﾞｳﾏｲ,ｾｯﾄ,22000
310272,ﾎﾞｰﾙﾊﾞﾙﾌﾞ1/2,ﾎﾞｰﾙﾊﾞ,個,0
310273,ﾜﾝﾀｯﾁ継手(8φYﾁｰｽﾞ),ﾂｷﾞﾃ,個,800
310274,ﾌｯﾄｽｲｯﾁ用ﾒﾀﾙｺﾈｸﾀｰ2P(ｵｽ･ﾒｽ),ﾒﾀﾙｺﾈｸ,ｾｯﾄ,600
310275,ﾌﾞﾗｼ付ﾓ-ﾀ-(220V.ｱﾒﾃｯｸ),ﾓｰﾀｰ,個,40000
310276,ﾄﾞﾗｲﾊﾞｰ基板(ﾌﾞﾗｼ付)K-3,ｷﾊﾞﾝ,枚,0
310277,ﾄﾞﾗｲﾊﾞｰ基盤(KI-07)220V,ｷﾊﾞﾝ,枚,5000
310278,SUSｽﾘｯｸﾊﾟｲﾌﾟ,ｽﾘｯｸ,本,0
310279,ﾊﾟｲﾌﾟﾚｰﾙｻﾎﾟｰﾄ,ﾊﾟｲﾌﾟﾚ,ﾎﾝ,0
310280,ﾊﾞｷｭｰﾑ起動押しﾎﾞﾀﾝｽｲｯﾁ,ｵｼﾎﾞﾀﾝ,個,500
310281,ﾒﾀﾙｺﾈｸﾀｰ　2P,ﾒﾀﾙｺﾈｸ,ｾｯﾄ,800
310282,ﾊﾞｷｭｰﾑ用基盤(松下SPAｰ1006BL4),ｷﾊﾞﾝ,枚,85000
310283,ﾊﾞｷｭｰﾑﾓｰﾀｰ用ﾊﾟｯｷﾝ下段,ﾓｰﾀｰﾊﾟ,枚,3200
310285,検反機改造一式,ｹﾝﾀﾝｷｶ,一式,0
310286,薬品棚　小,ﾀﾅ,枚,8000
310287,ｽﾐﾁｭ-ﾌﾞ(4ﾊﾟｲ*Aﾀｲﾌﾟ),ｽﾐﾁｭｰﾌ,M,0
310289,ｽﾁｰﾑｶﾞﾝﾎｰｽﾉﾐ(森川製)1.3M,ｽﾁｰﾑｶﾞ,本,0
310290,ﾊﾞｷｭｰﾑ用ﾄﾞﾚﾝﾎｰｽ,ﾄﾞﾚﾝﾎ,M,0
310291,窓枠ﾊﾟﾈﾙ取付一式(排気用),ﾏﾄﾞﾜｸﾊ,ｾｯﾄ,0
310292,ﾎ-ｽ取付ﾌﾗﾝｼﾞ,ﾌﾗﾝｼﾞ,個,0
310293,排気工事一式,ﾊｲｷｺｳｼ,ｾｯﾄ,0
310294,ｼﾞｬｯｷﾌﾞﾛｯｸ(SB101用),ｼﾞｬｯｷﾌ,個,0
310295,ｼﾞｬｯｷ歯車(SB101用),ｼﾞｬｯｷ,ｾｯﾄ,0
310296,ｼﾞｬｯｷｸﾗﾝｸ軸(SB-101用),ｼﾞｬｯｷｸ,個,0
310297,ｽﾅｯﾌﾟﾘﾝｸﾞ(SB101用),ｽﾅｯﾌﾟﾘ,個,0
310298,ﾏｽｸｺﾞﾑ(丸)125ﾊﾟｲ*40ﾊﾟｲ*1t,ﾏｽｸｺﾞﾑ,枚,0
310299,広口ｼﾞｮｰｺﾞ用ｵｰﾘﾝｸﾞ(G-65),ｵｰﾘﾝｸﾞ,個,350
310300,ﾃｰﾌﾞﾙ穴埋部品,ｱﾅｳﾒ,個,0
310301,消臭器(ﾊﾞｷｭ-ﾑ排気ｶﾞｽ用),ｼｮｳｼｭｳ,個,0
310302,前処理台用ｳﾙﾄﾗﾏｯﾄ　1000*700*10t,ｳﾙﾄﾗ,枚,0
310304,前処理台用ｳﾙﾄﾗﾏｯﾄ　1000X500,ｳﾙﾄﾗ,枚,0
310305,ｼﾐ抜き手入機器ﾒﾝﾃﾅﾝｽ一式,ｼﾐﾇｷ,ｾｯﾄ,0
310306,ｽﾌﾟﾘﾝｸﾞﾊﾞﾗﾝｻｰ修理,ｽﾌﾟﾘﾝｸ,台,0
310307,前処理台用ｳﾙﾄﾗﾏｯﾄ　500X175X15t,ｳﾙﾄﾗ,枚,5000
310308,ｽﾌﾟﾘﾝｸﾞﾊﾞﾗﾝｻｰ(TB-30W),ﾊﾞﾗﾝｻｰ,台,0
310309,前処理用ｳﾙﾄﾗﾏｯﾄ　895X500X15t,ｳﾙﾄﾗ,枚,0
310310,ｳﾙﾄﾗﾏｯﾄ付前処理台,ﾏｴｼｮﾘﾀﾞｲ,台,0
310311,ﾊﾞｷｭｰﾑ用ｵｰﾘﾝｸﾞ(G-50),ｵｰﾘﾝｸﾞ,個,0
310312,前処理用ｳﾙﾄﾗﾏｯﾄ 900X500X15t,ｳﾙﾄﾗ,枚,0
310313,前処理用ｳﾙﾄﾗﾏｯﾄ(850X500X15ｔ),ｳﾙﾄﾗ,枚,0
310314,前処理用ｳﾙﾄﾗﾏｯﾄ　950X500X15t,ｳﾙﾄﾗ,枚,0
310315,平台別注,ﾋﾗﾀﾞｲ,台,0
310316,水ﾀﾝｸ用ﾎﾞｰﾙﾀｯﾌﾟ,ﾐｽﾞﾀﾝｸ,個,0
310317,ﾕﾆｵﾝ付ﾌﾚｷ,ﾕﾆｵﾝﾂｷ,個,0
310318,ﾊﾞｷｭｰﾑ用基盤(松下SPAｰ1006BL5),ｷﾊﾞﾝ,枚,85000
310319,角型ﾌｨﾙﾀｰ・角330×130,ﾌｨﾙﾀｰ,枚,0
310320,ﾀﾝｸ棚用ﾌｪﾙﾄ,ﾌｪﾙﾄ,枚,0
310321,φ120　ﾒｸﾗ板,ﾒｸﾗｲﾀ,枚,0
310322,電源ﾉｲｽﾞﾌｨﾙﾀｰ,ﾉｲｽﾞﾌｨﾙﾀｰ,個,0
310323,ｽﾃﾝ金網(縦型角)380*110,ｶﾅｱﾐ,枚,0
310324,ｼﾞｮｲﾝﾄﾊﾟｲﾌﾟ,ｼﾞｮｲﾝﾄﾊﾟｲﾌ,個,0
310325,ﾊﾞｷｭｰﾑ用電源ﾌﾟﾗｸﾞ,ﾌﾟﾗｸﾞ,個,0
310326,丸口ﾊﾟﾝﾁ板,ﾏﾙｸﾁﾊﾟﾝﾁｲﾀ,枚,0
310327,延長ｹｰﾌﾞﾙ(ﾒｽﾌﾟﾗｸﾞ付),ﾊﾞｷｭｰﾑ,本,0
310328,RS121用三方ｺｯｸ一式,ｻﾝﾎﾟｳ,ｾｯﾄ,0
310329,前処理台用ｳﾙﾄﾗﾏｯﾄ　750X385,ｳﾙﾄﾗ,枚,0
310330,天板ﾘﾌﾞｶﾊﾞｰ　L=250,ﾃﾝﾊﾞﾝﾘﾌﾞｶﾊ,,0
310331,三方ｺｯｸ,ｼﾞｸ,個,0
310332,前処理台用ｳﾙﾄﾗﾏｯﾄ　280X300,ｳﾙﾄﾗ,枚,0
310333,袖馬一式(SB101用)ﾘﾌﾞ無,ｿﾃﾞｳﾏｲ,ｾｯﾄ,20000
310334,ｽﾃﾝ金網(角型)300*300,ｽﾃﾝ,枚,0
310336,袖馬一式(ｸﾘｱﾒｲﾄﾐﾆ用),ｿﾃﾞｳﾏ,式,0
310337,ﾜﾝﾀｯﾁ式大袖馬,ｿﾃﾞｳﾏ,ｾｯﾄ,0
310338,ﾜﾝﾀｯﾁ式小袖馬,ｿﾃﾞｳﾏｲ,ｾｯﾄ,0
310341,薬品棚　大,ﾀﾅ,個,0
310342,薬品棚　（アクリル）,ﾀﾅ,個,0
310343,ﾜﾝﾀｯﾁ式　大袖馬金網,ｶﾅｱﾐ,枚,0
310344,ﾜﾝﾀｯﾁ式　小袖馬金網,ｶﾅｱﾐ,枚,0
310345,ﾜﾝﾀｯﾁ式　大袖馬　ポアメット,ﾎﾟｱﾒｯﾄ,枚,0
310346,ﾜﾝﾀｯﾁ式　小袖馬　ポアメット,ﾎﾟｱﾒｯﾄ,枚,0
310347,ﾜﾝﾀｯﾁ式　大袖馬ｶｰﾄﾘｯｼﾞ一式,ｶｰﾄﾘｯｼﾞ,個,0
310348,ﾜﾝﾀｯﾁ式　小袖馬ｶｰﾄﾘｯｼﾞ一式,ｶｰﾄﾘｯｼﾞ,個,0
310349,ﾜﾝﾀｯﾁ式　大袖馬ﾌｨﾙﾀｰ,ﾌｨﾙﾀｰ,枚,0
310350,ﾜﾝﾀｯﾁ式　小袖馬ﾌｨﾙﾀｰ,ﾌｨﾙﾀｰ,枚,0
310351,丸口金網　301用,ｶﾅｱﾐ,枚,0
310352,ﾃｰﾌﾞﾙｽﾀﾝﾄﾞ,ﾃｰﾌﾞﾙｽﾀﾝﾄﾞ,個,0
310353,ﾌﾞﾗｼ付ﾓｰﾀｰ(220V)AMETEC,,,0
320001,ﾏｼﾞｯｸﾌｨﾙﾀｰ洗浄(広口),ﾏｼﾞｯｸﾌ,枚,0
320002,清掃点検一式,ｾｲｿｳﾃﾝ,式,0
320003,ﾏｼﾞｯｸﾌｨﾙﾀｰ洗浄(袖馬),ﾏｼﾞｯｸﾌ,枚,0
320004,ﾏｸﾞﾈｯﾄﾘﾚｰ取替,ｽﾁｰﾑﾌﾞ,個,0
320005,ﾊﾞｷｭｰﾑ改造,ｶｲｿﾞｳ,台,0
320006,水分分離装置円板交換,ｽｲﾌﾞﾝ,枚,0
320007,ﾏｼﾞｯｸﾌｨﾙﾀｰ洗浄(丸),ﾏｼﾞｯｸﾌ,枚,2000
320008,排水ﾄﾞﾚﾝｺｯｸ取替,ｽﾁｰﾑﾌﾞ,個,0
320009,ﾊﾞｷｭｰﾑ昇圧ｱﾀﾞﾌﾟﾀｰ交換,ﾊﾞｷｭｰﾑ,式,0
320010,ﾊﾞｷｭｰﾑ排気工事一式,ﾊｲｷｺｳｼ,一式,0
320012,ﾊﾞｷｭｰﾑ三方ｺｯｸ用ｽﾄｯﾊﾟｰ,ｻﾝﾎﾟｳ,個,1500
320013,ﾐﾆﾁｭｱﾘﾚｰ取替,ﾐﾆﾁｭｱﾘ,個,0
320014,角ﾆｯﾌﾟﾙ取替,ｶｸﾆｯﾌﾟ,個,0
320015,ﾊﾞｷｭｰﾑ電気ﾎﾞｯｸｽ改造一式,ﾊﾞｷｭｰﾑ,式,0
320016,ﾊﾞｷｭｰﾑﾀﾝｸｷｬｯﾌﾟ交換,ﾀﾝｸ,個,0
320017,ﾊﾞｷｭｰﾑ用電源ｺｰﾄﾞ一式(ｺﾝｾﾝﾄ付),ﾊﾞｷｭｰﾑ,式,0
320018,広口ﾌｨﾙﾀｰ取替工費一式,ﾋﾛｸﾁ,式,0
320019,広口吸引口ｼﾞｬｯｷ交換,ﾋﾛｸﾁ,式,0
320020,ﾄﾗｲﾄﾞﾝﾊﾞﾝﾄﾞ取付,ﾄﾗｲﾄﾞﾝ,個,0
320021,ﾊﾞｷｭｰﾑ広口吸引口ﾘﾐｯﾄｽｲｯﾁ交換,ﾊﾞｷｭｰﾑ,個,0
320022,ﾊﾞｷｭｰﾑ電源ﾉｲｽﾞﾌｨﾙﾀｰ取付,ﾊﾞｷｭｰﾑ,式,0
320023,ﾊﾞｷｭｰﾑﾃｰﾌﾞﾙ脚改造,ﾃｰﾌﾞﾙｱ,本,0
320024,ﾊﾞｷｭｰﾑ駆動部基板部品交換,ﾊﾞｷｭｰﾑ,式,0
320025,ﾊﾞｷｭｰﾑ電源ｹｰﾌﾞﾙｺﾈｸﾀｰ修理,ﾃﾞﾝｹﾞﾝ,式,0
320026,ﾊﾞｷｭｰﾑ用ﾄﾞﾚﾝﾀﾝｸのみ,ﾄﾞﾚﾝﾀ,個,0
320027,ﾊﾞｷｭｰﾑ修理,ﾊﾞｷｭｰﾑ,台,0
320028,ﾊﾞｷｭｰﾑﾓｰﾀー修理,ﾓｰﾀｰ,台,0
320029,ﾊﾞｷｭｰﾑｶｰﾎﾞﾝﾌﾞﾗｼ取替,ｶｰﾎﾞﾝ,個,0
320030,ﾊﾞｷｭｰﾑﾀﾝｸ清掃,ﾀﾝｸｾ,式,0
320031,ﾌﾞﾗｼ付ﾓｰﾀｰ交換(AMETEC),ﾓｰﾀｰ,個,40000
320032,ﾊﾞｷｭｰﾑﾀﾝｸﾌｨﾙﾀｰ取替,ﾀﾝｸﾌ,枚,0
320033,ﾌﾞﾗｼﾚｽﾓｰﾀｰ取替(BBW-1006BL2),ﾓｰﾀｰﾄﾘ,個,0
320034,ﾄﾞﾗｲﾊﾞｰ基盤取替(SPA-1006BL2),ｷﾊﾞﾝﾄﾘ,枚,0
320035,ﾌﾛｰﾄｽｲｯﾁ取替,ﾌﾛｰﾄ,個,7600
320036,点検.工費一式,ﾃﾝｹﾝ.ﾊ,式,0
320037,袖馬ｶｰﾄﾘｯｼﾞ一式取替,ｿﾃﾞｳﾏ,ｾｯﾄ,0
320038,広口ﾌﾛｰｸﾞﾗｽﾈｯﾄ張替,ﾋﾛｸﾁﾌﾛ,枚,0
320039,広口金網取替,ﾋﾛｸﾁ,枚,0
320040,丸口ﾌﾛｰｸﾞﾗｽﾈｯﾄ取替,ﾏﾙｸﾁ,枚,0
320041,丸口金網取替,ﾏﾙｸﾁ,枚,0
320042,ﾊﾞｷｭｰﾑﾀﾝｸ一式取替,ﾀﾝｸ,ｾｯﾄ,0
320043,袖馬軸取替,ｿﾃﾞｳﾏ,個,0
320044,袖馬ﾌﾛｰｸﾞﾗｽﾈｯﾄ取替,ｿﾃﾞｳﾏﾌ,枚,0
320045,ﾊﾞｷｭｰﾑﾀﾝｸﾊﾟｯｷﾝ取替,ﾀﾝｸﾊﾟｯ,本,0
320046,ﾊﾞｷｭｰﾑﾀﾝｸ修理,ﾀﾝｸｼ,台,0
320047,ｶｰﾎﾞﾝﾌﾞﾗｼ修整,ｶｰﾎﾞﾝﾌ,式,0
320048,ﾊﾞｷｭｰﾑ電源ｺｰﾄﾞ取替,ﾃﾞﾝｹﾞﾝ,式,0
320049,広口吸引口修理,ﾋﾛｸﾁｷｭ,個,0
320050,ﾊﾞｷｭｰﾑﾀﾝｸ加工,ﾀﾝｸｶｺｳ,個,0
320051,袖馬ｶｰﾄﾘｯｼﾞ取替,ｿﾃﾞｳﾏ,個,3200
320052,三方ｺｯｸ修理,ｻﾝﾎﾟｳｺ,個,0
320053,袖馬一式取替,ｿﾃﾞｳﾏ,ｾｯﾄ,0
320054,ﾊﾞｷｭｰﾑ電気ﾕﾆｯﾄ修理,ﾊﾞｷｭｰﾑ,台,0
320055,広口ﾌｨﾙﾀｰ取替,ﾋﾛｸﾁﾌｨ,枚,0
320056,袖馬用ﾌｨﾙﾀｰ取替,ｿﾃﾞｳﾏﾌ,枚,0
320057,ﾊﾞｷｭｰﾑ電源ｽｲｯﾁ修理,ﾃﾞﾝｹﾞﾝ,個,0
320059,袖馬金網張替,ｿﾃﾞｳﾏ,枚,0
320060,ｽﾃﾝ大袖馬一式(303用),ｿﾃﾞｳﾏｲ,式,0
320061,ﾊﾞｷｭｰﾑ基盤修理,ｷﾊﾞﾝｼｭ,個,0
320062,ﾊﾞｷｭｰﾑﾈｯﾄ張替,ﾈｯﾄﾊﾘ,台,0
320063,ﾊﾞｷｭｰﾑ電源ｺｰﾄﾞ修理,ﾃﾞﾝｹﾞﾝ,式,0
320064,ﾊﾞｷｭｰﾑ配線修理,ﾊｲｾﾝｼｭ,式,0
320065,ﾊﾞｷｭｰﾑ吸引口取付,ｷｭｳｲﾝ,個,0
320066,ﾊﾞｷｭｰﾑ用ﾌｯﾄｽｲｯﾁ取替,ﾌｯﾄｽｲｯ,個,0
320067,ﾊﾞｷｭｰﾑﾓｰﾀｰ取付ﾍﾞｰｽ取替,ﾓｰﾀｰ,個,0
320068,水分分離装置取替,ｽｲﾌﾞﾝ,個,0
320069,ﾊﾞｷｭｰﾑｺﾝﾄﾛｰﾙ基盤取替,ｺﾝﾄﾛｰﾙ,個,0
320070,広口ﾎﾟｱﾒｯﾄ補強板取付,ﾋﾛｸﾁ,枚,0
320071,ﾊﾞｷｭｰﾑﾀﾝｸ水切板一式取替,ﾀﾝｸﾐ,ｾｯﾄ,0
320072,ﾊﾞｷｭｰﾑﾀﾝｸ清掃点検一式,ﾀﾝｸｾｲ,式,0
320073,ﾊﾞｷｭｰﾑ本体ｶﾊﾞｰ取替,ﾊﾞｷｭｰﾑ,ｾｯﾄ,0
320074,ﾊﾞｷｭｰﾑﾀﾞｲﾚｸﾄﾓｰﾄﾞｽｲｯﾁ取替,ﾀﾞｲﾚｸﾄ,,0
320075,ｺﾝﾄﾛｰﾗｰ用ﾒﾀﾙｺﾈｸﾀｰ取替,ｺﾝﾄﾛｰﾗ,ｾｯﾄ,0
320076,ﾊﾞｷｭｰﾑ排水ｺｯｸ取替,ﾊｲｽｲｺｯ,個,0
320077,ﾊﾞｷｭｰﾑ棚ﾌﾗﾝｼﾞ取替,ﾌﾗﾝｼﾞﾄ,式,0
320078,ｴﾚﾊﾝﾄﾎｰｽ取替,ｴﾚﾊﾝﾄ,本,0
320080,ﾊﾞｷｭｰﾑｼﾞｬｯｷ部修理,ｼﾞｬｯｷ,式,0
320081,ﾊﾞｷｭｰﾑ電圧200V→100Vﾍ改造,ﾊﾞｷｭｰﾑ,台,0
320082,ﾊﾞｷｭｰﾑ袖馬修理,ｿﾃﾞｳﾏｼ,ｾｯﾄ,0
320083,ｽﾁｰﾑﾄﾗｯﾌﾟ交換,ｽﾁｰﾑﾄﾗ,台,0
320084,ｽﾁｰﾑｶﾞﾝ(SG-2)交換,ｽﾁｰﾑｶﾞ,台,0
320085,ﾊﾞｷｭｰﾑﾃｰﾌﾞﾙ交換,ﾃｰﾌﾞﾙ,枚,0
320086,ﾊﾞｷｭｰﾑ電源ﾗﾝﾌﾟ交換,ﾃﾞﾝｹﾞﾝ,個,0
320087,ﾊﾞｷｭｰﾑﾌｯﾄｽｲｯﾁ修理,ﾌｯﾄｽｲｯ,個,0
320088,ﾊﾞｷｭｰﾑ丸口吸引口修理,ﾏﾙｸﾁ,個,0
320089,ﾊﾞｷｭｰﾑ制御基盤取替,ｾｲｷﾞｮ,個,0
320090,ﾊﾞｷｭｰﾑ出力ﾄﾗﾝｼﾞｽﾀ取替,ｼｭﾂﾘｮｸ,個,0
320091,ﾊﾞｷｭｰﾑﾒﾀﾙｺﾈｸﾀｰ(8P)取替,ﾒﾀﾙｺﾈ,本,0
320092,ﾊﾟﾜｰﾘﾚｰ取替(AC100V),ﾊﾟﾜｰﾘﾚ,個,3000
320093,ﾊﾞｷｭｰﾑ排気ﾀﾞｸﾄ取替,ﾊｲｷﾀﾞｸ,個,0
320094,ﾊﾞｷｭｰﾑﾓｰﾀｰﾘｰﾄﾞ線交換,ﾘｰﾄﾞｾﾝ,ｾｯﾄ,0
320095,ﾊﾞｷｭｰﾑ電気ﾕﾆｯﾄ取替,ﾃﾞﾝｷ,式,0
320096,ﾊﾞｷｭｰﾑ制御ﾄﾗﾝｽ取替,ﾄﾗﾝｽ,個,0
320097,ﾊﾞｷｭｰﾑ電源ｽｲｯﾁ取替,ﾃﾞﾝｹﾞﾝ,個,0
320098,ﾊﾞｷｭｰﾑ袖馬ｽﾀﾝﾄﾞ交換,ｿﾃﾞｳﾏ,個,0
320099,ﾊﾞｷｭｰﾑﾈｯﾄﾊﾟｲﾌﾟ一式交換,ﾈｯﾄﾊﾟｲ,ｾｯﾄ,0
320100,ﾊﾞｷｭｰﾑ防音ﾏｯﾄ張替,ﾎﾞｳｵﾝ,枚,0
320101,ﾊﾞｷｭｰﾑﾓｰﾀｰ交換(ﾌﾞﾛｱｰﾓｰﾀｰ),ﾓｰﾀｰ,個,0
320102,袖馬一式(ｶｰﾄﾘｯｼﾞﾅｼ)交換,ｿﾃﾞｳﾏ,ｾｯﾄ,16800
320103,ﾊﾞｷｭｰﾑﾀﾝｸ一式交換(ﾌﾞﾗｼ付ﾓｰﾀｰ内臓),ﾀﾝｸｲ,ｾｯﾄ,0
320104,丸口ﾌｨﾙﾀｰ取替,ﾏﾙｸﾁ,枚,0
320105,ﾊﾞｷｭｰﾑﾌｯﾄｽｲｯﾁ用ｺﾝﾄﾛｰﾗｰ修理,ｺﾝﾄﾛｰ,個,0
320106,ﾊﾞｷｭｰﾑ定電圧電源取替,ﾃﾞﾝｱﾂ,個,0
320107,ﾊﾞｷｭｰﾑﾎﾄｶﾌﾟﾗ取替,ﾎﾄｶﾌﾟﾗ,個,0
320108,ﾊﾞｷｭｰﾑ抵抗取替,ﾃｲｺｳ,個,0
320109,ﾊﾞｷｭｰﾑIC交換,ﾊﾞｷｭｰﾑ,個,0
320110,ﾊﾞｷｭｰﾑﾊﾟﾜｰﾄﾗﾝｼﾞｽﾀ取替,ﾊﾟﾜｰﾄﾗ,個,0
320111,ﾊﾞｷｭｰﾑﾓｰﾀｰｹｰﾌﾞﾙ取替,ｹｰﾌﾞﾙ,ｾｯﾄ,0
320112,ﾊﾞｷｭｰﾑﾓｰﾀｰﾊﾟｯｷﾝ(上)取替,ﾓｰﾀｰﾊﾟ,個,1500
320113,ﾊﾞｷｭｰﾑﾓｰﾀｰﾊﾟｯｷﾝ(中)取替,ﾓｰﾀｰﾊﾟ,本,1500
320114,制御基板用ﾘﾚｰ取替,ｾｲｷﾞｮ,個,0
320115,ﾊﾞｷｭｰﾑ台点検一式,ﾊﾞｷｭｰﾑ,式,0
320116,ﾊﾞｷｭｰﾑﾓｰﾀｰﾊﾟｯｷﾝ(下)取替,ﾓｰﾀｰﾊﾟ,本,3200
320117,ﾊﾞｷｭｰﾑ本体ﾊﾟｯｷﾝ取替,ﾊﾞｷｭｰﾑ,本,0
320118,ﾊﾞｷｭｰﾑ本体ﾎﾞｯｸｽ修正,ﾊﾞｷｭｰﾑ,個,0
320119,ﾊﾞｷｭｰﾑｺﾝﾄﾛｰﾙ部ｹｰｽ取替,ｺﾝﾄﾛｰﾙ,個,0
320120,ｼﾐ抜ｷ手入台修理(ｹｰｴﾑ),ﾃｲﾚﾀﾞｲ,台,0
320121,ﾌﾞﾗｼﾚｽﾓｰﾀｰ交換(TEC/100V),ﾓｰﾀｰ,個,0
320122,ﾊﾞｷｭｰﾑ吸引口点検一式,ｷｭｳｲﾝ,式,0
320123,ｼﾐ抜ﾊﾞｷｭｰﾑ台点検調整一式,ﾊﾞｷｭｰﾑ,式,0
320124,ﾊﾞｷｭｰﾑｺﾈｸﾀｰ取替(8P),ｺﾈｸﾀｰ,個,0
320125,ﾊﾞｷｭｰﾑ電源ｺﾝｾﾝﾄ取替,ｺﾝｾﾝﾄ,個,0
320126,ﾊﾞｷｭｰﾑ電源ｽｲｯﾁﾈｼﾞ取付,ﾃﾞﾝｹﾞﾝ,個,0
320127,ﾊﾞｷｭｰﾑﾀﾝｸﾓｰﾀｰ冷却口ﾌｪｲﾙﾀｰ取付,ﾀﾝｸﾓｰﾀ,枚,0
320128,ﾎﾟｱﾒｯﾄ洗浄(広口),ﾎﾟｱﾒｯﾄ,枚,3000
320129,ﾀﾝｸ一式交換(ﾌﾞﾗｼﾚｽﾓｰﾀｰ内臓),ﾀﾝｸｲｯｼ,ｾｯﾄ,0
320130,ﾊﾞｷｭｰﾑﾏｸﾞﾈｯﾄﾘﾚｰ取替,ﾏｸﾞﾈｯﾄ,個,0
320131,ﾊﾞｷｭｰﾑﾊﾝｶﾞｰﾊﾟｲﾌﾟ取付,ﾊﾝｶﾞｰ,本,0
320132,ﾊﾞｷｭｰﾑﾀﾞｲﾚｸﾄﾓｰﾄﾞｽｲｯﾁ修理,ﾀﾞｲﾚｸﾄ,個,0
320133,ﾊﾞｷｭｰﾑ本体一式取替,ﾊﾞｷｭｰﾑ,式,0
320134,ﾊﾞｷｭｰﾑ吸引口ﾎｰｽｱﾀﾞﾌﾟﾀｰ交換,ｱﾀﾞﾌﾟﾀ,個,0
320135,ﾊﾞｷｭｰﾑ基盤取替(100V.TEC),ｷﾊﾞﾝ,個,0
320136,ﾊﾞｷｭｰﾑ接続ｹｰﾌﾞﾙ修理,ｹｰﾌﾞﾙ,本,0
320137,ﾊﾞｷｭｰﾑ電源ｹｰﾌﾞﾙ取替,ﾃﾞﾝｹﾞﾝ,本,0
320138,ﾊﾞｷｭｰﾑﾓｰﾀｰﾊﾟｯｷﾝ取替(上.中.下),ﾓｰﾀｰﾊﾟ,ｾｯﾄ,0
320139,ｼﾐﾇｷ手入れ台点検一式,ｼﾐﾇｷ,式,0
320140,ﾊﾞｷｭｰﾑﾀﾝｸ天板交換,ﾊﾞｷｭｰﾑ,個,0
320141,ﾊﾞｷｭｰﾑｺﾈｸﾀｰ修理,ｺﾈｸﾀｰ,,0
320142,ﾊﾞｷｭｰﾑﾍﾞｰｽﾀﾝｸ一式交換(円板付),ﾍﾞｰｽﾀ,式,0
320143,分電盤修理,ﾌﾞﾝﾃﾞﾝ,式,0
320144,ﾊﾞｷｭｰﾑ広口昇降ﾓｰﾀｰ交換,ﾋﾛｸﾁ,式,0
320145,袖馬用ﾎﾟｱﾒｯﾄ取替,ｿﾃﾞｳﾏ,枚,0
320146,広口吸引口一式取替,ﾋﾛｸﾁ,式,0
320147,ｻﾗﾋﾞｽ取付,ﾋﾞｽ,本,0
320148,ﾎﾟｱﾒｯﾄ洗浄(丸口),ﾎﾟｱﾒｯﾄ,枚,0
320149,ﾊﾞｷｭｰﾑﾍﾞｰｽ清掃点検,ﾍﾞｰｽ,式,0
320150,広口吸引口ﾈｯﾄﾘﾝｸﾞ交換,ﾋﾛｸﾁ,個,0
320151,広口吸引口ﾊﾟﾝﾁ板取替,ﾋﾛｸﾁ,枚,4000
320152,ﾕﾆｯﾄ端子台ﾎﾞｯｸｽ一式取替,ﾕﾆｯﾄ,式,0
320153,広口ｼﾞｮｳｺﾞﾈｯﾄﾘﾝｸﾞ交換,ﾋﾛｸﾁ,式,0
320154,袖馬ﾌｨﾙﾀｰ取替工費一式,ｿﾃﾞｳﾏ,式,0
320155,ﾊﾞｷｭｰﾑ用薬品棚ﾍﾞｰｽ取替,ﾊﾞｷｭｰﾑ,個,0
320156,ﾊﾞｷｭｰﾑｼﾞｬｯｷ昇降軸取替,ｼﾞｬｯｷ,式,0
320157,ﾊﾞｷｭｰﾑｼﾞｬｯｷ歯車部修理,ｼﾞｬｯｷ,式,0
320158,ﾊﾞｷｭｰﾑｼﾞｬｯｷﾊﾝﾄﾞﾙ取付,ｼﾞｬｯｷ,個,0
320159,ﾊﾞｷｭｰﾑ用ｼﾞｮｰｺﾞ修理,ﾊﾞｷｭｰﾑ,式,0
320160,ﾈｼﾞ穴埋加工,ﾈｼﾞｱﾅｳ,個,0
320161,ﾌｯﾄｽｲｯﾁ用2Pｺﾈｸﾀｰ,ｺﾈｸﾀｰ,個,700
320162,ﾌﾛｰﾄ用ｺﾈｸﾀｰ取替,ﾌﾛｰﾄﾖｳ,個,0
320163,広口ﾌｨﾙﾀｰ(角･300X100),ﾋﾛｸﾁ,枚,300
320164,水分分離装置修理,ｽｲﾌﾞﾝ,式,0
320165,ﾊﾞｷｭｰﾑ電源ｹｰﾌﾞﾙ交換,ｹｰﾌﾞﾙ,式,0
320166,ﾌﾛｰｸﾞﾗｽﾈｯﾄ交換(角型),ﾌﾛｰｸﾞﾗ,枚,0
320167,ﾒﾝﾃﾅﾝｽ基本料,ﾒﾝﾃ.ｼﾞ,式,0
320168,ﾊﾞｷｭｰﾑｹｰﾌﾞﾙｻﾎﾟｰﾄｺﾞﾑ取替,ﾊﾞｷｭｰﾑ,個,0
320169,ﾊﾞｷｭｰﾑ電源ﾌﾟﾗｸﾞ取付,ﾃﾞﾝｹﾞﾝ,個,0
320170,ﾊﾞｷｭｰﾑ用電源ｱﾀﾞﾌﾟﾀｰ取付,ﾃﾞﾝｹﾞﾝ,式,0
320171,電気工事材料費,ﾃﾞﾝｷｺｳ,式,0
320172,ﾊﾞｷｭｰﾑﾌﾞﾛｱｰﾓｰﾀｰ取替,ﾌﾞﾛｱｰ,個,0
320173,ﾌﾛｰﾄｽｲｯﾁ修理,ﾌﾛｰﾄ,個,0
320174,電源ﾌﾟﾗｸﾞ部修理,ﾃﾞﾝｹﾞﾝ,式,0
320175,ｸﾘｰﾆﾝｸﾞ機械撤去預り一式,ｷｶｲﾃｯｷ,式,0
320176,ﾊﾞｷｭｰﾑ用ｺﾝﾄﾛｰﾗｰ一式取替,ｺﾝﾄﾛｰ,,0
320177,ﾊﾞｷｭｰﾑ端子台交換,ﾀﾝｼ,個,0
320178,ｴﾚﾊﾝﾄｶﾌｽ交換,ｴﾚﾊﾝﾄｶ,個,0
320179,交通費（自）,ｺｳﾂ･ｼﾞ,,0
320180,ﾊﾞｷｭｰﾑﾓｰﾀｰﾍﾞｱﾘﾝｸﾞ&軸交換,ﾊﾞｷｭｰﾑ,式,0
320181,ﾊﾞｷｭｰﾑ基盤部品取付金具交換,ｷﾊﾞﾝ,式,0
320182,ﾊﾞｷｭｰﾑ制御基板配線交換,ｷﾊﾞﾝ,式,0
320183,ﾊﾞｷｭｰﾑ用ｺﾝﾄﾛｰﾗｰ修理,ｺﾝﾄﾛｰ,式,0
320184,ﾌﾞﾛｱーﾓｰﾀｰ清掃,ﾌﾞﾛｱｰ,式,0
320185,背面落下防止板取付,ﾗｯｶ,個,0
320186,移動ﾒｯｼｭ張替交換,ﾒｯｼｭﾊﾘｶｴ,枚,0
320187,角型金網取替,ｶﾅｱﾐ,枚,0
320188,広口ﾌｨﾙﾀｰｾｯﾄ(ﾌｨﾙﾀｰ･ﾒｯｼｭ)交換,ﾋﾛｸﾁﾌｨﾙﾀｰｾ,式,0
320189,ﾊﾞｷｭｰﾑ駆動基盤取替(SPA1006BL5),ｸﾄﾞｳｷﾊﾞﾝ,式,0
320190,ﾌｯﾄｽｲｯﾁ用ｿｹｯﾄ取付,ｿｹｯﾄ,個,0
320191,ﾎｰｽｱﾀﾞﾌﾟﾀﾊﾟｯｷﾝ交換,ﾊﾞｷｭ,個,0
320192,ﾏｼﾞｯｸﾌｨﾙﾀｰ交換(袖馬),ﾏｼﾞｯｸﾌ,枚,0
320193,ﾋｰﾄﾝ　交換,ﾋｰﾄﾝ,個,0
320194,ﾊﾞｷｭｰﾑﾎﾟﾝﾌﾟ一式取替,ﾊﾞｷｭｰﾑ,式,0
320195,ｱﾙﾐﾌﾚｷﾎｰｽ交換,ﾊﾞｷｭｰﾑ,M,0
320196,広口ﾅｲﾛﾝﾒｯｼｭ取付,ﾅｲﾛﾝﾒｯ,枚,0
320197,ﾊﾞｷｭｰﾑ薬品棚ｸﾗﾝﾌﾟ取替,ﾊﾞｷｭｰﾑ,式,0
320198,ｸﾘｱﾒｲﾄﾐﾆ修理,ｸﾘｱﾒｲﾄ,台,0
320199,排気口ｱﾀﾞﾌﾟﾀｰｾｯﾄ取付,ﾊﾞｷｭ,個,0
320200,排気ﾎｰｽ修理,ﾊﾞｷｭ,式,0
320201,丸口ｶｰﾄﾘｯｼﾞ交換,ﾊﾞｷｭ,式,0
320203,ﾌｯﾄｽｲｯﾁ（RV用）,ﾌｯﾄｽｲｯﾁ,個,0
330001,ﾌﾚｷｼﾌﾞﾙｵｰﾄﾄﾞﾗｲﾔｰ(短),ﾌﾚｷｼﾌﾞ,ｾｯﾄ,16000
330002,ﾌﾚｷｼﾌﾞﾙｵｰﾄﾄﾞﾗｲﾔｰ(長),ﾌﾚｷｼﾌﾞ,ｾｯﾄ,16000
330003,ﾌﾚｷｼﾌﾞﾙﾄﾞﾗｲﾔ-(ﾌﾚｷﾉﾐ),ﾌﾚｷｼﾌﾞ,個,0
330004,ﾌﾚｷｼﾌﾞﾙｵｰﾄﾄﾞﾗｲﾔｰ(保持型ﾌｯﾄS.W仕様),ﾌﾚｷｼﾌﾞ,台,0
330005,ﾘﾐｯﾄｽｲｯﾁ(ﾌﾚｷｼﾌﾞﾙﾄﾞﾗｲﾔ-用),ﾘﾐｯﾄｽｲ,個,800
330006,ﾄﾞﾗｲﾔｰ用ﾌｯﾄｽｲｯﾁ,ﾌｯﾄｽｲｯ,個,2000
330007,ﾌﾚｷｼﾌﾞﾙｵｰﾄﾄﾞﾗｲﾔｰ(ﾌｯﾄｽｲｯﾁﾅｼ),ﾌﾚｷｼﾌﾞ,台,14000
330008,ﾌﾚｷｼﾌﾞﾙｵｰﾄﾄﾞﾗｲﾔｰ用ﾊﾝﾄﾞﾙ,ﾌﾚｷｼﾌﾞ,個,0
330009,ﾌﾚｷｽﾀﾝﾄﾞ(ｸﾗﾝﾌﾟ仕様)特注,ﾌﾚｷｽﾀ,台,0
330010,ﾌﾚｷｼﾌﾞﾙｵｰﾄﾄﾞﾗｲﾔｰ用ﾄﾞﾗｲﾔｰﾉﾐ,ﾌﾚｷｼﾌﾞ,台,4000
330012,ﾌﾚｷｼﾌﾞﾙｵｰﾄﾄﾞﾗｲﾔｰ(200V),ﾌﾚｷｼﾌﾞ,台,0
330013,ﾌﾚｷｼﾌﾞﾙｵｰﾄﾄﾞﾗｲﾔｰ(120V),ﾌﾚｷｼﾌﾞ,台,0
330014,ﾌﾚｷｼﾌﾞﾙｵｰﾄﾄﾞﾗｲﾔｰ(220V),ﾌﾚｷｼﾌﾞ,台,0
330015,ﾄﾞﾗｲﾔｰﾌｯﾄｽｲｯﾁ用ﾘﾐｯﾄｽｲｯﾁ,ﾘﾐｯﾄｽｲ,個,800
330016,ﾌﾚｷｼﾌﾞﾙｵｰﾄﾄﾞﾗｲﾔｰ(ﾄﾞﾗｲﾔｰﾅｼ),ﾌﾚｷｼﾌﾞ,台,0
330017,ﾄﾞﾗｲﾔｰ先端ｶﾊﾞｰ取替,ﾄﾞﾗｲﾔｰ,個,0
330018,ﾄﾞﾗｲﾔｰｸﾗﾝﾌﾟ一式取替,ｸﾗﾝﾌﾟ,式,0
330019,ﾄﾞﾗｲﾔｰ内部清掃,ﾄﾞﾗｲﾔｰ,式,0
330020,ﾄﾞﾗｲﾔｰ本体取替,ﾄﾞﾗｲﾔｰ,台,0
330021,ﾄﾞﾗｲﾔｰ用ﾌｯﾄｽｲｯﾁ取替,ﾄﾞﾗｲﾔｰ,個,0
330022,ﾄﾞﾗｲﾔｰ用ﾋｭｰｽﾞ取替,ﾄﾞﾗｲﾔｰ,個,0
330023,ﾄﾞﾗｲﾔｰｼﾞｮｲﾝﾄ部修理,ﾄﾞﾗｲﾔｰ,台,0
330024,ﾌﾚｷｼﾌﾞﾙｵｰﾄﾄﾞﾗｲﾔｰ修理,ﾄﾞﾗｲﾔ,台,0
330026,ﾄﾞﾗｲﾔｰﾌｯﾄｽｲｯﾁ用ﾘﾐｯﾄｽｲｯﾁ取替,ﾄﾞﾗｲﾔｰ,個,0
330027,ﾄﾞﾗｲﾔｰｸﾗﾝﾌﾟ押金具取付,ﾄﾞﾗｲﾔｰ,個,0
330028,ﾄﾞﾗｲﾔｰ配線修理,ﾄﾞﾗｲﾔｰ,台,0
330029,ﾄﾞﾗｲﾔｰﾍｯﾄﾞ取替,ﾄﾞﾗｲﾔｰ,個,0
330030,ﾄﾞﾗｲﾔｰ用ﾌｯﾄｽｲｯﾁｶﾊﾞｰ上.下交換,ﾄﾞﾗｲﾔｰ,ｾｯﾄ,0
330031,ﾌﾚｷｼﾌﾞﾙｵｰﾄﾄﾞﾗｲﾔｰ点検一式,ﾄﾞﾗｲﾔｰ,式,0
330032,ﾄﾞﾗｲﾔｰｼﾞｮｲﾝﾄ部取替,ﾄﾞﾗｲﾔｰ,個,0
330033,ﾄﾞﾗｲﾔｰﾊﾝﾄﾞﾙ部交換,ﾄﾞﾗｲﾔｰ,式,0
330034,ﾄﾞﾗｲﾔｰ用ﾌﾟﾗｸﾞ取付,ﾄﾞﾗｲﾔｰ,個,0
330035,ﾄﾞﾗｲﾔｰﾌﾚｷ部修理,ﾄﾞﾗｲﾔｰ,式,0
330036,ﾄﾞﾗｲﾔｰｸﾗﾝﾌﾟ部修理,ﾄﾞﾗｲﾔｰ,式,0
330037,ﾄﾞﾗｲﾔｰ ｶﾊﾞｰ部ｲﾝｻｰﾄ取付,ｶﾊﾞｰﾌﾞ,個,0
330038,ｸﾗﾝﾌﾟ部蝶ﾈｼﾞ,ﾁｮｳﾈｼﾞ,個,0
330039,ﾌﾚｷｼﾌﾞﾙｵｰﾄﾄﾞﾗｲﾔｰ(天吊),ﾌﾚｷｼ,台,0
340001,S&Aﾕﾆｯﾄ,ﾕﾆｯﾄ,台,0
340002,S&Aﾕﾆｯﾄ(ﾊﾟﾈﾙ付)　221用,ﾕﾆｯﾄ,台,0
340003,S&Aﾕﾆｯﾄ(ｴｱｰｶﾞﾝ無),ﾕﾆｯﾄ,ｾｯﾄ,0
340004,S&Aﾕﾆｯﾄ(ｽﾁｰﾑﾄﾗｯﾌﾟﾂｷ),ﾕﾆｯﾄ,ｾｯﾄ,0
340005,ｽﾁｰﾑｶﾞﾝ(SG-2)ﾉﾐ,ｽﾁｰﾑｶﾞ,台,0
340006,ｽﾁｰﾑｶﾞﾝ(SG-2)ｱｲﾛﾝﾎｰｽ1m付,ｽﾁｰﾑｶﾞ,台,0
340008,ｽﾁｰﾑｶﾞﾝ(SG-2)ﾃｸﾉﾎｰｽ1m付,ｽﾁｰﾑｶﾞ,ｾｯﾄ,31000
340009,ｽﾁｰﾑｶﾞﾝ(SG-2)ﾃｸﾉﾎ-ｽ2m付,ｽﾁｰﾑｶﾞ,ｾｯﾄ,0
340010,ｽﾁｰﾑｶﾞﾝ＆ｴｱｰﾚｷﾞｭﾚﾀｰ(ｱｲﾛﾝﾎｰｽ付),ｽﾁｰﾑｶﾞ,ｾｯﾄ,0
340012,ｽﾁｰﾑｶﾞﾝSG-2用ﾚﾊﾞｰ,ｽﾁｰﾑｶﾞ,個,0
340013,S&Aﾕﾆｯﾄ用突き上ﾊﾞﾙﾌﾞ一式,ﾂｷｱｹﾞ,ｾｯﾄ,16000
340014,ｽﾁｰﾑｶﾞﾝ(BX-303ﾖｳ),ｽﾁｰﾑｶﾞ,台,0
340015,S&Aﾕﾆｯﾄ用ﾌｯﾄｽｲｯﾁ(KFVA-1),ﾌｯﾄｽｲｯ,個,8000
340016,ｽﾁｰﾑｾﾊﾟﾚｰﾀｰ･ｴｱｰﾀﾝｸ付(303用),ｽﾁｰﾑｾ,ｾｯﾄ,0
340017,蒸気減圧弁,ｼﾞｮｳｷｹ,個,0
340018,S&Aﾕﾆｯﾄﾌｯﾄｽｲｯﾁ用ﾘﾐｯﾄｽｲｯﾁ,ﾘﾐｯﾄｽｲ,個,2000
340019,S&Aﾕﾆｯﾄ用ﾃﾌﾛﾝﾎｰｽ(玉2ｹ付),ﾃﾌﾛﾝ,ｾｯﾄ,500
340020,S&Aﾕﾆｯﾄ用端子ﾎﾞｯｸｽ一式,ﾕﾆｯﾄ,ｾｯﾄ,5000
340021,ｽﾁｰﾑｶﾞﾝ用耐熱ｶﾊﾞｰ(黒),ｽﾁｰﾑｶﾞ,本,1500
340022,電気ﾕﾆｯﾄ一式(RS221用)100V,ﾃﾞﾝｷﾕﾆ,ｾｯﾄ,0
340023,電気ﾕﾆｯﾄ一式(ﾌｯﾄｽｨｯﾁ付)200V,ﾃﾞﾝｷﾕﾆ,ｾｯﾄ,18000
340024,取付ﾊﾟﾈﾙ(ﾕﾆｯﾄ用),ﾄﾘﾂｹ,個,0
340025,ﾉｽﾞﾙﾊﾟｯｷﾝ(SG-2用)→340100,ﾉｽﾞﾙﾊﾟ,個,0
340026,S&A用ﾁｬｯｷ弁,ﾁｬｯｷ,個,2500
340027,S&Aﾕﾆｯﾄ用三方電磁弁(VX3124S-01-IGI),ﾃﾞﾝｼﾞ,個,8000
340028,S&Aﾕﾆｯﾄ用電磁弁 AB41ｰ03-6-C4A-AC100V,ﾃﾞﾝｼﾞ,個,8500
340029,S&Aﾕﾆｯﾄ ｽﾁｰﾑ用ﾎﾞｰﾙﾊﾞﾙﾌﾞ3/8,ﾊﾞﾙﾌﾞ,個,2000
340030,S&Aﾕﾆｯﾄ取付ﾊﾟﾈﾙ,ﾕﾆｯﾄ,個,0
340031,ﾄﾗﾊﾞｰｻﾕﾆｯﾄ一式,ﾄﾗﾊﾞｰｻ,ｾｯﾄ,0
340032,S&Aﾕﾆｯﾄ用ｾﾊﾟﾚｰﾀｰ本体,ｽﾁｰﾑ,個,18000
340033,ｽﾁｰﾑｶﾞﾝｾｯﾄ(特注ﾉｽﾞﾙ電磁弁BOXﾌｯﾄSW付),ｽﾁｰﾑ,ｾｯﾄ,0
340034,S&A用電磁弁(VX215HB)ｴｱｰ,ﾃﾞﾝｼﾞ,個,8000
340035,ｴｱｰ用電磁弁(220V･VC21-4G-2-01),ﾃﾞﾝｼﾞ,個,0
340036,ｽﾁｰﾑ用電磁弁(220V･VX3124S-01-4G1),ﾃﾞﾝｼﾞ,個,0
340037,S&Aﾕﾆｯﾄ取付ｱﾀｯﾁﾒﾝﾄ,ｱﾀｯﾁﾒﾝ,個,8000
340039,ｽﾁｰﾑｶﾞﾝ&ｴｱﾚｷﾞｭﾚﾀｰ(ﾃｸﾉﾎｰｽﾂｷ),ｽﾁｰﾑｶﾞ,ｾｯﾄ,0
340040,S&Aﾕﾆｯﾄｾﾊﾟﾚｰﾀｰ(ﾀﾝｸ付),ﾕﾆｯﾄ,個,0
340041,S&Aﾕﾆｯﾄﾒﾀﾙｺﾈｸﾀｰ2P　ｵｽ(ｺｰﾄﾞ付),ﾒﾀﾙｺﾈ,本,600
340042,電気ﾕﾆｯﾄ修理,ﾃﾞﾝｷﾕﾆ,台,0
340044,ｴｱｰﾚｷﾞｭﾚﾀｰ,ｴｱｰﾚｷﾞ,個,8000
340045,S&Aﾕﾆｯﾄ用ﾆｰﾄﾞﾙﾊﾞﾙﾌﾞ,ﾆｰﾄﾞﾙﾊ,個,0
340046,S&Aﾕﾆｯﾄ用ﾆｰﾄﾞﾙﾊﾞﾙﾌﾞ一式,ﾆｰﾄﾞﾙ,式,3200
340047,ｽﾁｰﾑｶﾞﾝ用ﾊﾟｯｷﾝ取替,ｽﾁｰﾑｶﾞ,個,0
340048,ｽﾁｰﾑｶﾞﾝ(SG-2)用ﾃﾌﾛﾝﾊﾟｯｷﾝ,ｽﾁｰﾑ,個,0
340049,ｴｱｰﾚｷﾞｭﾚﾀｰｶｯﾌﾟ　　RC-5,ｴｱｰﾚｷﾞ,個,0
340050,ｽﾁｰﾑｶﾞﾝ(SG-2)用ﾊﾞﾙﾌﾞ弁ｸﾛｰﾑ,ｽﾁｰﾑ,個,0
340051,ｽﾁｰﾑｶﾞﾝ用ﾚｯﾄﾈｼﾞ(3m/mﾅｯﾄ付),ｽﾁｰﾑｶﾞ,個,0
340052,ｽﾁｰﾑﾄﾗｯﾌﾟ,ｽﾁｰﾑﾄﾗ,ｾｯﾄ,0
340053,ﾕﾆｯﾄ用ﾌｯﾄｽｲｯﾁ交換,ﾕﾆｯﾄﾖｳ,個,0
340054,ﾊﾞｷｭｰﾑ電気ﾕﾆｯﾄ一式(ﾌｯﾄｽｲｯﾁﾅｼ),ﾃﾞﾝｷ,式,0
340055,電気ﾕﾆｯﾄ一式(ﾌｯﾄｽｲｯﾁ.ｺﾝﾄﾛｰﾗｰ付),ﾃﾞﾝｷ,式,0
340058,ﾕﾆｯﾄ用電磁弁交換,ﾕﾆｯﾄﾖｳ,式,0
340062,S&Aﾕﾆｯﾄ修理,ﾕﾆｯﾄ,台,0
340064,S&Aﾕﾆｯﾄ用ｹﾞｰﾄﾞﾊﾞﾙﾌﾞ,ﾕﾆｯﾄ,個,0
340065,ｽﾁｰﾑｶﾞﾝ用軸ﾊﾟｯｷﾝ取替,ｽﾁｰﾑｶﾞ,個,0
340066,ｽﾁｰﾑｶﾞﾝ用ｽﾌﾟﾘﾝｸﾞﾊﾞﾈ取替,ｽﾁｰﾑｶﾞ,個,0
340067,ｽﾁｰﾑｶﾞﾝ用ﾚﾊﾞｰ調整ﾊﾞﾈ取付,ｽﾁｰﾑｶﾞ,個,0
340068,ｽﾁｰﾑｶﾞﾝ用ﾊﾞﾙﾌﾞ軸取替,ｽﾁｰﾑｶﾞ,個,0
340069,S&Aﾕﾆｯﾄ蒸気弁交換,ｼﾞｮｳｷ,台,0
340070,ｴｱｰﾚｷﾞｭﾚﾀｰｶｯﾌﾟ　A1019-BOWL,ｴｱｰﾚｷﾞ,個,3000
340071,ｵｰﾄﾌﾛﾝﾎｰｽ(S&Aﾕﾆｯﾄﾖｳ),ｵｰﾄﾌﾛﾝ,本,0
340072,ｽﾁｰﾑｶﾞﾝｽﾀﾝﾄﾞ,ｽﾁｰﾑｶﾞ,台,0
340073,ｺﾙｸｸﾞﾘｯﾌﾟ(ｽﾁ-ﾑｶﾞﾝSG-2用),ｺﾙｸｸﾞﾘ,個,0
340074,S&Aﾕﾆｯﾄ用ﾆ-ﾄﾞﾙﾊﾞﾙﾌﾞ,ﾆ-ﾄﾞﾙﾊ,個,0
340075,ｽﾁｰﾑｶﾞﾝ修理(SG-2),ｽﾁｰﾑｶﾞ,台,0
340076,ｽﾁｰﾑｶﾞﾝ(SG-2)ﾉｽﾞﾙﾉﾐ,ｽﾁｰﾑｶﾞ,本,3500
340077,ｽﾁｰﾑｶﾞﾝ設置工事一式,ｽﾁｰﾑｶﾞ,式,0
340078,蒸気用電磁弁交換,ﾃﾞﾝｼﾞ,個,0
340079,ｽﾁｰﾑｶﾞﾝ修理(ｻﾝﾃｯｸ製),ｽﾁｰﾑｶﾞ,台,0
340080,ｽﾁｰﾑｶﾞﾝ　ﾋｰﾀｰﾎﾙﾀﾞｰ取替,ｽﾁｰﾑｶﾞﾝ ﾋｰ,個,0
340081,ｽﾁｰﾑｶﾞﾝ　ﾋｰﾀｰｽﾘｰﾌﾞ取替,ｽﾁｰﾑｶﾞﾝ ﾋｰ,ヶ,0
340082,ｽﾁｰﾑｶﾞﾝ　ﾌｪﾙﾄｽﾘｰﾌﾟ取替,ｽﾁｰﾑｶﾞﾝ ﾌｪ,個,0
340083,ｽﾁｰﾑｶﾞﾝ　注水ﾆｯﾌﾟﾙ交換,ｽﾁｰﾑｶﾞﾝ ﾁ,ヶ,0
340084,ｽﾁｰﾑｶﾞﾝ　温度ｾﾝｻｰ交換,ｽﾁｰﾑｶﾞﾝ ｵ,個,0
340085,ｽﾁｰﾑｶﾞﾝ　温度ﾋｭｰｽﾞ交換,ｽﾁｰﾑｶﾞﾝ ｵ,個,0
340086,ｽﾁｰﾑｶﾞﾝ　Oﾘﾝｸﾞ交換,ｽﾁｰﾑｶﾞﾝ ｵ,個,0
340087,S&Aﾕﾆｯﾄ用ｽﾁｰﾑﾎｰｽ1.5M(森川製),ｽﾁｰﾑ,本,0
340088,S&Aﾕﾆｯﾄ用端子ﾎﾞｯｸｽ,ﾕﾆｯﾄ,個,0
340089,S&Aﾕﾆｯﾄ用ﾒﾀﾙｺﾈｸﾀ 2P(ｵｽ･ﾒｽ),ﾕﾆｯﾄ,個,0
340090,ｽﾁｰﾑｶﾞﾝ(SG-2)用ﾊﾞﾙﾌﾞｽﾌﾟﾘﾝｸﾞ,ｽﾁｰﾑｶﾞﾝ,個,0
340091,ｽﾁｰﾑｶﾞﾝ修理(ｻﾝ京都製),ｽﾁｰﾑｶﾞﾝｼｭｳ,台,0
340092,ｽﾁｰﾑｶﾞﾝ　本体取替,ｽﾁｰﾑｶﾞﾝ ﾎﾝ,式,0
340093,ｽﾁｰﾑｶﾞﾝ　ﾌｯｸﾘﾝｸﾞ取替,ｽﾁｰﾑｶﾞﾝ ﾌｯ,個,0
340094,ｽﾁｰﾑｶﾞﾝ(SG-2)用ﾊﾞﾙﾌﾞ弁ｸﾛｰﾑ取替,ｽﾁｰﾑ,個,0
340095,ｽﾁｰﾑｶﾞﾝ(SG-2)用ﾊﾞﾙﾌﾞｽﾌﾟﾘﾝｸﾞ取替,ｽﾁｰﾑｶﾞﾝ,個,0
340096,ｽﾁｰﾑｶﾞﾝ(SG-2)用ﾊﾞﾙﾌﾞﾊﾟｯｷﾝ取替,ｽﾁｰﾑ,個,0
340097,ｽﾁｰﾑｶﾞﾝ　ﾌﾗﾝｼﾞ取替,ｽﾁｰﾑ,個,0
340098,ｽﾁｰﾑｶﾞﾝ　ﾍﾘｻｰﾄ取替,ｽﾁｰﾑｶﾞﾝ ﾋｰ,個,0
340099,S&Aﾕﾆｯﾄ用ﾌｲｯﾄｽｲｯﾁ取付ｺﾈｸﾀ　ﾒｽ,ｺﾈｸﾀ,本,0
340100,ｽﾁｰﾑｶﾞﾝ(SG-2)用ﾉｽﾞﾙﾊﾟｯｷﾝ,ｽﾁｰﾑｶﾞ,個,600
340102,S&Aﾕﾆｯﾄ用電磁弁(蒸気)AB41-03-6-C4A,ﾃﾞﾝｼﾞ,個,0
350001,ｻｰﾓｽﾀｯﾄ取替,ｽﾁｰﾑﾌﾞ,個,0
350002,ｱｲﾛﾝ水ﾀﾝｸ用給水ｺｯｸ,ｱｲﾛﾝ,個,0
350003,水洗機用ﾕﾆｵﾝﾊﾟｯｷﾝ交換,ｽｲｾﾝｷ,個,0
350004,ｱｲﾛﾝﾎｰｽﾊﾟｯｷﾝ交換,ｱｲﾛﾝﾎ,個,0
350005,ｱｲﾛﾝ用ﾋｰﾀｰ(J-88-R),ｱｲﾛﾝﾖ,本,0
350006,ﾄﾞﾗｲ機用ﾄﾗﾝｽ取替,ﾄﾞﾗｲｷ,個,0
350007,ﾎﾞｲﾗｰ用電磁ｽｲｯﾁ取替,ﾎﾞｲﾗｰﾖ,個,0
350008,ﾄﾞﾚﾝｺｯｸ修理,ｽﾁｰﾑﾌﾞ,個,0
350009,ｱｲﾛﾝ点検調整一式,ｱｲﾛﾝﾃ,式,0
350010,ﾋｰﾀｰ制御ﾘﾚｰ交換,ｽﾁｰﾑﾌﾞ,個,0
350011,ｱｲﾛﾝﾊﾞﾙﾌﾞﾌﾟﾗﾝｼﾞｬｰﾊﾞﾈ取替,ｱｲﾛﾝﾊﾞ,個,0
350012,ｱｲﾛﾝﾄﾞﾚﾝ回収装置一式取替,ｱｲﾛﾝ,式,0
350013,ｱｲﾛﾝ台平ｶﾊﾞｰ交換,ｱｲﾛﾝﾀﾞ,枚,0
350015,ｱｲﾛﾝ AHS-500 ﾎｯﾄﾎｰｽ付,ｱｲﾛﾝ,台,0
350016,ｱｲﾛﾝ　HYS-410P(ｱｲﾛﾝﾉﾐ)直本,ｱｲﾛﾝ,台,0
350017,ｱｲﾛﾝ　AHS-500  直本,ｱｲﾛﾝ,台,0
350018,アイロン(ｲｰｼﾞｰﾌﾟﾚｼﾝｸﾞ),ｱｲﾛﾝ,台,30000
350019,ｱｲﾛﾝ　J-50-R　大阪電機,ｱｲﾛﾝ,台,0
350020,ｽﾁｰﾑｱｲﾛﾝ　CDL510　直本,ｱｲﾛﾝ,台,0
350021,ｽﾁ-ﾑｱｲﾛﾝ　CDL610　直本,ｱｲﾛﾝ,台,0
350022,ｱｲﾛﾝ仕上台　FBZ-1180N　直本,ｼｱｹﾞﾀﾞ,台,390000
350023,ｽﾁｰﾑｱｲﾛﾝ HSL-510T　直本,ｱｲﾛﾝ,台,0
350024,ｽﾁ-ﾑｱｲﾛﾝ CDL520　直本,ｱｲﾛﾝ,台,0
350025,ｽﾁ-ﾑｱｲﾛﾝ CDL-410(100V)　直本,ｱｲﾛﾝ,台,0
350026,ﾊｲｽﾁｰﾑｱｲﾛﾝ　HYS-410P 直本,ｱｲﾛﾝ,台,34000
350027,ｽﾁｰﾑｱｲﾛﾝ CNL-510 100V,ｱｲﾛﾝ,台,0
350028,排水ﾎｰｽ取付,ﾊｲｽｲﾎｰ,本,0
350029,ｱｲﾛﾝｴｷｽﾄﾗﾎｰｽ取替(3M),ｱｲﾛﾝﾎ,本,0
350030,ｽﾁｰﾑﾌﾞﾗｼ*ﾎﾞｲﾗ-付(SWN-8･NBC1150･100V),ｽﾁｰﾑﾌﾞ,台,0
350031,ﾊｲｽﾁｰﾑｱｲﾛﾝ HYS-520P 直本,ｱｲﾛﾝ,台,39000
350032,ﾊｲｽﾁｰﾑｱｲﾛﾝ HYSｰ450P 100V,ｱｲﾛﾝ,台,0
350033,ﾊｲｽﾁｰﾑｱｲﾛﾝ(HYS-520P-PS2)　直本,ｱｲﾛﾝ,台,64000
350034,ｽﾁｰﾑｱｲﾛﾝ CNP-410(100V)直本,ｱｲﾛﾝ,台,68000
350035,ｱｲﾛﾝ温度調整器取替,ｱｲﾛﾝｵ,個,5000
350036,ﾋｰﾄﾚｽｽﾁｰﾑｱｲﾛﾝ　HSL-520　直本,ｱｲﾛﾝ,台,42000
350039,ｱｲﾛﾝ流量調整部ﾊﾟｯｷﾝ取替,ｱｲﾛﾝﾘ,個,0
350040,卓上式電磁ﾎﾟﾝﾌﾟPS-2　ｽｰﾊﾟｰﾎﾟﾝﾌﾟ,ｽｰﾊﾟｰﾎ,個,30000
350041,ｱｲﾛﾝASL-621J連動200V　直本,ｱｲﾛﾝ,台,0
350042,ｱｲﾛﾝｾｰﾌﾃｨﾊﾞﾙﾌﾞ(M99用),ｱｲﾛﾝｾ,個,1800
350043,ｱｲﾛﾝﾎﾞｲﾗｰ用ﾒｲﾝｽｲｯﾁ取替,ｱｲﾛﾝｽ,個,0
350044,ｱｲﾛﾝﾌﾟﾛﾃｸﾀｰﾘｰﾄﾞｺﾞﾑ取替,ｱｲﾛﾝﾌﾟ,個,0
350045,ｱｲﾛﾝ　ASL-621　　直本,ｱｲﾛﾝ,台,0
350048,ｱｲﾛﾝﾎﾞｲﾙﾀﾝｸ部温度ｽｲｯﾁ修理,ｱｲﾛﾝﾎﾞ,式,0
350049,ｱｲﾛﾝﾗﾝﾌﾟ用ﾌﾟﾚｰﾄ取付,ｱｲﾛﾝﾗ,個,0
350050,ｱｲﾛﾝ蒸気量調節器取替,ｱｲﾛﾝｼ,個,0
350051,ｱｲﾛﾝ吸水ｷｬｯﾌﾟ取替,ｱｲﾛﾝｷ,個,0
350052,ｱｲﾛﾝﾎﾞｲﾙﾀﾝｸ部ｻｰﾓｽｲｯﾁ取替,ｱｲﾛﾝﾎﾞ,個,0
350053,ﾄﾞﾚﾝ回収配管角ﾆｯﾌﾟﾙ取替,ｶｸﾆｯﾌﾟ,個,0
350054,ﾄﾞﾚﾝ回収ﾌﾗﾝｼﾞﾊﾟｯｷﾝ取替,ﾌﾗﾝｼﾞ,個,0
350055,ﾄﾞﾚﾝ回収装置,ﾄﾞﾚﾝｶ,式,0
350056,T-falｱｲﾛﾝ,ｱｲﾛﾝ,台,0
350057,ｱｲﾛﾝ水ﾀﾝｸ一式,ｱｲﾛﾝﾀﾝｸ,個,0
350058,ｱｲﾛﾝ ﾎｯﾄﾎｰｽ200V(2.5M)取替,ﾎｯﾄﾎｰｽ,本,0
360001,ﾎﾞｲﾗｰ用電源ｹｰﾌﾞﾙ取替,ﾎﾞｲﾗｰﾖ,式,0
360002,ﾎﾞｲﾗｰ用給水ﾀﾝｸ清掃,ﾎﾞｲﾗｰﾖ,式,0
360003,ﾎﾞｲﾗｰ用ｱｲﾛﾝ&ﾌﾞﾗｼ共用部品取付,ﾎﾞｲﾗｰﾖ,式,0
360004,ﾎﾞｲﾗｰ用開閉器取替,ﾎﾞｲﾗｰﾖ,個,0
360005,ﾎﾞｲﾗｰ用温度制御ﾘﾚｰ交換,ﾎﾞｲﾗｰﾖ,式,0
360006,ﾎﾞｲﾗ-NBC1450R(ﾅｵﾓﾄ),ﾎﾞｲﾗｰ,台,0
360007,ﾎﾞｲﾗー(ﾅｵﾓﾄ.NBC155R),ﾎﾞｲﾗｰ,台,0
360008,ﾗｲﾄﾎﾞｲﾗｰ(NBC-1150) 直本,ﾎﾞｲﾗｰ,台,0
360009,"ﾗｲﾄﾎﾞｲﾗｰ(NBC120･単相,100V)",ﾎﾞｲﾗｰ,台,0
360010,ﾎﾞｲﾗｰ(NBC-2070R.ﾀﾝｸ付),ﾎﾞｲﾗｰ,台,0
360011,ｱｲﾛﾝﾎﾞｲﾗｰ　OSGｰ40.200V,ﾎﾞｲﾗｰ,台,0
360012,ﾎﾞｲﾗｰ用ﾄﾞﾚﾝﾀﾝｸDH-300L,ﾄﾞﾚﾝﾀﾝ,基,0
360013,ﾎﾞｲﾗｰ用圧力計修理,ﾎﾞｲﾗｰﾖ,台,0
360014,ﾎﾞｲﾗｰ用安全弁取替,ﾎﾞｲﾗｰﾖ,個,0
360015,ﾎﾞｲﾗｰ用排気筒,ﾊｲｷﾄｳ,式,0
360016,ﾎﾞｲﾗｰ用給油ﾀﾝｸ　200L,ﾎﾞｲﾗｰ,基,0
360017,ﾎﾞｲﾗｰ用温水ﾎﾟﾝﾌﾟ　MRT-H15N60,ﾎﾞｲﾗｰ,台,0
360018,ﾎﾞｲﾗｰ用ﾄﾞﾚﾝﾀﾝｸ　DH80L,ﾄﾞﾚﾝﾀﾝ,台,0
360019,ﾎﾞｲﾗｰ用ｵｰﾘﾝｸﾞ交換,ﾎﾞｲﾗｰﾖ,個,0
360020,ﾎﾞｲﾗｰ用排水ﾎﾞｰﾙﾊﾞﾙﾌﾞ3/8,ﾎﾞｲﾗｰ,個,0
360021,ﾎﾞｲﾗｰ用排水ｴﾙﾎﾞ,ﾎﾞｲﾗｰ,個,0
360022,ﾎﾞｲﾗｰ用ﾎﾞｰﾙﾀｯﾌﾟ交換　FW-25N,ﾎﾞｲﾗｰﾖ,個,0
360023,ﾎﾞｲﾗｰNBC-1170　直本,ﾎﾞｲﾗｰ,台,0
360025,ｱｲﾛﾝﾎﾞｲﾗｰ　OSG-25(単相220V),ﾎﾞｲﾗｰ,台,0
360026,ﾎﾞｲﾗｰEB-5　200V　大阪電機,ﾎﾞｲﾗｰ,台,0
360027,ﾎﾞｲﾗｰ用給水ﾀﾝｸ一式,ﾎﾞｲﾗｰﾖ,式,0
360029,ﾎﾞｲﾗｰ　SC-100-F(直本),ﾎﾞｲﾗｰ,台,190000
360030,ﾎﾞｲﾗｰ用圧力ﾒｰﾀｰ,ﾎﾞｲﾗ,個,0
360031,ﾎﾞｲﾗｰ用電源ｺﾝｾﾝﾄ,ﾎﾞｲﾗ,個,0
360033,ﾎﾞｲﾗｰ　NBC-1250,ﾎﾞｲﾗｰ,台,0
370001,ｽﾁｰﾑﾌﾞﾗｼ SWJ-55,ｽﾁｰﾑﾌﾞ,台,0
370002,ｽﾁｰﾑﾌﾞﾗｼSC-100BF,ｽﾁｰﾑﾌﾞ,台,0
370003,ｽﾁｰﾑﾌﾞﾗｼSC-100BE(ﾄﾞﾚﾝ自動排出装置付,ｽﾁｰﾑﾌﾞ,台,0
370004,ﾏｸﾞﾈｯﾄｽｲｯﾁ取替,ｽﾁｰﾑﾌﾞ,個,0
370005,ｶﾏﾌﾀﾊﾟｯｷﾝ取替,ｽﾁｰﾑﾌﾞ,個,0
370006,ｽﾁｰﾑﾌﾞﾗｼ用ｼﾞｮｲﾝﾄ脚(4本ｾｯﾄ),ｽﾁｰﾑﾌﾞ,ｾｯﾄ,10000
370007,ｽﾁｰﾑﾌﾞﾗｼ用電源ｹｰﾌﾞﾙ,ｽﾁｰﾑﾌﾞ,本,0
370008,ｽﾁｰﾑﾌﾞﾗｼ(SWN-8本体･ｽｰﾊﾟｰﾀﾝｸのみ),ｽﾁｰﾑﾌﾞ,台,0
370009,ｽﾁｰﾑﾌﾞﾗｼ　SC-100-SF　200V,ｽﾁｰﾑﾌﾞ,台,0
370010,ｽﾁｰﾑﾌﾞﾗｼ　SWN-8　直本,ｽﾁｰﾑﾌﾞ,台,0
370011,ｽﾁｰﾑﾌﾞﾗｼSWB-10(200V)ﾅｵﾓﾄ,ｽﾁｰﾑﾌﾞ,台,0
370012,ｽﾁ-ﾑﾌﾞﾗｼ(SWB-10.100V)ﾎﾞｲﾗｰ付,ｽﾁｰﾑﾌﾞ,台,0
370013,ｽﾁ-ﾑﾌﾞﾗｼﾍｯﾄﾞ(SWN-8),ｽﾁｰﾑﾌﾞ,個,0
370014,ｽﾁｰﾑﾌﾞﾗｼ(JSN-10)ﾅｵﾓﾄ,ｽﾁｰﾑﾌﾞ,台,0
370015,ｽﾁ-ﾑﾌﾞﾗｼ(大阪電気.HI20),ｽﾁｰﾑﾌﾞ,台,0
370016,ｽﾁｰﾑﾌﾞﾗｼ(MSB-13)脚付,ｽﾁｰﾑﾌﾞ,台,0
370017,電源ｺｰﾄﾞ修理,ｽﾁｰﾑﾌﾞ,個,0
370019,ｻｰﾐｽﾀｰ取替,ｽﾁｰﾑﾌﾞ,個,0
370020,ｽﾁｰﾑﾌﾞﾗｼ用電源ｺｰﾄﾞ(SWN-8),ｽﾁｰﾑﾌﾞ,本,0
370021,ｽﾁｰﾑﾌﾞﾗｼ　MSB-13Ⅱ　脚付,ｽﾁｰﾑﾌﾞ,台,0
370022,ｽﾁｰﾑﾌﾞﾗｼSWN-8(100V)縦型,ｽﾁｰﾑﾌﾞ,台,0
370023,ﾐﾆｼﾞｪﾈ用　ﾊﾝﾄﾞﾙ,ﾊﾝﾄﾞﾙ,式,0
370024,ﾌﾞﾗｼ部ﾈｼﾞ　一式,ﾈｼﾞ,式,0
370025,ｽﾁｰﾑﾌﾞﾗｼ　NBN-101Ba,ｽﾁｰﾑﾌﾞ,台,0
370026,ﾐﾆｼﾞｪﾈ用 ｲｵﾝ交換樹脂,ｽﾁｰﾑﾌﾞ,個,0
370027,ｽﾁｰﾑﾌﾞﾗｼ,ｽﾁｰﾑﾌﾞ,台,290000
370028,ｽﾁｰﾑﾌﾞﾗｼ　SWJ-35,ｽﾁｰﾑﾌﾞ,台,0
370029,ﾐﾆｼﾞｪﾈ用防熱ｶﾊﾞｰ,ｶﾊﾞｰ,式,0
370031,ｽﾁｰﾑﾌﾞﾗｼ　NBN-111Bb,ｽﾁｰﾑﾌﾞ,台,0
370032,ｽﾁｰﾑﾌﾞﾗｼ　NBN-111Ba,ｽﾁｰﾑﾌﾞ,台,0
370033,ﾎﾞｲﾗｰ　NBN-111Sa,ﾎﾞｲﾗｰ,台,0
380001,電磁弁取替,ｽﾁｰﾑﾌﾞ,式,0
380002,ｽﾁｰﾑﾌﾞﾗｼ修理,ｽﾁｰﾑﾌﾞ,台,0
380003,ﾀｯﾁｽｲｯﾁ一式取替,ｽﾁｰﾑﾌﾞ,式,0
380005,圧力ｽｲｯﾁ取替,ｽﾁｰﾑﾌﾞ,式,0
380006,ﾊﾝｶﾞｰﾎﾟｰﾙ取付,ｽﾁｰﾑﾌﾞ,個,0
380007,温度ﾋｭｰｽﾞ取替,ｽﾁｰﾑﾌﾞ,個,0
380008,ｱｲﾛﾝﾎｰｽ取替,ｽﾁｰﾑﾌﾞ,本,0
380009,ﾁｪﾝﾊﾞｰ本体取替,ｽﾁｰﾑﾌﾞ,個,0
380010,ｽｲｯﾁ基盤取替,ｽﾁｰﾑﾌﾞ,個,0
380011,ｸﾞﾘｯﾌﾟ一式取替,ｽﾁｰﾑﾌﾞ,式,0
380012,ｾﾗﾐｯｸﾋｰﾀｰ取替,ｽﾁｰﾑﾌﾞ,個,0
380013,ﾄﾞﾚﾝ回収ﾒｯｼｭﾌｨﾙﾀｰ取替,ｽﾁｰﾑﾌﾞ,枚,0
380014,ﾎｰｽﾊﾟｯｷﾝ取替,ｽﾁｰﾑﾌﾞ,枚,0
380015,給水ﾎﾟﾝﾌﾟ交換,ｽﾁｰﾑﾌﾞ,式,7200
380016,ﾎﾞｰﾙﾊﾞﾙﾌﾞ交換,ｽﾁｰﾑﾌﾞ,個,0
380017,ｼﾝｻｰﾓ交換,ｽﾁｰﾑﾌﾞ,個,0
380018,ｽﾀｯﾄﾞﾎﾞﾙﾄ交換,ｽﾁｰﾑﾌﾞ,個,0
380019,排水ﾊﾞﾙﾌﾞ分解清掃,ｽﾁｰﾑﾌﾞ,式,0
380020,ﾄﾞﾚﾝﾎﾟｯﾄ取付,ｽﾁｰﾑﾌﾞ,個,0
380021,ﾎﾞﾘｭｰﾑﾂﾏﾐ取付,ｽﾁｰﾑﾌﾞ,個,0
380022,ﾀﾞｲﾔﾌﾗﾑ取替,ｽﾁｰﾑﾌﾞ,個,800
380023,ﾒﾝﾃﾅﾝｽ技術料(工費一式),ﾒﾝﾃ･ﾀ,式,0
380024,ﾀｯﾁｽｲｯﾁ一式　SWNｰ8用,ｽﾁｰﾑﾌﾞ,ｾｯﾄ,2800
380025,圧力弁交換,ｽﾁｰﾑﾌﾞ,個,0
380026,蒸気漏ﾚ修理,ｽﾁｰﾑﾌﾞ,式,0
380027,ｽﾁｰﾑﾌﾞﾗｼ用ﾎｰｽ　SWN-20T,ｽﾁｰﾑﾌﾞ,本,7400
380028,給水用ｼﾘｺﾝﾎｰｽ取替,ｽﾁｰﾑﾌﾞ,本,0
380029,給水ﾀﾝｸ&ｽﾄﾚﾅｰ清掃,ｽﾁｰﾑﾌﾞ,式,0
380030,ﾍｯﾄﾞ配線修理,ｽﾁｰﾑﾌﾞ,個,0
380031,"保護ｶﾊﾞｰ取付一式(ｺｰﾄﾞ,ﾎｰｽ)",ｽﾁｰﾑﾌﾞ,式,0
380032,ｽﾁｰﾑﾌﾞﾗｼﾍｯﾄﾞ取替,ｽﾁｰﾑﾌﾞ,式,0
380033,ｹｰﾌﾞﾙ交換,ｽﾁｰﾑﾌﾞ,本,0
380034,ﾊﾝｶﾞｰﾎﾟｰﾙﾅｯﾄ取付,ｽﾁｰﾑﾌﾞ,個,300
380035,電極棒取替,ｽﾁｰﾑﾌﾞ,個,0
380036,ｽﾁｰﾑﾌﾞﾗｼ基盤修理,ｽﾁｰﾑﾌﾞ,個,0
380037,ﾊﾟｲﾛｯﾄﾗﾝﾌﾟ取替,ｽﾁｰﾑﾌﾞ,個,0
380038,ｽﾁｰﾑﾌﾞﾗｼ用基盤取替,ｽﾁｰﾑﾌﾞ,個,0
380039,ｽﾁｰﾑｶﾞﾝ(SG-2)用ｽﾄﾚｰﾅｰ,ｽﾁｰﾑｶﾞ,個,0
380040,ｸﾞﾘｯﾌﾟ修理,ｽﾁｰﾑﾌﾞ,式,0
380041,ﾎﾞｲﾗｰｺﾝﾄﾛｰﾙ基板取替,ｽﾁｰﾑﾌﾞ,個,0
380042,吸水ﾎﾟﾝﾌﾟｴｱｰ抜点検,ｽﾁｰﾑﾌﾞ,式,0
380043,ﾎﾞｲﾗｰｺﾝﾄﾛｰﾙ基板修理,ｽﾁｰﾑﾌﾞ,個,0
380044,電極棒研磨,ｽﾁｰﾑﾌﾞ,個,0
380045,ｽﾁｰﾑﾌﾞﾗｼ用排水ｺｯｸ,ｽﾁｰﾑﾌﾞ,個,0
380046,ﾎﾞｲﾗｰ架台取付設置,ｽﾁｰﾑﾌﾞ,台,0
380047,電源ｽｲｯﾁ取替,ｽﾁｰﾑﾌﾞ,式,0
380048,ｸﾞﾘｯﾌﾟｶﾊﾞｰ交換,ｽﾁｰﾑﾌﾞ,ｾｯﾄ,0
380049,本体脚修理,ｽﾁｰﾑﾌﾞ,式,0
380050,給水ﾎﾟﾝﾌﾟｾﾗﾐｯｸﾎﾞｰﾙ取替,ｽﾁｰﾑﾌﾞ,個,0
380051,ﾁｬｯｷ弁修理,ｽﾁｰﾑﾌﾞ,式,0
380052,吸水ｽﾄﾚﾅｰ取付,ｽﾁｰﾑﾌﾞ,個,0
380053,ｽﾁｰﾑﾌﾞﾗｼ用押釦取替,ｽﾁｰﾑﾌﾞ,個,0
380054,ｽﾁｰﾑﾌﾞﾗｼ　SWN-8　単相220V,ｽﾁｰﾑﾌﾞ,台,0
380055,排水ﾎｰｽ取替,ｽﾁｰﾑﾌﾞ,本,0
380056,ｽﾁｰﾑﾌﾞﾗｼ用ﾄﾞﾚﾝﾎﾟｯﾄ,ｽﾁｰﾑﾌﾞ,個,800
380057,ｹｰﾌﾞﾙ断線修理,ｽﾁｰﾑﾌﾞ,式,0
380058,ｽｲｯﾁ断線修理,ｽﾁｰﾑﾌﾞ,個,0
380059,収縮ﾁｭｰﾌﾞ取付,ｽﾁｰﾑﾌﾞ,本,0
380060,ﾌﾞﾗｼ部温度ｻｰﾓ交換,ｽﾁｰﾑﾌﾞ,個,0
380061,排水配管部修整,ｽﾁｰﾑﾌﾞ,式,0
380062,安全弁修理,ｽﾁｰﾑﾌﾞ,式,0
380063,ｽﾁｰﾑﾌﾞﾗｼ排水管清掃,ｽﾁｰﾑﾌﾞ,式,0
380064,ﾎｰｽｼﾞｮｲﾝﾄ部修理,ｽﾁｰﾑﾌﾞ,式,0
380065,ｽﾁｰﾑﾌﾞﾗｼ用ﾄﾞﾚﾝﾎｰｽ,ｽﾁｰﾑﾌﾞ,本,0
380066,ｽﾁｰﾑﾌﾞﾗｼ用ｽｲｯﾁ修理,ｽﾁｰﾑﾌﾞ,個,0
380067,ﾄﾞﾚﾝﾎﾟｯﾄｷｬｯﾌﾟ交換,ｽﾁｰﾑﾌﾞ,個,0
380068,電磁弁分解清掃,ｽﾁｰﾑﾌﾞ,式,0
380069,ｽﾁｰﾑｶﾞﾝ用ﾉｽﾞﾙ一式取替,ｽﾁｰﾑｶﾞ,式,0
380070,蒸気取出ﾌﾞｯｼｭ金具取替,ｽﾁｰﾑﾌﾞ,個,0
380071,排水ﾎｰｽ交換,ｽﾁｰﾑﾌﾞ,本,0
380072,ﾐﾆｼﾞｪﾈ修理,ﾐﾆｼﾞｪﾈ,台,0
380073,ｲﾝﾅｰﾌﾞﾚｰｶｰ修理,ｽﾁｰﾑﾌﾞ,式,0
380074,ｺｰﾄﾞｽﾄｯﾊﾟｰ取付,ｽﾁｰﾑﾌﾞ,個,0
380075,ｽｰﾊﾟｰﾀﾝｸ分解清掃,ｽﾁｰﾑﾌﾞ,式,0
380076,押ﾎﾞﾀﾝ基板修理,ｽﾁｰﾑﾌﾞ,式,0
380077,ｽﾁｰﾑﾌﾞﾗｼ用蒸気調整ｺｯｸ,ｽﾁｰﾑﾌﾞ,個,0
380078,ｼﾘｺﾝﾎｰｽ交換,ｽﾁｰﾑﾌﾞ,本,0
380079,温度ﾋｭｰｽﾞ修理,ｽﾁｰﾑﾌﾞ,式,0
380080,ｽﾁｰﾑｶﾞﾝ取手部修理,ｽﾁｰﾑｶﾞ,式,0
380081,ﾎｰｽｼﾞｮｲﾝﾄ(ﾊﾟｯｷﾝ付),ﾎｰｽｼﾞ,式,0
380082,ﾊﾞｲﾒﾀﾙｻｰﾓ取替,ｽﾁｰﾑﾌﾞ,式,0
380083,ﾎﾞｲﾙﾀﾝｸ水量検知棒修理,ｽﾁｰﾑﾌﾞ,個,0
380084,ｽﾁｰﾑﾌﾞﾗｼ引掛金具修理,ｽﾁｰﾑﾌﾞ,式,0
380085,ｺﾈｸﾀｰ修理,ｽﾁｰﾑﾌﾞ,個,0
380086,ｽｰﾊﾟｰﾀﾝｸ断熱材交換,ｽﾁｰﾑﾌﾞ,式,0
380087,蒸気流量調整ﾊﾞﾙﾌﾞ修理,ｽﾁｰﾑﾌﾞ,式,0
380088,ｲｵﾝ交換樹脂交換,ｽﾁｰﾑﾌﾞ,式,0
380089,吸水ﾎｰｽ修理,ｽﾁｰﾑﾌﾞ,本,0
380090,ﾊﾝﾄﾞﾙ修理,ｽﾁｰﾑﾌﾞ,式,0
380091,吸水ﾁｭｰﾌﾞ取替,ｽﾁｰﾑﾌﾞ,式,0
380092,ｽﾁｰﾑ調整ﾊﾞﾙﾌﾞ一式交換,ｽﾁｰﾑ,式,0
380093,ｺｰﾄﾞ&ﾎｰｽ一式交換,ｽﾁｰﾑﾌﾞ,式,0
380094,銅管一式交換,ｽﾁｰﾑﾌﾞ,式,0
380095,電源ﾌﾞﾚｰｶｰ交換,ｽﾁｰﾑﾌﾞ,個,0
380096,ｽﾁｰﾑﾌﾞﾗｼ用排水ﾎｰｽ止ﾌｯｸ(ｽﾃｯｶｰS518),ｽﾁｰﾑﾌﾞ,個,0
380097,安全弁一式交換,ｽﾁｰﾑﾌﾞ,式,0
380098,ｽﾁｰﾑﾌﾞﾗｼ自動排水取付改造一式,ｽﾁｰﾑﾌﾞ,式,0
380099,ﾃﾌﾛﾝｼﾞｬﾊﾞﾗﾎｰｽ取替(2M),ｽﾁｰﾑﾌﾞ,本,9400
380100,ｲﾝﾅｰﾁｭｰﾌﾞ取替(大),ｽﾁｰﾑﾌﾞ,本,0
380101,ｲﾝﾅｰﾁｭｰﾌﾞ取替(小),ｽﾁｰﾑﾌﾞ,本,0
380102,ｷｬﾌﾟﾀｲﾔｺｰﾄﾞ取替,ｽﾁｰﾑﾌﾞ,本,0
380103,ﾊﾞﾙﾌﾞﾊﾟｲﾌﾟ交換,ｽﾁｰﾑﾌﾞ,個,0
380104,ｹｰﾌﾞﾙｺﾈｸﾀｰ修理,ｽﾁｰﾑﾌﾞ,本,0
380105,ｽﾁｰﾑﾌﾞﾗｼ用ﾄﾞﾚﾝﾀﾝｸ,ｽﾁｰﾑﾌﾞ,個,0
380106,電磁ﾎﾟﾝﾌﾟ取替　EP5,ｽﾁｰﾑﾌﾞ,個,7200
380107,ｽﾁｰﾑﾌﾞﾗｼ点検調整一式,ｽﾁｰﾑﾌﾞ,式,0
380108,電極棒清掃,ｽﾁｰﾑﾌﾞ,式,0
380109,本体内部配線修理,ｽﾁｰﾑﾌﾞ,,0
380110,差込ﾌﾟﾗｸﾞ交換,ｽﾁｰﾑﾌﾞ,個,0
380111,ﾊﾝﾄﾞﾙ取替,ｽﾁｰﾑﾌﾞ,式,0
380112,配水管ｴﾙﾎﾞ交換,ｽﾁｰﾑﾌﾞ,個,0
380113,ｹｰｱｲ電気ｺﾞﾃ(ｽﾀﾝﾄﾞﾂｷ),ﾃﾞﾝｷｺﾃ,ｾｯﾄ,27000
380114,ﾌﾞﾗｼｻｰﾐｽﾀ交換,ｽﾁｰﾑﾌﾞ,式,0
380115,SFﾁｭｰﾌﾞ交換,ｽﾁｰﾑﾌﾞ,本,0
380116,収縮ﾁｭｰﾌﾞ交換,ｽﾁｰﾑﾌﾞ,本,0
380117,水ﾀﾝｸ水位ｾﾝｻｰ修理,ｽﾁｰﾑﾌﾞ,式,0
380118,ﾎｰｽ吊ﾊﾞﾈ交換,ﾎｰｽﾂﾘﾊﾞﾈｺｳ,式,0
380119,ﾊﾞﾙﾌﾞｽﾄｯﾌﾟ交換,ﾊﾞﾙﾌﾞｽﾄｯﾌﾟ,個,0
380120,電源ﾌﾟﾗｸﾞ修理,ﾃﾞﾝｹﾞﾝﾌﾟﾗｸ,式,0
380121,ﾎﾟﾝﾌﾟ内部ﾊﾞﾙﾌﾞ取替,ｽﾁｰﾑﾌﾞ,式,0
380122,ﾆｼﾁｭｰﾌﾞ修理,ｽﾁｰﾑﾌﾞ,式,0
380123,ｹｰﾌﾞﾙ用ﾒﾀﾙｺﾈｸﾀｰ取替,ｽﾁｰﾑﾌﾞ,式,0
380124,取付ﾊﾟﾈﾙ,ﾄﾘﾂｹﾊﾟﾈﾙ,個,0
380125,電磁弁取付部　修理,ｽﾁｰﾑﾌﾞ,式,0
380126,給水ﾊﾞﾙﾌﾞｾｯﾄ交換,ｽﾁｰﾑﾌﾞ,個,0
380127,ｽﾄﾚｰﾅｰ目詰まり修理,ｽﾁｰﾑﾌﾞ,式,0
380128,ﾌﾞﾗｼﾍｯﾄﾞｴﾙﾎﾞ,ｽﾁｰﾑﾌﾞ,個,0
380129,温度ｻｰﾓｽｲｯﾁ取替,ｽﾁｰﾑﾌﾞ,個,0
380130,ﾌﾞﾗｼﾍｯﾄﾞﾈｼﾞ取付,ｽﾁｰﾑﾌﾞ,個,0
380131,ﾌﾞﾗｼ掛けﾎﾙﾀﾞｰ交換,ｽﾁｰﾑﾌﾞ,個,0
380132,ｽﾁｰﾑﾌﾞﾗｼｼｽﾀﾝｸﾌｨﾙﾀｰ交換,ｽﾁｰﾑﾌﾞ,個,0
380133,ｲｵﾝ交換樹脂ﾌｨﾙﾀｰ修理,ｽﾁｰﾑﾌﾞ,式,0
380134,圧力ｽｲｯﾁ修理,ｽﾁｰﾑﾌﾞ,式,0
380135,ﾆｼﾁｭｰﾌﾞ取替,ｽﾁｰﾑﾌﾞ,式,0
380136,ﾌﾞﾗｼﾎｰｽ修理,ｽﾁｰﾑﾌﾞ,式,0
380137,ﾀｯﾁｽｲｯﾁ押え板取替,ｽﾁｰﾑﾌﾞ,式,0
380138,ｽｰﾊﾟｰﾀﾝｸ　温度ﾋｭｰｽﾞ,ｽﾁｰﾑﾌﾞ,個,0
380139,ｽﾁｰﾑﾌﾞﾗｼ用ﾄﾞﾚﾝﾎﾟｯﾄ　ｷｬｯﾌﾟのみ,ｽﾁｰﾑﾌﾞ,個,0
380140,ｼﾝｻｰﾓ接点修理,ｽﾁｰﾑﾌﾞ,式,0
380141,ｽﾁｰﾑﾌﾞﾗｼ用押釦修理,ｽﾁｰﾑﾌﾞ,個,0
380142,ﾌﾞﾗｼﾁｪﾝﾊﾞｰｻｰﾓｽﾀｯﾄ取替,ｻｰﾓｽﾀｯﾄ,式,0
380143,ｽｰﾊﾟｰﾀﾝｸ保温材　取付,ｽﾁｰﾑﾌﾞ,個,0
380144,水ﾀﾝｸ修理,ｽﾁｰﾑﾌﾞ,式,0
380145,制御基板ﾘﾚｰ交換,ｽﾁｰﾑﾌﾞ,式,0
380146,ﾎｰｽｴﾙﾎﾞ交換,ﾎｰｽｴﾙﾎﾞ,個,0
390001,電気ｺﾞﾃ(ｽﾃﾝﾚｽ),ﾃﾞﾝｷｺﾞ,台,0
390002,電気ｺﾞﾃ修理,ﾃﾞﾝｷｺﾃ,台,0
390003,電気ｺﾞﾃ用ﾋｰﾀｰ取替,ﾃﾞﾝｷｺﾃ,個,0
390004,電気ｺﾞﾃ用ｺﾃ先取替,ﾃﾞﾝｷｺﾃ,個,0
390005,電気ｺﾞﾃ ｺﾃ部一式,ﾃﾞﾝｷｺﾞ,ｾｯﾄ,0
390006,電気ｺﾞﾃ用ﾋｰﾀｰ,ﾃﾞﾝｷｺﾞ,個,0
390007,電気ｺﾞﾃ用押ｼﾎﾞﾀﾝｽｲｯﾁ取替,ﾃﾞﾝｷｺﾞ,個,0
390008,電気ｺﾞﾃ用基板取替,ﾃﾞﾝｷｺﾞ,式,0
390009,電気ｺﾞﾃ用ｺﾃ先,ﾃﾞﾝｷｺﾃ,個,2500
390010,電気ｺﾞﾃ用基板,ﾃﾞﾝｷｺﾞ,枚,0
390011,電気ｺﾞﾃ用電源ｹｰﾌﾞﾙ取替,ﾃﾞﾝｷｺﾞ,本,0
390012,電源ｺｰﾄﾞ断線修理(電気ｺﾞﾃ用),ﾃﾞﾝｹﾞﾝ,本,0
390013,電気ｺﾞﾃ用電源ﾗﾝﾌﾟ取替,ﾃﾞﾝｷｺﾞ,個,0
390014,電気ｺﾞﾃﾞ本体ﾉﾐ,ﾃﾞﾝｷｺﾃ,台,0
390015,電気ｺﾞﾃ配線修理,ﾃﾞﾝｷ,式,0
390016,電気ｺﾞﾃ(鉄製),ﾃﾞﾝｷｺﾞﾃ(ﾃﾂ,台,38000
390017,電気ｺﾞﾃ　ﾎﾞﾘｭｰﾑ名板取替,ﾃﾞﾝｷｺﾞﾃ ﾎﾞ,個,0
390018,電気ｺﾞﾃ　本体ｹｰｽ取替,ﾃﾞﾝｷｺﾞﾃ ﾎﾝ,式,0
400001,ﾀﾞｲﾌﾞﾛｯﾄ99,ﾀﾞｲﾌﾞﾛ,台,69000
400002,電解剤 (小10袋入),ﾃﾞﾝｶｲｻ,ｾｯﾄ,0
400003,ﾀﾞｲﾌﾞﾛｯﾄｱｰﾑﾉｽﾞﾙ一式,ﾀﾞｲﾌﾞﾛ,ｾｯﾄ,8000
400004,ﾀﾞｲﾌﾞﾛｯﾄﾉｽﾞﾙｱﾀﾞﾌﾟﾀ（大）,ﾀﾞｲﾌﾞﾛ,枚,2500
400005,ﾀﾞｲﾌﾞﾛｯﾄ99修理,ﾀﾞｲﾌﾞﾛ,台,0
400006,ﾀﾞｲﾌﾞﾛｯﾄDｾｯﾄ,ﾀﾞｲﾌﾞﾛ,ｾｯﾄ,8000
400007,ﾀﾞｲﾌﾞﾛｯﾄD1(200ml),ﾀﾞｲﾌﾞﾛ,本,0
400008,ﾀﾞｲﾌﾞﾛｯﾄ小径ﾉｽﾞﾙｷｬｯﾌﾟ,ﾀﾞｲﾌﾞﾛ,個,0
400009,ﾀﾞｲﾌﾞﾛｯﾄｶｰﾎﾞﾝ電極棒ｾｯﾄ,ﾀﾞｲﾌﾞﾛ,ｾｯﾄ,0
400010,ﾀﾞｲﾌﾞﾛｯﾄﾎﾞｲﾙﾀﾝｸ,ﾀﾞｲﾌﾞﾛ,個,5000
400011,ﾀﾞｲﾌﾞﾛｯﾄ用ﾉｽﾞﾙｷｬｯﾌﾟ,ﾀﾞｲﾌﾞﾛ,個,0
400012,ﾀﾞｲﾌﾞﾛｯﾄ用ｵｰﾘﾝｸﾞ(細)S-55,ﾀﾞｲﾌﾞﾛ,個,0
400013,ﾀﾞｲﾌﾞﾛｯﾄ用ﾀﾝｸﾎｰｽ,ﾀﾞｲﾌﾞﾛ,本,800
400014,ﾀﾞｲﾌﾞﾛｯﾄｴｰｽ用(部品名),ﾀﾞｲﾌﾞﾛ,個,0
400015,ﾀﾞｲﾌﾞﾛｯﾄ'99(ｱｰﾑﾉｽﾞﾙ付),ﾀﾞｲﾌﾞﾛ,ｾｯﾄ,77000
400016,ﾀﾞｲﾌﾞﾛｯﾄﾎﾞｲﾙﾀﾝｸ(電極付),ﾀﾞｲﾌﾞﾛ,ｾｯﾄ,8000
400017,ﾀﾞｲﾌﾞﾛｯﾄD  補充用(1L入),ﾀﾞｲﾌﾞﾛ,本,0
400018,ﾀﾞｲﾌﾞﾛｯﾄ'99(海外用）,ﾀﾞｲﾌﾞﾛ,台,69000
400019,ﾀﾞｲﾌﾞﾛｯﾄ用ﾋｭｰｽﾞ,ﾀﾞｲﾌﾞﾛ,個,0
400020,ﾀﾞｲﾌﾞﾛｯﾄ用基盤,ﾀﾞｲﾌﾞﾛ,個,0
400021,ﾀﾞｲﾌﾞﾛｯﾄ ｶｰﾎﾞﾝ電極交換,ﾀﾞｲﾌﾞﾛ,ｾｯﾄ,5000
400022,ﾎﾞｲﾙﾀﾝｸ一式(ｶｰﾎﾞﾝ仕様)交換,ﾀﾞｲﾌﾞﾛ,ｾｯﾄ,0
400023,ﾀﾞｲﾌﾞﾛｯﾄD3(3L入),ﾀﾞｲﾌﾞﾛ,本,0
400024,ﾀﾞｲﾌﾞﾛｯﾄ用(目皿),ﾀﾞｲﾌﾞﾛ,個,0
400025,ﾀﾞｲﾌﾞﾛｯﾄ'99用目皿(小),ﾀﾞｲﾌﾞﾛ,枚,2000
400026,ﾀﾞｲﾌﾞﾛｯﾄ'99用ﾉｽﾞﾙ(大),ﾀﾞｲﾌﾞﾛ,個,0
400027,ﾀﾞｲﾌﾞﾛｯﾄD2　500ml,ﾀﾞｲﾌﾞﾛ,本,2500
400028,ﾀﾞｲﾌﾞﾛｯﾄD3　200ml　中和剤,ﾀﾞｲﾌﾞﾛ,本,2500
400029,ﾀﾞｲﾌﾞﾛｯﾄ用筆,ﾌﾃﾞ,本,300
400031,ﾀﾞｲﾌﾞﾛｯﾄ用給水ﾀﾝｸ(2L),ﾀﾞｲﾌﾞﾛ,個,500
400032,ﾀﾞｲﾌﾞﾛｯﾄｹｰｽ交換,ﾀﾞｲﾌﾞﾛ,個,0
400033,ﾀﾞｲﾌﾞﾛｯﾄ用蒸気ﾎﾙﾀﾞｰ(目皿付),ﾀﾞｲﾌﾞﾛ,ｾｯﾄ,0
400034,ﾀﾞｲﾌﾞﾛｯﾄ用基盤交換,ﾀﾞｲﾌﾞﾛ,枚,0
400035,ﾀﾞｲﾌﾞﾛｯﾄ電源ﾗﾝﾌﾟ交換,ﾀﾞｲﾌﾞﾛ,個,0
400036,ﾀﾞｲﾌﾞﾛｯﾄ用ﾋｭｰｽﾞﾎﾙﾀﾞｰ,ﾀﾞｲﾌﾞﾛ,個,900
400037,ﾀﾞｲﾌﾞﾛｯﾄ用ﾋｭｰｽﾞ取替,ﾀﾞｲﾌﾞﾛ,個,0
400038,ﾀﾞｲﾌﾞﾛｯﾄ用ﾉｽﾞﾙ取替,ﾀﾞｲﾌﾞﾛ,個,0
400039,ﾀﾞｲﾌﾞﾛｯﾄ用ｱｰﾑﾉｽﾞﾙ取替,ﾀﾞｲﾌﾞﾛ,個,0
400040,ﾀﾞｲﾌﾞﾛｯﾄﾋｭｰｽﾞﾎﾙﾀﾞｰ交換,ﾀﾞｲﾌﾞﾛ,個,0
400041,電解剤・1Kg(ｽﾌﾟｰﾝ付),ﾃﾞﾝｶｲ,個,0
400042,ﾀﾞｲﾌﾞﾛｯﾄｱｰﾑﾉｽﾞﾙ用ﾎｰｽ,ﾀﾞｲﾌﾞﾛ,本,0
400043,ﾀﾞｲﾌﾞﾛｯﾄ用ﾘｰﾄﾞｺﾞﾑ交換,ﾀﾞｲﾌﾞﾛ,個,0
400044,ﾀﾞｲﾌﾞﾛｯﾄﾋｭｰｽﾞﾎﾞｯｸｽ交換,ﾀﾞｲﾌﾞﾛ,個,0
400045,ﾀﾞｲﾌﾞﾛｯﾄ電極清掃,ﾀﾞｲﾌﾞﾛ,個,0
400047,ﾀﾞｲﾌﾞﾛｯﾄﾎｰｽ交換,ﾀﾞｲﾌﾞﾛ,本,0
400048,ﾀﾞｲﾌﾞﾛｯﾄ用給水ﾎｰｽ,ﾀﾞｲﾌﾞﾛ,本,0
400049,ﾀﾞｲﾌﾞﾛｯﾄﾊﾟｯｷﾝ取替(水ﾀﾝｸ用),ﾀﾞｲﾌﾞﾛ,個,0
400050,ﾀﾞｲﾌﾞﾛｯﾄ用電源ｽｲｯﾁ取替,ﾀﾞｲﾌﾞﾛ,個,0
400051,ﾀﾞｲﾌﾞﾛｯﾄ99(110V),ﾀﾞｲﾌﾞﾛ,台,0
400052,ﾀﾞｲﾌﾞﾛｯﾄ電源ｽｲｯﾁ,ﾀﾞｲﾌﾞﾛ,個,0
400053,ﾀﾞｲﾌﾞﾛｯﾄ用水ﾀﾝｸ交換,ﾀﾞｲﾌﾞﾛ,個,0
400054,ﾀﾞｲﾌﾞﾛｯﾄ'99(120V),ﾀﾞｲﾌﾞﾛ,台,0
400055,ﾀﾞｲﾌﾞﾛｯﾄD3　4Ｌ入,ﾀﾞｲﾌﾞﾛ,個,19200
400056,ﾀﾞｲﾌﾞﾛｯﾄ電源ｹｰﾌﾞﾙ交換,ﾀﾞｲﾌﾞﾛ,本,0
400057,ﾀﾞｲﾌﾞﾛｯﾄｵｰﾘﾝｸﾞ(細)取替,ﾀﾞｲﾌﾞﾛ,本,0
400058,ﾀﾞｲﾌﾞﾛｯﾄD　4L入,ﾀﾞｲﾌﾞﾛ,個,19000
400059,ﾀﾞｲﾌﾞﾛｯﾄﾎﾞｲﾙﾀﾝｸ交換,ﾀﾞｲﾌﾞﾛ,個,0
400060,ﾀﾞｲﾌﾞﾛｯﾄ用ﾉｽﾞﾙｱﾀﾞﾌﾟﾀｰ(小),ﾀﾞｲﾌﾞﾛ,個,3000
400061,ﾀﾞｲﾌﾞﾛｯﾄ用ﾀﾝｸﾎｰｽ(ﾊﾞｲﾄﾝ),ﾀﾞｲﾌﾞﾛ,本,200
400062,ﾀﾞｲﾌﾞﾛｯﾄﾎﾞｲﾙﾀﾝｸ清掃,ﾀﾞｲﾌﾞﾛ,個,0
400063,ﾀﾞｲﾌﾞﾛｯﾄﾈｵｽﾎﾟ交換,ﾀﾞｲﾌﾞﾛ,個,0
400064,ﾀﾞｲﾌﾞﾛｯﾄ用電源ﾗﾝﾌﾟ,ﾀﾞｲﾌﾞﾛ,個,0
400065,ﾀﾞｲﾌﾞﾛｯﾄ用水ﾀﾝｸ,ﾀﾞｲﾌﾞﾛ,個,2000
400066,ﾀﾞｲﾌﾞﾛｯﾄ用端子交換,ﾀﾞｲﾌﾞﾛ,個,0
400067,ﾀﾞｲﾌﾞﾛｯﾄ用電源ｹｰﾌﾞﾙ修理,ﾀﾞｲﾌﾞﾛ,本,0
400068,ﾀﾞｲﾌﾞﾛｯﾄﾋｭｰｽﾞﾎﾞｯｸｽ修理,ﾀﾞｲﾌﾞﾛ,個,0
400069,ﾀﾞｲﾌﾞﾛｯﾄ可変抵抗交換,ﾀﾞｲﾌﾞﾛ,個,0
400070,ﾀﾞｲﾌﾞﾛｯﾄ本体清掃一式,ﾀﾞｲﾌﾞﾛ,式,0
400071,ﾀﾞｲﾌﾞﾛｯﾄ用水漏防止ﾊﾟｯｷﾝ取替,ﾀﾞｲﾌﾞﾛ,個,0
400072,ﾀﾞｲﾌﾞﾛｯﾄｵｰﾘﾝｸﾞ(太)取替,ﾀﾞｲﾌﾞﾛ,本,0
400073,ﾀﾞｲﾌﾞﾛｯﾄ内部配線交換,ﾀﾞｲﾌﾞﾛ,式,0
400074,ﾀﾞｲﾌﾞﾛｯﾄ用ﾉｽﾞﾙｱﾀﾞﾌﾟﾀｰ,ﾀﾞｲﾌﾞﾛ,,0
400076,ﾀﾞｲﾌﾞﾛｯﾄ蒸気穴蓋交換,ﾀﾞｲﾌﾞﾛ,個,0
400077,ﾀﾞｲﾌﾞﾛｯﾄ用ﾈｵｽﾎﾟ,ﾀﾞｲﾌﾞﾛ,個,1000
400078,ﾀﾞｲﾌﾞﾛｯﾄ用ﾊﾟｯｷﾝ太,ﾀﾞｲﾌﾞﾛ,個,250
400079,ﾀﾞｲﾌﾞﾛｯﾄ用蒸気抜金具取付,ﾀﾞｲﾌﾞﾛ,式,0
400080,ﾀﾞｲﾌﾞﾛｯﾄｴｰｽ用電極ｾｯﾄ,ﾀﾞｲﾌﾞﾛ,式,0
400081,ﾀﾞｲﾌﾞﾛｯﾄｴ-ｽ本体,ﾀﾞｲﾌﾞﾛ,台,98000
400082,ﾀﾞｲﾌﾞﾛｯﾄ'99　薬品備品付,ﾀﾞｲﾌﾞﾛ,ｾｯﾄ,87000
400083,ﾀﾞｲﾌﾞﾛｯﾄ備品薬品ｾｯﾄ,ﾀﾞｲﾌﾞﾛ,ｾｯﾄ,18000
400084,ﾀﾞｲﾌﾞﾛｯﾄ用備品ｾｯﾄ,ﾀﾞｲﾌﾞﾛ,ｾｯﾄ,10000
400085,ｽｰﾊﾟｰﾀﾞｲﾌﾞﾛｯﾄｴｰｽ,ｽｰﾊﾟｰﾀ,台,0
400086,ﾀﾞｲﾌﾞﾛｯﾄ'99(230V),ﾀﾞｲﾌﾞﾛ,台,0
400087,ﾀﾞｲﾌﾞﾛｯﾄ’99(220V),ﾀﾞｲﾌﾞﾛ,台,0
400088,ﾄﾗｲｱｯｸﾀﾞｲｵｰﾄﾞ交換,ﾀﾞｲｵｰﾄﾞｺｳ,式,0
400089,ﾀﾞｲﾌﾞﾛｯﾄﾎﾞﾘｭｰﾑﾂﾏﾐ交換,ﾎﾞﾘｭｰﾑﾂﾏﾐ,個,0
400090,断線修理,ﾀﾞﾝｾﾝ･ﾀﾞｲﾌ,式,0
400091,ﾀﾞｲﾌﾞﾛｯﾄﾋｭｰｽﾞｿｹｯﾄ交換,ﾀﾞｲﾌﾞ,式,0
400092,ﾀﾞｲﾌﾞﾛｯﾄ用ｵｰﾘﾝｸﾞ(太)　G-55,ﾀﾞｲﾌﾞﾛ,個,0
400093,ﾀﾞｲﾌﾞﾛｯﾄD2　200ml,ﾀﾞｲﾌﾞﾛ,本,2000
400095,ﾀﾞｲﾌﾞﾛｯﾄD2　1L入,ﾀﾞｲﾌﾞﾛ,本,7000
400096,ﾀﾞｲﾌﾞﾛｯﾄD3　1L入,ﾀﾞｲﾌﾞﾛ,本,0
400097,ﾀﾞｲﾌﾞﾛｯﾄ用ﾋｭｰｽﾞｿｹｯﾄ,ﾀﾞｲﾌﾞﾛｯﾄﾖｳ,個,0
410001,ｱｲﾛﾝﾌﾟﾗﾝｼﾞｬｰ取替,ｱｲﾛﾝﾌﾟ,個,0
410002,ｱｲﾛﾝﾎｰｽﾆｯﾌﾟﾙ取替,ｱｲﾛﾝﾎ,個,0
410003,ｱｲﾛﾝｻｰﾐｽﾀｰ取替,ｱｲﾛﾝｻ,個,0
410004,ｱｲﾛﾝ蒸気ﾊﾞﾙﾌﾞｾｯﾄ交換,ｱｲﾛﾝｼﾞ,一式,0
410005,ｱｲﾛﾝ釜ﾌﾀﾊﾟｯｷﾝ取替,ｱｲﾛﾝｶ,個,0
410006,ｱｲﾛﾝ流量調節一式取替,ｱｲﾛﾝﾘ,式,0
410007,ｱｲﾛﾝﾎｰｽ修理,ｽﾁｰﾑﾌﾞ,式,0
410008,ｱｲﾛﾝﾊﾞﾙﾌﾞｽﾄｯﾊﾟｰﾈｼﾞ交換,ｱｲﾛﾝ,個,0
410009,ｱｲﾛﾝ用排水ﾊﾞﾙﾌﾞ,ｱｲﾛﾝ,個,0
410010,ｱｲﾛﾝ用ﾊﾞﾗﾝｻｰ交換(1.5kg～2.5kg),ｱｲﾛﾝ,台,0
410011,ｱｲﾛﾝｽｲｯﾁ用基板修理,ｱｲﾛﾝ,個,0
410012,ｱｲﾛﾝ遮熱板取替,ｱｲﾛﾝｼ,個,0
410013,ﾊﾞﾎﾟﾚﾗｱｲﾛﾝ1000 修理,ﾊﾞﾎﾟﾚﾗ,台,0
410014,ﾊﾞﾎﾟﾚﾗｱｲﾛﾝ ｲﾉｯｸｽ1000修理,ｱｲﾛﾝｼ,台,0
410015,ｱｲﾛﾝｶﾊﾞｰ修理,ｱｲﾛﾝｶ,個,0
410016,ｱｲﾛﾝ電磁弁分解清掃,ｱｲﾛﾝﾃﾞ,式,0
410017,ｱｲﾛﾝﾊﾞﾙﾌﾞﾊﾝﾄﾞﾙｽﾌﾟﾘﾝｸﾞ交換,ｱｲﾛﾝﾊﾞ,個,0
410018,ｱｲﾛﾝﾎﾙﾀﾞｰﾃﾌﾛﾝﾌﾞｯｼｭ交換,ｱｲﾛﾝﾎ,個,0
410019,ｱｲﾛﾝ安全ｷｬｯﾌﾟ交換,ｱｲﾛﾝｱ,個,0
410020,ｱｲﾛﾝ水漏れ修理,ｱｲﾛﾝﾐ,台,0
410021,ｱｲﾛﾝ本体ｶﾊﾞｰ取替,ｱｲﾛﾝﾎ,ｾｯﾄ,0
410022,ｱｲﾛﾝ電磁弁取替,ｱｲﾛﾝﾃﾞ,個,0
410023,ｱｲﾛﾝ中部ｶﾊﾞｰ取替,ｱｲﾛﾝｶ,台,0
410024,ｱｲﾛﾝ本体ﾊﾟｯｷﾝ取替,ｱｲﾛﾝﾎ,個,0
410025,ｱｲﾛﾝ底部清掃.修理,ｱｲﾛﾝｿ,式,0
410026,ｱｲﾛﾝ電源部修理,ｱｲﾛﾝﾃﾞ,式,0
410027,ｱｲﾛﾝｺｰﾄﾞ断線修理,ｱｲﾛﾝｺ,式,0
410028,ｱｲﾛﾝﾎｰｽ修正.調整,ｱｲﾛﾝﾎｰ,本,0
410029,ｱｲﾛﾝｼﾞｬﾝｸｼｮﾝ交換,ｱｲﾛﾝｼﾞ,ｾｯﾄ,0
410030,ｱｲﾛﾝﾎﾞｲﾗｰﾀﾝｸ分解清掃一式,ｱｲﾛﾝﾎﾞ,一式,0
410031,ｱｲﾛﾝﾎﾞｲﾗｰ用ﾀﾝｸ交換,ｱｲﾛﾝﾎﾞ,個,0
410032,ｱｲﾛﾝﾎﾞｲﾗｰﾀﾝｸ取替,ｱｲﾛﾝﾎﾞ,個,0
410033,ｱｲﾛﾝｵｰﾘﾝｸﾞ取替,ｱｲﾛﾝｵ,個,0
410034,ｱｲﾛﾝ後部ｶﾊﾞｰ交換,ｱｲﾛﾝｺ,個,0
410035,ｱｲﾛﾝ上部ｶﾊﾞｰ取替,ｱｲﾛﾝｶ,個,0
410036,ｱｲﾛﾝﾁｭｰﾌﾞ割れ修理,ｱｲﾛﾝﾁｭ,台,0
410037,ｱｲﾛﾝ温度調節器修理,ｱｲﾛﾝｵ,個,0
410038,ｱｲﾛﾝﾊﾝﾄﾞﾙ取替,ｱｲﾛﾝﾊ,個,0
410039,ｱｲﾛﾝ押ｼ釦取替,ｱｲﾛﾝｵ,個,0
410040,ｱｲﾛﾝ取手ｶﾊﾞｰ取替,ｱｲﾛﾝﾄ,個,0
410041,ｱｲﾛﾝ電源端子(ｺﾈｸﾀ)取替,ｱｲﾛﾝﾃﾞ,個,0
410042,ｱｲﾛﾝ本体ｽﾁｰﾑﾎｰｽ取替,ｱｲﾛﾝｽ,本,0
410043,ｱｲﾛﾝ下部ｶﾊﾞｰ取替,ｱｲﾛﾝｶ,個,0
410044,ｱｲﾛﾝ圧力ｽｲｯﾁ取替,ｱｲﾛﾝｱ,個,0
410045,ｱｲﾛﾝ台修理,ｱｲﾛﾝﾀﾞ,台,0
410046,ｱｲﾛﾝﾀﾝｸﾊﾟｯｷﾝ取替,ｱｲﾛﾝﾀ,個,0
410047,ｱｲﾛﾝ電源部ﾀｰﾐﾅﾙ取替,ｱｲﾛﾝﾃﾞ,台,0
410048,ﾊﾞﾎﾟﾚﾗｱｲﾛﾝ　ｽｰﾊﾟｰﾌﾟﾛ修理,ｱｲﾛﾝｼ,台,0
410049,ｱｲﾛﾝ安全ｷｬｯﾌﾟ(ｲﾉｯｸｽ1000用),ｱｲﾛﾝｱ,個,5000
410050,ｱｲﾛﾝ調整ﾉﾌﾞ修理,ｱｲﾛﾝﾁ,個,0
410051,ｱｲﾛﾝ蒸気漏れ修理,ｱｲﾛﾝｼﾞ,式,0
410052,ｱｲﾛﾝｽｲｯﾁﾗﾝﾌﾟ取替,ｱｲﾛﾝｽ,個,0
410053,ｱｲﾛﾝﾎﾞｲﾗｰ部修理,ｱｲﾛﾝﾎﾞ,式,0
410054,ｱｲﾛﾝ温度ｽｲｯﾁ取替,ｱｲﾛﾝｵ,個,0
410055,ｱｲﾛﾝ蒸気噴出口修理,ｱｲﾛﾝｼﾞ,台,0
410056,ｱｲﾛﾝ修理(AR-20),ｱｲﾛﾝｼ,台,0
410057,ｱｲﾛﾝ吸水ｷｬｯﾌﾟ部ﾊﾟｯｷﾝ取替,ｱｲﾛﾝｷ,個,0
410058,ｱｲﾛﾝﾎｰｽ交換,ｱｲﾛﾝﾎｰ,本,0
410059,ｱｲﾛﾝ吸水ｷｬｯﾌﾟ修理,ｱｲﾛﾝｷ,台,0
410060,ｱｲﾛﾝﾐﾆﾄﾗｯﾌﾟSL-3　取替,ｱｲﾛﾝﾐ,個,0
410061,ｱｲﾛﾝ蒸気ﾎｰｽ取替,ｱｲﾛﾝｼﾞ,本,0
410062,ｱｲﾛﾝ本体分解点検,ｱｲﾛﾝﾎ,式,0
410063,ｱｲﾛﾝｻｰﾓｽﾀｯﾄ取替,ｱｲﾛﾝｻ,個,0
410064,ｱｲﾛﾝｲﾝﾅｰﾁｭｰﾌﾞ取替,ｱｲﾛﾝｲ,本,0
410065,ｱｲﾛﾝ配線修理,ｱｲﾛﾝﾊ,台,0
410066,ｱｲﾛﾝﾎｰｽ交換　ｴｷｽﾄﾗﾎｰｽ2.5M,ｱｲﾛﾝﾎ,本,0
410067,ｱｲﾛﾝ温度ﾋｭｰｽﾞ取替,ｱｲﾛﾝｵ,個,0
410068,ｱｲﾛﾝ電源ｺｰﾄﾞ取替,ｱｲﾛﾝﾃﾞ,本,0
410069,ｱｲﾛﾝﾍﾞｰｽﾊﾟｯｷﾝ取替,ｱｲﾛﾝﾍﾞ,個,0
410070,ｱｲﾛﾝﾁｪﾝﾊﾞｰ誘導ﾎﾞﾙﾄ33L　取替,ｱｲﾛﾝﾁｪ,個,0
410071,ｱｲﾛﾝﾎｰｽｶﾊﾞｰ取替,ｱｲﾛﾝﾎｰ,本,0
410072,ｱｲﾛﾝ修理　ﾙﾍﾞﾙﾍﾞﾘ　M99,ｱｲﾛﾝｼ,台,0
410073,ｱｲﾛﾝｽﾌﾟﾘﾝｸﾞｿﾚﾉｲﾄﾞ一式取替,ｱｲﾛﾝｽ,ｾｯﾄ,0
410074,ｱｲﾛﾝｵｰﾘﾝｸﾞ　P-46　AYO2400,ｱｲﾛﾝｵ,本,800
410075,ｱｲﾛﾝ修理　AR-4,ｱｲﾛﾝｼ,台,0
410076,ｱｲﾛﾝ ASL-621 100V ﾅｵﾓﾄ,ｱｲﾛﾝ,台,58000
410077,ｱｲﾛﾝ流量ﾊﾞﾙﾌﾞ内部清掃点検,ｱｲﾛﾝﾘ,台,0
410078,ｱｲﾛﾝ仕上台点検一式,ｱｲﾛﾝｼ,式,0
410079,ｱｲﾛﾝﾎﾞｲﾗｰ上部ｹｰｽ取替,ｱｲﾛﾝﾎﾞ,個,0
410080,ｱｲﾛﾝ電源ｹｰﾌﾞﾙ取替,ｱｲﾛﾝﾃﾞ,本,0
410081,ｱｲﾛﾝﾏｯﾄ一式交換,ｱｲﾛﾝﾏ,式,0
410082,ｱｲﾛﾝﾎﾞｲﾗｰ部ﾊﾟｯｷﾝ取替,ｱｲﾛﾝﾎﾞ,個,0
410083,ｱｲﾛﾝｺﾃ面修理,ｽﾁｰﾑﾌﾞ,台,0
410084,ｱｲﾛﾝ連結ｹｰﾌﾞﾙ取替,ｱｲﾛﾝﾚ,本,0
410085,ｱｲﾛﾝ取手部修理,ｱｲﾛﾝﾄ,個,0
410086,ｱｲﾛﾝ押釦ｽｲｯﾁｶﾊﾞｰ取替,ｱｲﾛﾝｽ,個,0
410087,ｱｲﾛﾝ側押釦ﾚﾊﾞｰ取替,ｱｲﾛﾝｵ,個,0
410088,ｱｲﾛﾝｽｲｯﾁ取替,ｱｲﾛﾝｽ,個,0
410089,ｱｲﾛﾝﾎﾞｲﾗｰ側押釦ｷｬｯﾌﾟ取替,ｱｲﾛﾝﾎﾞ,個,0
410090,ｱｲﾛﾝ電源ﾌﾟﾗｸﾞ取替,ｱｲﾛﾝﾃﾞ,個,0
410091,ｱｲﾛﾝ電磁弁ｽﾌﾟﾘﾝｸﾞ取替,ｱｲﾛﾝﾃﾞ,個,0
410092,ｱｲﾛﾝｿﾚﾉｲﾄﾞﾊﾞﾙﾌﾞ取替,ｱｲﾛﾝｿ,個,0
410093,ｱｲﾛﾝﾎｰｽｼﾞｮｲﾝﾄ金具修理,ｱｲﾛﾝﾎ,個,0
410094,ｱｲﾛﾝ蒸気ﾎｰｽ修理,ｱｲﾛﾝﾎ,本,0
410095,ｱｲﾛﾝ温度ｽｲｯﾁ修理,ｱｲﾛﾝｵ,個,0
410096,ﾊｲｽﾁｰﾑｱｲﾛﾝ　HYS-410P-PS2,ｱｲﾛﾝ,台,0
410097,ｱｲﾛﾝ本体一式取替,ｱｲﾛﾝﾎ,式,0
410098,ｱｲﾛﾝﾄﾞﾚﾝ回収装置,ｱｲﾛﾝﾄﾞ,式,0
410099,ｱｲﾛﾝ台ﾘﾌﾀｰﾍﾞｱﾘﾝｸﾞ交換,ｱｲﾛﾝﾀﾞ,個,0
410100,ｱｲﾛﾝｽﾊﾟｰﾎﾟﾝﾌﾟ PS-2 点検一式,ｱｲﾛﾝｽ,一式,0
410101,ｱｲﾛﾝﾁｪﾝﾊﾞｰ修理,ｱｲﾛﾝﾁ,式,0
410102,ｱｲﾛﾝ基板一式取替,ｱｲﾛﾝｷ,式,0
410103,ｱｲﾛﾝ電源ｹｰﾌﾞﾙ修理,ｱｲﾛﾝﾃﾞ,個,0
410104,ｱｲﾛﾝｽｲｯﾁ基盤取替,ｱｲﾛﾝ,式,0
410105,ｱｲﾛﾝｽｨﾝｸﾞﾊﾞﾙﾌﾞ一式交換,ｱｲﾛﾝｽ,式,0
410106,ｱｲﾛﾝ電磁ﾎﾟﾝﾌﾟ一式取替,ｱｲﾛﾝ,式,0
410107,ｱｲﾛﾝ仕上台用電磁ﾎﾟﾝﾌﾟ一式(FB-8S),ｱｲﾛﾝｼ,式,11900
410108,ｱｲﾛﾝ吊り金具修理,ｱｲﾛﾝ,個,0
410109,ｱｲﾛﾝﾎﾟﾝﾌﾟ接続ｺﾈｸﾀ部修理,ｱｲﾛﾝﾎﾟ,式,0
410110,ｱｲﾛﾝﾍﾞｰｽ部取替,ｱｲﾛﾝﾍﾞ,個,0
410111,ｱｲﾛﾝﾎﾞｲﾗｰ側押釦ｽｲｯﾁ修理,ｱｲﾛﾝﾎﾞ,個,0
410112,ｱｲﾛﾝｼｰﾙﾊﾟｯｷﾝ取替,ｱｲﾛﾝ,個,0
410113,ｱｲﾛﾝﾋｰﾀｰ線修理,ｱｲﾛﾝ,本,0
410114,ｱｲﾛﾝ安全ｷｬｯﾌﾟ修理,ｱｲﾛﾝｱ,個,0
410115,ｱｲﾛﾝｺﾃ面取替,ｱｲﾛﾝ,個,0
410116,ｱｲﾛﾝﾊﾞﾙﾌﾞﾌﾗﾝｼﾞ一式交換,ｱｲﾛﾝ,ｾｯﾄ,0
410117,ｱｲﾛﾝﾎﾞﾙﾄ交換,ｱｲﾛﾝ,個,0
410118,ｱｲﾛﾝ給水ﾎｰｽ交換,ｱｲﾛﾝ,本,0
410119,ｱｲﾛﾝﾎﾟﾝﾌﾟ修理　PS-2,ｱｲﾛﾝ,台,0
410120,ｱｲﾛﾝ電気部ｹｰｽ交換,ｱｲﾛﾝ,個,0
410121,ｱｲﾛﾝﾎﾟﾝﾌﾟﾊﾝｶﾞｰ取付金具交換,ｱｲﾛﾝ,個,0
410122,ｱｲﾛﾝﾊﾝｶﾞｰ交換,ｱｲﾛﾝ,個,0
410123,ｱｲﾛﾝ台ｽｺｯﾄﾌｨﾙﾀｰ交換,ｱｲﾛﾝ,枚,0
410124,ｱｲﾛﾝ台不織布ﾌｨﾙﾀｰ,ｱｲﾛﾝﾌ,枚,0
410125,ｱｲﾛﾝｺｰﾄﾞ吊ﾊﾞﾈ取付,ｱｲﾛﾝ,個,0
410126,ｱｲﾛﾝﾊﾞﾙﾌﾞ調整ﾈｼﾞ交換,ｱｲﾛﾝ,個,0
410127,ｱｲﾛﾝ押ﾎﾞﾀﾝｽｲｯﾁ修理,ｱｲﾛﾝｼ,個,0
410128,ﾅｵﾌﾛﾝﾎｰｽ交換,ﾅｵﾌﾛﾝ,本,0
410129,ｱｲﾛﾝｼﾘｺﾝﾁｭｰﾌﾞ清掃,ｼﾘｺﾝﾁｭｰﾌﾞｾ,式,0
410130,ｱｲﾛﾝ修理,ｱｲﾛﾝｼ,台,0
410131,ｱｲﾛﾝ点検口ﾊﾟｯｷﾝ取替,ｱｲﾛﾝｼ,式,0
410132,ｱｲﾛﾝﾌﾟｯｼｭﾊﾞﾙﾌﾞ一式交換,ｱｲﾛﾝ,式,0
410133,ｱｲﾛﾝ液量調整一式交換,ｱｲﾛﾝ,式,0
410134,ｱｲﾛﾝｻｰﾓｽﾀｯﾄ修理,ｱｲﾛﾝｻ,式,0
410434,ｱｲﾛﾝﾌﾟｯｼｭﾊﾞﾙﾌﾞﾚﾊﾞｰ交換,ｱｲﾛﾝ,式,0
410435,ｱｲﾛﾝ台不織布ﾏｯﾄ交換,ｱｲﾛﾝﾌ,枚,0
410436,ｱｲﾛﾝﾏｯﾄｶﾊﾞｰ交換,ｱｲﾛﾝﾏ,枚,0
410437,大袖馬ｶﾊﾞｰ交換,ｱｲﾛﾝﾀﾞｲ,式,0
410438,ｱｲﾛﾝ台ﾘﾌﾀｰｼｮｯｸｱﾌﾞｿｰﾊﾞｰ交換,ｱｲﾛﾝﾀﾞ,個,0
410440,ｽｰﾊﾟｰﾎﾟﾝﾌﾟ　PS-1　修理,ｽｰﾊﾟｰ,台,0
420001,ﾎﾞｲﾗｰ用ﾊﾞﾙﾌﾞﾊﾟｯｷﾝ取替,ﾎﾞｲﾗｰﾖ,個,0
420002,ﾎﾞｲﾗｰ用ｻｲﾄｸﾞﾗｽ一式取替,ﾎﾞｲﾗｰﾖ,ｾｯﾄ,0
420003,ﾎﾞｲﾗｰ用給水ｽﾋﾟﾝﾄﾞﾙ交換,ﾎﾞｲﾗｰﾖ,個,0
420004,ﾎﾞｲﾗｰ用ｼｽﾀﾝｸﾌｨﾙﾀｰ取替,ﾎﾞｲﾗｰﾖ,個,0
420005,ﾎﾞｲﾗｰ用ﾉｽﾞﾙﾁｯﾌﾟ交換,ﾎﾞｲﾗｰﾖ,個,2100
420006,ﾎﾞｲﾗｰ用ｶｯﾄｵﾌ弁取替,ﾎﾞｲﾗｰﾖ,個,2400
420007,ﾎﾞｲﾗｰ用圧力計取替,ﾎﾞｲﾗｰﾖ,個,0
420008,ﾎﾞｲﾗｰ用ﾃﾌﾛﾝﾎﾞｰﾙ6φ,ﾎﾞｲﾗｰﾖ,個,0
420009,ﾎﾞｲﾗｰ用ｵｰﾘﾝｸﾞ　P-1516-4,ﾎﾞｲﾗｰﾖ,個,0
420010,ﾎﾞｲﾗｰ用給水ﾊﾞﾙﾌﾞ点検調整,ﾎﾞｲﾗｰﾖ,式,0
420011,ﾎﾞｲﾗｰ用排水ﾎｰｽ交換,ﾎﾞｲﾗｰﾖ,本,0
420012,ﾎﾞｲﾗｰ用給水口2連ｶﾗﾝ取付,ﾎﾞｲﾗｰﾖ,個,0
420013,ﾎﾞｲﾗｰ点検.調整一式,ﾎﾞｲﾗｰﾃ,式,0
420014,ﾎﾞｲﾗｰ用ｶﾞﾗｽ管交換,ﾎﾞｲﾗｰﾖ,個,0
420015,ﾎﾞｲﾗｰ用ﾊﾟｯｷﾝ16φ交換,ﾎﾞｲﾗｰﾖ,個,0
420016,ﾎﾞｲﾗｰ用排水ｴﾙﾎﾞ3/8交換,ﾎﾞｲﾗｰﾖ,個,0
420017,ﾎﾞｲﾗｰ用水位ｾﾝｻｰ部修理,ﾎﾞｲﾗｰﾖ,個,0
420018,ﾎﾞｲﾗｰ用給水ﾎﾟﾝﾌﾟﾀﾞｲﾔﾌﾗﾑ交換,ﾎﾞｲﾗｰﾖ,個,0
420019,ﾎﾞｲﾗｰ用ﾁｬｯｷ弁取替,ﾎﾞｲﾗｰﾖ,個,0
420020,ﾎﾞｲﾗｰ用制御基板取替,ﾎﾞｲﾗｰ,式,0
420021,ﾎﾞｲﾗｰ用電極棒分解清掃,ﾎﾞｲﾗｰﾖ,式,0
420022,ﾎﾞｲﾗｰ用排水ｺｯｸ分解清掃,ﾎﾞｲﾗｰﾖ,式,0
420023,ﾎﾞｲﾗｰ･ｽﾁｰﾑﾌﾞﾗｼ接続部品一式,ﾎﾞｲﾗｰ,式,0
420024,ﾎﾞｲﾗｰ用ｺｰﾄﾞ修理,ﾎﾞｲﾗｰﾖ,式,0
420025,ｽﾁｰﾑ出力ﾊﾞﾙﾌﾞ取付,ｽﾁｰﾑﾌﾞ,個,0
420026,給水ﾀﾝｸ蓋取っ手取付,ﾎﾞｲﾗｰﾖ,個,0
420027,ﾎﾞｲﾗｰ用ｶｰﾄﾘｯｼﾞﾀﾝｸｷｬｯﾌﾟ,ﾎﾞｲﾗｰﾖ,個,1980
420028,ﾎﾞｲﾗｰ用点火ｺｰﾄﾞ取替,ﾎﾞｲﾗｰﾖ,個,2750
420029,ﾎﾞｲﾗｰ内臓安全ﾌﾞﾚｰｶｰ交換,ﾎﾞｲﾗｰﾖ,個,0
420030,ﾎﾞｲﾗｰ用給水ﾎﾟﾝﾌﾟ一式交換,ﾎﾞｲﾗｰﾖ,式,0
420031,ﾎﾞｲﾗｰ用給水ﾎﾟﾝﾌﾟ修理,ﾎﾞｲﾗｰﾖ,式,0
420032,ﾎﾞｲﾗｰ用制御基板修理,ﾎﾞｲﾗｰﾖ,式,0
420033,ｽﾁｰﾑﾌﾞﾗｼﾎﾞｲﾗｰ用脚取付一式,ｽﾁｰﾑﾌﾞ,式,0
420035,ﾎﾞｲﾗｰ用逆止弁ｼﾞｮｲﾝﾄ交換,ﾎﾞｲﾗｰﾖ,個,0
420036,ﾎﾞｲﾗｰｾﾗﾐｯｸﾋｰﾀｰ清掃研磨,ﾎﾞｲﾗｰ,式,0
420037,ﾎﾞｲﾗｰ用電極保持器交換,ﾎﾞｲﾗｰﾖ,個,0
420038,ﾎﾞｲﾗｰ用ｶﾞｽ流量計修理,ﾎﾞｲﾗｰﾖ,式,0
420039,ﾎﾞｲﾗｰ修理,ﾎﾞｲﾗｰ,台,0
420040,ﾎﾞｲﾗｰ用ﾋｰﾀｰﾏｸﾞﾈｯﾄ部品(FMC-O)交換,ﾎﾞｲﾗｰﾖ,個,0
420041,ﾎﾞｲﾗｰ用ｹﾞｰｼﾞｶﾞﾗｽ交換,ｹﾞｰｼﾞｶ,ｾｯﾄ,0
420042,ﾎﾞｲﾗｰ用ﾋｰﾀｰﾘﾐｯﾄｽｲｯﾁ交換(SNS-106),ﾎﾞｲﾗｰﾖ,一式,0
420043,ﾎﾞｲﾗｰ用脚交換一式,ﾎﾞｲﾗｰﾖ,ｾｯﾄ,0
420044,ﾎﾞｲﾗｰ用圧力ｽｲｯﾁ修理,ﾎﾞｲﾗｰﾖ,式,0
420045,ﾎﾞｲﾗｰ用ﾊﾟｯｷﾝ調整,ﾎﾞｲﾗｰﾖ,個,0
420046,ﾎﾞｲﾗｰ用ｱｲﾛﾝﾎｰｽ取替,ﾎﾞｲﾗｰﾖ,本,0
420047,ﾎﾞｲﾗｰ薬注装置ﾁｭｰﾌﾞ接続口取替,ﾎﾞｲﾗｰﾖ,個,0
420048,ｱｲﾛﾝﾎﾞｲﾗｰEB-5F　ｵｵｻｶ(200V3相.2KW),ﾎﾞｲﾗｰ,台,0
420049,ﾎﾞｲﾗｰ用ﾊﾞﾙﾌﾞﾊﾝﾄﾞﾙ取替,ﾎﾞｲﾗｰﾖ,個,0
420050,ﾎﾞｲﾗｰ用逆止弁交換,ﾎﾞｲﾗｰﾖ,ｾｯﾄ,0
420051,ﾎﾞｲﾗｰ用ﾒｯｼｭﾌｨﾙﾀｰ取替,ﾎﾞｲﾗｰﾖ,枚,0
420052,ﾎﾞｲﾗｰ用排水ｺｯｸ交換,ﾎﾞｲﾗｰﾖ,個,0
420053,ﾎﾞｲﾗｰ用給水ﾊﾞﾙﾌﾞ取替,ﾎﾞｲﾗｰﾖ,個,0
420054,ﾎﾞｲﾗｰ用排水ﾊﾞﾙﾌﾞ取替,ﾎﾞｲﾗｰﾖ,個,0
420055,ﾎﾞｲﾗｰ用注入口ﾁｬｯｷ取替,ﾎﾞｲﾗｰﾖ,個,0
420056,ﾎﾞｲﾗｰ用ﾊﾞﾙﾌﾞ水ﾓﾚ修理,ﾎﾞｲﾗｰﾖ,式,0
420057,ﾎﾞｲﾗｰ用ﾄﾞﾚﾝﾎｰｽ(大)交換,ﾎﾞｲﾗｰﾖ,本,0
420058,ﾎﾞｲﾗｰ用ﾄﾞﾚﾝﾎｰｽ(小)交換,ﾎﾞｲﾗｰﾖ,本,0
420059,ﾎﾞｲﾗｰ用ｺﾝｾﾝﾄ修理,ﾎﾞｲﾗｰﾖ,個,0
420060,ﾎﾞｲﾗｰ用配管清掃一式(媒洗浄),ﾎﾞｲﾗｰﾖ,式,0
420061,ﾎﾞｲﾗｰ用ｾﾗﾐｯｸﾋｰﾀｰ取替,ﾎﾞｲﾗｰﾖ,個,8400
420062,ﾎﾞｲﾗｰ用給水ﾊﾞﾙﾌﾞ3/8本体ﾅｼ,ﾎﾞｲﾗｰﾖ,個,3830
420063,ﾎﾞｲﾗｰ用ﾊﾞﾙﾌﾞﾊﾝﾄﾞﾙ本体(ﾌｪﾉｰﾙ),ﾎﾞｲﾗｰﾖ,個,730
420064,ﾎﾞｲﾗｰ用給水ﾊﾞﾙﾌﾞ1/4ﾆｷﾞﾘ止ﾅｯﾄ,ﾎﾞｲﾗｰﾖ,個,45
420065,ﾎﾞｲﾗｰ用ﾊﾝﾄﾞﾙｷｬｯﾌﾟ,ﾎﾞｲﾗｰﾖ,個,130
420066,ﾎﾞｲﾗｰ用硬度指示薬　(RV-120XE),ﾎﾞｲﾗｰﾖ,個,1100
420067,ﾎﾞｲﾗｰ用ﾎﾞｰﾙﾀｯﾌﾟ交換　SL-10B,ﾎﾞｲﾗｰﾖ,個,0
420068,ﾎﾞｲﾗｰ用ﾄﾞﾚﾝ回収部品取替,ﾎﾞｲﾗｰﾖ,個,0
420069,ﾎﾞｲﾗｰ用圧力ｽｲｯﾁ交換,ﾎﾞｲﾗｰﾖ,個,0
420070,ﾎﾞｲﾗｰ用ﾊﾞﾙﾌﾞ一式交換,ﾎﾞｲﾗｰﾖ,一式,0
420071,ﾎﾞｲﾗｰ用ﾏｸﾞﾈｯﾄﾘﾚｰ交換,ﾎﾞｲﾗｰﾖ,個,0
420072,ﾎﾞｲﾗｰ室ｽﾁｰﾑﾄﾗｯﾌﾟ取替工費一式,ﾎﾞｲﾗｰ,式,0
420073,ﾎﾞｲﾗｰ用ｽﾊﾟｰｸﾌﾟﾗｸﾞ交換(電極保持器),ﾎﾞｲﾗｰﾖ,個,0
420074,ﾎﾞｲﾗｰ用着火ｶﾞｲｼ交換,ﾎﾞｲﾗｰﾖ,個,1300
420075,ﾎﾞｲﾗｰ用電磁ﾎﾟﾝﾌﾟ交換,ﾎﾞｲﾗｰﾖ,個,0
420076,ﾎﾞｲﾗｰ用蒸気抜ﾊﾞﾙﾌﾞ取替,ﾎﾞｲﾗｰﾖ,個,0
420077,ﾎﾞｲﾗｰ給水ﾎﾟﾝﾌﾟｹｰｼﾝｸﾞ取替,ﾎﾞｲﾗｰﾖ,個,0
420078,ﾎﾞｲﾗｰ用吸水ﾎﾟﾝﾌﾟﾀﾞｲﾔﾌﾗﾑ取替,ﾎﾞｲﾗｰﾖ,個,0
420079,ﾎﾞｲﾗｰ用ｺﾝｾﾝﾄﾌﾟﾗｸﾞ交換,ﾎﾞｲﾗｰﾖ,個,0
420080,ﾎﾞｲﾗｰ用ﾎﾟﾝﾌﾟﾁｬｯｷｵｰﾊﾞｰﾎｰﾙ,ﾎﾞｲﾗｰﾖ,式,0
420081,ﾎﾞｲﾗｰ用ﾋｰﾀｰ交換,ﾎﾞｲﾗｰﾖ,本,0
420082,ﾎﾞｲﾗｰ用ｵｲﾙﾎﾟﾝﾌﾟ交換,ﾎﾞｲﾗｰﾖ,式,0
420083,ﾎﾞｲﾗｰ用缶体分解清掃一式,ﾎﾞｲﾗｰﾖ,式,0
420084,ﾎﾞｲﾗｰ用配管ﾆｯﾌﾟﾙ交換,ﾎﾞｲﾗｰﾖ,個,0
420085,ﾎﾞｲﾗｰ用ﾎﾞｰﾙﾀｯﾌﾟ(KKKﾊﾞﾗﾝｽ型)ｽﾃﾝ,ﾎﾞｲﾗｰﾖ,式,0
420086,ﾎﾞｲﾗ-用高圧ﾎﾟﾝﾌﾟ交換,ﾎﾞｲﾗｰﾖ,個,0
420087,ﾎﾞｲﾗｰ用銅ﾊﾟｲﾌﾟ一式交換,ﾎﾞｲﾗｰﾖｳﾄﾞｳ,式,0
420088,ﾎﾞｲﾗｰ用ｼﾝｻｰﾓ修理,ﾎﾞｲﾗｰｼﾝｻ,式,0
420089,排水管詰り修理,ﾎﾞｲﾗｰ,式,0
420090,ﾎﾞｲﾗｰ用電源ｹｰﾌﾞﾙ断線修理,ﾎﾞｲﾗ,式,0
420091,ﾎﾞｲﾗｰ用ｶｰﾄﾘｯｼﾞﾀﾝｸｷｬｯﾌﾟ交換,ﾎﾞｲﾗｰﾖ,個,0
420092,ﾎﾞｲﾗｰ用ｹﾞｰﾄﾊﾞﾙﾌﾞ取付,ﾎﾞｲﾗｰﾖ,個,0
420093,ﾎﾞｲﾗｰ用ﾏｸﾞﾈｯﾄｽｲｯﾁ交換,ﾎﾞｲﾗｰﾖ,個,0
420094,ﾎﾞｲﾗｰ用ｶｰﾄﾘｯｼﾞ給水ﾀﾝｸ取替,ﾎﾞｲﾗｰﾖ,個,0
420095,ﾎﾞｲﾗｰ用減圧弁交換,ﾎﾞｲﾗｰ,式,0
450000,ﾌｧｲﾝｾﾗｰ　FC-001,ﾌｧｲﾝｾﾗｰ,台,0
450001,ﾌｧｲﾝｾﾗｰ mini　FC-002,ﾌｧｲﾝｾﾗｰ,台,0
500001,ﾒﾁﾚﾝｸﾛﾗｲﾄﾞ(20KG入),ﾒﾁｸﾛ,缶,0
500002,ﾒﾀﾉｰﾙ(14KG入),ﾒﾀﾉ-ﾙ,缶,0
500003,ﾍﾟｰﾙ缶 (丸),ﾍﾟｰﾙｶﾝ,缶,0
500004,ｽﾎﾟｯﾀｰA(150ml),ｽﾎﾟｯﾀｰ,本,1200
500005,京美人　　ﾀﾞｰｸ,ｷｮｳﾋﾞｼ,本,3000
500006,ｽﾊﾟｯﾄ(3本ｾｯﾄ),ｽﾊﾟｯﾄ,ｾｯﾄ,9000
500007,ｽﾊﾟｯﾄ　№2(ﾊﾞｲﾃﾋﾟｭｱ水性)　400ml,ｽﾊﾟｯﾄ,本,0
500008,ｸﾘｰﾝｼｬﾜｰ　420ml,ｸﾘｰﾝ,本,1200
500009,ｴﾔｰｽﾀｯﾄ,ｴﾔｰｽﾀｯ,本,1200
500010,ｴｷｽﾊﾟｰﾄNO１(油性補助剤)1L入,EXNO1,本,7000
500011,AQURA WATER,ｱｸﾗ,個,0
500012,AQURA WATER （ｻﾝﾌﾟﾙ）,ｱｸﾗ,個,0
500013,ｴｷｽﾊﾟｰﾄNO4(500ml),EXNO4,本,0
500014,ﾚﾃﾞｭﾗﾝ,ﾚﾃﾞｭﾗﾝ,本,2500
500015,AQURA WATER　（300mlｽﾌﾟﾚｰ）,ｱｸﾗ,本,0
500016,AQURA WATER　（300ｍｌ）6本入り,ｱｸﾗ,ｾｯﾄ,0
500017,AQURA WATER　（3L）,ｱｸﾗ,個,0
500018,AQURA WATER　（5L）4本入り,ｱｸﾗ,ｾｯﾄ,0
500019,ｻﾞｲﾂVｾｯﾄ,ｻﾞｲﾂV,ｾｯﾄ,0
500020,ｻﾞｲﾂｶﾗｰｾｯﾄ,ｻﾞｲﾂｶﾗ,ｾｯﾄ,16000
500021,ｻﾞｲﾂV1  補充用*1Kg入,ｻﾞｲﾂ,個,0
500022,ｻﾞｲﾂⅤ　補充用*5KG入,ｻﾞｲﾂﾎ,本,24000
500023,補助剤 ﾗﾛｰｻﾞRｾｯﾄ(海外用),ﾗﾛｰｻﾞ,ｾｯﾄ,0
500024,ﾉｰｽﾞﾊﾟﾙBC(消臭剤),ﾉｰｽﾞﾊﾟ,本,2000
500025,漂白剤　50g入,ﾋｮｳﾊｸ,個,500
500026,小皿,ｺｻﾞﾗ,枚,0
500027,筆(ﾅｲﾛﾝ毛.太),ﾌﾃﾞ,本,600
500028,乳鉢,ﾆｭｳﾊﾞﾁ,個,0
500029,ｽﾌﾟﾘﾝｸﾞﾊﾞﾗﾝｻｰ(TB-15),ﾊﾞﾗﾝｻｰ,台,9000
500030,ｽﾌﾟﾘﾝｸﾞﾊﾞﾗﾝｻｰ(TB-10),ﾊﾞﾗﾝｻｰ,台,5500
500031,小分け容器,ﾖｳｷ,個,0
500032,ｱｲﾛﾝの友,ｱｲﾛﾝ,個,1900
500033,ﾏｰｸ消ｼ(油性)　12本単位,ﾏｰｸｹｼ,本,1000
500035,ｻﾝﾄﾞﾗｲ　　420ml,ｻﾝﾄﾞﾗｲ,本,0
500036,絹ヘラ　12㎝,ﾍﾗ,本,0
500038,ﾌﾞﾗｼ　C-,ﾌﾞﾗｼ,本,0
500040,さし刷毛　6分,ﾊｹ,本,1300
500043,ﾘﾑｰﾊﾞｰNO1　油性用,ﾘﾑﾊﾞｰ,本,2800
500044,ｲｴﾛｰｶｯﾄ(500ml),ｲｴﾛ-,本,3000
500045,石油ﾄﾞﾗｲ用ｿ-ﾌﾟ Ｄ－５１,ﾄﾞﾗｲｿｰ,個,0
500046,純粋ﾊﾟﾜｰ　ﾄﾞﾗｲ用前処理剤　18KG,ｼﾞｭﾝ,個,0
500047,ｽﾍﾟｰﾄﾞﾜﾝ(水洗用ｿ-ﾌﾟ)18KG　廃番商品,ｽﾍﾟｰﾄﾞ,缶,0
500049,のりのりｾｯﾄｱｯﾌﾟ,ﾉﾘﾉﾘｾｯ,個,0
500051,修正色鉛筆(60色),ｼｭｳｾｲｲ,ｾｯﾄ,0
500053,ﾊｲｽﾎﾟｯﾄ,ﾊｲｽﾎﾟｯﾄ,缶,0
500054,ﾘｸﾞﾛｲﾝ(500ml),ﾘｸﾞﾛｲﾝ,本,0
500055,ﾊｲｸﾘｰﾝ　油性,ﾊｲｸﾘｰﾝ,本,1200
500056,ﾏｽｷｰｽﾌﾟﾚｰ,ﾏｽｷｰ,本,0
500059,ｼﾘｺﾝ ｽﾌﾟﾚｰ　ｴﾋﾞｽ　420ml,ｼﾘｺﾝ,本,1500
500062,修正用鉛筆(黒),ｼｭｳｾｲﾖ,本,400
500063,亜鉛(500G入),ｱｴﾝ,個,0
500064,ﾗﾛｰｻﾞβ21(190KG入/DM),ﾗﾛｰｻﾞﾍ,D/M,0
500065,ﾊｲｸﾘｰﾝ　水性,ﾊｲｸﾘｰﾝ,本,1100
500066,ｴｱｰｾｯﾄ(柔軟仕上げ),ｴｱｰｾｯﾄ,本,0
500067,ﾌｧｯｼｮﾝ ｱｯﾌﾟ(4KG*5),ﾌｧｯｼｮﾝ,個,0
500068,ﾌｧｯｼｮﾝｽﾀ-ﾁ(4KG*5),ﾌｧｯｼｮﾝ,個,0
500069,ﾌｧｯｼｮﾝｳｪｯﾀｰ-,ﾌｧｯｼｮﾝ,個,0
500070,ﾆｭｰﾌﾟﾚﾊﾞｲｵＬ(16KG),ﾆｭｰﾌﾟﾚ,個,0
500071,溶剤用缶,ｶﾝ,個,0
500072,ｼﾐﾄｰﾙU(油性),ｼﾐﾄｰﾙ,本,1500
500073,ﾍﾞﾝｼﾞﾝｿｰﾌﾟ(500CC),ﾍﾞﾝｼﾞﾝ,本,0
500074,ﾃｸﾘｰﾝ(18L),ﾃｸﾘｰﾝ,缶,0
500075,ｽｲ星(中性洗剤),ｽｲｾｲ,缶,0
500076,発色ｽﾌﾟﾚ-(KM),ﾊｯｼｮｸｽ,本,0
500077,ﾌﾛﾝｿﾙﾌﾞ(25KG入),ﾌﾛﾝｿﾙﾌ,缶,0
500078,縫製ｼﾐ抜き４点ｾｯﾄ,ﾎｳｾｲｼﾐ,ｾｯﾄ,0
500079,トリム,ﾄﾘﾑ,M,0
500080,ｽﾎﾟｯﾄﾘﾌﾀ-Ⅱ,ｽﾎﾟｯﾄﾘ,本,0
500081,溶剤 ﾗﾛ-ｻﾞR2000α　5Kg入,ﾗﾛｰｻﾞｱ,個,6000
500083,色修正ｶﾗ-ｾｯﾄ(不入流),ｲﾛｼｭｳｾ,ｾｯﾄ,0
500084,ｽｰﾊﾟｰﾌﾞﾗｯｸ(色修正黒),ｽｰﾊﾟｰﾌ,本,10000
500085,ｸﾘｰﾝﾅｰﾙC(消臭剤),ｸﾘｰﾝﾅｰ,本,0
500086,ﾘﾑｰﾊﾞｰNO2 　水用,ﾘﾑｰﾊﾞｰ,本,2800
500087,ﾌﾛﾝ141B(22KG入),ﾌﾛﾝ,缶,0
500088,消泡剤(TSA-732)1KG入,ｼｮｳﾎｳｻ,個,0
500089,ｽﾎﾟｯﾀｰA(1.8L),ｽﾎﾟｯﾀｰ,本,4500
500090,ﾊﾟﾙﾃｨｱﾝ 306HSA,ﾊﾟﾙﾃｨｱ,缶,8000
500091,ｴﾀﾉｰﾙ　(F-I)14Kｇ入,ｴﾀﾉｰﾙ,缶,0
500092,ｽﾎﾟｯﾄﾘﾑｰﾊﾞｰ,ｽﾎﾟｯﾄﾘ,本,0
500093,過炭酸ｿｰﾀﾞ(SPCG-Q)25KG,ｶﾀﾝｻﾝ,袋,14000
500094,過ホウ酸 500G入り,ｶﾎｳｻﾝ,本,0
500095,ｴﾋﾞｽｶﾞｰﾄﾞ　　420ml,ｴﾋﾞｽｶﾞ,本,0
500097,ｻﾋﾞ取り液(ｴﾋﾞｽ),ｻﾋﾞﾄﾘ,本,0
500098,ﾘｸﾞﾛｲﾝ(18L入),ﾘｸﾞﾛｲﾝ,缶,0
500100,ﾄﾘｸﾚﾝ 25KG入,ﾄﾘｸﾚﾝ,缶,0
500101,ﾗﾛ-ｻﾞRｾｯﾄ用容器(200ml)1本,ﾖｳｷ,本,600
500102,溶剤 AK-35,AK-35,缶,17500
500103,ﾏｰﾘｰｽｷﾝ,ﾏｰﾘｰｽｷ,ﾎﾝ,0
500104,補助剤ﾗﾛｰｻﾞR4 補充用 5L入,ﾗﾛｰｻﾞR,個,24000
500105,ｶﾗｰﾌﾗｯｼｭ(染色補正用)19色,ｶﾗｰﾌﾗｯ,ｾｯﾄ,0
500106,ﾒﾁﾚﾝｸﾛﾗｲﾄﾞ25Kg入,ﾒﾁｸﾛ,缶,0
500107,ﾊﾞｲｵﾜﾝ(洗剤)15KG入,ﾊﾞｲｵﾜﾝ,缶,0
500108,ﾌﾟﾗｲﾏｰ7649(接着補強剤),ﾌﾟﾗｲﾏｰ,本,0
500109,接着剤 (ﾛｯｸﾀｲﾄ326),ｾｯﾁﾔｸ,本,0
500110,ﾘﾑｰﾊﾞｰ　NO3(二研),ﾘﾑｰﾊﾞｰ,本,0
500112,溶剤ﾗﾛｰｻﾞΣ21　5L入,ｼｸﾞﾏ,個,0
500113,溶剤 ﾗﾛ-ｻﾞR2000α,ﾗﾛｰｻﾞｱ,缶,14000
500114,溶剤ﾗﾛ-ｻﾞΣ21　16L,ﾗﾛｰｻﾞｼ,缶,18000
500115,溶剤  ﾗﾛ-ｻﾞβ21　16kg,ﾍﾞｰﾀ,缶,15000
500116,溶剤 ﾗﾛｰｻﾞβ21　(4L入),ﾗﾛｰｻﾞﾍ,個,0
500117,溶剤 ﾗﾛｰｻﾞΣ21（4L）,ﾗﾛｰｻﾞｼ,個,7500
500118,A･ﾍﾞﾝｼﾞﾝ　18L,ﾍﾞﾝｼﾞﾝ,缶,9000
500119,修正色鉛筆　12色,ｼｭｳｾｲｲ,ｾｯﾄ,0
500120,ﾘﾒｲｸ(発色ｽﾌﾟﾚｰ),ﾘﾒｲｸ,本,3000
500121,防水液  (4L),ﾎﾞｳｽｲ,缶,0
500122,ｱｸﾘﾙｶﾗ-ｺﾞ-ﾙﾄﾞ,ｱｸﾘﾙｶﾗ,本,0
500123,ﾃﾞｪｽﾋﾟｱ(消臭ｽﾌﾟﾚ-),ﾃﾞｪｽﾋﾟ,本,4200
500124,ｴﾋﾞｽｿﾌﾀｰ(無臭)　15kg,ｴﾋﾞｽｿﾌ,缶,0
500125,ｽﾊﾟｯﾄ(5L入り),ｽﾊﾟｯﾄ,個,0
500126,ﾎﾜｲﾄｽﾘｰ(ﾄﾞﾗｲ溶剤洗浄機),ﾎﾜｲﾄｽﾘ,台,0
500127,折り目加工液 SPｾｯﾄ,ｵﾘﾒｶｺｳ,ｾｯﾄ,0
500128,折り目加工液ﾗｲﾝｷｰﾊﾟｰ,ﾗｲﾝｷｰ,個,0
500129,過酸化水素水,ｶｻﾝｶｽｲ,本,800
500130,修正色鉛筆 36色,ｼｭｳｾｲｲ,ｾｯﾄ,9000
500131,ｻﾝﾀﾞ-ｶﾞ-ﾄﾞ(静電気防止ｽﾌﾟﾚ-),ｻﾝﾀﾞ-ｶ,本,1200
500132,ｻﾝﾜｶﾞｰﾄﾞ　防水ｽﾌﾟﾚｰ,ｻﾝﾜｶﾞｰ,本,0
500133,みけし (補助剤),ﾐｹｼ,本,0
500134,S-4(ﾏｼﾞｯｸ消し)  500ml,ﾏｼﾞｯｸ,本,6000
500135,ﾊｲﾄﾞﾛｻﾙﾌｧｲﾄ (漂白剤)500g,ﾊｲﾄﾞﾛｻ,本,2500
500136,氷酢酸 500ml,ﾋｮｳｻｸｻ,本,1200
500137,ｱｾﾄﾝ　14KG,ｱｾﾄﾝ,缶,0
500138,しみとりくん(油性),ｼﾐﾄﾘｸﾝ,本,950
500139,ソープペン(水性),ｿｰﾌﾟﾍﾟ,本,750
500140,ﾀｰｺﾞ(946ml入),ﾀ-ｺﾞ,本,0
500141,ﾗﾛ-ｻﾞR1(NET　18L),ﾗﾛｰｻﾞ,缶,18000
500142,ﾗﾛ-ｻﾞR2(NET18.0Kg),ﾗﾛｰｻﾞ,缶,0
500143,ﾗﾛ-ｻﾞR3(NET　18L),ﾗﾛｰｻﾞ,缶,0
500144,ﾗﾛ-ｻﾞR4(NET20.0Kg),ﾗﾛｰｻﾞ,缶,0
500145,ｽﾎﾟｯﾀ-A (500ml),ｽﾎﾟｯﾀｰ,本,2000
500146,酵素(ｴﾝﾁﾛﾝSA-100),ｺｳｿ,KG,0
500147,ﾄﾞﾗｲ用ｻｲﾝﾍﾟﾝ　ﾗﾝﾄﾞﾘｰﾍﾟﾝ,ｻｲﾝﾍﾟﾝ,本,250
500148,ｻﾞｲﾑ　液体酵素,ｻﾞｲﾑ,本,2000
500149,ﾃﾞｵﾄﾞﾗｲｸ(脱臭剤)*１Ｋg,ﾃﾞｵﾄﾞﾗ,個,0
500150,修正色鉛筆　24色,ｼｭｳｾｲｲ,ｾｯﾄ,6500
500151,すみ落しα,ｽﾐｵﾄｼｱ,本,2500
500152,ｼﾐﾄｰﾙS(水性),ｼﾐﾄ-ﾙS,本,1500
500153,ﾕｶｲ(油性洗剤),ﾕｶｲ,個,0
500154,ｽﾎﾟｯﾄｾﾞﾘ-M-1(油性補助剤),ｽﾎﾟｯﾄ,本,3000
500155,漂白剤　5KG入,ﾋｮｳﾊｸｻ,個,0
500156,溶剤 ﾗﾛｰｻﾞΣ21　1L入,ﾗﾛｰｻﾞｼ,個,0
500157,ﾊﾞｲﾀﾙD-51(ﾄﾞﾗｲ用溶剤)16KG入,ﾊﾞｲﾀﾙD,缶,11500
500159,修正用液体染料(12本入),ｼｭｳｾｲﾖ,ｾｯﾄ,10000
500160,Aｶﾞｰﾄﾞ(18L),ｴｰｶﾞｰﾄﾞ,缶,0
500161,溶剤 ﾗﾛ-ｻﾞβ21(1L入),ﾗﾛｰｻﾞﾍ,個,0
500162,純ﾎﾜｲﾄ(15KG),ｼﾞｭﾝﾎﾜ,箱,12000
500163,ｼﾐ抜ｷ3点ｾｯﾄ(ｵｻﾞﾜ),ｵｻﾞﾜｼﾐ,ｾｯﾄ,0
500164,ﾊﾟﾙﾃｨｱﾝWS　仕上剤　16Kg,ﾊﾟﾙﾃｨｱﾝ,本,0
500165,漂白剤　500g入,ﾋｮｳﾊｸ,個,1000
500166,溶剤 AK-35(1L),AK-35,個,0
500167,ﾀﾞｲﾌﾘｰGA-6010(剥離剤),ﾀﾞｲﾌﾘｰ,本,0
500168,溶剤  ﾏｰｸｶｯﾄ　　14kg,ﾏｰｸｶｯﾄ,缶,6500
500169,ｴｱｰｽﾁｯｸ(糊剤)420ml,ｴｱｰｽﾁ,本,1000
500170,ｽﾘｰｿｰﾌ(高千穂産業)18KG入,ｽﾘｰｿｰﾌ,缶,11000
500171,ﾃﾄﾗﾋﾄﾞﾛﾌﾗﾝ(T.H.F) 500ml,ﾃﾄﾗﾋﾄﾞ,本,0
500172,みやこ黒,ﾐﾔｺｸﾛ,個,0
500173,浸透剤,ｼﾝﾄｳｻﾞ,個,550
500174,ｶﾗｰｱｯﾌﾟﾙBL(すれ直し)500g,ｽﾚﾅｵｼ,個,2700
500175,ﾁｬｺ消ｼ　16ml,ﾁｬｺｹｼ,本,700
500176,漂白剤　3Kg入,ﾋｮｳﾊｸ,個,0
500177,ｱﾝﾓﾆｱ水(28%)500ml,ｱﾝﾓﾆｱｽ,本,0
500178,花王 ﾈｵﾍﾟﾚｯｸ Gｰ65(20Kg),ﾈｵﾍﾟﾚｯ,個,0
500179,ｲﾝｸｶｯﾄ　200ml,ｲﾝｸｶｯﾄ,本,2500
500180,酸性染料 ７本入,ｻﾝｾｲｾﾝ,ｾｯﾄ,0
500181,ｱｾﾄﾝ　500ml,ｱｾﾄﾝ,本,1500
500182,ﾊｲｿﾌﾅｰ･大(ﾅｵﾓﾄ),ﾊｲｿﾌﾅｰ,個,0
500183,ﾃｶﾘﾉｰﾝ(38Cmx80Cm),ﾃｶﾘﾉｰﾝ,枚,0
500184,ｽｰﾊﾟｰﾌｧｲﾝﾄ,ｽｰﾊﾟｰﾌｧｲﾝﾄ,缶,0
500185,ｻﾝﾋﾟﾝ,ｻﾝﾋﾟﾝ,本,0
500186,ﾗﾛｰｻﾞ Rｾｯﾄ容器用ｷｬｯﾌﾟ,ｷｬｯﾌﾟ,個,0
500187,ｶﾗｰｱｯﾌﾟ(ｽﾚ直し修正剤),ｶﾗｰｱｯﾌ,本,0
500188,新 ｷｬﾆｵﾝｽﾌﾟﾚｰ ﾎﾞﾄﾙ付,ｷｬﾆｵﾝ,個,800
500189,ﾌﾟﾘﾝﾄﾘﾑｰﾊﾞｰ　(4L),ﾌﾟﾘﾝﾄﾘ,個,0
500190,ﾌﾟﾘﾝﾄﾘﾑｰﾊﾞｰ　(16L),ﾌﾟﾘﾝﾄ,缶,0
500191,ﾛｰﾄﾞ油(380g),ﾛｰﾄﾞﾕ,本,0
500192,ﾄﾘﾌﾟﾗｰｾﾞ液体酵素,ﾄﾘﾌﾟﾗ,本,2000
500193,ﾊｲﾄﾞﾛｻﾙﾌｧｲﾄ　15KG,ﾊｲﾄﾞﾛｻ,缶,0
500194,ｼﾞﾒﾁﾙﾎﾙﾑｱﾐﾄﾞ,ｼﾞﾒﾁﾙ,個,0
500195,液体ｱｸﾘﾙ顔料(ﾊﾛｰ*12色),ｱｸﾘﾙｶﾞ,ｾｯﾄ,0
500196,ｲﾝｸｶｯﾄ　4L入　　低粘度,ｲﾝｸｶｯﾄ,個,9000
500197,漂白剤　900g入,ﾋｮｳﾊｸｻ,本,5000
500198,ﾁｬｺ消し(ﾏｰｶｰﾍﾟﾝ),ﾁｬｺｹｼ,本,700
500199,ﾘﾝｸﾙｵﾌ(ｽﾌﾟﾚｰ),ﾘﾝｸﾙｵﾌ,本,0
500200,ｲﾝｸｶｯﾄ　1L入,ｲﾝｸｶｯﾄ,個,7000
500201,ﾊﾟﾘｯﾄｽﾌﾟﾚｰ　(ｽﾌﾟﾚｰ糊),,本,0
500203,ｻﾞｲﾂV2　補充用*1Kg入,ｻﾞｲﾂ,個,0
500204,ｻﾞｲﾂV3　補充用*1Kg入,ｻﾞｲﾂ,個,0
500205,ﾒﾁﾙｴﾁﾙｹﾄﾝ(M.E.K)500ml,ﾒﾁﾙｴﾁﾙ,本,1500
500206,ﾒﾁﾙｴﾁﾙｹﾄﾝ(M.E.K)14KG,ﾒﾁﾙｴﾁﾙ,缶,0
500207,亜硫酸水素ﾅﾄﾘｳﾑ　500ml,ｱﾘｭｳｻﾝ,本,0
500208,次亜塩素酸ﾅﾄﾘｳﾑ　500ml,ｼﾞｱｴﾝｿ,ﾎﾝ,0
500209,溶剤 ﾗﾛｰｻﾞβ21　5L入,ﾗﾛｰｻﾞﾍ,個,0
500212,ﾗﾛ-ｻﾞR2000α(UN缶入),ﾗﾛｰｻﾞｱ,缶,0
500215,補助剤ﾗﾛｰｻﾞR2 補充用 5L入,ﾗﾛｰｻﾞR,本,24000
500216,ｽﾊﾟｯﾄ №3(ｲｴﾛｰﾋﾟｭｱ水性)　400ml,ｽﾊﾟｯﾄ,本,2500
500217,ｽﾊﾟｯﾄ №1(ｵｲﾘｰﾋﾟｭｱ油性)　400ml,ｽﾊﾟｯﾄ,本,0
500219,補助剤　ﾎﾜｲﾀｰ　100cc入　ｵｻﾞﾜ,ﾎﾜｲﾀｰ,本,880
500220,ｲﾝｸ消し　16ml,ｲﾝｸｹｼ,本,750
500221,簡潔主義ＥＶＯ　15Kg,ｶﾝｹﾂ,箱,0
500222,針状石鹸(ﾜｲｼｬﾂ洗)15Kg,ｼﾝｼﾞｮｳ,袋,0
500223,漂白剤　　20Kg,ﾋｮｳﾊｸ,袋,0
500224,ｼﾜﾄﾘ名人(ｼﾘｺﾝ加工剤)ﾊｰﾄﾞ　10kg,ｼﾜﾄﾘ,個,0
500225,ｿﾌﾀｰｴｲﾄﾌﾟﾗｽ　　2L,ｿﾌﾀｰ,個,0
500226,ﾗﾛｰｻﾞR ﾐﾆ,ﾗﾛｰｻﾞR,本,600
500227,ﾗﾛ-ｻﾞRｾｯﾄ･ﾐﾆ,ﾗﾛｰｻﾞR,ｾｯﾄ,3000
500228,溶剤 AK-35　(4L入),AK-35,個,0
500229,溶剤AK-35(300ml),AK-35,本,0
500230,溶剤AK-35(3L入)　ｻﾝﾌﾟﾙ,AK-35,個,0
500235,ﾗﾛ-ｻﾞRｾｯﾄﾐﾆ(ｻﾝﾌﾟﾙ),ﾗﾛｰｻﾞR,ｾｯﾄ,0
500236,補助剤 ﾗﾛｰｻﾞR1 補充用*1L入,ﾗﾛｰｻﾞR,本,7000
500237,補助剤 ﾗﾛｰｻﾞR2 補充用*1L入,ﾗﾛｰｻﾞR,本,7000
500238,補助剤 ﾗﾛｰｻﾞR3 補充用*1L入,ﾗﾛｰｻﾞR,本,7000
500239,補助剤 ﾗﾛｰｻﾞR4 補充用*1L入,ﾗﾛｰｻﾞR,本,7000
500240,補助剤 ﾗﾛｰｻﾞRｾｯﾄ(4本入),ﾗﾛｰｻﾞR,ｾｯﾄ,10000
500241,補助剤 ﾗﾛｰｻﾞR1(200ml),ﾗﾛｰｻﾞR,本,0
500242,補助剤 ﾗﾛｰｻﾞR2(200ml),ﾗﾛｰｻﾞR,本,2500
500243,補助剤 ﾗﾛｰｻﾞR3(200ml),ﾗﾛｰｻﾞR,本,2500
500244,補助剤 ﾗﾛｰｻﾞR4(200ml),ﾗﾛｰｻﾞR,本,2500
500245,補助剤ﾗﾛｰｻﾞR1 補充用 5L入,ﾗﾛｰｻﾞR,本,24000
500246,ｲｴﾛｰｶｯﾄ　5L入,ｲｴﾛｰｶｯ,個,8000
500247,ｱｸﾘﾙ染料(黒),ｱｸﾘﾙｾﾝ,本,0
500248,ﾎﾞｲﾗｰﾒｲﾄ　IM102,ﾎﾞｲﾗｰﾒ,個,0
500249,漂白剤　4Kg入,ﾋｮｳﾊｸｻ,本,0
500252,酸価測定液　10本入,ｻﾝｶｿｸﾃ,C/S,2500
500254,溶剤AK-35　5L入,AK-35,個,0
500255,補助剤ﾗﾛｰｻﾞR3 補充用 5L入,ﾗﾛｰｻﾞR,個,24000
500256,ｻﾞｲﾂ補充用 1KG入　青　ｸｲｯｺｰﾙ,ｻﾞｲﾂ,本,0
500257,補助剤ﾗﾛｰｻﾞR1 補充用 4L(1LX4ｹ),ﾗﾛｰｻﾞ,ｹｰｽ,19200
500258,ﾗﾛｰｻﾞR2　25ml　袋入り,ﾗﾛｰｻﾞｱ,本,0
500259,補助剤 ﾗﾛｰｻﾞRｾｯﾄ　補充用1L入,ﾗﾛｰｻﾞ,ｾｯﾄ,0
500260,補助剤 ﾗﾛｰｻﾞR1(ﾐﾆ),ﾗﾛｰｻﾞR,本,0
500261,溶剤ﾗﾛｰｻﾞβ21　3L,ﾗﾛｰｻﾞﾍ,個,0
500262,溶剤 ﾗﾛｰｻﾞΣ21　2L,ﾗﾛｰｻﾞｼ,個,3000
500263,洋金粉,ｷﾝﾌﾟﾝ,本,0
500265,漂白剤　300ｇ入,ﾋｮｳﾊｸ,個,0
500269,粉洗剤(簡潔主義)　4Kg入,ｶﾝｹﾂ,個,0
500270,ラヴリーワン(洗剤15kg),ﾗｳﾞﾘ,C/S,9000
500271,漂白剤　2KG入　過炭酸ﾅﾄﾘｳﾑ,ﾋｮｳﾊ,個,0
500272,ﾐｽﾄﾗﾙ500ｽﾍﾟｼｬﾙ　1KG,ﾐｽﾄﾗﾙ,個,0
500273,補助剤ﾗﾛｰｻﾞR1　5L(UN缶入),ﾗﾛｰｻﾞR,個,0
500274,補助剤ﾗﾛｰｻﾞR4　5L(UN缶入),ﾗﾛｰｻﾞR,,0
500275,溶剤 ﾗﾛｰｻﾞ∑21　3L入,ﾗﾛｰｻﾞｼ,個,0
500276,ｻﾞｲﾂ補充用 1KG入　紫　ﾗｺｰﾙ,ｻﾞｲﾂ,本,0
500277,ｲﾝｸｷﾗｰ(250ml)ﾐｽﾞﾎ,ｲﾝｸｷﾗｰ,本,0
500278,ｻﾞｲﾂ補充用 1KG入　茶　ｶﾗｿﾞｰﾙ,ｻﾞｲﾂ,本,0
500279,ﾗｲﾝﾍﾙﾊﾟｰ　420ml,ﾗｲﾝ,本,0
500280,一級 エタノール 99.5% 18L,ｴﾀﾉｰﾙ,,0
500281,ｿﾙｶﾝ365mfc　22Kg入,ｿﾙｶﾝ,缶,0
500282,ﾌﾛﾝ141B(5KG入り),ﾌﾛﾝ141,個,0
500283,ｴﾋﾞｽｶﾞｰﾄﾞｺﾝｸ30　4L,ｴﾋﾞｽｶﾞ,個,0
500285,漂白剤　1Kg　微粒,ﾋｮｳﾊｸ,個,5000
500289,ﾆﾄﾌﾛﾝ粘着ﾃｰﾌﾟ0.13x30巾X10mｶﾞﾗｽｺｰﾃｨﾝｸ,ﾆﾄﾌﾛﾝ,巻,0
500291,ﾊｲﾄﾞﾛｻﾙﾌｧｲﾄ　100ｇ,ﾊｲﾄﾞﾛｻ,本,0
500292,針状石鹸　4Kg入,ｼﾝｼﾞｮｳ,個,3500
500296,ﾁｬｺ消ｼ(水用),ﾁｬｺｹ,本,0
500297,ｴﾈﾛｸﾘｰﾝ,ｴﾈﾛ,個,800
500298,溶剤　ﾗﾛｰｻﾞR2000α.t*500300,ﾗﾛｰｻﾞｱ,缶,16000
500299,溶剤　ﾗﾛｰｻﾞR2000α･M*500300,ﾗﾛｰｻﾞｱ,缶,0
500300,溶剤 ﾗﾛ-ｻﾞR2000α,ﾗﾛｰｻﾞｱ,缶,17000
500301,ﾗﾛ-ｻﾞΣ21(ﾄﾞﾗﾑ入り),ﾗﾛｰｻﾞｼ,ﾄﾞﾗﾑ,0
500302,溶剤 β21(ｻﾝﾌﾟﾙ)3L,ﾗﾛｰｻﾞﾍ,個,0
500303,溶剤 ﾗﾛｰｻﾞβ21　UN缶入,ﾗﾛｰｻﾞﾍ,缶,0
500304,A*ﾗﾛｰｻﾞβ21,Aﾗﾛｰｻ,缶,0
500305,ﾎﾜｲﾄｶﾞｿﾘﾝ　18L,ﾎﾜｲﾄｶﾞ,缶,7000
500306,A*ﾗﾛｰｻﾞΣ21,Aﾗﾛｰｻ,缶,0
500308,A･R2000α,A･R200,缶,0
500310,ﾗﾛｰｻﾞβ21(190ml入),ﾗﾛｰｻﾞ,本,0
500312,補助剤ﾗﾛｰｻﾞR1 補充用 4L入,ﾗﾛｰｻﾞR,個,19200
500313,補助剤ﾗﾛｰｻﾞR2 補充用 4L入,ﾗﾛｰｻﾞR,個,19200
500314,補助剤ﾗﾛｰｻﾞR3 補充用 4L入,ﾗﾛｰｻﾞR,個,19200
500315,補助剤ﾗﾛｰｻﾞR4 補充用 4L入,ﾗﾛｰｻﾞR,個,19200
500316,粒状白鷺　活性炭　DC-3,ｶｯｾｲﾀﾝ,箱,0
500317,水性前処理剤 BM-301(4LX4ｹ),ﾏｴｼｮﾘ,C/S,10000
500318,ﾄﾞﾗｲｿｰﾌﾟJUN‐DC7,ﾄﾞﾗｲｿｰ,缶,18000
500319,ｶｰﾄﾘｯｼﾞﾌｨﾙﾀｰ　DCE470,ｶｰﾄﾘｯｼ,本,0
500320,ｶ-ﾄﾘｯｼﾞFC -4532,ｶｰﾄﾘｯｼ,個,0
500321,ﾄﾞﾗｲｿﾌﾄDCｺﾝｸ,ﾄﾞﾗｲｿﾌ,缶,0
500322,軟水剤 NT-100,ﾅﾝｽｲｻﾞ,缶,18000
500323,ﾆｭｰﾄﾘﾝRS-100(移染防止剤)17KG,ﾆｭｰﾄﾘﾝ,缶,16000
500324,TKｰｴｺｿｰﾌﾟ(18KG),ｴｺｿｰﾌﾟ,缶,0
500325,ﾄﾞﾗｲｿｰﾌﾟ　ｸﾘｽﾀｲﾙJUN-2,ｸﾘｽﾀｲﾙ,缶,20000
500326,ｸｵﾘﾃｨｱｯﾌﾟ17KG入,ｸｵﾘﾃｨｱ,缶,18000
500327,ﾄﾞﾗｲｿｰﾌﾟ　T-10E　石油,ﾄﾞﾗｲｿｰ,缶,17000
500328,ﾄﾞﾗｲｿｰﾌﾟJUN DC-7P,ﾄﾞﾗｲｿｰ,缶,18000
500329,ﾄﾞﾗｲｿｰﾌﾟJUN-DCｺﾝｸ,ﾄﾞﾗｲｿｰ,缶,20000
500330,ﾉｵﾗｯｸｽ STS,ﾈｵﾗｯｸｽ,缶,18000
500331,ｿｰﾌﾟ　JUN-38,Jun-38,缶,18000
500332,ﾗﾉｿﾞｰﾙSS(17KG)浴中柔軟剤,ﾗﾉｿﾞｰﾙ,缶,0
500333,ｶ-ﾄﾘｯﾁﾞﾌｨﾙﾀ- C-450,ｶｰﾄﾘｯｼ,本,14000
500334,ﾄﾞﾗｲﾉﾝW(帯電防止)18KG,ﾄﾞﾗｲﾉﾝ,缶,25000
500335,TKﾎﾜｲﾄ　15kg入,TKﾎﾜｲﾄ,箱,0
500336,ｼｪﾙﾌﾞﾗｲﾄｿﾞﾙ(18L),ｼｪﾙﾌﾞﾗ,缶,0
500337,ﾒﾀ硅酸,ﾒﾀｹｲｻﾝ,袋,4000
500338,ｴｺｿﾙﾄ,ｴｺ,袋,0
500339,ﾊｲﾚｼﾞﾝZP(18Kg),ﾊｲﾚｼﾞﾝ,缶,12000
500340,ｶｰﾄﾘｯｼﾞﾌｨﾙﾀｰ,ｶｰﾄﾘｯｼ,本,9500
500341,ｶｰﾄﾘｯｼﾞﾌｨﾙﾀｰSK-340,ｶｰﾄﾘｯｼ,本,8500
500342,ﾄﾞﾗｲﾉﾝW(4L入),ﾄﾞﾗｲﾉﾝ,個,0
500343,ｸｵﾘﾃｨｱｯﾌﾟ4L入,ｸｵﾘﾃｨｱ,個,0
500344,ｶｰﾄﾘｯﾁﾞﾌｨﾙﾀ-　SK-450ND,ｶｰﾄﾘｯｼ,本,7500
500345,ｶ-ﾄﾘｯﾁﾞﾌｨﾙﾀｰ Y-47,ｶｰﾄﾘｯﾁ,本,0
500346,ｶｰﾄﾘｯﾁﾞﾌｨﾙﾀｰY-34,ｶｰﾄﾘｯﾁ,本,0
500348,ｸﾘｽﾀﾙJUN2(4L入),ｸﾘｽﾀﾙ,個,6000
500349,ｶｰﾄﾘｯｼﾞﾌｨﾙﾀｰ　DC-450L　2本入,ｶｰﾄﾘｯｼ,本,0
500350,ﾄﾞﾗｲｿﾌﾄDCｺﾝｸ(4L),ﾄﾞﾗｲｿﾌ,個,7000
500351,水性前処理剤 BM-301(4L),ﾏｴｼｮﾘ,個,3000
500352,ｶｰﾄﾘｯｼﾞ(SK-1R)*4本,ｶｰﾄﾘｯﾁ,ｾｯﾄ,24000
500353,純ﾎﾜｲﾄ(5Kｇ),ｼﾞｭﾝﾎﾜ,個,4500
500354,油性前処理剤 ST-910(18L),ｴｽﾃｨ,缶,13000
500356,柔軟仕上げ剤(DSｰ1),ｼﾞｭｳﾅﾝ,缶,0
500357,ﾗﾉｿﾞｰﾙ SS 浴中柔軟剤 4Kg,ﾗﾉｿﾞｰﾙ,個,7000
500358,ﾊﾟﾜｰｿｰﾌﾟ(ｹﾞﾝﾌﾞ)ﾉｰﾏﾙﾀｲﾌﾟ*15KG,ﾊﾟﾜｰｿｰ,缶,0
500359,水洗い洗剤　ﾋﾟｭｱﾎﾜｲﾄ　15Kg,ﾋﾟｭｱﾎﾜ,ｹｰｽ,0
500360,ﾄﾞﾗｲｿｰﾌﾟT-10(4L入),ﾄﾞﾗｲｿｰ,個,0
500361,万能洗濯　4kg,ﾊﾞﾝﾉｳｾ,個,0
500362,ﾊﾞﾚｴ衣裳専用洗剤（5KG),ﾊﾞﾚｴ,個,0
500374,ﾄﾞﾛｷﾗｰ(水性ｲﾝｸ落し)　5L,ﾄﾞﾛｷﾗｰ,個,8000
500376,過ﾏﾝｶﾞﾝ酸ｶﾘｳﾑ(500g),ｶﾏﾝｶﾞﾝ,本,1200
500382,ﾆｭｰﾊﾞｲｵｽｰﾊﾟｰ(4KgX4ｹ),ﾆｭｰﾊﾞｲ,C/S,0
500384,ｼﾘｺﾝKJ-35　4Kg,ｼﾘｺﾝ,個,0
500409,油性前処理剤　ST-910(4L),ﾏｴｼｮﾘ,個,5000
500414,ｻｸﾗﾍﾞﾝｼﾞﾝ　18L,ﾍﾞﾝｼﾞﾝ,缶,8800
500415,ｶｰﾄﾘｯｼﾞﾌｨﾙﾀｰ　SK-451ND,ｶｰﾄﾘｯｼ,本,0
500421,汗取りﾊﾟｯﾄ(10ｾｯﾄ入)　ｱｾｰﾇ,ｱｾﾄﾘ,C/S,800
500423,縫製用血液落し　　150ml,ｹﾂｴｷ,本,1800
500424,水性前処理剤　MK-501　4L入,ﾏｴｼｮﾘ,本,0
500427,ﾀﾌﾀｰﾁ　(ｽﾌﾟﾚｰ糊),ﾀﾌﾀｰﾁ,本,800
500434,ｿﾌﾚｰﾀｰ　SW-30　柔軟剤　18KG,ｿﾌﾚｰ,缶,0
500441,Bｶﾞｰﾄﾞ(17L),ﾋﾞｰｶﾞｰﾄﾞ,缶,0
500443,万能洗択　10Kg,ﾊﾞﾝﾉｳ,個,0
500445,純水　5L,ｼﾞｭﾝ,個,0
500451,ﾀｯｸｵﾌ　粘着防止剤　300ml,ﾀｯｸｵﾌ,本,2000
500454,ﾅｳﾃﾞｨHP-2525,ﾅｳﾃﾞｨ,個,0
500455,ﾌﾞﾙｰﾓｱ,ﾌﾞﾙｰﾓｱ,個,0
500456,精製水　18L,ｾｲｾｲｽｲ,個,3000
500457,ナウディST880,ﾅｳﾃﾞｨS,個,0
500458,ｳﾙﾄﾗﾌﾞﾙﾀﾞｰ(漂白強化剤)10kg,ｳﾙﾄﾗ,袋,0
500459,ﾄﾞﾗｲｽﾀｰ5　　15kg,ﾄﾞﾗｲ,缶,0
500460,ｱｲｿｰﾙｴｰｽ　20L,ｱｲｿｰﾙ,個,0
500461,石油用撥水加工剤,ﾊｯｽｲ,個,0
500462,ﾄﾞﾗｲｿｰﾌﾟT-10　1L,ﾄﾞﾗｲｿｰ,個,1500
500463,洗剤　ｴｺｽﾏｲﾙ　PO-8　10Kg,ｴｺｽﾏｲﾙ,箱,0
500464,ｶﾞｰﾄﾞｽﾙｰS(防水除去剤),ｶﾞｰﾄﾞ,本,0
500465,ｽﾎﾟｯﾄｾﾞﾘｰM2(蛋白系補助剤),ｽﾎﾟｯﾄ,本,0
500466,ﾋｭｰｽﾞｱｳﾄ(剥離剤:ｽﾌﾟﾚｰ),ﾋｭｰｽﾞ,本,1500
500467,前処理剤(ﾌﾛﾝﾃｰｼﾞNF-365)15㎏入,ﾌﾛﾝﾃｰ,缶,0
500468,花王ｱｸﾃｨﾍﾞｲﾄL40　10Kg入,ｱｸﾃｨﾍﾞ,個,0
500469,花王ｽｰﾊﾟｰﾜﾝﾀﾞｰｽﾀｰﾁ10kg　廃番2023.06,ﾜﾝﾀﾞｰ,,0
500470,ｱｲｿｰﾙ (18L),ｱｲｿｰﾙﾜﾀﾍﾞ,,0
500471,ｱｲｿｰﾙｿﾌﾄ（17L）,ｱｲｿｰﾙﾜﾀﾍﾞ,,0
500472,アセスパット(ﾐｽﾞﾎ)4L入,ｱｾｽﾊﾟｯ,個,0
500473,花王ﾆｭｰ吸水ｿﾌﾀｰ　10Kg入,ｷｭｳｽｲ,個,0
500474,ﾃﾞｽﾋﾟｱ(わきが臭除去剤)220ml,ﾃﾞｽﾋﾟｱ,本,4000
500475,ﾗｲﾄ抗菌ｿﾌﾀｰｶｼﾐｱﾝ　10kg,ﾗｲﾄｺｳｷﾝｿﾌﾀ,個,0
500476,ｱﾝｺﾞﾗﾒｲﾄｽﾌﾟﾚｰ,ｱﾝｺﾞﾗﾒｲﾄｽﾌ,本,0
500477,ﾆﾝｼﾞｬｳｴｯﾄ(16Kg),ﾆﾝｼﾞｬ,缶,0
500478,油洗ｽﾄﾛﾝｶﾞｰ(18kg),ﾕｾﾝｽﾄﾛﾝｶﾞ,個,0
500480,ﾁｭｰｺｰﾌﾛｰﾌｯ素樹脂粘着ﾃｰﾌﾟ,ﾆﾄﾌﾛﾝ,巻,0
500481,A*AK-35,Aｴｰｹｰ,缶,0
500482,溶剤　AK-35Ⅱ　UN缶仕様,AK-35,缶,0
500483,I*AK-35　預かり分より,Iｴｰｹｰ,缶,0
500485,ｻﾞｲﾂ補充用 1KG入　黄　ﾌﾗﾝｺｿﾞｰﾙ,ｻﾞｲﾂ,本,0
500486,ｶﾗｰﾘﾑﾊﾞｰ(100ml),ｶﾗｰﾘﾑﾊﾞ,本,0
500487,ｻﾞｲﾂ補充用 1KG入　橙　ｶﾌｪｿﾞｰﾙ,ｻﾞｲﾂ,本,0
500488,ｻﾞｲﾂ補充用 1KG入　赤　ﾌﾞﾙﾄｰﾙ,ｻﾞｲﾂ,本,0
500490,補助剤ﾗﾛｰｻﾞR　　 L(UNﾎﾟﾘﾀﾝｸ入),ﾗﾛｰｻﾞR,,0
500491,ｶｾｿﾞｰﾙ　AV-15 18kg,ｶｾｿﾞｰﾙ,缶,0
500492,ｶﾞｰﾄﾞ液希釈溶剤(15㎏),ｶﾞｰﾄﾞｴｷ,缶,0
500493,ｼﾐ抜き溶剤(眞藤仕様),ｼﾐﾇｷﾖｳｻﾞｲ,缶,0
500494,輪じみｸﾘｰﾝ(420ml),ﾜｼﾞﾐｸﾘｰﾝ,本,0
500495,花王ﾜｲﾄﾞﾊｲﾀｰ(1L)　ﾎｰﾑｾﾝﾀｰ,ﾊｲﾀｰ,個,600
500496,溶剤　NEW AK－35(16K)　使用禁止,AK-35,缶,17500
500497,花王 ｿﾌﾀｰ1/3　10㎏,ｿﾌﾀｰ,個,0
500498,染料筆ペン（18色）,ﾌﾃﾞﾍﾟﾝ,ｾｯﾄ,0
500499,A･ﾍﾞﾝｼﾞﾝ　500ml,ﾍﾞﾝｼﾞﾝ,本,0
500500,溶剤ﾗﾛｰｻﾞβ21　300ml,ﾗﾛｰｻﾞﾍ,個,0
500502,ｼﾙｴｯﾄﾒｲｸｸｲｯｸｽﾌﾟﾚｰ(ｽﾄﾛﾝｸﾞ),ｼﾙｴｯﾄﾒｲｸ,本,2000
500503,ｸﾞﾗﾝﾄﾞﾏｯｸｽ,ｸﾞﾗﾝﾄﾞﾏｯｸｽ,個,2000
500504,前処理ｼﾐ抜き溶剤,ﾏｴｼｮﾘｼﾐﾇｷ,缶,0
500505,再製剤ｸﾘｰﾝ　18ｷﾛ,ｸﾘｰﾝ,,0
500506,複合清缶剤　A-13M　20KG,ﾌｸｺﾞｳ,缶,0
500507,AQURA WATER　（4L）,ｱｸﾗ,個,0
500508,AQURA WATER　（4L）4本入り,ｱｸﾗ,ｾｯﾄ,0
500509,新配合ｼﾐ抜き溶剤　（16L）,ｼﾐﾇｷ,缶,0
500510,ｶｰﾄﾘｯｼﾞﾌｨﾙﾀｰBS-340,ｶｰﾄﾘｯｼﾞ,個,0
500511,AQURA WATER  UNﾎﾟﾘ,ｱｸﾗ,個,0
500512,ｼﾐﾅｯｸｽｱﾙﾌｧ,ｼﾐﾅｯｸｽ,個,0
510000,諸,ﾓﾛ,,0
510001,酸素ｾﾝｻｰ(ﾏｰｸ付),ｻﾝｿｾﾝｻ,個,0
510002,酸素ｾﾝｻｰ,ｻﾝｿｾﾝｻ,個,0
510003,真空ﾊﾟｯｸ用袋 625X1850,ｼﾝｸｳ,枚,800
510004,真空ﾊﾟｯｸ用ｼｰﾙ(丸型),ｼﾝｸｳ,枚,0
510005,真空ﾊﾟｯｸ用ｼｰﾙ(丸型穴明),ｼﾝｸｳ,枚,0
510006,真空ﾊﾟｯｸ用ｼｰﾙ角型ﾛｺﾞ入,ｼﾝｸｳ,枚,0
510007,真空ﾊﾟｯｸ用ｼｰﾙ角型 無地,ｼﾝｸｳ,枚,0
510008,ｴｰｼﾞﾚｽZP-2000,ｴｰｼﾞﾚｽ,個,0
510009,真空ﾊﾟｯｸ用袋 625X1000,ｼﾝｸｳ,枚,0
510010,A*酸素ｾﾝｻｰ,Aｻﾝｿｾﾝ,個,0
510011,A*真空ﾊﾟｯｸ用袋(625X1850),Aｼﾝｸｳﾊ,枚,0
510012,真空ﾊﾟｯｸ用袋 800X1850,ｼﾝｸｳ,枚,0
510013,真空ﾊﾟｯｸ用袋 800X1100,ｼﾝｸｳ,枚,0
510014,真空ﾊﾟｯｸ用ｽｰﾂﾊﾝｶﾞｰ,ｼﾝｸｳ,ｾｯﾄ,0
510015,真空ﾊﾟｯｸ袋(和服用),ｼﾝｸｳ,枚,0
510016,真空ﾊﾟｯｸ用袋(600X625)小物用,ｼﾝｸｳ,枚,0
510017,真空ﾊﾟｯｸ用袋 625X2000,ｼﾝｸｳ,枚,0
510018,真空ﾊﾟｯｸ用袋 625X1200,ｼﾝｸｳ,枚,0
530130,真空ﾊﾟｯｸ(ﾄﾞﾚｽCL&ｶﾞｽ充填一式)　ﾗﾗ,ｼﾝｸｳﾊﾟ,ｾｯﾄ,0
549080,再ﾒﾝﾃ　ｸﾘｰﾆﾝｸﾞ(ﾄﾞﾚｽ),ｾｻｲﾒﾝﾃ,枚,0
549083,再ﾒﾝﾃ　ｸﾘｰﾆﾝｸﾞ(ｽﾞﾎﾞﾝ),ｾｻｲﾒﾝﾃ,枚,0
549085,再ﾒﾝﾃ　ｸﾘｰﾆﾝｸﾞ(留袖),ｾｻｲﾒﾝﾃ,枚,0
549086,再ﾒﾝﾃ　ｸﾘｰﾆﾝｸﾞ(襦袢),ｾｻｲﾒﾝﾃ,枚,0
550201,ｸﾘｰﾆﾝｸﾞ(ﾄﾞﾚｽ･腋臭処理有),ｵﾄﾞｸﾘ,枚,0
550203,ｸﾘｰﾆﾝｸﾞ(ﾄﾞﾚｽ上ﾉﾐ),ｵﾄﾞｸﾘ,枚,0
550204,ｸﾘｰﾆﾝｸﾞ(ﾄﾞﾚｽｽｶｰﾄﾉﾐ),ｵﾄﾞｸﾘ,枚,0
550305,ｸﾘｰﾆﾝｸﾞ(ﾀｷｼｰﾄﾞ上中下･腋臭処理有),ｵﾀｸﾘ,式,0
550308,ｸﾘｰﾆﾝｸﾞ(ﾀｷｼｰﾄﾞ上中),ﾀｷｼｰﾄﾞ,ｾｯﾄ,0
550310,ｸﾘｰﾆﾝｸﾞ(ﾀｷｼｰﾄﾞ中下),ﾀｷｼｰﾄﾞ,ｾｯﾄ,0
550325,ｸﾘｰﾆﾝｸﾞ(ﾓｰﾆﾝｸﾞ上中下･ﾍﾞｽﾄ襟付),ｵﾓｸﾘ,ｾｯﾄ,0
550334,ｸﾘｰﾆﾝｸﾞ(ﾓｰﾆﾝｸﾞ上中･ﾍﾞｽﾄ襟付),ﾓｰﾆﾝｸﾞ,ｾｯﾄ,0
550617,ｸﾘｰﾆﾝｸﾞ(ﾓｰﾆﾝｸﾞ白襟),ｵｴｸﾘ,枚,0
550618,ｸﾘｰﾆﾝｸﾞ(かりゆしｳｪｱ),ｵｶ,枚,0
550634,ｸﾘｰﾆﾝｸﾞ(ﾎﾟﾝﾁｮ),ｵﾎﾟｸﾘ,枚,0
550636,ｸﾘｰﾆﾝｸﾞ(男性琉装･上),ｵﾘｸﾘ,枚,0
550639,ｸﾘｰﾆﾝｸﾞ(女性琉装･上),ｾｺｸﾘ,枚,0
550641,ｸﾘｰﾆﾝｸﾞ(女性琉装･中),ｵﾘｸﾘ,枚,0
559008,修繕代,ｵｼｭｳｾﾞﾝ,式,0
559051,腋臭処理代(ﾀｷｼｰﾄﾞ),ｵﾜｸﾘ,ｾｯﾄ,0
600001,ｼﾐ抜き代,ｼﾐﾇｷ,枚,0
610001,ｸﾘｰﾆﾝｸﾞ,ｸﾘｰﾆﾝｸﾞ,式,0
620001,ｸﾘｰﾆﾝｸﾞ(ﾀｷｼｰﾄﾞ),ﾀｷｼｰﾄﾞ,枚,0
620002,ﾊﾟｯｸCL(ﾄﾞﾚｽ)ﾜﾀﾍﾞ,ﾜﾀﾍﾞ,枚,0
620003,ﾊﾟｯｸCL(ﾀｷｼｰﾄﾞ)ﾜﾀﾍﾞ,ﾜﾀﾍﾞ,枚,0
620004,ﾊﾟｯｸCL(ﾄﾚｰﾝ)ﾜﾀﾍﾞ,ﾜﾀﾍﾞ,枚,0
620005,ﾊﾟｯｸCL(ﾊﾟﾆｴ)ﾜﾀﾍﾞ,ﾜﾀﾍﾞ,枚,0
630001,真空ﾊﾟｯｸ(ﾄﾞﾚｽ),ｼﾝｸｳﾄﾞﾚｽ,枚,4500
630002,真空ﾊﾟｯｸ(ﾄﾞﾚｽ)ﾗﾗ,ｼﾝｸｳﾄﾞﾚｽ,枚,4000
630003,真空ﾊﾟｯｸ(ﾄﾞﾚｽ.ﾄﾚｰﾝ付),ｼﾝｸｳﾊﾟ,ｾｯﾄ,0
630004,真空ﾊﾟｯｸ(ﾄﾞﾚｽ.ﾍﾞｰﾙ付),ｼﾝｸｳﾊﾟ,ｾｯﾄ,0
630005,真空ﾊﾟｯｸ(ﾄﾞﾚｽ.ﾎﾞﾚﾛ付),ｼﾝｸｳﾊﾟ,ｾｯﾄ,6000
630006,真空ﾊﾟｯｸ(ﾄﾞﾚｽ.ﾊﾟﾆｴ付),ｼﾝｸｳﾊﾟ,ｾｯﾄ,0
630007,真空ﾊﾟｯｸ(ﾄﾚｰﾝ),ｼﾝｸｳﾊﾟ,枚,2000
630008,真空ﾊﾟｯｸ(ﾊﾟﾆｴ),ｼﾝｸｳﾊﾟ,枚,2000
630009,真空ﾊﾟｯｸ(ﾍﾞｰﾙ),ｼﾝｸｳﾍﾞｰﾙ,枚,3500
630010,真空ﾊﾟｯｸ(ﾍﾞｰﾙ)箱ﾅｼ,ｼﾝｸｳﾍﾞｰﾙ,枚,2000
630011,真空ﾊﾟｯｸ(ｽﾄｰﾙ),ｼﾝｸｳｽﾄｰﾙ,枚,0
630012,真空ﾊﾟｯｸ(ｺｻｰｼﾞｭ),ｼﾝｸｳｺｻｰｼﾞｭ,個,0
630013,真空ﾊﾟｯｸ(ﾘﾎﾞﾝ)箱ﾅｼ,ｼﾝｸｳﾘﾎﾞﾝ,個,0
630014,真空ﾊﾟｯｸ(ｵｰﾊﾞｰｽｶｰﾄ),ｼﾝｸｳｵｰﾊﾞｰ,枚,0
630015,真空ﾊﾟｯｸ(ｹﾞｽﾄﾄﾞﾚｽ),ｼﾝｸｳﾊﾟ,枚,0
630016,真空ﾊﾟｯｸ(ｺｰﾄ),ｼﾝｸｳｺｰﾄ,枚,0
630017,真空ﾊﾟｯｸ(ﾀｷｼｰﾄﾞ上中下ｾｯﾄ),ｼﾝｸｳﾊﾟ,ｾｯﾄ,3500
630019,真空ﾊﾟｯｸ(ｽｰﾂ),ｼﾝｸｳｽｰﾂ,ｾｯﾄ,0
630020,真空ﾊﾟｯｸ(着物),ｼﾝｸｳﾊﾟ,ｾｯﾄ,0
630021,真空ﾊﾟｯｸ(子供　着物),ｼﾝｸｳﾊﾟ,ｾｯﾄ,3500
630100,真空ﾊﾟｯｸ(ﾄﾞﾚｽCL),ｼﾝｸｳﾄﾞﾚｽ,ｾｯﾄ,20000
630101,真空ﾊﾟｯｸ(ﾄﾞﾚｽCL&ﾊﾟｯｸ)箱ﾅｼ,ｼﾝｸｳﾊﾟ,ｾｯﾄ,0
630102,真空ﾊﾟｯｸ(ﾄﾞﾚｽ&ﾊﾟﾆｴCL.ｶﾞｽ充填一式),ｼﾝｸｳﾊﾟ,ｾｯﾄ,15000
630103,真空ﾊﾟｯｸ(ﾊﾟﾆｴCL.ｶﾞｽ充填一式),ｼﾝｸｳﾊﾟ,ｾｯﾄ,0
630104,真空ﾊﾟｯｸ(ﾄﾞﾚｽ&ﾄﾚｰﾝCLｶﾞｽ充填一式),ｼﾝｸｳﾊﾟ,ｾｯﾄ,0
630105,真空ﾊﾟｯｸ(ﾄﾚｰﾝCLｶﾞｽ充填一式),ｼﾝｸｳﾊﾟ,ｾｯﾄ,0
630106,真空ﾊﾟｯｸ(ﾍﾞｰﾙCL.ｶﾞｽ充填一式),ｼﾝｸｳﾊﾟ,ｾｯﾄ,4000
630107,真空ﾊﾟｯｸ(子供ﾄﾞﾚｽCL.ｶﾞｽ充填一式),ｼﾝｸｳﾊﾟ,ｾｯﾄ,5000
630108,真空ﾊﾟｯｸ(ｼﾞｬｹｯﾄCL.ｶﾞｽ充填一式),ｼﾝｸｳﾊﾟ,ｾｯﾄ,0
630109,真空ﾊﾟｯｸ(ﾜﾝﾋﾟｰｽCL.ｶﾞｽ充填一式),ｼﾝｸｳﾊﾟ,ｾｯﾄ,0
630110,真空ﾊﾟｯｸ(ｽｶｰﾄCL.ｶﾞｽ充填一式),ｼﾝｸｳﾊﾟ,ｾｯﾄ,0
630113,真空ﾊﾟｯｸ(ﾀｷｼｰﾄﾞCL&ｶﾞｽ充填一式),ｼﾝｸｳﾊﾟ,ｾｯﾄ,6000
630114,真空ﾊﾟｯｸ(ﾄﾞﾚｽ.ﾀｷｼｰﾄﾞｾｯﾄCL.ｶﾞｽ充填),ｼﾝｸｳﾊﾟ,ｾｯﾄ,17000
630115,真空ﾊﾟｯｸ(着物CL),ｼﾝｸｳｷﾓﾉ,ｾｯﾄ,0
630116,真空ﾊﾟｯｸ(振袖.襦袢CL&ｶﾞｽ充填一式),ｼﾝｸｳﾊﾟ,ｾｯﾄ,0
630117,ｸﾘｰﾆﾝｸﾞ(真空ﾊﾟｯｸ・箱有),ｸﾘｰﾆﾝｸﾞ,ｾｯﾄ,0
630130,ｱｲﾗｯﾌﾟ,ｼﾝｸｳ,ｾｯﾄ,0
630200,ｸﾘｰﾆﾝｸﾞ(ﾄﾞﾚｽ),ﾄﾞﾚｽ,枚,0
630202,ｸﾘｰﾆﾝｸﾞ(ﾄﾞﾚｽ･ｼﾐﾇｷ手入有),ﾌﾄﾞｸﾘ,枚,0
630203,ｸﾘｰﾆﾝｸﾞ(ﾄﾞﾚｽ･漂白手入有),ﾌﾄﾞｸﾘ,枚,0
630206,ｸﾘｰﾆﾝｸﾞ(ﾄﾞﾚｽ.ﾄﾚｰﾝ付),ﾌﾄﾞｸﾘ,ｾｯﾄ,0
630207,ｸﾘｰﾆﾝｸﾞ(ﾄﾞﾚｽ.ﾄﾚｰﾝ大･大付),ﾌﾄﾞｸﾘ,ｾｯﾄ,0
630208,ｸﾘｰﾆﾝｸﾞ(ﾄﾞﾚｽ.ﾄﾚｰﾝ大小付),ﾌﾄﾞｸﾘ,ｾｯﾄ,0
630209,ｸﾘｰﾆﾝｸﾞ(ﾄﾞﾚｽ.ｵｰﾊﾞｰｽｶｰﾄ付),ﾌﾄﾞｸﾘ,ｾｯﾄ,6000
630211,ｸﾘｰﾆﾝｸﾞ(ﾄﾞﾚｽ.ｹｰﾌﾟ付),ﾌﾄﾞｸﾘ,ｾｯﾄ,0
630212,ｸﾘｰﾆﾝｸﾞ(ﾄﾞﾚｽ.上ﾉﾐ),ﾌﾄﾞｸﾘ,枚,0
630214,ｸﾘｰﾆﾝｸﾞ(ﾐﾆﾁｭｱﾄﾞﾚｽ),ﾐﾆﾁｭｱﾄﾞﾚｽ,枚,800
630220,ｸﾘｰﾆﾝｸﾞ(白ﾄﾞﾚｽ),ﾄﾞﾚｽ,枚,0
630221,ｸﾘｰﾆﾝｸﾞ(ｶﾗｰﾄﾞﾚｽ),ﾄﾞﾚｽ,枚,0
630230,ｸﾘｰﾆﾝｸﾞ(ﾗﾗ/白･ﾚﾝﾀﾙ),ﾗﾗｼﾛ,枚,0
630231,ｸﾘｰﾆﾝｸﾞ(ﾗﾗ/ｶﾗｰ･ﾚﾝﾀﾙ),ﾗﾗｶﾗｰ,枚,0
630232,ｾﾙCL,ｳｴﾃﾞｨ,枚,0
630233,ｸﾘｰﾆﾝｸﾞ(ﾗﾗ/白･ｾﾙ/箱無),ﾗﾗ,枚,0
630234,ｸﾘｰﾆﾝｸﾞ(ﾗﾗ/ｶﾗｰ･ｾﾙ/箱有),ｶﾗｰ,枚,0
630236,前撮ﾄﾞﾚｽｸﾘｰﾆﾝｸﾞ,ﾏｴﾄﾞﾘﾄﾞ,枚,0
630300,ｸﾘｰﾆﾝｸﾞ(ﾀｷｼｰﾄﾞ上中下),ﾀｷｼｰﾄﾞ,ｾｯﾄ,2100
630301,ｸﾘｰﾆﾝｸﾞ(ﾀｷｼｰﾄﾞ上中下ﾀｲ),,ｾｯﾄ,0
630302,ｸﾘｰﾆﾝｸﾞ(ﾀｷｼｰﾄﾞ上下),ﾀｷｼｰﾄﾞ,ｾｯﾄ,1500
630305,ｸﾘｰﾆﾝｸﾞ(ﾀｷｼ-ﾄﾞ上),ﾀｷｼｰﾄﾞ,枚,900
630308,ｸﾘｰﾆﾝｸﾞ(ﾀｷｼ-ﾄﾞ中),ﾀｷｼｰﾄﾞ,枚,500
630311,ｸﾘｰﾆﾝｸﾞ(ﾀｷｼｰﾄﾞ下),ﾀｷｼｰﾄﾞ,枚,600
630313,ｸﾘｰﾆﾝｸﾞ(ﾓｰﾆﾝｸﾞ上中下),ﾓｰﾆﾝｸﾞ,ｾｯﾄ,0
630314,ｸﾘｰﾆﾝｸﾞ(ﾓｰﾆﾝｸﾞ上下),ﾓｰﾆﾝｸﾞ,ｾｯﾄ,0
630315,ｸﾘｰﾆﾝｸﾞ(ﾓｰﾆﾝｸﾞ上中）,ﾓｰﾆﾝｸﾞ,ｾｯﾄ,0
630316,ｸﾘｰﾆﾝｸﾞ(ﾓｰﾆﾝｸﾞ中下),ﾓｰﾆﾝｸﾞ,ｾｯﾄ,0
630318,ｸﾘｰﾆﾝｸﾞ(ﾓｰﾆﾝｸﾞ上),ﾓｰﾆﾝｸﾞ,枚,0
630320,ｸﾘｰﾆﾝｸﾞ(ﾓｰﾆﾝｸﾞ中),ﾓｰﾆﾝｸﾞ,枚,0
630321,ｸﾘｰﾆﾝｸﾞ(ﾓｰﾆﾝｸﾞ下),ﾓｰﾆﾝｸﾞ,枚,0
630322,ｸﾘｰﾆﾝｸﾞ(燕尾服上中下),ﾌｴｸﾘ,ｾｯﾄ,0
630323,ｸﾘｰﾆﾝｸﾞ(燕尾服上下),ﾌｴｸﾘ,ｾｯﾄ,0
630324,ｸﾘｰﾆﾝｸﾞ(燕尾服上),ﾌｴｸﾘ,枚,0
630325,ｸﾘｰﾆﾝｸﾞ(燕尾服下),ﾌｴｸﾘ,ｾｯﾄ,0
630326,ｸﾘｰﾆﾝｸﾞ(燕尾服中),ｴﾝﾋﾞ,枚,0
630400,ｸﾘｰﾆﾝｸﾞ(掛下),ｶｹｼﾀ,枚,3500
630402,ｸﾘｰﾆﾝｸﾞ(掛下･二部式),ｶｹｼﾀ,ｾｯﾄ,0
630405,ｸﾘｰﾆﾝｸﾞ(白無垢),ｼﾛﾑｸ,枚,5000
630410,ｸﾘｰﾆﾝｸﾞ(打掛),ｳﾁｶｹ,枚,0
630415,ｸﾘｰﾆﾝｸﾞ(振袖),ﾌﾌｸﾘ,枚,3500
630416,ｸﾘｰﾆﾝｸﾞ(引振袖),ﾋｷﾌﾘｿﾃﾞ,枚,0
630417,ｸﾘｰﾆﾝｸﾞ(小振袖),ｺﾌﾘｿﾃﾞ,枚,0
630418,ｸﾘｰﾆﾝｸﾞ(中振袖),ﾁｭｳﾌﾘｿﾃﾞ,枚,3500
630419,ｸﾘｰﾆﾝｸﾞ(振袖･ｼﾐﾇｷ手入有),ﾌﾌｸﾘ,枚,0
630420,ｸﾘｰﾆﾝｸﾞ(留袖),ﾄﾒｿﾃﾞ,枚,3000
630421,ｸﾘｰﾆﾝｸﾞ(留袖.ｼﾐ抜手入有),ﾄﾒｿﾃﾞ,枚,0
630422,ｸﾘｰﾆﾝｸﾞ(色留袖),ﾄﾒｿﾃﾞ,枚,0
630425,ｸﾘｰﾆﾝｸﾞ(喪服),ﾓﾌｸ,枚,2500
630430,ｸﾘｰﾆﾝｸﾞ(訪問着),ﾎｳﾓﾝ,枚,3000
630435,ｸﾘｰﾆﾝｸﾞ(附下),ﾂｹｻｹﾞ,枚,3000
630436,ｸﾘｰﾆﾝｸﾞ(附下･ｼﾐ抜手入有),ﾌﾂｸﾘ,枚,0
630437,ｸﾘｰﾆﾝｸﾞ(色無地),ｲﾛﾑｼﾞ,枚,3000
630440,ｸﾘｰﾆﾝｸﾞ(男羽織.長着ｾｯﾄ),ﾊｵﾘ,式,0
630441,ｸﾘｰﾆﾝｸﾞ(長着),ﾅｶﾞｷﾞ,枚,3000
630442,ｸﾘｰﾆﾝｸﾞ(男 羽織),ﾊｵﾘ,枚,2000
630443,ｸﾘｰﾆﾝｸﾞ(女羽織),ﾊｵﾘ,枚,2000
630450,ｸﾘｰﾆﾝｸﾞ(男 袴),ﾊｶﾏ,枚,2000
630451,ｸﾘｰﾆﾝｸﾞ(女 袴),ﾊｶﾏ,枚,800
630460,ｸﾘｰﾆﾝｸﾞ(長襦袢),ﾅｶﾞｼﾞｭﾊﾞﾝ,枚,2000
630462,ｸﾘｰﾆﾝｸﾞ(留袖長襦袢),ﾅｶﾞｼﾞｭﾊﾞﾝ,枚,0
630463,ｸﾘｰﾆﾝｸﾞ(振袖長襦袢),ﾅｶﾞｼﾞｭﾊﾞﾝ,枚,0
630464,ｸﾘｰﾆﾝｸﾞ(男物長襦袢),ﾅｶﾞｼﾞｭﾊﾞﾝ,枚,2000
630465,ｸﾘｰﾆﾝｸﾞ(花嫁襦袢),ｼﾞｭﾊﾞﾝ,枚,2000
630470,ｸﾘｰﾆﾝｸﾞ(黒引き),ｸﾛﾋｷ,枚,0
630471,ｸﾘｰﾆﾝｸﾞ(小紋),ｺﾓﾝ,枚,3000
630472,ｸﾘｰﾆﾝｸﾞ(紬),ﾂﾑｷﾞ,枚,0
630473,ｸﾘｰﾆﾝｸﾞ(元禄袖),ｹﾞﾝﾛｸｿﾃﾞ,枚,0
630474,ｸﾘｰﾆﾝｸﾞ(着物一式),ｷﾓﾉ,式,0
630500,ｸﾘｰﾆﾝｸﾞ(子供ﾄﾞﾚｽ),ﾄﾞﾚｽ,枚,2000
630501,ｸﾘｰﾆﾝｸﾞ(子供ﾎﾞﾚﾛ),ｺﾄﾞﾓﾎﾞﾚﾛ,枚,0
630502,ｸﾘｰﾆﾝｸﾞ(子供ﾀｷｼｰﾄﾞ上中下),ﾀｷｼｰﾄﾞ,ｾｯﾄ,1500
630503,ｸﾘｰﾆﾝｸﾞ(子供ﾀｷｼｰﾄﾞ上下),ﾀｷｼｰﾄﾞ,ｾｯﾄ,0
630504,ｸﾘｰﾆﾝｸﾞ(子供ﾀｷｼｰﾄﾞ上),ﾀｷｼｰﾄﾞ,枚,900
630505,ｸﾘｰﾆﾝｸﾞ(子供･ﾍﾞｽﾄ),ﾍﾞｽﾄ,枚,500
630506,ｸﾘｰﾆﾝｸﾞ(子供･ｽﾞﾎﾞﾝ),ｽﾞﾎﾞﾝ,枚,400
630507,ｸﾘｰﾆﾝｸﾞ(子供ﾓｰﾆﾝｸﾞ上中下),ﾓｰﾆﾝｸﾞ,ｾｯﾄ,0
630509,ｸﾘｰﾆﾝｸﾞ(子供用ｼｬﾂ),ｼｬﾂ,枚,400
630510,ｸﾘｰﾆﾝｸﾞ(子供長着･羽織ｾｯﾄ),ﾊｵﾘ,ｾｯﾄ,0
630511,ｸﾘｰﾆﾝｸﾞ(子供着物),ｷﾓﾉ,枚,3000
630512,ｸﾘｰﾆﾝｸﾞ(子供襦袢),ｼﾞｭﾊﾞﾝ,枚,1000
630513,ｸﾘｰﾆﾝｸﾞ(子供袴),ﾊｶﾏ,枚,1000
630520,ｸﾘｰﾆﾝｸﾞ(子供七五三祝着　羽織),ｼﾁｺﾞｻﾝ,枚,2000
630523,ｸﾘｰﾆﾝｸﾞ(子供服),ﾌｸ,枚,0
630524,ｸﾘｰﾆﾝｸﾞ(子供被布),ﾋﾌ,枚,0
630525,ｸﾘｰﾆﾝｸﾞ(子供･裃),ﾌｺｸﾘ,枚,0
630526,ｸﾘｰﾆﾝｸﾞ(子供帯),ｵﾋﾞ,枚,0
630527,ｸﾘｰﾆﾝｸﾞ(子供初着ｾｯﾄ),ｳﾌﾞｷﾞ,式,0
630528,ｸﾘｰﾆﾝｸﾞ(子供初着),ｳﾌﾞｷﾞ,枚,0
630529,ｸﾘｰﾆﾝｸﾞ(子供着物一式),ｺﾄﾞﾓｷﾓﾉ,枚,3000
630600,ｸﾘｰﾆﾝｸﾞ(ﾄﾚｰﾝ),ﾄﾚｰﾝ,枚,0
630601,ｸﾘｰﾆﾝｸﾞ(ﾊﾟﾆｴ 小),ﾌﾊﾟｸﾘ,枚,1000
630602,ｸﾘｰﾆﾝｸﾞ(ﾊﾟﾆｴ),ﾊﾟﾆｴ,枚,2000
630603,ｸﾘｰﾆﾝｸﾞ(ﾍﾞｰﾙ),ﾍﾞｰﾙ,枚,2000
630604,ｸﾘｰﾆﾝｸﾞ(ﾍﾞｰﾙ.ｼｮｰﾄ),ﾌﾍﾞｸﾘ,枚,1000
630605,ｸﾘｰﾆﾝｸﾞ(ﾎﾞﾚﾛ),ﾎﾞﾚﾛ,枚,1000
630606,ｸﾘｰﾆﾝｸﾞ(ｸﾞﾛｰﾌﾞ),ｸﾞﾛｰﾌﾞ,双,300
630607,ｸﾘｰﾆﾝｸﾞ(ｹｰﾌﾟ),ｹｰﾌﾟ,枚,0
630609,ｸﾘｰﾆﾝｸﾞ(ｽﾄｰﾙ),ｽﾄｰﾙ,枚,0
630610,ｸﾘｰﾆﾝｸﾞ(ｵｰﾊﾞｰｽｶｰﾄ),ｽｶｰﾄ,枚,0
630611,ｸﾘｰﾆﾝｸﾞ(ﾄﾞﾚｽ用ﾏﾝﾄ),ﾌﾄﾞｸﾘ,枚,0
630612,ｸﾘｰﾆﾝｸﾞ(ﾄﾞﾚｽ用ﾍﾞﾙﾄ),ﾌﾍﾞｸﾘ,本,0
630613,ｸﾘｰﾆﾝｸﾞ(ｺｻｰｼﾞｭ),ﾌｺｸﾘ,個,0
630614,ｸﾘｰﾆﾝｸﾞ(ﾍｯﾄﾞﾄﾞﾚｽ),ﾌﾍｸﾘ,個,300
630615,ｸﾘｰﾆﾝｸﾞ(ﾒﾝｽﾞｽｰﾂ上下),ｽｰﾂ,ｾｯﾄ,0
630616,ｸﾘｰﾆﾝｸﾞ(礼服上.下),ﾚｲﾌｸ,ｾｯﾄ,1400
630617,ｸﾘｰﾆﾝｸﾞ(女 礼服/上.下),ﾚｲﾌｸ,ｾｯﾄ,1200
630618,ｸﾘｰﾆﾝｸﾞ(礼服上中下),ﾚｲﾌｸ,ｾｯﾄ,1700
630619,ｸﾘｰﾆﾝｸﾞ(式服.上),ﾌｼｸﾘ,枚,800
630620,ｸﾘｰﾆﾝｸﾞ(式服.ﾜﾝﾋﾟｰｽ),ﾌﾜｸﾘ,枚,0
630621,ｸﾘｰﾆﾝｸﾞ(式服･ｱﾝｻﾝﾌﾞﾙ),ﾌｱｸﾘ,ｾｯﾄ,0
630622,ｸﾘｰﾆﾝｸﾞ(ｼﾞﾚ),ｼﾞﾚ,枚,0
630623,ｸﾘｰﾆﾝｸﾞ(ﾀｲ),ﾀｲ,枚,300
630624,ｸﾘｰﾆﾝｸﾞ(ｼｬﾂ),ｼｬﾂ,枚,450
630625,ｸﾘｰﾆﾝｸﾞ(ｼｬﾂ.立体),ｼｬﾂ,枚,0
630626,ｸﾘｰﾆﾝｸﾞ(ｹﾞｰｼﾞｼｬﾂ),ｼｬﾂ,枚,0
630627,ｸﾘｰﾆﾝｸﾞ(和装小物一式),ｺﾓﾉ,式,0
630628,ｸﾘｰﾆﾝｸﾞ(振袖上衣.ｵｰｶﾞﾝｼﾞｰ),ﾌｵｸﾘ,枚,1500
630629,ｸﾘｰﾆﾝｸﾞ(帯),ｵﾋﾞ,本,2000
630630,ｸﾘｰﾆﾝｸﾞ(兵子帯),ｵﾋﾞ,本,0
630631,ｸﾘｰﾆﾝｸﾞ(帯じめ),ｵﾋﾞ,本,0
630632,ｸﾘｰﾆﾝｸﾞ(帯揚げ),ｵﾋﾞ,枚,500
630633,ｸﾘｰﾆﾝｸﾞ(角帯),ｵﾋﾞ,本,0
630634,ｸﾘｰﾆﾝｸﾞ(掛下帯),ｵﾋﾞ,本,0
630635,ｸﾘｰﾆﾝｸﾞ(羽織紐),ﾋﾓ,ｾｯﾄ,0
630636,ｸﾘｰﾆﾝｸﾞ(腰ひも),ﾋﾓ,枚,0
630637,ｸﾘｰﾆﾝｸﾞ(衿),ｴﾘ,枚,300
630638,ｸﾘｰﾆﾝｸﾞ(綿帽子),ﾎﾞｳｼ,枚,500
630639,ｸﾘｰﾆﾝｸﾞ(角かくし),ﾌﾂｸﾘ,枚,0
630640,ｸﾘｰﾆﾝｸﾞ(細帯),ﾎｿｵﾋﾞ,本,0
630641,ｸﾘｰﾆﾝｸﾞ(礼服・ｽﾞﾎﾞﾝ),ｽﾞﾎﾞﾝ,枚,0
630642,ｸﾘｰﾆﾝｸﾞ(神官衣裳),ﾌｶｸﾘ,枚,0
630643,ｸﾘｰﾆﾝｸﾞ(掛下比翼),ﾌｶｸﾘ,枚,0
630644,ｸﾘｰﾆﾝｸﾞ(足袋),ﾀﾋﾞ,足,0
630645,ｸﾘｰﾆﾝｸﾞ(ｲﾝﾅｰ),ｲﾝﾅ,ｾｯﾄ,0
630646,ｸﾘｰﾆﾝｸﾞ(ｴﾌﾟﾛﾝ),ｴﾌﾟﾛﾝ,枚,500
630647,ｸﾘｰﾆﾝｸﾞ(皮製品),ｶﾜ,枚,0
630648,ｸﾘｰﾆﾝｸﾞ(ｶｰﾃﾝ),ｶｰﾃﾝ,枚,0
630649,ｸﾘｰﾆﾝｸﾞ(ｶｰﾃﾞｨｶﾞﾝ),ｶｰﾃﾞｨ,枚,0
630650,ｸﾘｰﾆﾝｸﾞ(ｶﾊﾞｰ),ｶﾊﾞｰ,枚,0
630651,ｸﾘｰﾆﾝｸﾞ(ｷｬﾐｿｰﾙ),ﾌｷｸﾘ,枚,1100
630652,ｸﾘｰﾆﾝｸﾞ(ｹﾞｽﾄﾄﾞﾚｽ),ﾄﾞﾚｽ,枚,2500
630653,ｸﾘｰﾆﾝｸﾞ(ｺｰﾄ),ｺｰﾄ,枚,0
630654,ｸﾘｰﾆﾝｸﾞ(和装ｺｰﾄ),ｺｰﾄ,枚,2000
630655,ｸﾘｰﾆﾝｸﾞ(ｻﾝﾀ衣裳),ﾌｻｸﾘ,式,0
630656,ｸﾘｰﾆﾝｸﾞ(作衣)上.下,ﾌｻｸﾘ,ｾｯﾄ,0
630657,ｸﾘｰﾆﾝｸﾞ(ｹﾞｽﾄ婦人服),ﾌｸ,枚,0
630658,ｸﾘｰﾆﾝｸﾞ(しごき),ｼｺﾞｷ,枚,0
630659,ｸﾘｰﾆﾝｸﾞ(ｼﾞｬﾝﾊﾟｰ),ｼﾞｬﾝﾊﾟ,枚,0
630660,ｸﾘｰﾆﾝｸﾞ(ｼﾞｬｹｯﾄ),ｼﾞｬｹｯﾄ,枚,900
630661,ｸﾘｰﾆﾝｸﾞ(皮ｽｶｰﾄ),ｽｶｰﾄ,枚,0
630662,ｸﾘｰﾆﾝｸﾞ(ｽｶｰﾌ),ｽｶｰﾌ,枚,0
630663,ｸﾘｰﾆﾝｸﾞ(ｽｶｰﾄ),ｽｶｰﾄ,枚,0
630664,ｸﾘｰﾆﾝｸﾞ(ｶﾏｰﾍﾞﾙﾄ),ﾍﾞﾙﾄ,本,0
630665,ｸﾘｰﾆﾝｸﾞ(卒業着物),ｿﾂｷﾞｮｳｷﾓﾉ,枚,0
630666,ｸﾘｰﾆﾝｸﾞ(ﾀｵﾙ),ﾀｵﾙ,枚,0
630667,ｸﾘｰﾆﾝｸﾞ(ﾁｬﾝﾁｬﾝｺ),ﾌﾁｸﾘ,枚,900
630668,ｸﾘｰﾆﾝｸﾞ(布),ﾇﾉ,枚,2000
630669,ｸﾘｰﾆﾝｸﾞ(ぬいぐるみ),ﾇｲｸﾞﾙﾐ,個,0
630670,ｸﾘｰﾆﾝｸﾞ(ﾈｸﾀｲ),ﾌﾈｸﾘ,本,300
630671,ｸﾘｰﾆﾝｸﾞ(白衣),ﾊｸｲ,枚,0
630672,ｸﾘｰﾆﾝｸﾞ(小物),ｺﾓﾉ,枚,0
630673,ｸﾘｰﾆﾝｸﾞ(ﾌﾄﾝ),ﾌﾌｸﾘ,枚,0
630674,ｸﾘｰﾆﾝｸﾞ(ﾌﾞﾗﾝｹｯﾄ),ﾌﾞﾗﾝｹ,枚,0
630675,ｸﾘｰﾆﾝｸﾞ(ｸｯｼｮﾝ）,ｸｯｼｮﾝ,個,0
630676,ｸﾘｰﾆﾝｸﾞ(ﾊﾞｯｸﾞ),ﾊﾞｯｸﾞ,個,1200
630677,ｸﾘｰﾆﾝｸﾞ(ﾊﾞｽﾛｰﾌﾞ),ﾊﾞｽﾛｰﾌﾞ,枚,0
630678,ｸﾘｰﾆﾝｸﾞ(ﾊﾟﾝﾂ),ﾊﾟﾝﾂ,枚,600
630679,ｸﾘｰﾆﾝｸﾞ(一つ身),ﾋﾄﾂﾐ,枚,0
630680,ｸﾘｰﾆﾝｸﾞ(浴衣),ﾕｶﾀ,枚,2000
630681,ｸﾘｰﾆﾝｸﾞ(ﾘﾎﾞﾝ),ﾘﾎﾞﾝ,個,0
630682,ｸﾘｰﾆﾝｸﾞ(ﾍﾞﾋﾞｰ服),ﾍﾞﾋﾞｰ,枚,0
630683,ｸﾘｰﾆﾝｸﾞ(制服),ｾｲﾌｸ,枚,0
630685,ｸﾘｰﾆﾝｸﾞ(紐),ﾋﾓ,本,0
630686,ｸﾘｰﾆﾝｸﾞ(巫女衣裳),ﾐｺ,枚,0
630687,ｸﾘｰﾆﾝｸﾞ(二次会ﾄﾞﾚｽ),ﾆｼﾞｶｲ,枚,0
630688,ｸﾘｰﾆﾝｸﾞ(ﾜﾝﾋﾟｰｽ),ﾜﾝﾋﾟｰｽ,枚,0
630690,ｸﾘｰﾆﾝｸﾞ(ﾁｰﾌ),ﾁｰﾌ,枚,0
630691,ｸﾘｰﾆﾝｸﾞ(ｾｰﾀｰ),ｾｰﾀｰ,枚,0
630692,ｸﾘｰﾆﾝｸﾞ(ﾌﾞﾗｳｽ),ﾌﾞﾗｳｽ,枚,0
630693,ｸﾘｰﾆﾝｸﾞ(ｶﾞｳﾝ),ｶﾞｳﾝ,枚,0
630694,ｸﾘｰﾆﾝｸﾞ(法被),ﾊｯﾋﾟ,枚,0
630695,ｸﾘｰﾆﾝｸﾞ(その他),ﾌｿｸﾘ,枚,0
630696,ｸﾘｰﾆﾝｸﾞ(裾よけ),ｽｿﾖｹ,枚,0
630697,ｸﾘｰﾆﾝｸﾞ(ﾚｰｽ),ﾚｰｽ,枚,0
630698,ｸﾘｰﾆﾝｸﾞ(ﾍﾞｽﾄ),ﾍﾞｽﾄ,枚,0
630699,ｸﾘｰﾆﾝｸﾞ(ﾘﾒｲｸ),ﾘﾒｲｸ,枚,0
630700,ｸﾘｰﾆﾝｸﾞ(ｵﾌｼｮﾙﾀﾞｰ),ｵﾌｼｮﾙﾀﾞｰ,枚,0
630701,ｸﾘｰﾆﾝｸﾞ(ﾊﾟﾌｽﾘｰﾌﾞ),ﾊﾟﾌｽﾘｰﾌﾞ,枚,0
630702,ｸﾘｰﾆﾝｸﾞ(ｲﾝﾅｰｽﾘｰﾌﾞ),ｲﾝﾅｰｽﾘｰﾌﾞ,枚,0
639000,急ぎ割増料金,ｲｿｷﾞ,式,0
639005,ﾌﾟﾚｽﾉﾐ(ﾄﾞﾚｽ),ﾌﾌﾟ,枚,0
639007,特殊作業代,ﾄｸｼｭ,点,0
639008,ﾄﾞﾚｽ修繕代,ｼｭｳｾﾞﾝﾄﾞ,式,0
639009,着物修繕代,ｼｭｳｾﾞﾝｷ,枚,0
639012,色掛け&ｼﾐﾇｷ(着物),ｷﾓﾉ,枚,0
639030,Wｸﾘｰﾆﾝｸﾞ追加料金(ﾀｷｼｰﾄﾞ3点),ﾀｷｼｰﾄﾞ,枚,0
639031,Wｸﾘｰﾆﾝｸﾞ追加料金(ﾀｷｼｰﾄﾞ上),ﾀｷｼｰﾄﾞ,枚,0
639032,Wｸﾘｰﾆﾝｸﾞ追加料金(ﾀｷｼｰﾄﾞ中),ﾀｷｼｰﾄﾞ,枚,0
639033,Wｸﾘｰﾆﾝｸﾞ追加料金(ﾀｷｼｰﾄﾞ下),ﾀｷｼｰﾄﾞ,枚,0
639035,Wｸﾘｰﾆﾝｸﾞ追加料金(白ﾄﾞﾚｽ),ﾌﾀﾞﾌﾞﾙ,枚,0
639036,Wｸﾘｰﾆﾝｸﾞ追加料金(ｶﾗｰﾄﾞﾚｽ),ｶﾗｰﾄﾞﾚｽ,枚,0
639037,ｳｴｯﾄ洗い追加料金(白ﾄﾞﾚｽ),ﾌｳｴｯﾄ,枚,0
639038,ｳｴｯﾄ洗い追加料金(ｶﾗｰﾄﾞﾚｽ),ｶﾗｰﾄﾞﾚｽ,枚,0
639050,脇臭処理代(ﾄﾞﾚｽ),ﾌﾜｷｼｭｳ,枚,0
639051,脇臭処理代(ﾀｷｼｰﾄﾞ上),ﾜｷｼｭｳ,枚,0
639052,脇臭処理代(ﾀｷｼｰﾄﾞ中),ﾜｷｼｭｳ,枚,0
639054,脇臭処理代(ﾓｰﾆﾝｸﾞ上),ﾜｷﾓｰﾆﾝｸﾞ,枚,0
639055,黄変処理代,ｵｳﾍﾝ,枚,0
639060,ｼﾐ抜き手入(ﾄﾞﾚｽ),ｼﾐﾇｷﾄﾞ,枚,2000
639061,ｼﾐ抜き手入(ﾀｷｼｰﾄﾞ),ﾃｲﾚ,枚,2000
639062,ｼﾐ抜き手入(着物),ｼﾐﾇｷｷ,枚,2000
639070,漂白手入(ﾄﾞﾚｽ),ﾌﾋｮｳﾊｸ,枚,2000
639080,再ﾒﾝﾃ ｸﾘｰﾆﾝｸﾞ,ｻｲﾒﾝﾃｸ,枚,0
639082,再ﾒﾝﾃ ｸﾘｰﾆﾝｸﾞ(ｽﾞﾎﾞﾝ),ｽﾞﾎﾞﾝ,枚,0
639083,再ﾒﾝﾃ ｸﾘｰﾆﾝｸﾞ(白無垢),ﾌｻｸﾘ,枚,0
639084,再ﾒﾝﾃ ｸﾘｰﾆﾝｸﾞ(長着),ﾌｻｸﾘ,枚,0
639085,再ﾒﾝﾃ ｸﾘｰﾆﾝｸﾞ(留袖),ﾄﾒｿﾃﾞ,枚,0
639086,再ﾒﾝﾃ ｸﾘｰﾆﾝｸﾞ(羽織),ﾌｻｸﾘ,枚,0
639087,再ﾒﾝﾃ ｸﾘｰﾆﾝｸﾞ(訪問着),ﾌｻｸﾘ,枚,0
639088,再ﾒﾝﾃ ｸﾘｰﾆﾝｸﾞ(振袖),ﾌｻｸﾘ,枚,0
639089,再ﾒﾝﾃ ｸﾘｰﾆﾝｸﾞ(男 袴),ﾊｶﾏ,枚,0
639090,再ﾒﾝﾃ ｸﾘｰﾆﾝｸﾞ(掛下),ﾌｻｸﾘ,枚,0
639091,再ﾒﾝﾃ ｸﾘｰﾆﾝｸﾞ(襦袢),ｼﾞｭﾊﾞﾝ,枚,0
639092,再ﾒﾝﾃ ｸﾘｰﾆﾝｸﾞ(綿帽子),ﾌｻｸﾘ,枚,0
639093,再ﾒﾝﾃ ｸﾘｰﾆﾝｸﾞ(帯),ﾌｻｸﾘ,枚,0
639094,再ﾒﾝﾃ ｸﾘｰﾆﾝｸﾞ(喪服),ﾌｻｸﾘ,枚,0
639095,再ﾒﾝﾃ ｸﾘｰﾆﾝｸﾞ(礼服),ﾌｻｸﾘ,枚,0
639096,再ﾒﾝﾃ ｸﾘｰﾆﾝｸﾞ(小物),ﾌｻｸﾘ,枚,0
639097,再ﾒﾝﾃ ｸﾘｰﾆﾝｸﾞ(ｼﾞｬｹｯﾄ),ｼﾞｬｹｯﾄ,枚,0
639098,再ﾒﾝﾃ ｸﾘｰﾆﾝｸﾞ(子供ﾄﾞﾚｽ),ﾄﾞﾚｽ,枚,0
639099,再ﾒﾝﾃ ｸﾘｰﾆﾝｸﾞ(ｹﾞｽﾄﾄﾞﾚｽ),ﾌｻｸﾘ,枚,0
639910,荷造運賃(ｸﾘｰﾆﾝｸﾞ),ﾆﾂﾞｸﾘｸﾘ,,1000
639911,値引き（ｸﾘｰﾆﾝｸﾞ）,ﾈﾋﾞｷｸ,,0
640002,真空ﾊﾟｯｸ(ﾄﾞﾚｽ･ﾊﾟﾆｴ),ｾｼﾝｸｳﾊﾟ,枚,0
640004,真空ﾊﾟｯｸ(ﾀｷｼｰﾄﾞ),ｼﾝｸｳﾀｷｼ,枚,0
640010,真空ﾊﾟｯｸ(ﾄﾞﾚｽ小物),ｾｼﾝｸｳﾊﾟ,枚,0
640100,真空ﾊﾟｯｸ(ﾄﾞﾚｽCL&ｶﾞｽ充填一式),ｾｼﾝｸｳ,式,0
640101,真空ﾊﾟｯｸ(ﾄﾞﾚｽ小物CL&ｶﾞｽ充填一式),ｾｼﾝｸｳ,式,0
640115,真空ﾊﾟｯｸ(振袖CL&ｶﾞｽ充填一式),ｾｼﾝｸｳ,式,0
640116,真空ﾊﾟｯｸ(襦袢CL&ｶﾞｽ充填一式),ｼﾞｭﾊﾞﾝ,式,0
640204,ｸﾘｰﾆﾝｸﾞ(ﾄﾞﾚｽ ｳｪｯﾄ),ｾﾄﾞｸﾘｰ,枚,0
640206,ｸﾘｰﾆﾝｸﾞ(ﾄﾞﾚｽ ｳｪｯﾄ&ﾌﾙﾌﾟﾚｽ),ｾﾄﾞｸﾘ,枚,4800
640207,ｸﾘｰﾆﾝｸﾞ(ﾄﾞﾚｽ ﾌﾙﾌﾟﾚｽ),ｾﾄﾞｸﾘ,枚,0
640208,ｸﾘｰﾆﾝｸﾞ(着物ﾄﾞﾚｽ),ｷﾓﾉﾄﾞ,枚,0
640210,ｸﾘｰﾆﾝｸﾞ(ﾄﾞﾚｽｽｶｰﾄ),ｾﾄﾞｸﾘｰ,枚,0
640211,ｸﾘｰﾆﾝｸﾞ(ﾄﾞﾚｽ.ﾊﾟﾆｴ付),ｾﾄﾞｸﾘｰ,式,0
640307,ｸﾘｰﾆﾝｸﾞ(ﾀｷｼｰﾄﾞ中),ﾀｷｼｰﾄﾞ,枚,0
640311,ｸﾘｰﾆﾝｸﾞ(ﾀｷｼｰﾄﾞ中･腋臭処理有),ﾀｷｼｰﾄﾞ,枚,0
640312,ｸﾘｰﾆﾝｸﾞ(ﾀｷｼｰﾄﾞ中･ｼﾐﾇｷ手入有),ﾀｷｼｰﾄﾞ,枚,0
640315,ｸﾘｰﾆﾝｸﾞ(ﾀｷｼｰﾄﾞ下 ﾄﾞﾗｲ･ｳｪｯﾄ),ﾀｷｼｰﾄﾞ,枚,0
640324,ｸﾘｰﾆﾝｸﾞ(ｽﾞﾎﾞﾝ),ｽﾞﾎﾞﾝ,枚,0
640401,ｸﾘｰﾆﾝｸﾞ(掛下.二部式),ｾｶｸﾘ,枚,0
640402,ｸﾘｰﾆﾝｸﾞ(掛下･ｼﾐﾇｷ手入有),ｾｶｸﾘｰ,枚,0
640406,ｸﾘｰﾆﾝｸﾞ(白無垢･ｼﾐﾇｷ手入有),ｾｼｸﾘｰ,枚,0
640419,ｸﾘｰﾆﾝｸﾞ(大振袖),ﾌﾘｿﾃﾞ,枚,0
640421,ｸﾘｰﾆﾝｸﾞ(留袖･ｼﾐﾇｷ手入有),ﾄﾒｿﾃﾞ,枚,0
640422,ｸﾘｰﾆﾝｸﾞ(留袖･色掛手入有),ﾄﾒｿﾃﾞ,枚,0
640443,ｸﾘｰﾆﾝｸﾞ(羽織),ﾊｵﾘ,枚,0
640450,ｸﾘｰﾆﾝｸﾞ(袴),ﾊｶﾏ,枚,0
640451,ｸﾘｰﾆﾝｸﾞ(袴･ｼﾐﾇｷ手入有),ﾊｶﾏ,枚,0
640460,ｸﾘｰﾆﾝｸﾞ(襦袢),ｼﾞｭﾊﾞﾝ,枚,0
640462,ｸﾘｰﾆﾝｸﾞ(振袖襦袢),ｼﾞｭﾊﾞﾝ,枚,0
640463,ｸﾘｰﾆﾝｸﾞ(留袖襦袢),ｼﾞｭﾊﾞﾝ,枚,0
640465,ｸﾘｰﾆﾝｸﾞ(男物襦袢),ｼﾞｭﾊﾞﾝ,枚,0
640470,ｸﾘｰﾆﾝｸﾞ(黒紋服),ｸﾛﾓﾝﾌｸ,枚,0
640471,ｸﾘｰﾆﾝｸﾞ(二尺袖),ﾆｼｬｸｿﾃﾞ,枚,0
640472,ｸﾘｰﾆﾝｸﾞ(着物),ｷﾓﾉ,枚,0
640473,ｸﾘｰﾆﾝｸﾞ(二尺袖　袴ｾｯﾄ),ﾆｼｬｸ,ｾｯﾄ,0
640505,ｸﾘｰﾆﾝｸﾞ(子供ﾓｰﾆﾝｸﾞ),ﾓｰﾆﾝｸﾞ,枚,0
640507,ｸﾘｰﾆﾝｸﾞ(子供ｽﾞﾎﾞﾝ),ｽﾞﾎﾞﾝ,枚,0
640510,ｸﾘｰﾆﾝｸﾞ(子供ｼｬﾂ),ｼｬﾂ,枚,0
640511,ｸﾘｰﾆﾝｸﾞ(子供ﾈｸﾀｲ),ﾈｸﾀｲ,本,0
640513,ｸﾘｰﾆﾝｸﾞ(子供羽織),ﾊｵﾘ,枚,0
640519,ｸﾘｰﾆﾝｸﾞ(子供長着),ﾅｶﾞｷﾞ,枚,0
640520,ｸﾘｰﾆﾝｸﾞ(被布),ﾋﾌ,枚,0
640521,ｸﾘｰﾆﾝｸﾞ(子供ｹｰﾌﾟ),ｺﾄﾞﾓｹｰﾌﾟ,枚,0
640524,ｸﾘｰﾆﾝｸﾞ(産着ｾｯﾄ),ｳﾌﾞｷﾞ,式,0
640525,ｸﾘｰﾆﾝｸﾞ(子供ﾁｬﾝﾁｬﾝｺ),ﾁｬﾝﾁｬﾝｺ,枚,0
640526,ｸﾘｰﾆﾝｸﾞ(子供甲冑),ｾｺｸﾘ,ｾｯﾄ,0
640600,ｸﾘｰﾆﾝｸﾞ(ﾄﾞﾚｽ付属品一式),ｾﾄﾞｸﾘ,式,0
640608,ｸﾘｰﾆﾝｸﾞ(ｼｮｰﾙ),ｼｮｰﾙ,枚,0
640610,ｸﾘｰﾆﾝｸﾞ(ﾁｮｰｶｰ),ｾﾁｸﾘ,本,0
640612,ｸﾘｰﾆﾝｸﾞ(ｵｰﾊﾞｰﾄﾞﾚｽ),ﾄﾞﾚｽ,枚,0
640614,ｸﾘｰﾆﾝｸﾞ(ﾎﾙﾀｰ),ｾﾎｸﾘ,,0
640615,ｸﾘｰﾆﾝｸﾞ(ﾌｫｰﾏﾙﾄﾞﾚｽ),ﾄﾞﾚｽ,枚,0
640616,ｸﾘｰﾆﾝｸﾞ(礼服　上),ﾚｲﾌｸ,枚,0
640619,ｸﾘｰﾆﾝｸﾞ(ｼｬﾂ　ﾊｰﾌ立体),ｼｬﾂ,枚,0
640620,ｸﾘｰﾆﾝｸﾞ(ｽｰﾂ上下),ｽｰﾂ,枚,0
640622,ｸﾘｰﾆﾝｸﾞ(和装ｵｰｶﾞﾝｼﾞｰ),ｾｵｸﾘｰ,枚,0
640625,ｸﾘｰﾆﾝｸﾞ(飾り襟),ｾｴｸﾘ,枚,0
640629,ｸﾘｰﾆﾝｸﾞ(裃),ｶﾐｼﾓ,本,0
640631,ｸﾘｰﾆﾝｸﾞ(礼服　上中下),ﾚｲﾌｸ,ｾｯﾄ,0
640634,ｸﾘｰﾆﾝｸﾞ(ｶｰﾍﾟｯﾄ),ｶｰﾍﾟｯﾄ,枚,0
640640,ｸﾘｰﾆﾝｸﾞ(靴)　ﾊﾟﾝﾌﾟｽ　ﾒﾝｽﾞｼｭｰｽﾞ,ｸﾂ,足,0
640642,ｸﾘｰﾆﾝｸﾞ(腰巻),ｾｺｸﾘ,枚,0
640643,ｸﾘｰﾆﾝｸﾞ(帯じめ.帯揚げ.伊達衿),ｵﾋﾞ,ｾｯﾄ,0
640645,ｸﾘｰﾆﾝｸﾞ(ﾋﾞｽﾁｪ),ﾋﾞｽﾁｪ,枚,0
640646,ｸﾘｰﾆﾝｸﾞ(ｼｰﾂ),ｼｰﾂ,枚,0
640649,ｸﾘｰﾆﾝｸﾞ(ｼﾞｭｰﾀﾝ),ｾｼﾞｸﾘ,枚,0
640650,ｸﾘｰﾆﾝｸﾞ(甚平),ｾｼﾞｸﾘ,枚,0
640651,ｸﾘｰﾆﾝｸﾞ(ｽﾃﾃｺ),ｽﾃﾃｺ,枚,0
640654,ｸﾘｰﾆﾝｸﾞ(制服/女ｼﾞｬｹｯﾄ),ｼﾞｬｹｯﾄ,枚,0
640655,ｸﾘｰﾆﾝｸﾞ(制服/ｽｶｰﾄ),ｽｶｰﾄ,枚,0
640656,ｸﾘｰﾆﾝｸﾞ(制服/男ｼﾞｬｹｯﾄ),ｼﾞｬｹｯﾄ,枚,0
640657,ｸﾘｰﾆﾝｸﾞ(制服/男ﾍﾞｽﾄ),ﾍﾞｽﾄ,枚,0
640658,ｸﾘｰﾆﾝｸﾞ(制服/男ｽﾞﾎﾞﾝ),ｽﾞﾎﾞﾝ,枚,0
640659,ｸﾘｰﾆﾝｸﾞ(制服/ﾈｸﾀｲ),ﾈｸﾀｲ,ｾｯﾄ,0
640666,ｸﾘｰﾆﾝｸﾞ(ﾃｰﾌﾞﾙｸﾛｽ),ｾﾃｸﾘｰ,枚,0
640667,ｸﾘｰﾆﾝｸﾞ(手袋),ﾃﾌﾞｸﾛ,双,0
640669,ｸﾘｰﾆﾝｸﾞ(浴衣帯),ｵﾋﾞ,本,0
640673,ｸﾘｰﾆﾝｸﾞ(風呂敷),ﾌﾛｼｷ,本,0
640675,ｸﾘｰﾆﾝｸﾞ(ﾍﾞﾋﾞｰｼｰﾄ),ｾﾍﾞｸﾘ,枚,0
640676,ｸﾘｰﾆﾝｸﾞ(ﾍﾞﾙﾄ),ﾍﾞﾙﾄ,本,0
640677,ｸﾘｰﾆﾝｸﾞ(帽子),ﾎﾞｳｼ,個,0
640678,ｸﾘｰﾆﾝｸﾞ(ﾏﾌﾗｰ),ﾏﾌﾗｰ,枚,0
640679,ｸﾘｰﾆﾝｸﾞ(ひざ掛け),ｾﾋｸﾘ,枚,0
640681,ｸﾘｰﾆﾝｸﾞ(ﾂﾅｷﾞ),ﾂﾅｷﾞ,枚,0
640682,ｸﾘｰﾆﾝｸﾞ(ﾊﾞﾚｴ衣裳),ﾊﾞﾚｴ,枚,0
640683,"ｸﾘｰﾆﾝｸﾞ(ﾏｲｽﾀｰ)10点で@12,000",ｾﾏｸﾘ,式,0
640684,ｸﾘｰﾆﾝｸﾞ(法衣),ｾﾎｸﾘ,枚,0
640685,ｸﾘｰﾆﾝｸﾞ(袈裟),ｾｹｸﾘ,枚,0
640686,ｸﾘｰﾆﾝｸﾞ(ﾀﾞﾝｽ衣裳),ﾀﾞﾝｽ,枚,0
640687,ｸﾘｰﾆﾝｸﾞ(ﾌﾞﾙｿﾞﾝ),ﾌﾞﾙｿﾞﾝ,枚,0
640688,ｸﾘｰﾆﾝｸﾞ(ｽｷｰｳｴｱ),ｾｽｸﾘ,枚,0
640689,ｸﾘｰﾆﾝｸﾞ(ﾀｲﾂ),ｾﾀｸﾘ,枚,0
640690,ｸﾘｰﾆﾝｸﾞ(ﾄﾚｰﾅｰ),ﾄﾚｰﾅｰ,枚,0
649001,色補正,ｲﾛﾎｾｲ,点,0
649002,着物修理,ｷﾓﾉｼｭｳﾘ,枚,0
649003,ｼﾞｬﾑｺ　作業着修理,ｾﾃ,枚,0
649005,色掛け手入代,ｲﾛｶｹ,式,0
649006,ﾌﾟﾚｽのみ,ﾌﾟﾚｽ,枚,0
649009,着物洗い張り,ｷﾓﾉｱﾗｲﾊﾞﾘ,式,0
649010,修繕費,ｼｭｳｾﾞﾝ,式,0
649034,Wｸﾘｰﾆﾝｸﾞ追加料金(ﾓｰﾆﾝｸﾞ3点),ﾓｰﾆﾝｸﾞ,ｾｯﾄ,0
649035,Wｸﾘｰﾆﾝｸﾞ追加料金(ﾓｰﾆﾝｸﾞ上),ﾓｰﾆﾝｸﾞ,枚,0
649036,Wｸﾘｰﾆﾝｸﾞ追加料金(ﾓｰﾆﾝｸﾞ中),ﾓｰﾆﾝｸﾞ,枚,0
649037,Wｸﾘｰﾆﾝｸﾞ追加料金(ﾓｰﾆﾝｸﾞ下),ﾓｰﾆﾝｸﾞ,枚,0
649050,腋臭処理代(ﾄﾞﾚｽ),ｾﾜｷｼｭｳ,枚,0
649051,脇臭処理代(ﾀｷｼｰﾄﾞ上),ﾜｷｼｭｳ,枚,0
649052,脇臭処理代(ﾀｷｼｰﾄﾞ中),ﾜｷｼｭｳ,枚,0
649053,脇臭処理代(ﾓｰﾆﾝｸﾞ上),ﾜｷｼｭｳ,枚,0
649054,脇臭処理代(ﾓｰﾆﾝｸﾞ中),ﾜｷｼｭｳ,枚,0
649055,腋臭処理代(礼服上),ｾﾜｷｼｭｳ,枚,0
649056,腋臭処理代,ﾜｷｼｭｳ,枚,0
649081,再ﾒﾝﾃ　ｸﾘｰﾆﾝｸﾞ(ﾀｷｼｰﾄﾞ上),ｾｻｲﾒﾝﾃ,枚,0
649082,再ﾒﾝﾃ　ｸﾘｰﾆﾝｸﾞ(ﾍﾞｽﾄ),ﾍﾞｽﾄ,枚,0
649087,再ﾒﾝﾃ　ｸﾘｰﾆﾝｸﾞ(ｸﾞﾛｰﾌﾞ),ｸﾞﾛｰﾌﾞ,枚,0
649088,再ﾒﾝﾃ　ｸﾘｰﾆﾝｸﾞ(子供ﾀｷｼｰﾄﾞ),ﾀｷｼｰﾄﾞ,枚,0
650001,真空ﾊﾟｯｸﾉﾐ(ﾄﾞﾚｽ),ｼﾝｸｳﾄﾞﾚｽ,枚,0
650307,ｸﾘｰﾆﾝｸﾞ(ﾀｷｼｰﾄﾞ上下 ﾄﾞﾗｲ＆ｳｴｯﾄ),ﾀｷｼｰﾄﾞ,ｾｯﾄ,0
650312,ｸﾘｰﾆﾝｸﾞ(ﾀｷｼｰﾄﾞ上 ﾄﾞﾗｲ&ｳｪｯﾄ),ﾀｷｼｰﾄﾞ,枚,0
650413,ｸﾘｰﾆﾝｸﾞ(肌襦袢),ｼﾞｭﾊﾞﾝ,枚,0
650414,ｸﾘｰﾆﾝｸﾞ(嫁襦袢),ｼﾞｭﾊﾞﾝ,枚,0
650503,ｸﾘｰﾆﾝｸﾞ(子供ｼﾞｬｹｯﾄ),ｼﾞｬｹｯﾄ,枚,0
650506,ｸﾘｰﾆﾝｸﾞ(子供服上・下),ﾌｸ,ｾｯﾄ,0
650512,ｸﾘｰﾆﾝｸﾞ(子供ｶﾏｰﾊﾞﾝﾄﾞ),ｶﾏｰﾊﾞﾝﾄﾞ,個,0
650513,ｸﾘｰﾆﾝｸﾞ(子供まわし),ｺﾄﾞﾓﾏﾜｼ,枚,0
650514,ｸﾘｰﾆﾝｸﾞ(Jr琉装),ｵｺｸﾘ,枚,0
650515,ｸﾘｰﾆﾝｸﾞ(子供上.下),ｺﾄﾞﾓ,ｾｯﾄ,0
650609,ｸﾘｰﾆﾝｸﾞ(燕尾服上中下ｾｯﾄ),ｵｴｸﾘ,式,0
650610,ｸﾘｰﾆﾝｸﾞ(礼服　上下),ﾚｲﾌｸ,ｾｯﾄ,0
650611,ｸﾘｰﾆﾝｸﾞ(ｽｰﾂ),ｽｰﾂ,ｾｯﾄ,0
650619,ｸﾘｰﾆﾝｸﾞ(ｲｽｶﾊﾞｰ),ｵｶｸﾘ,枚,0
650621,ｸﾘｰﾆﾝｸﾞ(着ぐるみ),ｵｷｸﾘ,枚,0
650626,ｸﾘｰﾆﾝｸﾞ(ｽｶｰﾌ)大,ｵｽｸﾘｰ,枚,0
650638,ｸﾘｰﾆﾝｸﾞ(女性琉装)上.中.下ｾｯﾄ,ｵﾘｸﾘ,式,0
650642,ｸﾘｰﾆﾝｸﾞ(女性琉装･下),ﾘｭｳｿｳ,枚,0
650643,ｸﾘｰﾆﾝｸﾞ(琉装),ﾘｭｳｿｳ,枚,0
650645,ｸﾘｰﾆﾝｸﾞ(司祭服),ｵｼｸﾘ,枚,0
650646,ｸﾘｰﾆﾝｸﾞ(ﾁﾏﾁｮｺﾞﾘ),ｵﾁｸﾘ,式,0
650647,ｸﾘｰﾆﾝｸﾞ(布団),ﾌﾄﾝ,枚,0
650648,ｸﾘｰﾆﾝｸﾞ(毛布）,ﾓｳﾌ,枚,0
650649,ｸﾘｰﾆﾝｸﾞ(ｼﾞｭｰﾀﾝ）,ｼﾞｭ,枚,0
650651,ｸﾘｰﾆﾝｸﾞ(ﾊﾟｯﾄ）,ﾊﾟｯﾄ,枚,0
650652,ｸﾘｰﾆﾝｸﾞ(ﾗｸﾞ),ﾗｸﾞ,枚,0
650653,ｸﾘｰﾆﾝｸﾞ(ｻｳﾅﾏｯﾄ）,ﾏｯﾄ,枚,0
660100,CL&真空ﾊﾟｯｸ(ﾄﾞﾚｽ),ｼﾝｸｳﾄﾞﾚｽ,式,0
660101,CL&真空ﾊﾟｯｸ(ﾄﾞﾚｽ･ﾄﾚｰﾝ),ｼﾝｸｳﾄﾞﾚｽ,式,0
660102,CL&真空ﾊﾟｯｸ(ﾄﾞﾚｽ･ﾊﾟﾆｴ),ｼﾝｸｳﾄﾞﾚｽ,式,0
660103,CL&真空ﾊﾟｯｸ(ﾄﾞﾚｽ･ﾍﾞｰﾙ),ｼﾝｸｳﾄﾞﾚｽ,式,0
660104,CL&真空ﾊﾟｯｸ(ﾄﾞﾚｽ･手袋),ｼﾝｸｳﾄﾞﾚｽ,式,0
660105,CL&真空ﾊﾟｯｸ(ﾄﾞﾚｽ･ﾄﾚｰﾝ･ﾊﾟﾆｴ),ｼﾝｸｳﾄﾞﾚｽ,式,0
660106,CL&真空ﾊﾟｯｸ(ﾄﾞﾚｽ･ﾄﾚｰﾝ･ﾍﾞｰﾙ),ｼﾝｸｳﾄﾞﾚｽ,式,0
660107,CL&真空ﾊﾟｯｸ(ﾄﾞﾚｽ･ﾄﾚｰﾝ･手袋),ｼﾝｸｳﾄﾞﾚｽ,式,0
660108,CL&真空ﾊﾟｯｸ(ﾄﾞﾚｽ･ﾊﾟﾆｴ･ﾍﾞｰﾙ),ｼﾝｸｳﾄﾞﾚｽ,式,0
660109,CL&真空ﾊﾟｯｸ(ﾄﾞﾚｽ･ﾊﾟﾆｴ･手袋),ｼﾝｸｳﾄﾞﾚｽ,式,0
660110,CL&真空ﾊﾟｯｸ(ﾄﾞﾚｽ･ﾍﾞｰﾙ･手袋),ｼﾝｸｳﾄﾞﾚｽ,式,0
660111,CL&真空ﾊﾟｯｸ(ﾄﾞﾚｽ･ﾄﾚｰﾝ･ﾊﾟﾆｴ･ﾍﾞｰﾙ),ｼﾝｸｳﾄﾞﾚｽ,式,0
660112,CL&真空ﾊﾟｯｸ(ﾄﾞﾚｽ･ﾄﾚｰﾝ･ﾊﾟﾆｴ･手袋),ｼﾝｸｳﾄﾞﾚｽ,式,0
660113,CL&真空ﾊﾟｯｸ(ﾄﾞﾚｽ･ﾄﾚｰﾝ･ﾍﾞｰﾙ･手袋),ｼﾝｸｳﾄﾞﾚｽ,式,0
660114,CL&真空ﾊﾟｯｸ(ﾄﾞﾚｽ･ﾊﾟﾆｴ･ﾍﾞｰﾙ･手袋),ｼﾝｸｳﾄﾞﾚｽ,式,0
660115,CL&真空ﾊﾟｯｸ(ﾄﾞﾚｽ･ﾄﾚｰﾝ･ﾊﾟﾆｴ･ﾍﾞｰﾙ･手),ｼﾝｸｳﾄﾞﾚｽ,式,0
660130,CL&真空ﾊﾟｯｸ(ﾀｷｼｰﾄﾞ),ｼﾝｸｳﾀｷｼ,ｾｯﾄ,0
660140,CL&真空ﾊﾟｯｸ(子供ﾄﾞﾚｽ),ｼﾝｸｳﾄﾞﾚｽ,式,0
660150,CL&真空ﾊﾟｯｸ(ﾊﾟﾆｴ),ｼﾝｸｳﾊﾟﾆｴ,式,0
660151,CL&真空ﾊﾟｯｸ(ﾍﾞｰﾙ),ｼﾝｸｳﾍﾞｰﾙ,式,0
660152,CL&真空ﾊﾟｯｸ(ﾍﾞｰﾙ.手袋),ｼﾝｸｳﾍﾞｰﾙ,式,0
660153,CL&真空ﾊﾟｯｸ(ﾄﾚｰﾝ),ｼﾝｸｳﾄﾚｰﾝ,式,0
660201,ｸﾘｰﾆﾝｸﾞ(ﾄﾞﾚｽ･ﾄﾚｰﾝ),ﾄﾞﾚｽ･,枚,0
660202,ｸﾘｰﾆﾝｸﾞ(ﾄﾞﾚｽ･ﾊﾟﾆｴ),ﾄﾞﾚｽ･,ｾｯﾄ,0
660203,ｸﾘｰﾆﾝｸﾞ(ﾄﾞﾚｽ･ﾍﾞｰﾙ),ﾄﾞﾚｽ･,ｾｯﾄ,0
660204,ｸﾘｰﾆﾝｸﾞ(ﾄﾞﾚｽ･手袋),ﾄﾞﾚｽ･,ｾｯﾄ,0
660205,ｸﾘｰﾆﾝｸﾞ(ﾄﾞﾚｽ･ﾄﾚｰﾝ･ﾊﾟﾆｴ),ﾄﾞﾚｽ･,ｾｯﾄ,0
660206,ｸﾘｰﾆﾝｸﾞ(ﾄﾞﾚｽ･ﾄﾚｰﾝ･ﾍﾞｰﾙ),ﾄﾞﾚｽ･,ｾｯﾄ,0
660207,ｸﾘｰﾆﾝｸﾞ(ﾄﾞﾚｽ･ﾄﾚｰﾝ･手袋),ﾄﾞﾚｽ･,枚,0
660208,ｸﾘｰﾆﾝｸﾞ(ﾄﾞﾚｽ･ﾊﾟﾆｴ･ﾍﾞｰﾙ),ﾄﾞﾚｽ･,枚,0
660209,ｸﾘｰﾆﾝｸﾞ(ﾄﾞﾚｽ･ﾊﾟﾆｴ･手袋),ﾄﾞﾚｽ･,ｾｯﾄ,0
660210,ｸﾘｰﾆﾝｸﾞ(ﾄﾞﾚｽ･ﾍﾞｰﾙ･手袋),ﾄﾞﾚｽ･,ｾｯﾄ,0
660211,ｸﾘｰﾆﾝｸﾞ(ﾄﾞﾚｽ･ﾄﾚｰﾝ･ﾊﾟﾆｴ･ﾍﾞｰﾙ),ﾄﾞﾚｽ･,ｾｯﾄ,0
660212,ｸﾘｰﾆﾝｸﾞ(ﾄﾞﾚｽ･ﾄﾚｰﾝ･ﾊﾟﾆｴ･手袋),ﾄﾞﾚｽ･,ｾｯﾄ,0
660213,ｸﾘｰﾆﾝｸﾞ(ﾄﾞﾚｽ･ﾄﾚｰﾝ･ﾍﾞｰﾙ･手袋),ﾄﾞﾚｽ･,ｾｯﾄ,0
660214,ｸﾘｰﾆﾝｸﾞ(ﾄﾞﾚｽ･ﾊﾟﾆｴ･ﾍﾞｰﾙ･手袋),ﾄﾞﾚｽ･,ｾｯﾄ,0
660215,ｸﾘｰﾆﾝｸﾞ(ﾄﾞﾚｽ･ﾄﾚｰﾝ･ﾊﾟﾆｴ･ﾍﾞｰﾙ･手袋),ﾄﾞﾚｽ･,ｾｯﾄ,0
660300,ｸﾘｰﾆﾝｸﾞ(ﾀｷｼｰﾄﾞ3点ｾｯﾄ),ﾀｷｼｰﾄﾞ,ｾｯﾄ,0
660301,ｸﾘｰﾆﾝｸﾞ(ﾀｷｼｰﾄﾞ上.下),ﾀｷｼｰﾄﾞ,ｾｯﾄ,0
660302,ｸﾘｰﾆﾝｸﾞ(ﾀｷｼｰﾄﾞ･ﾗｯｼｭ),ﾀｷｼｰﾄﾞ,枚,0
660603,ｸﾘｰﾆﾝｸﾞ(ﾄﾚｰﾝ･ｵｰﾊﾞｰｽｶｰﾄ),ﾜﾄｸﾘ,枚,0
660604,ｸﾘｰﾆﾝｸﾞ(ﾍﾞｰﾙ･手袋),ﾍﾞｰﾙ,枚,0
669051,箱代,ﾊｺ,個,0
670403,ｸﾘｰﾆﾝｸﾞ(掛下･二部式)上ﾉﾐ,ﾅｶｸﾘ,ｾｯﾄ,0
670506,ｸﾘｰﾆﾝｸﾞ(子供ﾀｷｼｰﾄﾞ中),ﾀｷｼｰﾄﾞ,枚,0
670507,ｸﾘｰﾆﾝｸﾞ(子供ﾀｷｼｰﾄﾞ下),ﾀｷｼｰﾄﾞ,枚,0
670526,ｸﾘｰﾆﾝｸﾞ(子供紋付:着･羽織･朱),ﾓﾝﾂｷ,枚,0
670527,ｸﾘｰﾆﾝｸﾞ(子供物女児:朱･着･被布),ｺﾄﾞﾓ,枚,0
670529,ｸﾘｰﾆﾝｸﾞ(子供物女児:着･羽織･被布),ｺﾄﾞﾓ,枚,0
670671,ｸﾘｰﾆﾝｸﾞ(婦人ｼﾞｬｹｯﾄ),ｼﾞｬｹｯﾄ,枚,0
670675,ｸﾘｰﾆﾝｸﾞ(和服小物),ｺﾓﾉ,枚,0
679051,脇臭処理代(ﾀｷｼｰﾄﾞ),ﾜｷｼｭｳ,枚,0
679054,脇臭処理代(ﾓｰﾆﾝｸﾞ),ﾜｷｼｭｳ,枚,0
679059,特殊洗浄加工費,ﾄｸｼｭｾﾝ,枚,0
679095,再ﾒﾝﾃ ｸﾘｰﾆﾝｸﾞ(打掛),ﾅｻｸﾘ,枚,0
679098,再ﾒﾝﾃ ｸﾘｰﾆﾝｸﾞ(男長襦袢),ｼﾞｭﾊﾞﾝ,枚,0
679100,再ﾒﾝﾃ ｸﾘｰﾆﾝｸﾞ(紋付),ﾅｻｸﾘ,ｾｯﾄ,0
680221,ｸﾘｰﾆﾝｸﾞ(色ﾄﾞﾚｽ),ﾄﾞﾚｽ,枚,0
680308,ｸﾘｰﾆﾝｸﾞ(ﾓｰﾆﾝｸﾞ上･ｳｴｯﾄ),ﾓｰﾆﾝｸﾞ,枚,0
680309,ｸﾘｰﾆﾝｸﾞ(ﾓｰﾆﾝｸﾞ中･ｳｴｯﾄ),ﾓｰﾆﾝｸﾞ,枚,0
680310,ｸﾘｰﾆﾝｸﾞ(ﾓｰﾆﾝｸﾞ下･ｳｴｯﾄ),ﾓｰﾆﾝｸﾞ,枚,0
680311,ｸﾘｰﾆﾝｸﾞ(ﾀｷｼｰﾄﾞ上･ｳｴｯﾄ),ﾀｷｼｰﾄﾞ,枚,0
680312,ｸﾘｰﾆﾝｸﾞ(ﾀｷｼｰﾄﾞ中･ｳｴｯﾄ),ﾀｷｼｰﾄﾞ,枚,0
680313,ｸﾘｰﾆﾝｸﾞ(ﾀｷｼｰﾄﾞ下･ｳｴｯﾄ),ﾀｷｼｰﾄﾞ,枚,0
680404,ｸﾘｰﾆﾝｸﾞ(嫁長･平),ﾏﾂｴﾀﾞ,枚,0
680405,ｸﾘｰﾆﾝｸﾞ(嫁長･かた),ﾏﾂｴﾀﾞ,枚,0
680406,ｸﾘｰﾆﾝｸﾞ(おひき),ﾏﾂｴﾀﾞｸﾘｰ,枚,0
680407,ｸﾘｰﾆﾝｸﾞ(紋付ｾｯﾄ),ﾓﾝﾂｷ,ｾｯﾄ,0
680411,ｸﾘｰﾆﾝｸﾞ(紋長),ﾓﾝﾅｶﾞ,枚,0
680418,ｸﾘｰﾆﾝｸﾞ(留長)色留･訪･色無,ﾏﾂｴﾀﾞ,枚,0
680419,ｸﾘｰﾆﾝｸﾞ(振長),ﾏﾂｴﾀﾞ,枚,0
680420,ｸﾘｰﾆﾝｸﾞ(二尺長),ﾆｼｬｸ,枚,0
680500,ｸﾘｰﾆﾝｸﾞ(男児ﾀｷｼｰﾄﾞ上),ﾀｷｼｰﾄﾞ,枚,0
680501,ｸﾘｰﾆﾝｸﾞ(男児ﾀｷｼｰﾄﾞ下),ﾀｷｼｰﾄﾞ,枚,0
680502,ｸﾘｰﾆﾝｸﾞ(女児ﾄﾞﾚｽ),ﾄﾞﾚｽ,枚,0
680503,ｸﾘｰﾆﾝｸﾞ(女児ｹｰﾌﾟ),ｹｰﾌﾟ,枚,0
680504,ｸﾘｰﾆﾝｸﾞ(男児紋付)長襦袢付,ｼﾞｭﾊﾞﾝ,ｾｯﾄ,0
680505,ｸﾘｰﾆﾝｸﾞ(男児袴),ﾊｶﾏ,枚,0
680506,ｸﾘｰﾆﾝｸﾞ(女児3歳 被布),ﾋﾌ,枚,0
680507,ｸﾘｰﾆﾝｸﾞ(3歳 着物),ｷﾓﾉ,枚,0
680508,ｸﾘｰﾆﾝｸﾞ(7歳 着物),ｷﾓﾉ,枚,0
680509,ｸﾘｰﾆﾝｸﾞ(初着)長襦袢付,ｼﾞｭﾊﾞﾝ,ｾｯﾄ,0
680510,ｸﾘｰﾆﾝｸﾞ(5歳 着物),ｷﾓﾉ,枚,0
680600,ｸﾘｰﾆﾝｸﾞ(丸帯),ｵﾋﾞ,枚,0
680602,ｸﾘｰﾆﾝｸﾞ(袋帯),ｵﾋﾞ,枚,0
680603,ﾌﾞﾘﾝｸﾞ,ﾌﾞﾘﾝｸﾞ,KG,0
680604,ｸﾘｰﾆﾝｸﾞ代金,ｲｯｼｷ,式,0
688000,ﾚﾝﾀﾙﾊﾟｯｸ (ﾄﾞﾚｽ）,ﾚﾝﾀﾙ,枚,0
688011,ﾚﾝﾀﾙﾊﾟｯｸ (袴),ﾚﾝﾀﾙ,枚,0
688012,ﾚﾝﾀﾙﾊﾟｯｸ (紋付羽織 長着),ﾚﾝﾀﾙ,枚,0
688013,ﾚﾝﾀﾙﾊﾟｯｸ (掛下 掛下帯),ﾚﾝﾀﾙ,枚,0
688014,ﾚﾝﾀﾙﾊﾟｯｸ (打掛),ﾚﾝﾀﾙ,枚,0
688100,浴衣ﾚﾝﾀﾙ,ﾚﾝﾀﾙ,式,0
689000,ｸﾘｰﾆﾝｸﾞ(W処理),ﾏﾂｴﾀﾞｸﾘｰ,枚,0
690001,新郎SET,ｼﾝﾛｳ,ｾｯﾄ,0
690002,嫁SET,ﾖﾒ,ｾｯﾄ,0
690003,ﾀｷｼｰﾄﾞSET,ﾀｷｼｰﾄﾞ,ｾｯﾄ,0
690004,ﾓｰﾆﾝｸﾞSET,ﾓｰﾆﾝｸﾞ,ｾｯﾄ,0
690010,留袖SET,ﾄﾒｿﾃﾞ,ｾｯﾄ,0
690011,振袖SET,ﾌﾘｿﾃﾞ,ｾｯﾄ,0
690012,紋付SET,ﾓﾝﾂｷ,ｾｯﾄ,0
700001,冷却機用ｽﾄﾚﾅｰ　FICﾈｼﾞ込-25A-単式,ｽﾄﾚﾅｰ,個,0
700002,溶剤冷却機　ｿﾙﾍﾞﾝﾄﾁｭｰﾅｰPT-200,ﾚｲｷｬｸ,台,0
700003,冷却機循環ﾎﾟﾝﾌﾟ,ﾎﾟﾝﾌﾟ,台,0
700004,ｸﾘｽﾀﾙﾊﾞﾘｭｰ ｽﾄﾚｰﾅｰ用SUSﾌｨﾙﾀｰ,ｸﾘｽﾀﾙ,,0
700005,ｸﾘｽﾀﾙﾊﾞﾘｭｰ用ｽﾄﾚｰﾅｰﾊﾟｯｷﾝ,ｸﾘｽﾀﾙﾊ,枚,3000
700006,ﾄﾞﾗｲ溶剤冷却機　TUC-750,ﾚｲｷｬｸ,台,0
700007,ｸﾘｽﾀﾙﾊﾞﾘｭｰ用接続ﾊﾟｯｷﾝ取替,ｸﾘｽﾀﾙﾊ,個,0
700008,溶剤冷却機ｿﾙﾊﾞﾝﾄﾁｭｰﾅｰGKN-50-FB,ﾚｲｷｬｸ,台,0
700009,冷却機ｿﾙﾍﾞﾝﾄﾃﾝﾌﾟﾁｭｰﾅｰPT-300型,ﾚｲｷｬｸ,台,450000
700010,溶剤冷却機(ｿﾙﾍﾞﾝﾄﾁｭｰﾅｰST750),ﾚｲｷｬｸ,台,0
700011,ｸﾘｽﾀﾙバリュｰ(PC-995),ｸﾘｽﾀﾙ,台,750000
700012,ｸﾘｽﾀﾙﾊﾞﾘｭｰ用本体蓋ﾊﾟｯｷﾝ(黒),ｸﾘｽﾀﾙﾊ,枚,15000
700013,ｸﾘｽﾀﾙﾊﾞﾘｭｰﾀﾝｸ用ﾌｨﾙﾀｰ,ｸﾘｽﾀﾙﾊ,枚,0
700014,ｸﾘｽﾀﾙﾊﾞﾘｭｰ用防塵ｼｰﾄ,ｸﾘｽﾀﾙﾊ,枚,2000
700015,ｸﾘｽﾀﾙﾊﾞﾘｭｰ用目皿(7枚),ｸﾘｽﾀﾙﾊ,ｾｯﾄ,0
700016,ｸﾘｽﾀﾙﾊﾞﾘｭｰｽﾄﾚｰﾅｰ用ｶｺﾞ(ｽﾃﾝﾚｽ),ｸﾘｽﾀﾙﾊ,個,3000
700017,ｸﾘｽﾀﾙﾊﾞﾘｭｰ用ﾀｲﾏｰ,ｸﾘｽﾀﾙﾊ,個,0
700018,ｸﾘｽﾀﾙﾊﾞﾘｭｰ用押ｼﾎﾞﾀﾝｽｲｯﾁ,ｸﾘｽﾀﾙﾊ,個,0
700019,ｸﾘｽﾀﾙﾊﾞﾘｭｰ用蓋ﾊﾟｯｷﾝ(ｳﾚﾀﾝ),ｸﾘｽﾀﾙ,枚,13000
700020,ｸﾘｽﾀﾙﾊﾞﾘｭｰ用ｵｰﾘﾝｸﾞ取替(ﾂﾙﾐSQM251),ｸﾘｽﾀﾙﾊ,個,0
700021,ｸﾘｽﾀﾙﾊﾞﾘｭｰ用ﾒｶﾆｶﾙｼｰﾙ取替(SQM251),ｸﾘｽﾀﾙﾊ,個,0
700022,ｸﾘｽﾀﾙﾊﾞﾘｭｰ用ﾒｶﾆｶﾙｼｰﾙ取替(WP202),ｸﾘｽﾀﾙﾊ,個,0
700023,ｸﾘｽﾀﾙﾊﾞﾘｭｰ用圧力計,ｸﾘｽﾀﾙﾊ,個,3500
700024,ｸﾘｽﾀﾙﾊﾞﾘｭｰ用上蓋ﾊﾝﾄﾞﾙ,ｸﾘｽﾀﾙﾊ,個,6500
700025,ｸﾘｽﾀﾙﾊﾞﾘｭｰ点検一式,ｸﾘｽﾀﾙﾊ,式,0
700026,ｸﾘｽﾀﾙﾊﾞﾘｭｰ用ﾒｶﾆｶﾙｼｰﾙ(SQM-251ﾆﾄﾘﾙ),ｸﾘｽﾀﾙ,個,5500
700027,ｸﾘｽﾀﾙﾊﾞﾘｭｰ用棚ﾊﾟﾝﾁ板一式,ｸﾘｽﾀﾙ,式,0
700028,ｸﾘｽﾀﾙﾊﾞﾘｭｰ用本体蓋ﾊﾝﾄﾞﾙ,ｸﾘｽﾀﾙ,個,0
700029,ｸﾘｽﾀﾙﾊﾞﾘｭｰ用ｳｽﾞ巻ﾎﾟﾝﾌﾟ修理,ｸﾘｽﾀﾙ,個,0
700030,ｸﾘｽﾀﾙﾊﾞﾘｭｰｴﾝﾍﾟﾗｰ交換,ｸﾘｽﾀﾙ,個,0
700031,ｸﾘｽﾀﾙﾊﾞﾘｭｰ用ﾏｸﾞﾈｯﾄﾘﾚｰ交換,ｸﾘｽﾀﾙ,個,0
700032,ｸﾘｽﾀﾙﾊﾞﾘｭｰ用電源ｽｲｯﾁ交換,ｸﾘｽﾀﾙ,個,0
700033,ｸﾘｽﾀﾙﾊﾞﾘｭｰｽﾄﾚｰﾅｰ清掃,ｸﾘｽﾀﾙ,,0
700034,ｸﾘｽﾀﾙﾊﾞﾘｭｰ　PC-995　200V.3相,ｸﾘｽﾀﾙ,台,0
700035,冷却機用ｽﾄﾚｰﾅｰ　FICﾈｼﾞ込-40A,ﾚｲｷｬｸ,台,0
700036,ｸﾘｽﾀﾙﾊﾞﾘｭｰ用ｴﾝﾍﾟﾗｰ修理,ｸﾘｽﾀﾙ,,0
700037,ｸﾘｽﾀﾙﾊﾞﾘｭｰ用ｵｰﾘﾝｸﾞ(SQM-251),ｸﾘｽﾀﾙ,本,600
700038,ｸﾘｽﾀﾙﾊﾞﾘｭｰ用ﾊﾟﾜｰﾘﾚｰ,ｸﾘｽﾀﾙ,個,3000
700039,ｸﾘｽﾀﾙﾊﾞﾘｭｰ蓋用蝶番,ｸﾘｽﾀﾙ,個,0
700040,ｸﾘｽﾀﾙﾊﾞﾘｭｰﾎｰｽ用ﾄﾗｲﾄﾞﾝﾊﾞﾝﾄﾞHS-16,ｸﾘｽﾀﾙ,個,500
700041,ｸﾘｽﾀﾙﾊﾞﾘｭー上蓋用蝶番(B-858-2S),ｸﾘｽﾀﾙ,個,0
700042,ｸﾘｽﾀﾙﾊﾞﾘｭｰ用本体蓋ﾊﾟｯｷﾝ(PE)310x260,ｸﾘｽﾀﾙ,枚,0
700043,ｸﾘｽﾀﾙﾊﾞﾘｭｰ用電源ｽｲｯﾁ,ｸﾘｽﾀﾙ,個,800
700044,ｸﾘﾝｴｰｽ　ﾒｶﾆｶﾙｼｰﾙ交換,ｸﾘﾝｴｰｽ,個,0
700045,ｸﾘｽﾀﾙﾊﾞﾘｭｰ修理(PC-995),ｸﾘｽﾀﾙ,台,0
700046,ｸﾘｽﾀﾙﾊﾞﾘｭｰﾎﾟﾝﾌﾟ用ﾌﾗﾝｼﾞﾊﾟｯｷﾝ,ｸﾘｽﾀﾙﾊ,枚,0
700048,ﾒｶﾆｶﾙｼｰﾙ交換(ﾊﾞｲﾄﾝ),ﾒｶﾆｶﾙｼ,個,0
700051,ｸﾘｰﾝｴｰｽ用耐油ﾎｰｽ取替,ｸﾘｰﾝｴｰ,ｾｯﾄ,0
700052,ｸﾘﾝｴｰｽ用ﾌﾗﾝｼﾞﾊﾟｯｷﾝ交換,ｸﾘﾝｴｰｽ,,0
700053,ｸﾘｰﾝｴｰｽﾎﾟﾝﾌﾟ修理,ｸﾘｰﾝｴｰ,台,0
700054,ｸﾘｽﾀﾙﾊﾞﾘｭｰOﾘﾝｸﾞ取替(SQM-251.ﾊﾞｲﾄﾝ),ｸﾘｽﾀﾙ,個,0
700055,ｸﾘｽﾀﾙﾊﾞﾘｭｰ用ﾌﾗﾝｼﾞﾊﾟｯｷﾝ取替,ｸﾘｽﾀﾙﾊ,個,0
700056,ｸﾘｰﾝｴｰｽ用ﾀｹﾉｺ交換,ｸﾘｰﾝ,個,0
700057,ｸﾘｰﾝｴｰｽ用ｴﾙﾎﾞｰ交換,ｸﾘｰﾝ,個,0
700058,ｸﾘｰﾝｴｰｽ用ﾆｯﾌﾟﾙ交換,ｸﾘｰﾝ,個,0
700059,ｸﾘｰﾝｴｰｽ用ﾎｰｽﾊﾞﾝﾄﾞ交換,ｸﾘｰﾝ,個,0
700060,ｸﾘｽﾀﾙﾊﾞﾘｭｰ用ﾀｲﾏｰ取替,ｸﾘｽﾀﾙ,個,0
700061,ｸﾘｽﾀﾙﾊﾞﾘｭｰ用ﾗﾝﾌﾟ取替,ｸﾘｽﾀﾙ,個,0
700062,ｸﾘｽﾀﾙﾊﾞﾘｭｰ用本体蓋ﾊﾟｯｷﾝ取替(ｳﾚﾀﾝ),ｸﾘｽﾀﾙ,個,0
700063,ｸﾘｰﾝｴｰｽ用ﾎﾟﾝﾌﾟﾌﾗﾝｼﾞﾊﾟｯｷﾝ(VPS202用),ｸﾘｰﾝ,個,0
700064,ｸﾘｽﾀﾙﾊﾞﾘｭｰ配管ﾎｰｽ用保護ｶﾊﾞｰ,ｸﾘｽﾀﾙﾊ,個,0
700065,ｸﾘｽﾀﾙﾊﾞﾘｭｰ用ﾊﾟﾜｰﾘﾚｰ(G-7J-4AB9,ﾊﾟﾜｰﾘﾚ,個,4000
700066,ｸﾘｽﾀﾙﾊﾞﾘｭー用ﾎｰｽ(ﾄﾖｽﾌﾟﾘﾝｸﾞ),ｸﾘｽﾀﾙﾊ,M,1500
700067,ﾌｨﾙﾀｰ(ｸﾘｽﾀﾙﾊﾞﾘｭｰ用),ﾌｨﾙﾀ-,枚,1500
700068,ｸﾘｽﾀﾙﾊﾞﾘｭｰ用ｽﾄﾚｰﾅﾊﾟｯｷﾝ(P-145ﾊﾞｲﾄﾝ),ｸﾘｽﾀﾙ,本,0
700069,ｸﾘｽﾀﾙﾊﾞﾘｭｰ用圧力ｽｲｯﾁ,ｸﾘｽﾀﾙﾊ,個,0
700070,ｸﾘｽﾀﾙﾊﾞﾘｭｰ用ﾌﾗﾝｼﾞﾊﾟｯｷﾝ,ﾌﾗﾝｼﾞﾊﾟｯｷﾝ,個,0
700071,ｸﾘｽﾀﾙﾊﾞﾘｭｰﾎｰｽ交換,ｸﾘｽﾀﾙﾊﾞﾘｭｰ,ｍ,0
700072,ｸﾘｽﾀﾙﾊﾞﾘｭｰｼｰﾄﾌｨﾙﾀｰ交換,ｸﾘｽﾀﾙﾊﾞﾘｭｰ,枚,0
700073,ｸﾘｽﾀﾙﾊﾞﾘｭｰ用ｳｽﾞ巻ﾎﾟﾝﾌﾟ交換,ｸﾘｽﾀﾙ,個,0
700074,ｸﾘｽﾀﾙﾊﾞﾘｭｰﾎﾟﾝﾌﾟ用ｵｰﾘﾝｸﾞ,ｸﾘｽﾀﾙ,個,0
890230,ﾚｸﾀｰｸｲｯｸﾃｰﾌﾟQT-2,ﾚｸﾀｰｸｲｯｸﾃｰ,個,0
900001,ｱｲﾗｯﾌﾟ用化粧箱,ｱｲﾗｯﾌﾟ,個,1000
900002,ｸﾘｰﾆﾝｸﾞ飾り箱(ﾗﾗｼｬﾝｽ),ﾊｺ,ｾｯﾄ,0
900003,ﾄﾞﾚｽ用ｶﾞｰﾒﾝﾄ(600X800X2300LX0.25),ｶﾞｰﾒﾝﾄ,枚,0
900005,ｽｶｰﾄﾊﾝｶﾞｰPP(ｸﾛ),ﾊﾝｶﾞｰ,本,60
900006,NK ｷﾓﾉﾊﾝｶﾞｰ,ﾊﾝｶﾞｰ,本,980
900007,ｸﾘｰﾆﾝｸﾞ用ﾎﾞｰﾙﾍﾟﾝ(Hｉｼﾞｭﾆｱ),ﾎﾞｰﾙﾍﾟ,本,300
900008,ﾊﾝｶﾞｰ掛(1200巾.ﾎﾜｲﾄ)1-7B,ﾊﾝｶﾞｰ,台,11800
900011,ﾄﾞﾚｽ用ｸﾘｽﾀﾙﾊﾝｶﾞｰ(HS440),ﾊﾝｶﾞｰ,本,0
900013,ｸﾘｰﾆﾝｸﾞ用安全ﾋﾟﾝ,ｱﾝｾﾞﾝﾋ,箱,0
900014,ｸﾘｰﾆﾝｸﾞ用ﾀｸﾞ(白),ﾀｸﾞ,箱,0
900016,ﾎﾟﾘ袋1100X2500　PE03ｾﾝﾀｰｼｰﾙ抜80m/m,ﾎﾟﾘﾌﾞｸ,枚,0
900017,ﾗﾝﾄﾞﾘｰ用ﾄﾞﾗｲ袋,ﾗﾝﾄﾞﾘｰ,枚,0
900020,ﾄﾞﾚｽ用ﾀﾞﾝﾎﾞｰﾙ(白)1000x500x310,ﾀﾞﾝﾎﾞｰ,枚,0
900025,衣裳ｹｰｽ(ﾌﾟﾗｽﾁｨｯｸC式910x395x140)ﾌﾀ付,ｹｰｽ,ｾｯﾄ,0
900027,ﾋﾟﾝﾁﾊﾝｶﾞｰ(ﾊﾟﾝﾂｸﾘｯﾊﾟｰ),ﾊﾝｶﾞｰ,本,0
900028,ﾈｸﾀｲｸﾘｯﾌﾟ,ﾈｸﾀｲ,個,0
900030,ｽﾄｯｸﾊﾞｰ　L1390X16φ,ｽﾄｯｸ,本,2000
900031,位置決めﾋﾟﾝ,ｲﾁｷﾞﾒ,個,0
900032,ﾈｸﾀｲ袋(OPP　100枚入),ﾈｸﾀｲ,袋,0
900033,PP0.14*600*1000　目ﾅｼ,ｶﾞｰﾒﾝﾄ,本,0
900035,ﾎﾟﾘﾛｰﾙ　PP0.25X600X500M,ﾎﾟﾘﾛｰﾙ,本,0
900036,たとう紙　大,ﾀﾄｳｼ,枚,0
900037,ﾄﾞﾚｽ用ｷｬﾘｰﾊﾞｯｸ,ｷｬﾘｰ,個,6200
900038,和服ﾊﾝｶﾞｰ　W-1355,ﾊﾝｶﾞｰ,本,0
900039,LLﾛｰﾙ0.25X900/600X300M　ﾄﾞﾚｽ用,ﾎﾟﾘﾛｰﾙ,巻,0
900040,PPﾛｰﾙ0.25X600/500X300M　ﾀｷｼｰﾄﾞ用,ﾎﾟﾘﾛｰﾙ,巻,0
900042,ﾎﾟﾘ袋13号　100枚入(260X380),ﾎﾟﾘﾌ,袋,0
900043,ﾄﾞﾚｽﾊﾝｶﾞｰｸﾘｯﾌﾟ,ﾊﾝｶﾞｰ,個,0
900046,真空ﾊﾟｯｸ用ﾊﾝｶﾞｰ,ﾊﾝｶﾞｰ,本,0
900051,ﾌｧｽﾅｰ付ﾄﾞﾚｽ袋,ﾌｸﾛ,枚,0
900052,立体ｶﾊﾞｰ(0.18*600*300M)1250ｶｯﾄ,ｶﾊﾞｰ,袋,0
950001,水洗機用電磁弁一式取替,ｽｲｾﾝｷ,ｾｯﾄ,0
950002,ﾄﾞﾗｲ機修理,ﾄﾞﾗｲｷ,台,0
950004,ｱｲﾛﾝ台用ﾌｯﾄｽｲｯﾁ交換,ｱｲﾛﾝﾀﾞ,式,0
950005,ﾄﾞﾗｲ機ｸﾞﾘｽ交換,ﾄﾞﾗｲｷ,式,0
950006,ﾄﾞﾗｲ機用ﾀﾝｸ清掃,ﾄﾞﾗｲｷ,台,0
950007,水洗機用ﾌﾚｷ取替,ｽｲｾﾝｷ,本,0
950008,水洗機用ﾆｯﾌﾟﾙ取替,ｽｲｾﾝｷ,個,0
950009,水洗機(35K)背面ﾊﾟﾈﾙ補強,ｽｲｾﾝｷ,台,0
950010,ﾄﾞﾗｲ機用ｿﾘｰﾄﾞｽﾃｰﾄﾀｲﾏｰ交換,ﾄﾞﾗｲｷ,個,0
950011,ﾄﾞﾗｲ機用平ﾆｯﾌﾟﾙ交換,ﾄﾞﾗｲｷﾖ,個,0
950012,ｱｲﾛﾝ台制御基板IC交換,ｱｲﾛﾝﾀﾞ,敷,0
950013,ﾄﾞﾗｲ機用ﾄﾞｱﾊﾟｯｷﾝ取替,ﾄﾞﾗｲｷ,個,0
950015,ﾛｰﾙｱｲﾛﾅｰ修理　PM-8,ﾛｰﾙｱｲ,台,0
950016,ﾛｰﾀﾘｰｼﾞｮｲﾝﾄ取替,ﾛｰﾀﾘｰ,式,0
950017,ｼｰﾂﾛｰﾙ　RM-8修理,ｼｰﾂﾛｰﾙ,台,0
950018,仕上台操作部修理,ｼｱｹﾞﾀﾞ,式,0
950019,配管設備修理,ﾊｲｶﾝ,式,0
950021,ｽﾁｰﾑﾎﾞｯｸｽ修理　RC-503,ｽﾁｰﾑﾎﾞ,個,0
950022,ｱｲﾛﾝ台袖板固定ﾈｼﾞ取付,ｱｲﾛﾝﾀﾞ,個,0
950023,水タンク修理,ﾐｽﾞﾀﾝｸ,式,0
950024,仕上台ｱｲﾛﾝ置ｽｲｯﾁ取替,ｼｱｹﾞﾀﾞ,個,0
950025,仕上台電源ｺｰﾄﾞ取替,ｼｱｹﾞﾀﾞ,個,0
950026,軟水器用ｶｰﾄﾘｯｼﾞﾌｨﾙﾀｰ交換,ﾅﾝｽｲｷﾖ,個,0
950027,仕上機用ﾀﾞﾝﾊﾟｰﾓｰﾀｰｺﾝﾊﾞｰｻﾙ修理,ｼｱｹﾞｷ,式,0
950036,給水配管修理,ｷｭｳｽｲ,式,0
950037,ﾜﾝﾀﾞｰﾁｭｰﾌﾞ交換,ﾜﾝﾀﾞ,本,0
950038,検反機用ｽﾄﾘｯﾌﾟﾃ-ﾌﾟ巻替,ｹﾝﾀﾝｷ,ｾｯﾄ,0
950039,冷却機修理(KK-500C-S1),ﾚｲｷｬｸ,台,0
950040,水洗機修理(日本ﾌﾟﾚｽ),ｽｲｾﾝｷ,台,0
950041,ﾅｵﾓﾄﾎﾟﾝﾌﾟ一式取替,ﾎﾟﾝﾌﾟｲ,ｾｯﾄ,0
950042,ｺﾝﾌﾟﾚｯｻｰ修理,ｺﾝﾌﾟﾚｯ,台,0
950043,ｱｲﾛﾝ台ﾍﾞｱﾘﾝｸﾞ交換,ﾍﾞｱﾘﾝｸ,個,0
950044,ｱｲﾛﾝ仕上げ台修理,ｱｲﾛﾝｼ,台,0
950045,仕上台基盤取替,ｼｱｹﾞﾀﾞ,個,0
950046,軟水機ｲｵﾝ樹脂交換,ﾅﾝｽｲｷ,L,0
950047,水洗機修理(YAMAMOTO),ｽｲｾﾝｷ,台,0
950048,水洗機ｲﾝﾊﾞｰﾀｰ取替,ｲﾝﾊﾞｰﾀ,ｾｯﾄ,0
950049,軟水器修理,ﾅﾝｽｲｷ,台,0
950050,水洗機蒸気弁交換,ｽｲｾﾝｷ,式,0
950051,ﾌﾟﾚｽ機修理,ﾌﾟﾚｽｷ,台,0
950052,ﾌﾟﾚｽ機用電磁弁一式取替,ﾃﾞﾝｼﾞﾍﾞﾝ,一式,0
950053,ﾌﾟﾚｽ機ｽﾁｰﾑﾛｰﾙｼﾞｮｲﾝﾄ交換(ﾔﾏﾓﾄ),ﾌﾟﾚｽ,ｾｯﾄ,54500
950054,ｱｲﾛﾝ台ﾘﾌﾀｰｸｯｼｮﾝｺﾞﾑ交換,ｱｲﾛﾝﾀﾞ,個,800
950055,水洗機修理　東静電気,ｽｲｾﾝｷ,台,0
950056,水洗機用ﾄﾞｱﾊﾟｯｷﾝ交換,ｽｲｾﾝｷ,個,0
950057,仕上台ﾌｯﾄｽｲｯﾁ取替,ﾌｯﾄｽｲｯ,個,0
950058,蒸気配管修理,ｼﾞｮｳｷ,式,0
950059,ｱｲﾛﾝ台ﾌｯﾄｽｲｯﾁ脱着ﾗﾊﾞｰ取付,ｱｲﾛﾝﾀﾞ,,0
950060,水洗機用Vﾍﾞﾙﾄ交換,ｽｲｾﾝｷ,本,0
950061,乾燥機用ﾗｼﾞｴﾀｰ交換,ｶﾝｿｳｷ,式,0
950062,乾燥機用ﾌｧﾝﾓｰﾀ交換,ｶﾝｿｳｷ,個,0
950063,真空ﾊﾟｯｸ機械ﾋｰﾀｰｶﾞﾗｽﾃﾌﾛﾝｼｰﾄ交換,ｼﾝｸｳ,式,0
950064,ｱｲﾛﾝ台ﾏｯﾄ交換　FBZ-1150用,ｱｲﾛﾝﾀﾞ,枚,0
950065,ﾌﾛﾝ機点検ﾒﾝﾃﾅﾝｽ一式,ﾌﾛﾝｷ,式,0
950066,ｱｲﾛﾝ台移動電源線延長工事,ｱｲﾛﾝ,式,0
950067,ｱｲﾛﾝ台用ﾏｸﾞﾈｯﾄﾘﾚｰ交換,ｱｲﾛﾝ,個,0
950068,ｱｲﾛﾝ仕上台ﾏｯﾄ交換一式,ｱｲﾛﾝｼ,式,0
950069,水洗機ｶｯﾌﾟ投入口水漏れ修理,ｽｲｾﾝｷ,式,0
950070,水洗機ｶｯﾌﾟｿﾚﾉｲﾄﾞ分解修理,ｽｲｾﾝｷ,式,0
950071,フロン機修理,ﾌﾛﾝｷ,台,0
950072,ﾌﾛﾝ機ｴｱｰ漏れ修理,ﾌﾛﾝｷ,式,0
950073,水洗機用ｽﾄﾚｰﾅｰ清掃,ｽｲｾﾝｷﾖ,式,0
950074,水洗機用排水ﾎｰｽ交換,ｽｲｾﾝｷ,本,0
950075,水洗機用ｵｰﾊﾞｰﾌﾛｰﾎｰｽ交換,ｽｲｾﾝｷ,本,0
950076,水洗機用洗剤投入ﾎｰｽ交換,ｽｲｾﾝｷ,本,0
950077,水洗機用ｴｱｰ抜ﾎｰｽ交換,ｽｲｾﾝｷ,本,0
950078,水洗機用基盤電池交換,ｽｲｾﾝｷ,個,0
950079,水洗機用排気ﾀﾞｸﾄﾊﾞﾝﾄﾞ交換,ｽｲｾﾝｷ,個,0
950080,ｱｲﾛﾝ台ｼｮｯｸ止ｽﾎﾟﾝｼﾞ取替,ｱｲﾛﾝﾀﾞ,個,0
950081,ﾌﾛﾝ機　ﾄﾞｱﾛｯｸﾊﾝﾄﾞﾙ取付,ﾌﾛﾝｷ,式,0
950082,ｼﾞｪﾌｨｰｽﾁｰﾏｰ修理,ｼﾞｪﾌｨｰｽﾁｰﾏ,台,0
950083,水洗機ｵｲﾙ交換,ｽｲｾﾝｷ,式,0
950084,水洗機排水弁交換,ｽｲｾﾝｷ,式,0
950085,水洗機ﾘﾐｯﾄｽｲｯﾁ修理,ｽｲｾﾝｷ,式,0
950086,ｱｲﾛﾝ置き台取付,ｱｲﾛﾝﾀﾞ,個,0
950087,ｲﾝﾊﾞｰﾀｰ修理,ｲﾝﾊﾞｰﾀ,ｾｯﾄ,0
950088,排気ﾀﾞｸﾄ清掃,ﾊｲｷﾀﾞｸﾄ,式,0
950089,ｱｲﾛﾝ台平ｶﾊﾞｰ　取替,ｱｲﾛﾝｶ,枚,5200
950090,水洗機用ｽﾄﾚｰﾅｰ取替,ｽｲｾﾝｷﾖ,式,0
950091,ﾛｰﾙｱｲﾛﾅｰ 送り込ﾍﾞﾙﾄ　交換,ﾍﾞﾙﾄ,本,0
950092,圧迫ﾛｰﾙｶﾊﾞｰ交換,ﾛｰﾙｶﾊﾞｰ,枚,0
950093,水洗機　ﾊﾟｰﾏｸﾞﾘｽ交換,ﾊﾟｰﾏｸﾞﾘｽ,式,0
950094,水洗機　ﾊﾟｰﾏｵｲﾙ交換,ﾊﾟｰﾏｵｲﾙ,式,0
950095,ﾄﾞﾗｲ機　ﾎﾟﾝﾌﾟ交換,ﾄﾞﾗｲｷ,式,0
950096,乾燥機修理,ｶﾝｿｳｷ,台,0
950097,乾燥機蒸気配管ﾕﾆｵﾝ取替,ｶﾝｿｳｷ,式,0
950098,乾燥機　電磁弁取替,ｶﾝｿｳｷ,式,0
950099,乾燥機　ﾕﾆｵﾝﾊﾟｯｷﾝ取替,ｶﾝｿｳｷ,式,0
960001,蛍光灯,ｹｲｺｳﾄｳ,式,0
960002,ｽﾎﾟｯﾄﾗｲﾄ,ｽﾎﾟｯﾄﾗ,個,0
960003,継手3/4　ﾁｰｽﾞ,ﾂｷﾞﾃ,個,0
960004,ﾆｯﾌﾟﾙ,ﾆｯﾌﾟﾙ,個,0
960005,ﾄﾞﾗｲ機用ｼﾘｺﾝﾁｭｰﾌﾞ交換,ﾄﾞﾗｲｷﾖ,個,0
960006,ﾆｭｰﾄﾝ　CT-2A用ﾛﾑ　(山本製作所),ﾆｭｰﾄﾝ,個,0
960007,ﾆｭｰﾄﾝCT-3W(CPU基板.ﾛﾑ付),ﾆｭｰﾄﾝ,式,0
960010,包装機用ﾋｰﾄｶｯﾀｰ,ﾋｰﾄ,個,0
960011,白ﾕﾆｵﾝ　1/2,ﾕﾆｵﾝ,個,0
960012,ﾕﾆｵﾝﾊﾟｯｷﾝ,ﾕﾆｵﾝﾊﾟ,個,0
960013,ﾊﾞｹﾂ(ﾄﾞﾚﾝ用),ﾊﾞｹﾂ,個,0
960014,ﾌﾟﾗｸﾞ　白　1/2(15A),ﾌﾟﾗｸﾞ,個,0
960015,ﾜｲﾔｰﾊﾞﾝﾄﾞ　φ300,ﾜｲﾔｰﾊﾞ,個,0
960016,塩ビｴﾙﾎﾞ　20A,ｴﾙﾎﾞ,個,0
960017,２連ｶﾗﾝ,ｶﾗﾝ,個,0
960018,ﾒｯｼｭｽｸﾘｰﾝ　MS-70目,ﾒｯｼｭ,枚,0
960019,電磁弁(SV-08),ﾃﾞﾝｼﾞ,個,0
960020,ｲﾜﾔﾎﾟﾝﾌﾟWPS202用ﾌﾗﾝｼﾞﾊﾟｯｷﾝ(ﾊﾞｲﾄﾝ),ｲﾜﾔ,個,0
960021,仕上機配管蒸気部材一式,ｼｱｹﾞｷ,式,0
960022,ｻﾝｿﾚｽ　SA1000,ｻﾝｿﾚｽ,個,0
960023,ｴﾙﾎﾞ(ﾎﾟﾘｱﾐﾄﾞ)3/8排水用,ｴﾙﾎﾞ,個,0
960024,真空ﾊﾟｯｸ用ｼﾘｺﾝﾃｰﾌﾟ,ｼﾝｸｳ,個,0
960026,ﾌﾞﾗｼ　C-38　C-41　3行,ﾌﾞﾗｼ,本,600
960027,日立ｴｱｰﾊﾟﾝﾁ,ｴｱｰﾊﾟﾝ,台,0
960028,給水ﾊﾞﾙﾌﾞ3/8一式,ｷｭｳｽｲ,ｾｯﾄ,0
960029,二又ｶﾗﾝ3/8,ﾌﾀﾏﾀ,個,0
960032,ｼﾙｷｰﾈｯﾄ(別注)1000*1500,ﾈｯﾄ,枚,0
960033,ﾃｸﾉﾎ-ｽ　1M,ﾃｸﾉﾎｰｽ,本,0
960034,ぶんちん,ﾌﾞﾝﾁﾝ,個,0
960035,手袋(ﾀﾞｲﾌﾞﾛｰﾌﾞ.223),ﾃﾌﾞｸﾛ,双,0
960036,ﾊｲｿﾌﾅｰ 小 (ﾅｵﾓﾄ),ﾊｲｿﾌﾅ-,個,2600
960038,ｶｰﾄﾘｯｼﾞﾌｨﾙﾀｰ(石油ﾄﾞﾗｲ機用),ｶｰﾄﾘｯｼ,個,0
960039,ｼ-ﾙ(そのままｽﾚﾌﾟｰ用),ｼ-ﾙ,枚,0
960040,糸巻きﾌﾞﾗｼ.ﾊﾟｷﾝ(大)120mm*35mm,ｲﾄﾏｷﾌﾞ,個,0
960041,糸巻きﾌﾞﾗｼ(小)ﾊﾟｷﾝ105mm*20mm,ｲﾄﾏｷﾌﾞ,個,0
960042,ﾄﾞﾛﾊﾈﾌﾞﾗｼ両毛(UO-28),ﾄﾞﾛﾊﾈﾌ,本,0
960043,泥跳ねﾌﾞﾗｼ　片毛,ﾌﾞﾗｼ,本,0
960044,ﾒｱﾘｰｸｲｯｸ手袋(50枚入),ﾒｱﾘｰｸｲ,個,0
960045,梅皿(12㎝),ｳﾒｻﾞﾗ,枚,600
960046,ｼﾐ抜ｷﾀﾚ幕,ｼﾐﾇｷﾀﾚ,本,0
960047,霧吹き(ガラス製),ｷﾘﾌｷ,個,0
960048,保存用ﾋﾞﾆｰﾙ袋柄入(0.18X360X300)3本入,ﾋﾞﾆｰﾙﾌ,本,0
960049,ＵＮﾎﾟﾘ缶(輸出用),UNﾎﾟﾘ,個,0
960050,軟水樹脂(ﾐﾆｼﾞｪﾈ専用ｲｵﾝ),ﾅﾝｽｲｼﾞ,個,12000
960051,吸水シ－ト,ｷｭｳｽｲｼ,枚,3000
960052,充電器(ﾎﾞｯｼｭAL60DV),ｼﾞｭｳﾃﾞ,台,8000
960053,充電器(ﾎﾞｯｼｭAL12FC/N),ｼﾞｭｳﾃﾞ,台,15000
960054,特注ﾊﾝﾄﾞｽﾌﾟﾚ-,ﾊﾝﾄﾞｽﾌ,個,0
960055,糸巻きﾌﾞﾗｼ　ﾊﾟｷﾝ　中　C-17,ｲﾄﾏｷﾌﾞ,個,0
960056,糸巻きﾌﾞﾗｼ･本毛(18m/m),ｲﾄﾏｷﾌﾞ,本,0
960058,ｴｱ-ﾊﾟﾝﾁ用ｽｲｯﾁ,ｴｱ-ﾊﾟﾝ,個,0
960059,二面ﾀﾞﾝﾎﾞ-ﾙ(溶剤用),ﾀﾞﾝﾎﾞ-,枚,0
960060,竹ﾌﾞﾗｼ,ﾀｹﾌﾞﾗｼ,本,0
960061,筆,ﾌﾃﾞ,本,400
960062,Uﾊﾝｶﾞｰ(440-EX),ﾊﾝｶﾞｰ,本,0
960063,洗濯ﾌﾞﾗｼ小判型柄付(馬毛)C-35,ﾌﾞﾗｼ,本,1750
960064,計量杓,ｹｲﾘｮｳｼ,個,0
960065,10L角容器(ｺｯｸ付),ﾖｳｷ,個,4000
960066,ｻｻﾗ,ｻｻﾗ,本,0
960067,ﾖｰｼﾞﾌﾞﾗｼ(UO-11),ﾖｰｼﾞﾌﾞ,本,0
960068,ﾖｰｼﾞﾌﾞﾗｼ(UO-032),ﾖｰｼﾞﾌﾞ,本,0
960069,ｱｲﾛﾝﾏｯﾄ　　直本,ｱｲﾛﾝﾏｯ,枚,0
960070,ｱｲﾛﾝﾏｯﾄｶﾊﾞｰ　直本,ｱｲﾛﾝﾏｯ,枚,0
960071,ｱｲﾛﾝﾏｯﾄ(700*1200*15ｔ),ｱｲﾛﾝﾏｯ,枚,0
960072,ｱｲﾛﾝﾏｯﾄｶﾊﾞｰ(700*1200),ｱｲﾛﾝﾏｯ,枚,0
960073,ｱｲﾛﾝﾏｯﾄ(700*500*15t),ｱｲﾛﾝﾏｯ,枚,0
960074,ｱｲﾛﾝﾏｯﾄ(700*1140*15t),ｱｲﾛﾝﾏｯ,枚,0
960075,ｱｲﾛﾝﾏｯﾄｶﾊﾞｰ(700*1050),ｱｲﾛﾝﾏｯ,枚,0
960076,ｱｲﾛﾝﾏｯﾄ(650*1120),ｱｲﾛﾝﾏｯ,枚,0
960077,ｱｲﾛﾝﾏｯﾄｶﾊﾞｰ(650*1120),ｱｲﾛﾝﾏｯ,枚,0
960078,竹ﾖ-ｼﾞﾌﾞﾗｼ(Y－6),ﾖｰｼﾞﾌﾞ,本,100
960079,糸巻きﾌﾞﾗｼ(小.馬毛)C-15,ｲﾄﾏｷﾌﾞ,本,0
960080,糸巻きﾌﾞﾗｼ(馬毛.中)C-14,ｲﾄﾏｷﾌﾞ,個,2000
960081,糸巻きﾌﾞﾗｼ(馬毛.大)C-13,ｲﾄﾏｷﾌﾞ,本,3000
960082,ｲﾜﾔﾎﾟﾝﾌﾟWPS-202用ﾒｶﾆｶﾙｼｰﾙ(ﾊﾞｲﾄﾝ),ｲﾜﾔﾎﾟﾝ,個,0
960083,ﾅｲﾛﾝ 給油ﾎｰｽ(4X5),ﾅｲﾛﾝﾎｰ,Ｍ,0
960084,ｳﾚﾀﾝ給油ﾎｰｽ(Ф5X7),ｳﾚﾀﾝ,M,0
960085,洗濯用 ｶﾗｰﾈｯﾄ(1000*1500),ﾈｯﾄ,枚,0
960087,三洋ﾌﾟﾚｽ機用(SCI-158AS.下ｺﾞﾃ布ｶﾊﾞｰ),ｻﾝﾖｳﾌﾟ,ｾｯﾄ,0
960088,三洋ﾌﾟﾚｽ機用ﾏｯﾄ ( SCI-158AS ｸﾚﾛｯｸ),ｻﾝﾖｳﾌﾟ,ｾｯﾄ,0
960089,三洋ﾌﾟﾚｽ機用ﾏｯﾄ (SCI-158AS ｺｲﾛﾝ),ｻﾝﾖｳﾌﾟ,ｾｯﾄ,0
960090,ｱｲﾛﾝﾏｯﾄ(1020*710*15t),ｱｲﾛﾝﾏｯ,枚,0
960091,ｱｲﾛﾝﾏｯﾄ(1200*710*15t),ｱｲﾛﾝﾏｯ,枚,0
960092,ｽｺｯﾄﾌｨﾙﾀｰ (180ﾀｲﾌﾟ)10*950*1850,ｽｺｯﾄﾌｨ,枚,6600
960093,不織布 (180ﾀｲﾌﾟ),ﾌｼｮｸﾌ,枚,4620
960094,ｸﾛｰﾊﾞｰﾚｰｽ針(№#41-008),ﾚｰｽﾊﾘ,本,350
960095,ｽﾃﾝﾚｽﾎﾟｯﾄ蓋付(PA200)160*80H,ﾎﾟｯﾄ,個,0
960096,ｱｲﾛﾝﾏｯﾄ(1030*720*15t),ｱｲﾛﾝﾏｯ,枚,0
960097,ﾎﾟﾘ袋(0.04X900X1500)布団用,ﾎﾟﾘﾌﾞｸ,枚,38
960098,ｱｲﾛﾝﾏｯﾄ(750*1200*15t),ｱｲﾛﾝﾏｯ,枚,0
960099,ﾊﾝﾄﾞﾗｯﾌﾟ　500　(容器),ﾊﾝﾄﾞﾗｯ,個,0
960100,ﾗｲﾄﾏｽｸ-248-87-05-33(10枚入),ﾗｲﾄﾏｽｸ,箱,5800
960101,保存用ﾋﾞﾆｰﾙ袋柄入(0.18X280X300)3本入,ﾋﾞﾆｰﾙﾌ,本,0
960102,ﾙｰﾍﾟ(拡大鏡),ﾙｰﾍﾟ,個,3000
960103,皮手袋(薄手),ｶﾜﾃﾌﾞｸ,足,0
960104,ｱｲﾛﾝﾏｯﾄ(600*500*15t),ｱｲﾛﾝﾏｯ,枚,0
960105,ｱｲﾛﾝﾏｯﾄ(1100*660*20t),ｱｲﾛﾝﾏｯ,枚,0
960106,洗濯用ﾈｯﾄ(800*1200),ﾈｯﾄ,枚,0
960107,ｼﾙｷｰﾈｯﾄ(750*1000),ﾈｯﾄ,枚,0
960108,洗濯用ﾈｯﾄ(600*800),ﾈｯﾄ,枚,0
960109,ﾊﾝﾃﾞｨ検針器　TY-30K,ｹﾝｼﾝｷ,台,0
960110,LB型ﾘﾌﾀｰ滑車用ｺﾏﾉﾐ(ﾍﾞｱﾘﾝｸﾞ),ﾍﾞｱﾘﾝｸ,個,0
960111,ﾊﾟｰﾏｸﾞﾘｽ SF 01 (ﾄﾞﾗｲ機用),ﾊﾟｰﾏｸﾞ,個,5700
960112,ﾊﾟｰﾏｸﾞﾘｽ SF 05 (水洗機用),ﾊﾟｰﾏｸﾞ,個,6200
960113,ﾊﾟｰﾏｵｲﾙ(SO-32)水洗機用,ﾊﾟｰﾏｵｲ,個,5700
960114,ｵｰﾄｸﾞﾘｽ（ﾄﾞﾗｲ機）,ｸﾞﾘｽ,ケ,0
960115,ｱｲﾛﾝﾏｯﾄ(1200X600X15t),ｱｲﾛﾝﾏｯ,枚,0
960117,ﾙｰﾍﾟ7552　6倍Wﾚﾝｽﾞ,ﾙｰﾍﾟ,個,2800
960118,ﾊﾞｰﾘﾝｸﾞｱｲｱﾝ　ﾋﾟﾝｾｯﾄ76111,ﾋﾟﾝｾｯﾄ,本,3000
960119,ﾊﾟｰﾏｸﾞﾘｽ(SF-06)水洗機用,ﾊﾟｰﾏｸﾞ,個,0
960120,ﾊﾟｰﾏｵｲﾙ(DU-12)　水洗機用,ﾊﾟｰﾏｵｲ,個,0
960121,ﾄﾞﾗｲﾁｪｯｶｰ,ﾄﾞﾗｲﾁｪ,台,0
960122,ｻﾝﾌﾟﾚｰﾝｼｰﾄ　200mm巾*10M*1mm,ｻﾝﾌﾟﾚﾝ,枚,0
960124,ｽﾁｰﾑﾌﾞﾗｼ用ｸﾞﾘｯﾌﾟｶﾊﾞｰ,ｽﾁｰﾑﾌﾞ,式,2900
960125,ﾃﾌﾛﾝ胸前掛(№296.M),ﾏｴｶｹ,枚,9000
960127,ﾊﾞｷｭｰﾑ用生地受ﾈｯﾄ,ﾈｯﾄ,枚,0
960128,ｱｲﾛﾝﾏｯﾄ(720x1320x20t),ｱｲﾛﾝﾏｯ,枚,0
960129,ｱｲﾛﾝﾏｯﾄ(710x1450x20t),ｱｲﾛﾝﾏ,枚,0
960130,ｱｲﾛﾝ台平ｶﾊﾞｰ(100ﾀｲﾌﾟ)直本,ｱｲﾛﾝｶ,枚,5200
960131,ｱｲﾛﾝ台用不織布(100ﾀｲﾌﾟ)直本,ｱｲﾛﾝﾀﾞ,枚,1980
960132,ｱｲﾛﾝ台ｽｺｯﾄﾌｨﾙﾀｰ(100ﾀｲﾌﾟ)直本,ｱｲﾛﾝﾀﾞ,枚,2750
960133,ｱｲﾛﾝ台URﾏｯﾄ(100ﾀｲﾌﾟ)直本,ｱｲﾛﾝﾏ,枚,5940
960134,ﾄﾙﾏﾘﾝｴｰｽ(2L用)10粒入り,ﾄﾙﾏﾘﾝ,袋,2980
960136,ｼｰﾂﾛｰﾙ圧迫ﾛｰﾙｶﾊﾞｰ,ｼｰﾂﾛｰﾙ,枚,0
960138,ｱｲﾛﾝﾏｯﾄ(1500x800x20t),ｱｲﾛﾝﾏ,枚,0
960139,ｱｲﾛﾝﾏｯﾄｶﾊﾞｰ(1500x800),ｱｲﾛﾝﾏ,枚,0
960140,ｱｲﾛﾝﾏｯﾄ(1100*800*20t),ｱｲﾛﾝﾏ,枚,0
960141,ｱｲﾛﾝ台平ｶﾊﾞｰ(120ﾀｲﾌﾟ)　直本,ｱｲﾛﾝｶ,枚,6200
960142,ｱｲﾛﾝﾏｯﾄ(900x1100x20t),ｱｲﾛﾝﾏ,枚,6800
960143,ｱｲﾛﾝｼｭｰ(ﾙﾍﾞﾙﾍﾞﾘｰ99用.RV0032),ｱｲﾛﾝｼ,個,0
960146,ｱｲﾛﾝﾏｯﾄ(1050*700*20T),ｱｲﾛﾝﾏ,枚,0
960147,仕上馬　胴馬550x260,ｼｱｹﾞｳﾏ,個,8350
960148,仕上馬　中袖530x100,ｼｱｹﾞｳﾏ,個,5000
960163,MHS用ﾈｵﾌﾟﾚﾝﾏｯﾄ　日本ﾌﾟﾚｽ,ﾈｵﾌﾟﾚﾝ,枚,0
960165,ｽﾁｰﾑﾌﾞﾗｼ用ﾌﾞﾗｼ掛け,ｽﾁｰﾑﾌﾞ,個,0
960166,温度計　乾燥機VS-22S用,ｵﾝﾄﾞｹｲ,個,7800
960167,ﾌﾟﾚｽ機用ﾌﾚｷｼﾌﾞﾙﾎｰｽ　PCAD,ﾌﾟﾚｽｷ,本,12000
960168,薄手耐溶剤手袋,ﾃﾌﾞｸﾛ,双,0
960172,手作り和服ﾊﾝｶﾞｰ　特注品,ﾊﾝｶﾞｰ,本,0
960176,ｸﾘｰﾆﾝｸﾞ運搬車用綿ｶﾊﾞｰ　2-2B,ｳﾝﾊﾟﾝｼ,枚,6500
960178,ﾀﾞﾝﾎﾞｰﾙ箱(ﾄﾞﾚｽ用外箱)大780x450x240,ﾀﾞﾝﾎﾞｰ,枚,0
960182,ｷｬﾆｵﾝｽﾌﾟﾚｰ,ｷｬﾆｵﾝ,個,1200
960183,重油ﾀﾝｸ　2000L,ﾀﾝｸ,基,0
960184,給水ﾀﾝｸ,ｷｭｳｽｲ,槽,0
960188,ｱｲﾛﾝ仕上げ背当て板,ｱｲﾛﾝｼ,枚,0
960191,水洗機用ｴｱｰﾌｨﾙﾀｰ,ｴｱｰﾌｨﾙ,枚,0
960192,ｱｲﾛﾝ用ﾒｯｼｭﾌｨﾙﾀｰ,ｱｲﾛﾝ,枚,0
960193,ｽｺｯﾄﾌｨﾙﾀｰ700X1200,ｽｺｯﾄ,枚,0
960194,不織布700X1200,ﾌｼｮｸﾌ,枚,0
960195,万能馬　F-1720N,ｼｱｹﾞｳﾏ,台,27000
960196,丸缶,ｶﾝ,缶,0
960200,しみ抜きﾎﾟｽﾀｰ(BS.A2),ﾎﾟｽﾀｰ,枚,0
960201,ﾎﾟｽﾀｰ用ｱﾙﾐﾎﾞｰﾄﾞ(BS.A2),ｱﾙﾐﾎﾞｰ,枚,0
960202,ｲｰｾﾞﾙ/ﾋﾟﾝｸ,ｲｰｾﾞﾙﾋ,個,0
960204,取り出し冶具,ﾄﾘﾀﾞｼ,個,3000
960213,ｳｪｲﾄｸﾘｯﾌﾟ　2ケ入,ｸﾘｯﾌﾟ,ｾｯﾄ,4800
960215,ｱｲﾛﾝﾏｯﾄ(1000x2400x20t),ｱｲﾛﾝﾏ,枚,0
960216,ｱｲﾛﾝﾏｯﾄｶﾊﾞｰ(1000x2400),ｱｲﾛﾝﾏ,枚,0
960217,万能馬　F-220,ｼｱｹﾞｳﾏ,台,26000
960218,給水ﾎﾟﾝﾌﾟ,ｷｭｳｽｲﾎﾟﾝﾌﾟ,個,0
960219,ｱｲﾛﾝﾏｯﾄｶﾊﾞｰ(1200*600),ｱｲﾛﾝﾏｯ,枚,0
960220,ｱｲﾛﾝ台布張りｽﾌﾟﾘﾝｸﾞ,ｱｲﾛﾝﾀﾞｲ,ｾｯﾄ,0
960221,ｷｭｰﾋﾞｰｺﾝﾃﾅ専用ﾊﾞﾙﾌﾞ,ﾊﾞﾙﾌﾞ,個,500
970001,真空ﾊﾟｯｸ機(KPS-1),ｼﾝｸｳ,台,0
970002,水洗機　日本ﾌﾟﾚｽ35K　中古,ｽｲｾﾝｷ,台,0
970003,水洗機　日本ﾌﾟﾚｽ　25K　　中古,ｽｲｾﾝ,台,0
970004,ﾜｲｼｬﾂﾀﾀﾐ機　ｲﾂﾐ　　中古,ﾜｲｼｬﾂ,台,0
970005,仕上げ機　ｻﾝｴｰｽW　三幸社,ｼｱｹﾞｷ,台,0
970006,東静水洗機(WI-401)用風管P75x750NR,ｽｲｾﾝｷ,個,0
970007,東静ﾄﾞﾗｲ機(D-221)用ﾊﾞﾙﾌﾞﾄﾞﾚﾝﾆｯﾎﾟｰﾙ,ﾄﾞﾗｲｷ,個,0
970008,ｱｲﾛﾝAHS-400　直本,ｱｲﾛﾝ,台,0
970009,水洗機CPU基板(東静WI-220用),ｽｲｾﾝｷ,個,0
970010,三洋ｼﾘｺﾝﾎｯﾄﾄﾞﾗｲｸﾘｰﾅｰ　SCL-8161,ｼﾘｺﾝ,台,0
970011,ｱｲﾛﾝ仕上台ﾘﾌﾀｰ,ｱｲﾛﾝ,個,0
970012,水洗機用(東静DMI-160)ﾊﾞﾙﾌﾞﾄﾞﾚｰﾝ,ｽｲｾﾝｷ,個,0
970013,ｱｲﾛﾝ仕上台　FB-130SN,ｼｱｹﾞﾀﾞ,式,0
970014,ｱｲﾛﾝ台P7-36F　大阪電機,ｱｲﾛﾝｼ,台,0
970015,ｱｲﾛﾝ仕上台　FBZ-300　直本,ｼｱｹﾞﾀﾞ,台,0
970016,全自動洗濯脱水機-IDE-130A(日ﾌﾟﾚ),ｾﾝﾀｸｷ,台,0
970017,全自動ﾄﾞﾗｲ機-MS-110A(日ﾌﾟﾚ),ﾄﾞﾗｲｷ,台,0
970018,乾燥機-SF160 ｽﾁｰﾑ,ｶﾝｿｳｷ,台,0
970019,ｶﾞｽﾎﾞｲﾗ-FBC-120S(ｻﾑｿﾝ),ﾎﾞｲﾗｰ,台,0
970020,ｱｲﾛﾝ仕上げ台　FBZ1100U,ｼｱｹﾞﾀﾞ,台,0
970021,ｱｲﾛﾝ平台,ｱｲﾛﾝﾀﾞ,台,0
970022,ｱｲﾛﾝ仕上げ台(ﾅｵﾓﾄFB-150S),ｼｱｹﾞﾀﾞ,台,0
970023,ｱｲﾛﾝ仕上げ台　FBK-1130N(100V)ﾅｵﾓﾄ,ｼｱｹﾞﾀﾞ,台,0
970024,ｽﾁｰﾑｱｲﾛﾝ CDL620　直本,ｱｲﾛﾝ,台,0
970026,ﾗｲﾄﾎﾞｲﾗｰNBC-1260 直本,ﾎﾞｲﾗｰ,台,0
970027,ｿ-ﾌﾟ自動投入機,ｿ-ﾌﾟｼﾞ,台,120000
970028,和服ﾊﾞｷｭ-ﾑﾌﾟﾚｽ台(金子)1800*655,ﾜﾌｸﾊﾞｷ,台,0
970029,ｼﾞｪｯﾄｽﾁ-ﾑ(JSN-10)台付,ｼﾞｪｯﾄｽ,ｾｯﾄ,0
970030,ﾅｵﾓﾄ仕上げ台(FB-60AU),ｼｱｹﾞﾀﾞ,台,132000
970031,ﾅｵﾓﾄSWNｰ8用 ﾁｪﾝﾊﾞｰ本体(一体型),ﾁｪﾝﾊﾞｰ,個,0
970032,ﾐﾆﾎﾞｲﾗｰ(直本 SIS-100)100V1.5KW,ﾎﾞｲﾗｰ,台,118000
970033,ｱｲﾛﾝ仕上げ台(FB-110SN･100V)ﾅｵﾓﾄ,ｼｱｹﾞﾀﾞ,台,0
970034,金子仕上台(600X400),ｼｱｹﾞﾀﾞ,台,0
970035,ｽﾁｰﾑｱｲﾛﾝ S-6DL,ｱｲﾛﾝ,台,0
970036,ﾋﾟｰｽｶﾞﾝ(H-102B)ｵﾘﾝﾎﾟｽ,ﾋﾟｰｽｶﾞ,台,25000
970037,ﾅｵﾓﾄ仕上げ台FBX-100SU,ｼｱｹﾞﾀﾞ,台,0
970038,仕上げ台(ﾊﾞｷｭｰﾑ付ｱｲﾛﾝ台VA-2)ｼﾞｭｰｷ,ｼｱｹﾞﾀﾞ,台,39800
970039,ｽﾁｰﾑﾌﾞﾗｼ(ﾙﾍﾞﾙﾍﾞﾘ99SB),ｽﾁｰﾑﾌﾞ,台,0
970040,ｽﾁｰﾑﾌﾞﾗｼ･ｱｲﾛﾝ付(SC-100B.HYS410),ｽﾁｰﾑﾌﾞ,ｾｯﾄ,0
970041,全自動石油系ﾄﾞﾗｲ機　DI160E,ﾄﾞﾗｲｷ,台,0
970042,全自動洗濯脱水幾 W1-163,ｾﾝﾀｸﾀﾞ,台,0
970043,全自動石油系ﾄﾞﾗｲ機 DMI-163,ﾄﾞﾗｲｷ,台,0
970044,三浦ｶﾞｽﾎﾞｲﾗ- RV-120,ｶﾞｽﾎﾞｲ,台,0
970045,ｺﾝﾌﾟﾚｯｻｰ,ｺﾝﾌﾟﾚｯ,台,0
970047,ｱｲﾛﾝ台(P2ｰ36F)200V.0.4KW,ｱｲﾛﾝﾀﾞ,,240000
970048,ﾄﾞﾗｲ機　山本DO160FL,ﾄﾞﾗｲｷ,台,0
970049,ﾄﾞﾗｲ機　山本DI-10,ﾄﾞﾗｲｷ,台,0
970052,全自動洗濯脱水機　WI-300E　東静,ｾﾝﾀｸｷ,台,0
970053,三浦　ﾎﾞｲﾗｰ　SZ-200K(軟水機),ﾎﾞｲﾗｰ,台,0
970054,半自動立体包装機　NC-720C,ﾎｳｿｳｷ,台,0
970055,乾燥機(中古)ｱｻﾋ　50K,ｶﾝｿｳｷ,台,0
970056,ｱｲﾛﾝ　HSL-160　直本,ｱｲﾛﾝ,台,0
970057,ｳﾞｧｲﾚｽ　GS-600　耐震装置,ｳﾞｧｲﾚｽ,個,0
970058,乾燥機,ｶﾝｿｳｷ,台,0
970059,和服ｱｲﾛﾝ台　大阪　Q1-22(100V),ｱｲﾛﾝﾀﾞ,台,0
970060,ﾎﾞｲﾗｰ　三浦　SU-200F,ﾎﾞｲﾗｰ,基,0
970061,軟水器　MS-10　三浦,ﾅﾝｽｲｷ,台,0
970062,水洗機,ｽｲｾﾝｷ,台,1285000
970066,ｱｲﾛﾝ仕上げ台(FBZ-1150)200V･600W,ｼｱｹﾞﾀﾞ,台,0
970067,ﾊｰﾌYｼｬﾂmini　YBH-005A,ﾊｰﾌYｼｬ,式,0
970068,ｱｲﾛﾝ仕上台　FBX120SU　直本,ｼｱｹﾞﾀﾞ,台,0
970080,ﾎﾞｲﾗｰ　SU-200　三浦,ﾎﾞｲﾗｰ,式,0
970081,乾燥機　ｲﾂﾐ 50K 中古,ｶﾝｿｳｷ,台,0
970083,ｽﾁｰﾑｱｲﾛﾝ　HSL-520T　ﾁﾀﾝ製ﾋｰﾄﾚｽ,ｱｲﾛﾝ,台,102000
970084,ﾎﾞｲﾗｰ　三浦　AL-100,ﾎﾞｲﾗｰ,基,0
970085,水洗機　三洋電機　35K,ｽｲｾﾝｷ,台,0
970086,乾燥機　OT-60　東洗,ｶﾝｿｳｷ,台,0
970087,ｽﾞﾎﾞﾝﾌﾟﾚｻｰ　神戸　中古,ｽﾞﾎﾞﾝ,台,0
970088,ｱｲﾛﾝ仕上台　FBZ-1100N(1200X650)200V,ｼｱｹﾞﾀﾞ,台,260000
970089,ｼﾞﾌｨﾊﾝﾄﾞｽﾁｰﾏｰ　J-200,ｼﾞｪﾌｨ,台,70000
970109,ﾄﾞﾗｲ機用ｿｰﾌﾟ投入機,ｿｰﾌﾟ,台,0
970115,ｺﾝﾌﾟﾚｯｻｰEC1443H,ｺﾝﾌﾟﾚｯ,台,0
970116,ｱｲﾛﾝ仕上げ台(FBZ-SE)直本,ｼｱｹﾞﾀﾞ,台,0
970117,和服ｱｲﾛﾝ台Q1-36(垂受前後付)大阪電機,ｱｲﾛﾝﾀﾞ,式,0
970118,真空ﾊﾟｯｸ機(KI　　）,ｼﾝｸｳ,台,0
970119,真空ﾊﾟｯｸ機　ﾄﾗﾝｽ,ﾄﾗﾝｽ,台,0
970120,全自動洗濯脱水幾 WD-160S,ｾﾝﾀｸﾀﾞ,台,0
970124,真空ﾊﾟｯｸ機(ﾀﾆｸﾞﾁ),ｼﾝｸｳ,台,0
970125,ｱｲﾛﾝ仕上げ台(ﾅｵﾓﾄFB-150SN),ｼｱｹﾞﾀﾞ,台,0
970126,超音波溶着機　SH-22,ﾖｳﾁｬｸ,台,0
970127,ｶﾞｽ乾燥機　山本　VG350,ｶﾝｿｳｷ,台,0
980001,ｻｲﾄﾞﾃ-ﾌﾞﾙ(FBZ用),ｻｲﾄﾞﾃ-,台,0
980002,ｱｲﾛﾝﾎｰｽ*1m(ｵｰﾄﾌﾛﾝ.大阪電機),ｱｲﾛﾝﾎ,本,6500
980003,ｱｲﾛﾝﾎｰｽ(SWN-8),ｽﾁｰﾑﾌﾞ,本,0
980005,ｱｲﾛﾝﾎｰｽ　1.5m(ｵｰﾄﾌﾛﾝ.大阪電機),ｱｲﾛﾝﾎｰ,本,6000
980006,ﾎﾞｲﾗｰ用排水ｺｯｸ一式　1/2L　BL-0400,ﾎﾞｲﾗｰﾖ,個,0
980008,ｱｲﾛﾝﾎｰｽ　３M 大阪電機,ｱｲﾛﾝﾎ,本,8200
980009,ｽﾎﾟｯﾀｰｶﾞﾝ用ｼﾘｺﾝﾎｰｽ1.5M,ｽﾎﾟｯﾀｰ,本,5500
980010,ｽﾁｰﾑﾌﾞﾗｼ用吊革ﾊﾞﾝﾄﾞ,ｽﾁｰﾑﾌﾞ,個,0
980011,ｱｲﾛﾝﾎｰｽ　2M,ｱｲﾛﾝﾎｰ,本,0
980012,窒素ｶﾞｽ圧力調整器　YR-70,ﾁｯｿｶﾞｽ,個,0
980013,窒素ﾎﾞﾝﾍﾞ用圧力調整器接続ｿｹｯﾄ,ﾁｯｿﾎﾞﾝ,個,0
980014,窒素ﾎﾞﾝﾍﾞﾊﾝﾄﾞﾙ,ﾁｯｿﾎﾞ,個,0
980015,ﾄﾞﾗｲ機用ﾄﾞｱﾊﾟｯｷﾝ,ﾄﾞﾗｲｷ,枚,4000
980016,取付用分岐ｺｯｸ,ｽﾁｰﾑﾌﾞ,一式,0
980017,ﾜﾝﾀｯﾁ継手φ8X1/4(PL02-8),ﾂｷﾞﾃ,個,600
980018,水洗機用　水圧ｾﾝｻｰﾎｰｽ,ｽｲｱﾂｾ,本,0
980019,水洗機用ｻｲﾚﾝｻｰﾌﾗﾝｼﾞ　WDN-35D,ｽｲｾﾝｷ,個,0
980020,水洗機用ﾌﾗﾝｼﾞﾊﾟｯｷﾝ,ｽｲｾﾝｷ,個,0
980021,水洗機用ﾌﾞｯｼﾝｸﾞ　1in,ｽｲｾﾝｷ,個,0
980022,継手　3/8x1/4,ﾂｷﾞﾃ,個,0
980023,水洗機用ﾌﾚｷｼﾌﾞﾙﾎｰｽSUS 1/2X1000L,ｽｲｾﾝｷ,本,0
980024,ｷｬﾋﾞﾈｯﾄ電磁弁　VPS-2135,ｷｬﾋﾞﾈｯ,個,0
980027,ｽﾘｯｸ　ｱｲﾎﾟｰﾙS型,ｽﾘｰｯｸ,本,0
980029,ﾌﾟﾚｽ機用電磁弁　4KA310-1,ﾃﾞﾝｼﾞ,個,0
980030,ﾌﾟﾚｽ機用電磁弁　4KA330-L,ﾃﾞﾝｼﾞ,個,0
980031,ﾌﾟﾚｽ機用電磁弁　4KA320-L,ﾃﾞﾝｼﾞ,個,0
980032,ﾚｷﾞｭﾚﾀｰ　R3000-10,ﾚｷﾞｭﾚﾀ,個,0
980033,ﾚｷﾞｭﾚﾀｰ　W3000-10F,ﾚｷﾞｭﾚﾀ,個,0
980034,水洗機用ｲﾝﾊﾞｰﾀ用基板(WI220),ｽｲｾﾝｷ,個,0
980035,ﾎﾞｲﾗｰ用給水ﾎﾟﾝﾌﾟｹｰｼﾝｸﾞ蓋,ﾎﾞｲﾗｰﾖ,個,0
980036,ｱｲﾛﾝ吊金具(大阪),ｱｲﾛﾝﾂ,個,2000
980037,包装機用ﾘﾚｰ　AHK,ﾎｳｿｳｷ,個,0
980038,包装機用ﾋｰﾀｰ線,ﾋｰﾀｰ,本,0
980039,包装機用ﾘﾚｰ　MK2P,ﾘﾚｰ,個,0
980040,水洗機用電磁弁　APK-11-20A,ｽｲｾﾝｷ,個,0
980041,水洗機用電磁弁APK-11-15A,ｽｲｾﾝｷ,個,0
980042,水用電磁弁,ﾃﾞﾝｼﾞ,個,0
980043,ｽﾁｰﾑﾌﾞﾗｼ用ｽｰﾊﾟｰﾀﾝｸ,ｽﾁｰﾑﾌﾞ,個,0
980044,仕上機用ﾎﾞﾃﾞｨｶﾊﾞｰ(YPS-301),ｼｱｹﾞｷ,枚,0
980045,仕上機用ｶﾌｽｶﾊﾞｰ(YPS-301),ｼｱｹﾞｷ,枚,0
980046,ｽﾘｯｸ工事部材,ｽﾘｯｸｺ,式,0
980047,ｽﾁｰﾑﾌﾞﾗｼ用ｼﾘｺﾝﾎｰｽ,ｽﾁｰﾑﾌﾞ,本,0
980048,ｱｲﾛﾝ用ｼﾘｺﾝﾎｰｽ,ｱｲﾛﾝ,本,0
980049,包装機用部品　ｶｯﾀｰ刃　ﾃﾗｵｶ,ﾎｳｿｳｷ,ｾｯﾄ,0
980050,包装機用部品　黒ｺﾞﾑ　ﾃﾗｵｶ,ﾎｳｿｳｷ,ｾｯﾄ,0
980051,包装機用部品　ﾆｸﾛﾑ線,ﾎｳｿｳｷ,本,0
980052,包装機用部品　絶縁体,ﾎｳｿｳｷ,個,0
980053,水洗機用排水弁　東静WI-410,ｽｲｾﾝｷﾖ,個,0
980054,真空ﾊﾟｯｸ用ﾋｰﾀｰ線,ｼﾝｸｳ,本,0
980055,Vﾍﾞﾙﾄ　A-27　ｼｰﾂﾛｰﾙ用,Vﾍﾞﾙﾄ,本,0
980056,Vﾍﾞﾙﾄ　A-44　ｼｰﾂﾛｰﾙ用,Vﾍﾞﾙﾄ,本,0
980057,Vﾍﾞﾙﾄ(ｺﾝﾌﾟﾚｯｻｰ用)ｲﾜﾀ,Vﾍﾞﾙﾄ,本,0
980059,ｱｲﾛﾝﾎﾟﾝﾌﾟ(PS-2)用樹脂容器一式,ｱｲﾛﾝ,式,2640
980061,陣笠ASSY　三浦,ｼﾞﾝｶﾞｻ,個,0
980062,ﾒｶﾞﾈﾘﾝｸﾞ　三浦,ﾒｶﾞﾈﾘﾝ,個,0
980063,排気筒ﾊﾞﾝﾄﾞ　三浦,ﾊｲｷﾂﾂﾊ,個,0
980064,受け足　　三浦,ｳｹｱｼ,個,0
980066,ｱｲﾛﾝｻｰﾓ取付ﾊﾝｶﾞｰ,ｱｲﾛﾝ,個,0
980068,エルボ　４分　水洗機用,ｴﾙﾎﾞ,個,0
980069,チャッキリフト　４分　水洗機用,ﾁｬｯｷ,個,0
980070,SUSｴﾙﾎﾞ15A,ｴﾙﾎﾞ,,0
980071,ｱｲﾛﾝ用ﾄﾞﾚﾝﾎｰｽ,ﾄﾞﾚﾝﾎ,M,0
980072,ｱｲﾛﾝ用(CDL)ｳﾚﾀﾝｸﾞﾘｯﾌﾟ支持金具付,ｱｲﾛﾝ,式,0
980073,ｽﾁｰﾑﾌﾞﾗｼ用ｸﾞﾘｯﾌﾟ一式,ｽﾁｰﾑﾌﾞ,ｾｯﾄ,0
980074,電磁弁(乾燥機T-226蒸気用)VXP2150S,ﾃﾞﾝｼﾞ,個,0
980075,乾燥機用蒸気出口ｾﾝｻｰ(東静T-226),ｶﾝｿｳ,個,0
980076,ｱｲﾛﾝ･ﾌﾞﾗｼ取付ﾊﾟｰﾂ,ｱｲﾛﾝ,式,0
980077,ｱｲﾛﾝﾎﾟｰﾙｾｯﾄ,ｱｲﾛﾝ,式,0
980078,ﾎﾞｲﾗｰ用排水ﾎｰｽ,ﾎﾞｲﾗｰﾖ,本,0
980079,ｱｲﾛﾝ仕上台用網(120x650/SUS),ｱｲﾛﾝｼ,枚,0
980080,ｱｲﾛﾝﾎｰｽ　4M,ｱｲﾛﾝﾎ,本,0
980081,ﾐﾆｶｯﾀｰ(RS-50),ｶｯﾀｰ,台,32000
980082,ﾅｵﾌﾛﾝｴｷｽﾄﾗﾎｰｽ(NA-35E),ﾅｵﾌﾛﾝ,本,0
980083,ﾅｵﾌﾛﾝｽｰﾊﾟｰﾎｰｽ(NA-30T),ﾅｵﾌﾛﾝ,本,0
980084,ﾅｵﾌﾛﾝｽｰﾊﾟｰﾎｰｽ(NA-20T),ﾅｵﾌﾛﾝ,本,0
980085,ｱｲﾛﾝ仕上げ台ｶﾊﾞｰ(180ﾀｲﾌﾟ),ｱｲﾛﾝｼ,枚,13560
980086,椅子(作業台用),ｲｽ,脚,0
980087,ﾅｵﾌﾛﾝｽｰﾊﾟｰﾎｰｽ(NA25T),ﾅｵﾌﾛﾝ,本,0
980088,ｱｲﾛﾝﾎｰｽｶﾊﾞｰ,ｱｲﾛﾝﾎｰ,枚,0
980089,NSｼﾘｺﾝFB-180ﾀｲﾌﾟ(ﾅｵﾓﾄ),ｴﾇｴｽｼﾘ,,0
980090,URﾏｯﾄ(FB-180ﾀｲﾌﾟ)1850x950x10t,ｱｲﾛﾝﾏ,枚,15900
980091,ﾊﾞﾙﾌﾞ一式(HSL510/610)ﾅｵﾓﾄ,ﾊﾞﾙﾌﾞ,ｾｯﾄ,0
980092,ﾄﾞﾚﾝﾎﾟｯﾄ(SW-8用),ﾄﾞﾚﾝﾎﾟ,個,0
980093,ﾅｵﾌﾛﾝｴｷｽﾄﾗﾎ-ｽ NA-25E,ﾅｵﾌﾛﾝ,本,0
980095,ｱｲﾛﾝﾏｯﾄ(950*1300*20t),ｱｲﾛﾝﾏｯ,枚,0
980096,ｱｲﾛﾝﾄﾞﾚﾝﾎｰｽ(NA-O.5D),ｱｲﾛﾝﾄﾞ,本,0
980097,ｱｲﾛﾝﾏｯﾄｶﾊﾞ-(1800*900),ｱｲﾛﾝﾏｯ,枚,3000
980098,ﾅｵﾌﾛﾝｴｷｽﾄﾗﾎｰｽ(NA45Ｅ),ﾅｵﾌﾛﾝ,本,0
980099,ﾄｽﾍﾟｯﾄT-163用ﾊｯﾄｶﾊﾞ-,ﾄｽﾍﾟｯﾄ,ｾｯﾄ,14600
980100,ｱｲﾛﾝﾏｯﾄ(900*500*20t),ｱｲﾛﾝﾏｯ,枚,0
980101,ｱｲﾛﾝﾏｯﾄ(700*1500*20t),ｱｲﾛﾝﾏｯ,枚,0
980102,糸巻きﾌﾞﾗｼ.本毛(UO-020.大),ｲﾄﾏｷﾌﾞ,個,3000
980103,ｱｲﾛﾝｲﾝﾅｰﾁｭｰﾌﾞ,ｱｲﾛﾝｲ,本,0
980104,ｱｲﾛﾝﾏｯﾄ(1800*900*15t),ｱｲﾛﾝﾏｯ,枚,0
980105,ﾅｵﾌﾛﾝｴｷｽﾄﾗﾎｰｽ(NA-50E),ﾅｵﾌﾛﾝ,本,0
980106,ｱｲﾛﾝﾏｯﾄ(895*500*15t),ｱｲﾛﾝﾏｯ,枚,3500
980107,仕上機 CN551ﾎﾞﾃﾞｨｶﾊﾞｰ,ｼｱｹﾞｷ,個,14000
980108,仕上機 CN551 ﾎﾞﾃﾞｨﾈﾙ,ｼｱｹﾞｷ,個,6500
980109,仕上機 CN551 後押えｶﾊﾞｰ.ﾈﾙ,ｼｱｹﾞｷ,ｾｯﾄ,1800
980110,仕上機 CN551 ｽｿﾈﾙ,ｼｱｹﾞｷ,個,700
980111,仕上機 CN551 ﾀｯｸｶﾊﾞｰ.ﾈﾙ,ｼｱｹﾞｷ,個,2600
980112,仕上機  CN-550 ｽﾗｲﾄﾞｼﾘﾝﾀﾞｰ,ｼｱｹﾞｷ,個,19000
980113,ｱｲﾛﾝ台平ｶﾊﾞｰ(180ﾀｲﾌﾟ)直本,ｱｲﾛﾝｶ,枚,13560
980114,ｸｰﾗｰｷｬｯﾁｬｰ(ﾌﾘｰﾊﾟﾈﾙ)C-ASM-S,ｸｰﾗｰｷｬ,ｾｯﾄ,6000
980115,ｱｲﾛﾝﾏｯﾄ(1000*1300*20t),ｱｲﾛﾝﾏｯ,枚,7600
980116,乾燥機用部品(ﾃﾝｼｮﾝｼｬﾌﾄ*IC4-6539),ｶﾝｿｳｷ,個,0
980117,乾燥機用部品(ﾃﾝｼｮﾝﾌﾟ-ﾘ-B)IC4-6541,ｶﾝｿｳｷ,個,0
980118,乾燥機用部品(ﾋﾟﾛｰﾌﾞﾛｯｸA.Bｾｯﾄ),ｶﾝｿｳｷ,ｾｯﾄ,0
980119,熱交換器(ﾄﾞﾗｲｸﾘｰﾅｰ)SL-304 W1,ﾄﾞﾗｲｸﾘ,個,0
980120,ﾅｵﾌﾛﾝｽｰﾊﾟｰﾎｰｽ(NA-35T),ﾅｵﾌﾛﾝ,本,0
980121,ﾅｵﾌﾛﾝｴｷｽﾄﾗﾎｰｽ(NA-40E),ﾅｵﾌﾛﾝ,本,0
980122,ｱｲﾛﾝ用ｷｬｯﾌﾟ,ｱｲﾛﾝ,個,0
980123,ｱｲﾛﾝ  排水ﾊﾞﾙﾌﾞ上部ｾｯﾄ(大阪電機),ｱｲﾛﾝ,個,0
980124,ｺﾝﾌﾟﾚｯｻｰ用ｴｱｰﾎｰｽ,ｴｱｰﾎｰｽ,本,200
980125,ﾅｵﾓﾄ機械一式,ｷｶｲ,ｾｯﾄ,0
980126,ｱｲﾛﾝ仕上台(FBK-1150N)ﾅｵﾓﾄ,ｼｱｹﾞﾀﾞ,台,0
980127,ｱｲﾛﾝﾘﾌﾀｰLB-1500Z(FBZ用),ｱｲﾛﾝﾘ,台,0
980128,ﾎﾞｲﾗｰNBC-1350R　直本　200V,ﾎﾞｲﾗｰ,台,320000
980129,山本ﾄﾞﾗｲ機(D01-16C.59D005)用部品,ﾄﾞﾗｲｷ,個,0
980130,ﾎﾞｲﾗｰ用ﾄﾞﾚﾝﾀﾝｸ一式,ﾄﾞﾚﾝﾀﾝ,ｾｯﾄ,0
980131,ｱｲﾛﾝ台袖馬,ｱｲﾛﾝﾀﾞ,個,0
980132,ｵｰﾘﾝｸﾞG-370(ﾊﾞｲﾄﾝ仕様)ﾄﾞﾗｲ機ﾀﾝｸ用,ｵｰﾘﾝｸﾞ,本,0
980133,遮熱板(ｱｲﾛﾝHYS-410P),ｼｬﾈﾂﾊﾞ,枚,1760
980134,ｱｲﾛﾝ台URﾏｯﾄ(120ﾀｲﾌﾟ),ｱｲﾛﾝﾏ,枚,7370
980135,ｱｲﾛﾝ台ｽｺｯﾄﾌｨﾙﾀｰ(120ﾀｲﾌﾟ),ｱｲﾛﾝﾀﾞ,枚,3190
980136,ｱｲﾛﾝ台用不織布(1200ﾀｲﾌﾟ),ｱｲﾛﾝﾀﾞ,枚,2420
980137,ｱｲﾛﾝﾎｰｽ吊りﾊﾞﾈ,ｱｲﾛﾝﾂﾘ,個,0
980138,軟水機．薬注機．煙突一式,ﾅﾝｽｲﾔｸ,一式,0
980139,ｱｲﾛﾝﾘﾌﾀｰ(LB-1200)FB･FBM-DL　直本,ｱｲﾛﾝﾘ,ｾｯﾄ,0
980140,ｺｰﾄﾞ吊りﾊﾞﾈ皮付(ﾅｵﾓﾄ),ｺｰﾄﾞﾂﾘ,個,450
980141,ﾊﾞﾎﾟﾚﾗｱｲﾛﾝ台ｶﾊﾞｰ,ｱｲﾛﾝｶ,枚,0
980142,ｽﾁｰﾑｱｲﾛﾝﾎｰｽ(Sｰ6DL用),ｱｲﾛﾝﾎｰ,ﾎﾝ,7500
980143,冷却機用熱交換器(KK-750C-A53),ﾈﾂｺｳｶﾝ,台,0
980144,ｱｲﾛﾝﾌﾟﾚｰﾄ,ｱｲﾛﾝﾌﾟ,枚,0
980145,乾燥機(ｲﾂﾐ.30K)中古,ｶﾝｿｳｷ,台,350000
980146,乾燥機(船戸.35K)中古,ｶﾝｿｳｷ,台,450000
980147,全自動洗濯脱水機WI-220E　東静,ｾﾝﾀｸｷ,台,0
980148,乾燥機　T-225　東静,ｶﾝｿｳｷ,台,0
980149,ﾎﾞｲﾗｰ　SZ-160,ﾎﾞｲﾗｰ,式,0
980150,ｱｲﾛﾝ仕上台FBK-900N　直本,ｼｱｹﾞﾀﾞ,式,177000
980151,ﾄﾞﾗｲ機　山本DI-22S/D,ﾄﾞﾗｲ,台,0
980152,噴霧機　中型(ｸﾗﾏﾀ),ﾌﾝﾑｷ,台,10000
980153,ｱｲﾛﾝ仕上台ﾏｯﾄ(FBK-110SN),ｱｲﾛﾝﾏ,枚,17600
980156,軸受ﾍﾞｱﾘﾝｸﾞ(包装機用),ﾍﾞｱﾘﾝｸ,個,0
980157,ｱｲﾛﾝ用ｷｬｯﾌﾟｵｰﾘﾝｸﾞ(AR-20用),ｵｰﾘﾝｸﾞ,個,150
980158,ｼｰﾂﾛｰﾙｱｲﾛﾅｰﾍﾞﾙﾄ(山本.RM8型),ｼｰﾂﾛ,本,0
980159,ｺﾝﾌﾟﾚｯｻｰTC-65.12(ｵﾘﾝﾎﾟｽ.ﾋﾟｰｽｶﾞﾝ用),ｺﾝﾌﾟﾚ,台,28000
980161,ﾌﾟﾚｽ機ｶﾊﾞｰ(ﾔﾏﾓﾄPCAD-710),ﾌﾟﾚｽｷｶ,枚,0
980162,ﾅｵﾌﾛﾝｴｷｽﾄﾗﾎｰｽ(NA30E),ﾅｵﾌﾛﾝ,本,8700
980166,ｱｲﾛﾝｼｭｰ用ﾊﾟｯｷﾝ,ｱｲﾛﾝｼ,本,1000
980167,ﾌﾟﾚｽ機用送ﾘ出ｼﾍﾞﾙﾄ,ﾌﾟﾚｽｷ,本,0
980169,ｱｲﾛﾝｽｰﾊﾟｰﾎﾟﾝﾌﾟ(PS-2),ｱｲﾛﾝｽ,台,25000
980172,包装機用ﾒｲﾝｽｲｯﾁ(日本ｼｰﾘﾝｸﾞNC-720),ｽｲｯﾁ,個,0
980174,ﾎﾞｲﾗｰ用温水ﾀﾝｸ　給水ﾎﾟﾝﾌﾟ付,ｵﾝｽｲﾀ,個,0
980175,乾燥機用ﾘﾝﾄﾌｨﾙﾀｰ,ｶﾝｿｳｷ,枚,0
980177,ﾎﾞｲﾗ用給水ﾊﾞﾙﾌﾞ2連ｶﾗﾝ,ﾎﾞｲﾗｰ,個,0
980178,ﾎﾞｲﾗｰ用給水ﾊﾞﾙﾌﾞｾｯﾄ,ﾎﾞｲﾗｰﾖ,ｾｯﾄ,0
980179,ｱｲﾛﾝﾊﾟｯｷﾝ　AR-20用,ｱｲﾛﾝ,個,0
980181,ｱｲﾛﾝｵｰﾘﾝｸﾞ(G-45),ｵｰﾘﾝｸﾞ,個,280
980182,ﾌﾟﾚｽ機用上ｺﾞﾃｶﾊﾞｰ　YAC,ﾌﾟﾚｽｷ,ｾｯﾄ,0
980183,変換ﾄﾗﾝｽ(ｹｰｽ付)ｽﾁｰﾑﾌﾞﾗｼ用,ﾄﾗﾝｽ,個,0
980184,万能馬ｶﾊﾞｰ(F-1720),ﾊﾞﾝﾉｳ,枚,3700
980185,ｼｰﾂﾛｰﾗｰ用ｽﾁｰﾑﾄﾗｯﾌﾟ3/4,ｽﾁｰﾑﾄ,個,0
980186,ｼｰﾂﾛｰﾗｰ用ﾕﾆｵﾝ,ﾕﾆｵﾝ,個,0
980187,ｺﾝﾌﾟﾚｯｻｰ用ﾊﾞﾙﾌﾞ(LV6B),ｺﾝﾌﾟﾚ,個,0
980188,ｺﾝﾌﾟﾚｯｻｰ用安全弁(SVB-108),ｺﾝﾌﾟﾚ,個,0
980189,ﾌﾟﾚｽ機用ｼｰﾂﾛｰﾙｰｶﾊﾞｰ,ﾌﾟﾚｽｷ,枚,0
980190,仕上機用袖ｶﾊﾞｰ　KOYO PAFE K-A5,ｼｱｹﾞｷ,個,0
980191,立体包装機用押えｺﾞﾑ(YAC),ﾎｳｿｳｷ,ｾｯﾄ,0
980192,仕上台上ｺﾃｶﾊﾞｰｾｯﾄ(縫込ﾊﾟｯﾄ付),ｼｱｹﾞﾀﾞ,式,0
980193,ﾌﾟﾚｽ機用電磁ﾊﾞﾙﾌﾞ(YST-4231),ﾌﾟﾚｽ,個,0
980194,ﾌﾟﾚｽ機用部品,ﾌﾟﾚｽ,式,0
980195,ﾅｵﾌﾛﾝｴｷｽﾄﾗﾎｰｽ(2.0M),ﾅｵﾌﾛﾝ,本,0
980196,ﾅｵﾌﾛﾝｲﾝﾅｰﾁｭｰﾌﾞ,ｲﾝﾅｰ,本,0
980197,ｺﾝﾌﾟﾚｯｻｰ用逆止弁CV-07D,ｺﾝﾌﾟﾚ,個,0
980198,ｱｲﾛﾝ仕上台用NSｼﾘｺﾝﾏｯﾄ 120ﾀｲﾌﾟ 7ｔ,ｱｲﾛﾝﾏ,枚,17600
980199,ﾎﾞｲﾗｰ付仕上台　JFJ-55 200V 3P 3.1kw,ｼｱｹﾞ,式,0
980200,ｱｲﾛﾝﾘﾌﾀｰLB-1000　ｼﾝｸﾞﾙ,ｱｲﾛﾝﾘ,個,50000
980201,ｼﾘｺﾝﾊﾟｯﾄ　YST-4241　ﾌﾟﾚｽ機用,ﾌﾟﾚｽ,式,0
980202,ﾌﾟﾚｽｶﾊﾞｰｾｯﾄ,ﾌﾟﾚｽ,式,0
980203,ｼﾘｺﾝﾊﾟｯﾄ　YST-4231　ﾌﾟﾚｽ機用,ﾌﾟﾚｽｷ,式,0
980204,ﾀｯｸ押えｶﾊﾞｰ　YST-051,ﾀｯｸｵｻｴ,式,0
980205,ｼﾘｺﾝﾏｯﾄ　YST-4510　ﾌﾟﾚｽ機用,ﾌﾟﾚｽｷ,式,0
980206,ﾊﾟﾝﾂｶﾊﾞｰ　YST-051,ﾊﾟﾝﾂｶ,式,0
980207,ﾌﾘｰﾊﾞｯｸﾞ　5段　W320XH980,ﾌﾘｰﾊﾞｯ,枚,1100
980208,運搬用ﾅｲﾛﾝｶﾊﾞｰ(大)ﾌﾞﾙｰ,ｳﾝﾊﾟﾝﾖ,枚,0
980209,肩腰ﾊﾟﾌｶﾊﾞｰ&ｽﾎﾟﾝｼﾞ,ﾊﾟﾌ,ｾｯﾄ,0
980210,仕上用ﾀﾌｺﾃ　小ﾊﾟｯﾄ,ﾀﾌｺﾃ,個,0
980211,ﾎﾞｲﾗｰ･ｼｱｹﾞ台ｾｯﾄ,ﾎﾞｲﾗｰ,式,0
980212,ｼｰﾙﾃｰﾌﾟ(ﾆﾄﾌﾛﾝ　№973UL-S)10M,ｼｰﾙﾃｰ,個,0
980213,仕上用ﾀﾌｺﾃ　大ﾊﾟｯﾄ,ﾀﾌｺﾃ,個,0
980214,YST-051ﾊﾟﾝﾂﾄｯﾊﾟｰ用電磁弁CKD4KA110-D2,ﾃﾞﾝｼﾞ,個,0
980215,ｿﾆｯｸｼｰﾗｰ　SONAC-37,ｿﾆｯｸ,台,0
980216,ｿﾆｯｸｼｰﾗｰ金具,ｿﾆｯｸ,個,0
980217,ﾌﾟﾚｽ機用ﾎﾞﾃﾞｨﾊﾟｯﾄ(YPS301A)上,ﾌﾟﾚｽｷ,枚,0
980218,ﾌﾟﾚｽ機用ﾎﾞﾃﾞｨﾊﾟｯﾄ(YPS301A)下,ﾌﾟﾚｽｷ,枚,0
980219,ﾌﾟﾚｽ機用ﾎﾞﾃﾞｨｶﾊﾞｰ(YPS301A)上,ﾌﾟﾚｽｷ,枚,0
980220,ﾌﾟﾚｽ機用ｶﾊﾞｰ(YPS301A)下,ﾌﾟﾚｽｷ,枚,0
980221,ﾌﾟﾚｽ機用中敷(YPS301A),ﾌﾟﾚｽｷﾖ,枚,0
980222,ﾌﾟﾚｽ機用ﾊﾟｯﾄ(YPS601A),ﾌﾟﾚｽｷﾖ,枚,0
980223,ﾌﾟﾚｽ機用ｶﾊﾞｰ(YPS601A),ﾌﾟﾚｽｷ,枚,0
980224,ﾌﾟﾚｽ機用CUFFﾊﾟｯﾄ(601A),ﾌﾟﾚｽｷﾖ,枚,0
980225,ﾌﾟﾚｽ機用CUFFｶﾊﾞｰ(YPS601),ﾌﾟﾚｽｷ,枚,0
980226,ｽﾄﾚｰﾅｰ,ｽﾄﾚｰﾅｰ,個,0
980227,乾燥機温風ｻｰﾐｽﾀ,ｶﾝｿｳｷｵﾝﾌﾟｳ,個,0
980228,作業台,ｻｷﾞｮｳﾀﾞｲ,台,0
980229,ﾍﾞﾝﾘｰ,ﾍﾞﾝﾘｰ,台,0
980230,ﾄﾞﾗｲ機(DI-220E)東静　部品,ﾄﾞﾗｲｷｷﾊﾞﾝ,個,0
980231,ﾌﾛﾝ機ﾄﾞｱﾊﾟｯｷﾝ,ﾌﾛﾝｷﾄﾞｱﾊﾟｯ,個,0
980232,ｱｲﾛﾝﾎｰｽ(NA-15T),ｱｲﾛﾝﾎｰｽ(NA,本,0
980233,ﾅｵﾌﾛﾝﾄﾞﾚﾝﾎｰｽ,ﾅｵﾌﾛﾝﾄﾞﾚﾝﾎ,本,0
980234,ﾎﾞｲﾗｰ付仕上台　JFJ-50 200V 3P 3.1kw,ｼｱｹﾞ,式,0
980235,六角ﾚﾝﾁ,ﾛｯｶｸﾚﾝﾁ,個,0
980236,ｱｲﾛﾝ用容器底ﾒｯｼｭﾌｨﾙﾀｰ(PS-2用),ﾒｯｼｭﾌｨ,個,0
980239,脱水機(WI-220)東静　部品,ﾀﾞｯｽｲｷ,個,0
980240,真空ﾊﾟｯｸ機ﾀｹﾉｺ交換,ﾀｹﾉｺ,個,0
980241,真空ﾊﾟｯｸ機ｼﾞﾋﾞﾘﾊﾞﾝﾄﾞ交換,ｼﾞﾋﾞﾘﾊﾞﾝﾄﾞ,個,0
980242,乾燥機用部品,ｶﾝｿｳｷ,式,0
980243,足踏み式消毒液ｽﾀﾝﾄﾞ,ｱｼﾌﾐ,台,0
980244,ﾒｯｾｰｼﾞﾎﾞｰﾄﾞ,,,0
990001,送料(修理),ｿｳﾘｮｳ･ｼﾞ,,0
990002,修理不要返却,ﾍﾝｷｬｸ,台,0
990003,価格調整費,ｶｶｸﾁｮｳｾｲﾋ,,0
990005,送料(郵送),ｿｳﾘｮｳ,,0
990006,代引手数料(他),ﾀﾞｲﾋﾞｷ_ﾀ,式,0
990007,代引手数料(自社),ﾀﾞｲﾋﾞｷ_ｼﾞ,式,0
990008,送料(海外.製品),ｿｳﾘｮｳ,式,0
990010,送料(海外･他),ｿｳﾘｮｳ,式,0
990011,送料(ﾔﾏﾄﾒｰﾙ便),ｿｳﾘｮｳ,個,0
990012,送料(佐川ゆうﾒｰﾙ),ｿｳﾘｮｳ,,0
990013,出張費(自),ｼｭｯﾁ.ｼﾞ,式,0
990015,送料（自）,ｿｳﾘｮｳ･ｾｲﾋﾝ,,0
990016,送料（他）,ｿｳﾘｮｳ･ﾀ,,0
990017,値引き(製),ﾈﾋﾞｷ,,0
990018,出張費(他),ｼｭｯﾁ.ﾀ,式,0
990019,梱包費及送料(自),ｿｳﾘｮｳ.ｾ,式,0
990020,ﾃｰﾌﾞﾙ特注加工費,ﾄｸﾁｭｳ,式,0
990022,移設.設置一式(自),ｲｾﾂ･ｼﾞ,式,0
990023,産廃費用 活性炭,ｻﾝﾊﾟｲ,10L,0
990024,産廃費用　ｶｰﾄﾘｯｼﾞ,ｻﾝﾊﾟｲ,本,0
990026,下取り,ｼﾀﾄﾞﾘ,式,0
990027,産廃費,ｻﾝﾊﾟｲ,式,0
990028,ｱｲﾛﾝﾎｰｽ　2.5M(大阪電機),ｱｲﾛﾝﾎ,本,7000
990029,搬入設置費一式,ﾊﾝﾆｭｳｼ,式,0
990030,配管工事.試運転一式,ﾊｲｶﾝ,式,0
990031,取替工費一式,ﾄﾘｶｴ,式,0
990032,電気工事施工費一式,ﾃﾞﾝｷ,式,0
990033,ｽﾘｯｸ工事工費一式,ｽﾘｯｸ,式,0
990034,ｸﾘｰﾆﾝｸﾞ機材搬出設置一式,ﾊﾝｼｭﾂ,式,0
990035,機械据付工事費,ｽｴﾂｹ,式,0
990036,運送費,ｳﾝｿｳﾋ,式,0
990037,作業車使用料,ｻｷﾞｮｳｼ,式,0
990038,着払い立替料,ﾀﾃｶｴｿｳﾘｮｳ,式,0
990039,取付費,ﾄﾘﾂｹ,式,0
990040,工事部材(他),ｺｳｼﾞ･ﾊ,式,0
990041,廃液処理,ﾊｲｴｷｼｮ,缶,0
990042,試運転調整費一式,ｼｳﾝﾃﾝ,式,0
990043,保守点検料,ﾎｼｭﾃﾝｹ,,0
990045,ｸﾘｽﾀﾙﾊﾞﾘｭｰ活性炭交換,ｶｯｾｲﾀﾝ,C/S,0
990046,ｷｰﾒｲﾄﾏｽｸ,ｷｰﾒｲﾄ,枚,300
990047,交通費（他）,ｺｳﾂ･ﾀ,,0
990048,ﾊﾞｷｭ-ﾑ台廃棄処理,ﾊｲｷ,式,0
990049,講習料,ｺｳｼｭｳ,,0
990051,初期設定費用一式,ｼｮｷｾｯﾃ,一式,0
990052,出張費,ｼｭｯ(ﾀ),式,0
990054,手入台用活性炭交換,ｶｯｾｲﾀﾝ,個,0
990055,定期ﾒﾝﾃﾅﾝｽ点検工費一式,ﾃｲｷ,式,10000
990058,機材一式引取預り,ｱｽﾞｶﾘ,式,0
990059,空缶処分,ｶﾝ,缶,500
990060,空缶回収産廃費,ｶﾝ,一式,0
990061,ｶｰﾄﾘｯｼﾞﾌｨﾙﾀｰSK-300R*化粧(共立),ｶｰﾄﾘｯｼ,本,0
990062,白鷲ｴﾚﾒﾝﾄ　ｶｰﾄﾘｯｼﾞ　DC-340,ｶｰﾄﾘｯｼ,本,0
990065,海上運賃&CFSﾁｬｰｼﾞ,ｶｲｼﾞｮｳ,,0
990066,船積料,ﾌﾅｽﾞﾐ,,0
990067,輸出通関料,ﾕｼｭﾂ,,0
990068,保険料,ﾎｹﾝ,,0
990069,輸出取扱手数料,ﾃｽｳﾘｮｳ,,0
990070,輸出書類作成料,ｼｮﾙｲ,,0
990071,関税,ｶﾝｾﾞｲ,,0
990072,駐車料,ﾁｭｳｼｬ,,0
990073,分析検査料,ﾌﾞﾝｾｷｹ,式,0
990074,値引き(他),ﾈﾋﾞｷ･ﾀ,,0
990075,移設.設置一式,ｲｾﾂ･ﾀｼｬ,,0
990076,値引き,ﾈﾋﾞｷ,,0
990077,施行代金,ｾｺｳ,式,0
990078,配送料金,ﾊｲｿｳ,式,0
990079,衣裳お直し,ｲｼｮｳｵﾅｵｼ,式,0
990080,ｶｰﾄﾘｯｼﾞﾌｨﾙﾀｰDCE-470交換,ｶｰﾄﾘ,本,0
990081,ｶｰﾄﾘｯｼﾞﾌｨﾙﾀｰD-340交換,ｶｰﾄﾘ,本,0
990082,物損事故(自),ﾌﾞｯｿﾝ,,0
990083,物損事故(他),ﾌﾞｯｿﾝ,,0
990084,ｽﾍﾟｰｽ費用,ｽﾍﾟｰｽﾋﾖｳ,式,0
990085,転送発送,ﾃﾝｿｳﾊｯｿｳ,式,0
990086,付帯設備費手当,ﾌﾀｲｾﾂﾋﾞ,,0
990087,ﾘｰｽ代金,ﾘｰｽ,,0
990088,おひろげ費用,ｵﾋﾛｹﾞ,式,0
990089,設備賃貸料,ｾﾂﾋﾞ,,0
10000002,修理　仕入れ,$ｼｭｳﾘ,,0
10110001,ｳﾚﾀﾝﾁｭｰﾌﾞ　3X5+5X7　透明,$ｳﾚﾀﾝﾁ,ｍ,0
10110002,ｲﾝﾀｰ　ﾀﾞｲｵｰﾄﾞ　30GFB60　(福研),$ｲﾝﾀｰ,,0
10110003,NKK　SB-61A     岡本,$SB61A,PCS,0
10110004,Ｏﾘﾝｸﾞ　Pｰ9　ﾊﾞｲﾄﾝ,$Oﾘﾝｸﾞ,,0
10110005,ﾊﾞｲﾄﾝ丸紐　8π,$ﾊﾞｲﾄﾝ,ｍ,0
10110006,ﾎﾞﾋﾞﾝ  60X25  66N･G入り  (小林電機),$ﾎﾞﾋﾞﾝ,個,0
10110007,SUS304 ｽﾃﾝﾚｽﾎﾞｰﾙ 6.0 上級　(KIｵﾓﾘ用),$SUS,P,0
10110008,Ｅ型ｺｱｰ(E-60)　20kgx7,$Eｶﾞﾀ,kg,0
10110009,1IMW-SN 0.50ﾐﾘ M PT-25(時価)(倉茂),$1IMW,kg,0
10110010,SB61A(岡本無線→ﾆｯｺｰ電機へ23/12/19）,$SB,P,0
10110011,DS059S00ｱｶ,$DS059,P,0
10120001,"ﾏｸﾞﾈｯﾄﾌﾟﾚｰﾄ,板ﾊﾞﾈ/ｾｯﾄ(KI板ﾊﾞﾈﾌﾟﾚｰﾄ)",$ﾏｸﾞﾈｯ,ｾｯﾄ,0
10120002,KIﾎﾟﾝﾌﾟﾊｳｼﾞﾝｸﾞ青　(新木),$KI,個,0
10120003,ｽﾌﾟﾚｰｶﾞﾝ青(KIｶﾞﾝ用ﾊﾝﾄﾞﾙ)　(新木),$ｽﾌﾟﾚｰ,個,0
10120012,可動鉄芯心棒　(野村),$ｶﾄﾞｳﾃ,ケ,0
10120017,ﾎﾟﾝﾌﾟSP 1.2X10.5X32X12 (1001ｹｰ@38),$ﾎﾟﾝﾌﾟ,ケ,0
10120019,KIﾎﾞﾄﾙ型中枠　KI-B(津田紙工),$KIB,,0
10120023,Ｉ型コア　Ａ,$Iｶﾞﾀ,枚,0
10120026,可動鉄心心棒 10X8X78(溝穴付ｽﾋﾟﾙ),$ｽﾋﾟﾙ,P,0
10120028,K･Iｸﾘｰﾆﾝｸﾞｽﾌﾟﾚｰ取扱説明書 (一部変更),$ﾄﾘｱﾂｶ,枚,0
10120029,ｼﾖｯｸ止ｺﾞﾑ(ｳﾚﾀﾝ80°)5tX10.5X25.3,$ｼｮｯｸ,,0
10120030,ｼｮｯｸ止め受金具  (KI),$ｼｮｯｸ,,0
10120031,ﾘｰﾄﾞｽﾌﾟﾘﾝｸﾞ (KI)0.8φX10φX14φX54蜜,$ﾘｰﾄﾞｽ,,0
10120033,受け板,$ｳｹｲﾀ,個,0
10120037,KIﾎﾞﾄﾙ　　　　(吉村ﾌﾟﾗｽﾁｯｸ),$KIﾎﾞﾄ,,0
10120042,ｼｮｯｸ止ｺﾞﾑ硬度80'黒ﾊﾞｲﾄﾝ 5tX25.3X10.5,$ｼｮｯｸ,個,0
10120046,ｼｰﾙ  KIｰ30  1000枚ﾛｯﾄ   (水野),$ｼｰﾙ,ﾛｯﾄ,0
10120047,KIﾊﾞｯﾌｧSP　2.0πX16.5X21X5.5巻,$ﾊﾞｯﾌｧ,,0
10120048,ﾎﾟﾝﾌﾟSP SUS 1.2X10.6X33X13.5/lot100,$ﾎﾟﾝﾌﾟ,ケ,0
10120049,KI  LS用　A式ｹｰｽ　343X268X85,$Aｼｷ,枚,0
10120050,KI用ﾌｯｸ　SUS2.3Φ×32.2×38.7,$KI,,0
10210001,ﾏｯｸｴｲﾄ　CA-1-2,$CA,,0
10210003,Ｏﾘﾝｸﾞ　Ｐー８　ﾊﾞｲﾄﾝ,$ｵｰﾘﾝｸ,個,0
10210004,VCTF　0.75X2C　P付　　@時価,$VCTF0,本,0
10210005,ｳﾚﾀﾝﾁｭｰﾌﾞ　3X5　(ﾔﾏﾌﾟﾗ),$ｳﾚﾀﾝﾁ,ｍ,0
10210006,六角棒ﾚﾝﾁ　2.5,$ﾛｯｶｸﾎ,P,0
10210007,ﾊﾞｲﾄﾝ丸紐　10π,$ﾊﾞｲﾄﾝ,ｍ,0
10210008,DS-0003　R　ﾆｯｺｰ,$ｽｲｯﾁ,個,0
10210011,TC-50 EXﾄﾞﾚﾝﾎﾞﾄﾙ(ﾄﾝｶﾞﾘC･先紐･穴明ﾊﾟｯ,$TC50,ｾｯﾄ,0
10210014,ｼﾞｭﾗｺﾝ丸棒　20πX1ｍ,$ｼﾞｭﾗｺ,,0
10210015,ｲﾝｻｰﾄﾋﾞｯﾄ　SL-M3-4.0　　　(近江化工),$ｲﾝｻｰﾄ,,0
10210016,ﾐﾔﾏ　ADSｰ003　ﾎﾞﾀﾝ･ﾅｯﾄ･ﾜｯｼｬｰなし,$ADS,,0
10210018,ｳｽﾏﾙﾘﾍﾞｯﾄ　φ4X25.5L,$ｳｽﾏﾙ,P,0
10210019,ｳｽﾏﾙﾘﾍﾞｯﾄ　φ4X12L,$ｳｽﾏﾙ,P,0
10210025,倉茂1IMW-SN 0.4mm MPT-25 @時価/福研,$ﾏｷｾﾝ,kg,0
10210026,ｾﾙﾊﾞ　#51 ﾗｯｶｰｼﾝﾅｰ　4㍑　(又四郎),$ﾗｯｶｰ,缶,0
10210027,ﾆｯﾄｰﾙ N-239  4kg入　　 (江守),$ﾆｯﾄｰﾙ,缶,0
10210028,六角棒ﾚﾝﾁ　3.0,$ﾛｯｶｸ,P,0
10210029,SUS　ﾄｶﾞﾘ先ﾎｰﾛｰ　M6x8　P=1.0,$SUS,P,0
10210030,SUS303　ｾﾝﾀﾚｽ丸棒　4m/m　2.1m,$SUS,本,0
10210031,SUS303　六角棒切り　10Hx1000,$SUS,P,0
10210032,真鍮六角棒　10Hｘ1000,$ｼﾝﾁｭｳ,P,0
10210033,真鍮六角棒　13Hｘ1000,$ｼﾝﾁｭｳ,P,0
10210034,真鍮六角棒　14Hx1000,$ｼﾝﾁｭｳ,P,0
10210035,真鍮丸棒　10φX4000,$ｼﾝﾁｭｳ,P,0
10210036,真鍮丸棒　12φX4000,$ｼﾝﾁｭｳ,P,0
10210037,真鍮丸棒　20φX4000,$ｼﾝﾁｭｳ,P,0
10210038,真鍮六角棒　10Hx4000,$ｼﾝﾁｭｳ,P,0
10210039,真鍮六角棒　12Hx4.M(2500→4000に),$ｼﾝﾁｭｳ,P,0
10210040,真鍮六角棒　14Hx4000,$ｼﾝﾁｭｳ,P,0
10210041,真鍮丸棒　縦目ﾛｰﾚｯﾄ加工　14φX2000,$ｼﾝﾁｭｳ,P,0
10210042,SUS303　丸　引抜　12m/m L,$SUS,kg,0
10210043,SUS303　丸　引抜　10φX4000（3→4へ,$SUS,P,0
10210044,SUS303　丸　引抜　8φX3000→4M,$SUS,P,0
10210045,真鍮丸棒　縦目ﾛｰﾚｯﾄ加工　20φX4000,$ｼﾝﾁｭｳ,P,0
10210046,真鍮六角棒　17Hx1000,$ｼﾝﾁｭｳ,P,0
10210047,真鍮六角棒　19Hx1000,$ｼﾝﾁｭｳ,P,0
10210048,真鍮丸ﾊﾟｲﾌﾟ　4X1.0X1000,$ｼﾝﾁｭｳ,P,0
10210049,真鍮丸　8.0X2000,$ｼﾝﾁｭｳ,P,0
10210050,SUS304　BAﾊﾟｲﾌﾟ　4X1.0X2000,$SUS,P,0
10210051,真鍮丸ﾊﾟｲﾌﾟ　4X1.0X2500,$ｼﾝﾁｭｳ,P,0
10210052,真鍮丸棒　11φX1000,$ｼﾝﾁｭｳ,P,0
10210053,真鍮六角棒　17Hx4000,$ｼﾝﾁｭｳ,P,0
10210054,SUS303 丸 引抜 14m/m L    4m(14φx30,$SUS,kg,0
10210055,真鍮丸棒　14φX1000,$ｼﾝﾁｭｳ,P,0
10210056,ﾊﾞｲﾄﾝ丸紐　5φ,$ﾊﾞｲﾄﾝ,ｍ,0
10210057,SUS303　六角棒10M/M4.1m→10H×3000→,$SUS,kg,0
10210058,真鍮丸棒　11ФX4000,$ｼﾝﾁｭｳ,P,0
10210059,真鍮丸　25.0X4000,$ｼﾝﾁｭｳ,P,0
10210060,SUS304　ｾﾝﾀﾚｽ丸棒4m/m　　2.0M(24/4,$SUS,kg,0
10210061,黄銅管　15πX3X5m(10P-@9130/P),$ｵｳﾄﾞｳ,P,0
10210062,BC-6　丸棒　10πX1000,$BC-6,P,0
10210063,SUS303　六角棒　12m/m　4.1m,$SUS,kg,0
10210064,真鍮丸棒 ｱﾔﾒﾛｰﾚｯﾄ加工 16φX2000,$ｼﾝﾁｭｳ,P,0
10210065,真鍮丸棒 ｱﾔﾒﾛｰﾚｯﾄ加工 9φX2000,$ｼﾝﾁｭｳ,P,0
10210066,BC-6　丸棒　12φX2000,$BC-6,P,0
10210067,BC-6　丸棒　10φX2000,$BC-6,P,0
10210068,真鍮丸　4.0X2000,$ｼﾝﾁｭｳ,P,0
10210069,真鍮丸　6.0X2000,$ｼﾝﾁｭｳ,P,0
10210070,真鍮丸　5.0X2000,$ｼﾝﾁｭｳ,P,0
10210071,真鍮丸棒　縦目ﾛｰﾚｯﾄ加工　20φX2000,$ｼﾝﾁｭｳ,P,0
10210072,真鍮丸棒　縦目ﾛｰﾚｯﾄ加工　11φX2000,$ｼﾝﾁｭｳ,P,0
10210073,SUS303　引抜き丸棒　6φX3000　6M/M,$SUS,P,0
10210074,SUS303　丸　引抜き　22m/m　L,$SUS,P,0
10210075,真鍮丸　15.0x4000,$ｼﾝﾁｭｳ,P,0
10210076,SUS303　引抜き　12φX3000,$SUS,P,0
10210077,黄銅縦目ﾛｰﾚｯﾄ14φx2.0ｍ→11φ×2000,$ｵｳﾄﾞｳ,P,0
10210078,真鍮六角棒　19Hx2000,$ｼﾝﾁｭｳ,P,0
10210079,真鍮丸　22.0X4000,$ｼﾝﾁｭｳ,P,0
10210081,SUS303　六角棒　14m/m　4.1M→3000,$SUS,kg,0
10210082,SUS303　ｾﾝﾀﾚｽ丸棒　3m/m　2.1ｍ,$SUS,P,0
10210083,SUS303 ｾﾝﾀﾚｽ丸棒 12m/m(@1160/kg),$SUS,P,0
10210084,真鍮丸　11.0X2000,$ｼﾝﾁｭｳ,P,0
10210085,真鍮丸棒　ｱﾔﾒﾛｰﾚｯﾄ　16φX4000,$ｼﾝﾁｭｳ,本,0
10210086,SUS303　丸引抜　10M/M　3.0M→4M,$SUS,P,0
10210087,SUS303　丸引抜　4M/M（4.0Φ）2.0ML,$SUS,P,0
10210088,真鍮丸棒　22Φ×2000,$ｼﾝﾁｭｳ,本,0
10210089,SUS303　引抜丸棒　12Φ×4000,$SUS,,0
10210090,みがき丸鋼SS400　2.0M　1Kg/458→453,$ﾐｶﾞｷ,,0
10210091,真鍮丸棒　縦目ﾛｰﾚｯﾄ14Φ×2.5M→4.0M,$ｼﾝﾁｭｳ,,0
10210092,ﾘｰﾄﾞｺﾞﾑ(EPｺﾞﾑ)Ex043,$ﾘｰﾄﾞ,,0
10210095,SUS304　丸引抜　10M/M,$SUS,,0
10210096,真鍮　六角棒　19H×4.0M,$ｼﾝﾁｭｳ,,0
10210097,真鍮丸棒　ｱﾔﾒﾛｰﾚｯﾄ14Φ×2.0M,$ｼﾝﾁｭｳ,,0
10210098,SUS303　引抜丸棒　5Φ×2000,$SUS,P,0
10220001,ｼｰﾙ　LSVｰ20,$ｼｰﾙ,枚,0
10220002,ｼｰﾙ　BLｰ20,$ｼｰﾙ,枚,0
10220003,ｼｰﾙ　VHｰ20,$ｼｰﾙ,枚,0
10220004,ｼｮｯｸ止ｺﾞﾑ 3(3.1)tX10X24(ｳﾚﾀﾝ80')ｳｨﾌﾞ,$ｼｮｯｸﾄ,個,0
10220005,EXｶﾞﾝﾎﾟﾝﾌﾟﾊｳｼﾞﾝｸﾞｸﾞﾚｰ(ｲﾝｻｰﾄ支給)500ｺ,$EXｶﾞﾝ,個,0
10220006,EXｶﾞﾝ　LSV型　ﾊﾞﾙﾌﾞｹｰｼﾝｸﾞ,$EXｶﾞﾝ,ｾｯﾄ,0
10220007,ﾗﾛｰｻﾞ(大)EX･BL型化粧箱(＠/1000未満),$ﾗﾛｰｻﾞ,ヶ,0
10220008,ｴｷｽﾊﾟｰﾄＢＬ型中枠　上下　　(津田),$ｴｷｽﾊﾟ,,0
10220009,ﾗﾛｰｻﾞ(小) VH、LSV用化粧箱･ﾌﾀ,$ﾗﾛｰｻﾞ,枚,0
10220010,ｴｷｽﾊﾟｰﾄﾎｰｽ型中枠　上下　(底切型),$ｴｷｽﾊﾟ,,0
10220023,ｼｰﾙ　屋内用　50/60HZ　(1000枚),$ｼｰﾙ,,0
10220027,Ｅ型ﾏｸﾞﾈｯﾄ　青･黄小　(内製化),$Eｶﾞﾀﾏ,個,0
10220028,Ｅ型ﾏｸﾞﾈｯﾄ　赤小　(内製化),$Eｶﾞﾀﾏ,個,0
10220030,EXｶﾞﾝ　VH型　ﾊﾞﾙﾌﾞｹｰｼﾝｸﾞ,$EXｶﾞﾝ,ｾｯﾄ,0
10220032,平行ﾋﾟﾝ　4πX48.5L　(野村),$ﾍｲｺｳ,ケ,0
10220033,EXﾏｸﾞﾈｯﾄﾌﾟﾚｰﾄ (ｾｯﾄ),$EXﾏｸﾞ,ｾｯﾄ,0
10220034,EXﾏｸﾞﾈｯﾄﾌﾟﾚｰﾄ(板ﾊﾞﾈのみ)EX030,$EXﾏｸﾞ,ケ,0
10220035,EXﾏｸﾞﾈｯﾄﾌﾟﾚｰﾄ(受板のみ)EX031,$EXﾏｸﾞ,ケ,0
10220037,EX  BL用ﾎﾞﾄﾙ　(1000個/ﾛｯﾄ),$EXBL,ﾛｯﾄ,0
10220045,EXｶﾞﾝﾊﾝﾄﾞﾙ(本体)　青,$EX,個,0
10220046,EXｶﾞﾝﾊﾝﾄﾞﾙ(本体)　ｸﾞﾚｰ,$EX,個,0
10220047,ｼｮｯｸ止め金具　(EX033,$ｼｮｯｸﾄ,ケ,0
10220048,ｺｰﾄﾞｽﾄｯﾊﾟｰ  (EXｶﾞﾝ用),$ｺｰﾄﾞｽ,個,0
10220049,コロ(EX)のみ,$ｺﾛ,,0
10220050,ﾊﾞｯﾌｧSP　1.2X12X16X4.5　(1001ｹｰ@30),$ﾊﾞｯﾌｧ,,0
10220051,ﾗﾛｰｻﾞ(EXｶﾞﾝ)取扱説明書,$ﾄﾘｱﾂｶ,枚,0
10220052,ｼｰﾙ  BLｰ10,$ｼｰﾙ,枚,0
10220053,ｼｰﾙ  LSVｰ10,$ｼｰﾙ,枚,0
10220055,ﾌｯｸ　SUS2.3φ*53.6*41.8EC-065/Z-029,$ﾌｯｸ,,0
10220056,EXｶﾞﾝ  ﾊﾞﾙﾌﾞｹｰｼﾝｸﾞｶﾗｰ,$EXﾊﾞﾙ,ケ,0
10220057,Ｅ型ﾏｸﾞﾈｯﾄ　赤黄　小,$Eｶﾞﾀ,ケ,0
10220058,EX　ｽｲｯﾁ取付ﾌﾟﾚｰﾄ　(EX-054),$ｽｲｯﾁ,枚,0
10220059,超硬ﾋﾟﾝ ｾﾝﾀｰﾚｽ 4φ(+0-0.003)x39L,$ﾁｮｳｺｳ,,0
10220060,ｽﾄｯﾌﾟﾊﾞﾙﾌﾞﾋﾟｽﾄﾝ　　(野村),$ｽﾄｯﾌﾟ,ケ,0
10220061,"EXﾊﾞｯﾌｧ(ﾂﾏﾐ,ｽｸﾘｭｰ,ｶﾗｰ3点)(野村･ｻｻｷ)",$EXﾊﾞｯ,ｾｯﾄ,0
10220062,ﾗﾛｰｻﾞ(小) VH、LSV用化粧箱･身,$ﾗﾛｰｻﾞ,枚,0
10220063,ｼｰﾙ　60Hz,$ｼｰﾙ,枚,0
10220064,ｼｰﾙ　50Hz,$ｼｰﾙ,枚,0
10220066,EXｶﾞﾝ  VH型  (ﾊﾞﾙﾌﾞｹｰｼﾝｸﾞｶﾗｰなし),$EXｶﾞﾝ,ｾｯﾄ,0
10220067,"EX  ﾊﾞﾙﾌﾞSP (1000ｹ@25,2000ｹ@20)",$EXﾊﾞﾙ,ケ,0
10220068,ｼｰﾙ  220V  25W  (ﾛｯﾄ 1000枚),$ｼｰﾙ,枚,0
10220070,EX　ﾋﾟｽﾄﾝﾍｯﾄﾞB　　(新木),$EXﾋﾟｽ,ｹ,0
10220071,"EXﾊﾞｯﾌｧ(ｽｸﾘｭｰ,ﾈｼﾞｶﾗｰ2点ｾｯﾄ)　野村",$EXﾊﾞｯ,ｾｯﾄ,0
10220073,旧ﾊﾞﾙﾌﾞｺｰﾝ  (EXｶﾞﾝ 20型用),$ﾊﾞﾙﾌﾞ,個,0
10220074,EX用ｼｮｯｸ止ｺﾞﾑEX034-F (ﾊﾞｲﾄﾝ80°),$ｼｮｯｸ,,0
10220075,EXｶﾞﾝ用ﾛﾝｸﾞﾉｽﾞﾙ(特注),$EXﾛﾝｸ,本,0
10220076,ｼｰﾙ  220V 50/60Hz (1000枚ﾛｯﾄ),$ｼｰﾙ,枚,0
10220077,可動鉄芯(EX)　　(山内),$ｶﾄﾞｳ,,0
10220078,EX鉄芯ﾊｽﾞﾚ(EX031-02)防止板(1000ｹｰ@55,$EXﾃﾂ,,0
10220079,ｺｲﾙﾎﾞﾋﾞﾝ(EX)　　　(近江化工),$ｺｲﾙ,,0
10220080,EXﾊﾞｯﾌｧﾂﾏﾐ(真鍮3点ｾｯﾄ)　在庫引取価格,$EXﾊﾞｯ,ケ,0
10220081,EXﾊﾞｯﾌｧﾈｼﾞｶﾗｰ　EX036-02(真鍮3点ｾｯﾄ),$EXﾊﾞｯ,ケ,0
10220082,EXﾋﾟｽﾄﾝﾍｯﾄﾞ　SUS(野村/在庫引取価格),$EXﾋﾟｽ,ケ,0
10220083,EXｽﾄｯﾌﾟﾊﾞﾙﾌﾞﾋﾟｽﾄﾝ　6φ,$EXｽﾄｯ,ケ,0
10220084,EXｽﾄｯﾌﾟﾊﾞﾙﾌﾞﾋﾟｽﾄﾝ　3φ,$EXｽﾄｯ,ケ,0
10220085,EXｽﾄｯﾌﾟﾊﾞﾙﾌﾞﾋﾟｽﾄﾝ　NO.2(真中立目),$EXｽﾄｯ,ケ,0
10220086,EXｶﾞﾝﾎﾟﾝﾌﾟﾊｳｼﾞﾝｸﾞ青(ｲﾝｻｰﾄ支給)LOT300,$EXｶﾞﾝ,個,0
10220087,ｽﾌﾟﾚｰｶﾞﾝ用台紙(LSV･VH中枠)　　三星,$ｽﾌﾟﾚｰ,枚,0
10220088,VH-LSV用化粧箱(ﾗﾛｰｻﾞ　小)　津田紙工,$VH-L,,0
10220089,KI-B　中枠(津田紙工),$KI-B,,0
10230001,SUS　ﾎｰﾛｰｾｯﾄ　5X8,$SUS,P,0
10230002,SUS　ﾋﾗW　8,$SUS,P,0
10230003,SUS　丸座(平ﾜｯｼｬｰ)　8,$SUS,P,0
10310004,ｼﾞｭﾗｺﾝ丸棒　30πX1m,$ｼﾞｭﾗｺ,本,0
10310005,ｼﾞｭﾗｺﾝ丸棒　22.5πX1m,$ｼﾞｭﾗｺ,本,0
10310013,ﾃﾌﾛﾝﾊﾟｯｷﾝ　1tX9X6,$ﾃﾌﾛﾝﾊ,,0
10310015,ﾌｼﾞｿｸ ﾄﾘｶﾞｰｽｲｯﾁ SGE115 CDYｰ1 ﾛｯｸﾅｼ,$ﾌｼﾞｿｸ,個,0
10310017,真鍮丸 25.0X2000,$ｼﾝﾁｭｳ,P,0
10310019,ﾊﾞｲﾄﾝ丸紐   4π,$ﾊﾞｲﾄﾝ,ｍ,0
10310021,ｳﾚﾀﾝﾎｰｽ(ｸﾘｱ)4X2.5 100M(ﾔﾏﾌﾟﾗ→吉岡,$ｳﾚﾀﾝ,ｍ,0
10330001,SUS　ﾄﾗｽﾋﾞｽ　4X5,$SUS,P,0
10330002,SUS　ｻﾗﾋﾞｽ　3X10,$SUS,P,0
10330003,SUS　ﾎｰﾛｰ　4X4,$SUS,P,0
10330004,SUS　ﾎｰﾛｰ　3X4,$SUS,P,0
10330005,SUS ﾄﾗｽﾋﾞｽ 3X8,$SUS,P,0
10330006,SUS ﾅﾍﾞﾀｯﾋﾟﾝｸﾞ 4X16,$SUS,P,0
10330007,SUS ﾅﾍﾞﾀｯﾋﾟﾝｸﾞ 3X10,$SUS,P,0
10330008,SUS ﾏﾙｻﾗﾋﾞｽ 4X8,$SUS,P,0
10510000,SUS303　六角棒　8H/4.1M,$SUS,Kg,0
10510001,SUS304　ｾﾝﾀﾚｽ丸棒　3M/M　2.0M,$SUS,,0
10510002,倉茂巻線1IMW-SN　0.38㎜M-PT-25,$ｸﾗ,式,0
10510003,ｷｬｯﾌﾟｼｰﾙ7内径用　CAP-7BI-3(みやもり,$ｷｬｯﾌﾟ,,0
10510004,PTFE押出ﾛｯﾄﾞMRF-100　5Φ×1000,$PTFE,,0
10510005,PTFE押出ﾛｯﾄﾞMRF-100　8Φ×1000,$PTFE,,0
10510006,HSGﾎﾟﾝﾌﾟﾊｳｼﾞﾝｸﾞ本体(山田ﾀﾞｲｷｬｽﾄ,$HSG,,0
10510007,HSG可動鉄芯固定軸板L・R(山田ﾀﾞｲｷｬｽﾄ,$HSG,,0
10510008,HSGﾉｽﾞﾙｸﾘｯﾌﾟSUS0.6Φ×7.7外　EC-008,$HSG,,0
10510009,HBｶﾞﾝﾌｯｸ　HSG-060SUS2.3Φ　Z-064,$HB,,0
10510010,ﾊﾞﾙﾌﾞｽﾌﾟﾘﾝｸﾞ EC-021/Z-005-2 SUS0.3Φ,$ﾊﾞﾙﾌﾞ,,0
10510011,ｵｲﾚｽ　ﾌﾞｯｼｭ　LFB-0303,$ｵｲﾚｽ,,0
10510012,SUS　SW(ｽﾌﾟﾘﾝｸﾞﾜｯｼｬｰ)　3.5,$SUS,,0
10510013,SUS　丸座(平ﾜｯｼｬｰ)　3.5,$SUS,P,0
10510014,SUS　ﾅﾍﾞﾋﾞｽ　3.5×35,$SUS,,0
10510015,SUS　ﾅﾍﾞﾋﾞｽ　3×35,$SUS,,0
10510016,HSG電源ｺｰﾄﾞﾘｰﾄﾞｺﾞﾑ（EPDMｺﾞﾑ）,$HSG,,0
10510017,HSGﾊﾞｯﾌｧｺﾞﾑEC-053(ﾊﾞｲﾄﾝｺﾞﾑ),$HSG,,0
10510018,HSGﾏｸﾞﾈｯﾄｺｱE型　EC-029,$HSG,個,0
10510019,ﾒｯｷ　ﾅﾍﾞﾋﾞｽ(+)　3×30,$ﾒｯｷ,,0
10510020,ｽｰﾊﾟｰ柔軟ﾌｯ素ﾎｰｽE-SJ-2　2×4,$ｽｰ,m,0
10510021,Oﾘﾝｸﾞ　4.75×1.27(ﾊﾞｲﾄﾝ),$O,,0
10510022,SMC　VDW12KC×18　110V(吉岡,$SMC,,0
10510023,Oﾘﾝｸﾞ　4.8×1.0(ﾊﾞｲﾄﾝ),$Oﾘﾝｸﾞ,,0
10510024,真鍮丸棒　縦目ﾛｰﾚｯﾄ12Φ×4.0M,$ｼﾝﾁｭｳ,,0
10510025,SMC　VDW12KZ1B×18　AC220V,$SMC,,0
10510027,SMC　電磁弁　VDW12KB×18　100V,$SMC,,0
10510028,ﾋﾟｽｺ　ｴﾙﾎﾞﾐﾆ　PL 6-M5M,$ﾋﾟｽｺ,,0
10510029,Oﾘﾝｸﾞ　P7(NBR70),*O,,0
10510030,Oﾘﾝｸﾞ　P-6(ﾊﾞｲﾄﾝ),$O,,0
10510031,SMC　ﾒﾝﾃﾅﾝｽｷｯﾄVDW12KBG-KT2,$SMC,P,0
10510032,SMC電磁弁 VDW12KDX18 200V,$SMC,Ｐ,0
10510033,SUS　ﾅﾍﾞﾋﾞｽ　3×32,$SUS,P,0
10510034,ﾃﾌﾛﾝﾁｭｰﾌﾞ(PTFE)　ф2×ф4,$ﾃﾌ,m,0
10510035,SMC電磁弁VDW12KB×18 200V,$SMC,P,0
10510036,Oﾘﾝｸﾞ P-6(ﾊﾞｲﾄﾝ70),$O,,0
10520000,ECORZA函(4C)③　増田紙器,$ﾀﾞﾝ,,0
10520001,ECORZA　PSEｼｰﾙ　8.5×27(1R),$ｼｰﾙ,,0
10520002,ECORZAｼｰﾙ　34×39　ﾗﾐ加工　水色,$ｼｰﾙ,,0
10520003,HSG可動鉄心組　EC-039(山内,$HSG,ｾｯﾄ,0
10520004,HSGﾎﾟﾝﾌﾟﾊｳｼﾞﾝｸﾞ本体EC-023/Z-006,$ﾊｳ,,0
10520005,HSG可動鉄心固定板L EC-040/Z-010,$HSG,,0
10520006,HSG可動鉄心固定板R　EC-041/Z-011,$HSG,,0
10520007,HSGﾎﾟﾝﾌﾟﾊｳｼﾞﾝｸﾞ　EC-010,$ﾎﾟﾝﾌﾟ,,0
10520008,ECORZAﾎﾟﾝﾌﾟｼｰﾙｱﾀﾞﾌﾟﾀ(野村),$ECOR,,0
10520009,HSGﾎﾟﾝﾌﾟｼｰﾙﾄﾞｷｬｯﾌﾟ(野村),$HSG,,0
10520010,HSGﾌﾟﾗﾝｼﾞｬーﾋﾟｽﾄﾝﾍｯﾄﾞ　EC-016/Z-003-,$HSG,,0
10520011,ｺﾝﾄﾛｰﾙﾉﾌﾞｽｸﾘｭｰ　EC-043(野村),$ｺﾝ,,0
10520012,HSGｺﾝﾄﾛｰﾙﾉﾌﾞﾂﾏﾐ　EC-045/Z-013-3,$ｺﾝﾄ,ヶ,0
10520013,ｺﾝﾄﾛｰﾙﾉﾌﾞﾈｼﾞｶﾗｰ　EC-044/Z-013-2,$ｺﾝ,,0
10520014,HSGﾎﾟﾝﾌﾟｽﾌﾟﾘﾝｸﾞ1.2Φ×12.1内×26L,$ﾎﾟﾝﾌﾟ,,0
10520015,ECORZAｻｸｼｮﾝｽﾌﾟﾘﾝｸﾞ　EC-063,$ECORZA,,0
10520016,ｺﾝﾄﾛｰﾙﾉﾌﾞｽﾌﾟﾘﾝｸﾞEC-046,$ｺﾝﾄ,,0
10520017,×Φ3×24.5切断加工(ｱｲｹｲｵｰ)使用×,$3 ,,0
10520018,Φ3ﾌﾟﾗﾝｼﾞｬー研磨加工ф7×ф3×L12.5,$ﾌﾟﾗﾝ,,0
10520019,ECORZAﾎﾟﾝﾌﾟｽﾌﾟﾘﾝｸﾞEC-017SUS304,$ﾎﾟﾝﾌﾟ,,0
10520020,ECORZA　ｶﾞﾝｹｰｽL　緑　近江化工,$ECORZA,,0
10520021,ECORZA　ｶﾞﾝｹｰｽ　R　緑　近江化工,$ECORZA,,0
10520022,ECORZA　ｺｰﾄﾞﾌﾞﾛｯｶｰ　緑,$ECORZA,,0
10520023,ECORZAﾊﾞﾙﾌﾞｽﾌﾟﾘﾝｸﾞE-021(山内),$ﾊﾞﾙﾌﾞ,,0
10520025,超硬ﾋﾟﾝ長ｻ加工Φ3×24.3,$ﾁｮｳ,,0
10520026,ﾎﾟﾝﾌﾟｽﾌﾟﾘﾝｸﾞEC-019-A,$ﾎﾟﾝﾌﾟ,,0
10520027,ECORZA三方ｺｯｸﾊｳｼﾞﾝｸﾞ･軸受(野村,$ECO,,0
10520028,ﾌｯｸ　2.3Φ×53.6W×71.8EC-066,$ﾌｯｸ,,0
10520029,3方ｺｯｸ　ｹｰｼﾝｸﾞ　EC-073B,*ｻﾝ,,0
10520030,ｼｰﾙ　不入流　145×20　ﾈｰﾏｰ,$ｼｰﾙ,,0
10520031,ｼｰﾙ　不入流　34×39ﾈｰﾏｰ+ﾗﾐ加工,$ｼｰﾙ,,0
10520032,ECORZA-10台用(三星),$ﾀﾞﾝ,,0
10520033,ECORZA3方ｺｯｸ(90°)水＆溶剤　野村鉄工,$EC,,0
10520034,ECORZA3方ｺｯｸ(180°)水&溶剤&ｴﾏﾙｼﾞｮﾝ,$EC,,0
10520035,ECORZA中枠(3枚合紙),$EC,,0
10520036,ECORZA中枠(5枚合紙)･天板ﾊﾟｯﾄｾｯﾄ,$EC,,0
10810001,"ﾌｼﾞｿｸSP-103C-Z (ｰ24ｹ @315,25ｹｰ @275)",$SP,個,0
10810003,ｺｶﾞﾈｲ 電磁弁 B6013-Aｰ2.0-FF-SSｰRC1/8,$ｺｶﾞﾈｲ,P,0
10810004,ﾀｶﾁ  MBｰ12,$ﾀｶﾁ,,0
10810005,小金井  ｹｰﾌﾞﾙﾌﾟﾗｸﾞ  B2508ｰKN81,$ｺｶﾞﾈｲ,P,0
10810006,ﾀｶﾁ  MBｰ7,$MB,P,0
10810007,CKD  AB31ｰ02ｰ2ｰF  AC100V   吉岡,$CKD,P,0
10810008,CKD  AB31ｰ02ｰ2  AC100V   吉岡,$CKD,P,0
10810009,ﾃﾌﾛﾝﾘﾝｸﾞ 1tX5πX8π (ﾏｼﾞｶﾉｽﾞﾙ用),$ﾃﾌﾛﾝ,ケ,0
10810010,CKD  電磁弁  AB31-02-2-F  AC100V,$CKD,P,0
10810011,ｼﾞｭﾝﾛﾝ ｽﾃﾝﾚｽ継手(ﾆｯﾌﾟﾙ)N-6X4-PT1/8,$ｼﾞｭﾝﾛ,P,0
10810012,SMC　電磁弁　VCW21-1G-3-01-K,$SMC,P,0
10810013,H05VV-F 3LX0.75SQ-3M YP-12Aｸﾛ CE規格,$H05VV,,0
10810014,真鍮棒　　　(ｷﾀｼﾞﾏ),$ｼﾝﾁｭｳ,本,0
10810015,SUS303　引抜き丸棒　11φX3000(ｺﾙﾄ用),$SUS,P,0
10810016,SUS　ﾎｰﾛｰｾｯﾄ　5×5,$SUS,,0
10810017,ﾊﾞﾝｺｰﾄﾞ＃480　4.0Φ(ｼﾊﾞﾀ),$ﾊﾞﾝ,,0
10810018,SMC　VDW12KBX18,$SMC,,0
10830001,SUS　BT　8X70,$SUS,P,0
10830002,SUS  Eﾘﾝｸﾞ  7,$SUSE,P,0
10830003,SUS　ﾅﾍﾞﾋﾞｽ　4X90,$SUS,P,0
10910001,南部化成 ｽﾊﾟｲﾗﾙﾁｭｰﾌﾞ NO.6 白 (NS-6),$ｽﾊﾟｲﾗ,ｍ,0
10910002,富士高分子　ﾌﾛﾛｼﾘｺﾝﾁｭｰﾌﾞ　2X4,$ﾌｼﾞｺｳ,ｍ,0
10910003,Pe　3L平角　C/P,$PE3L,個,0
10910004,VCTFｰ22　0.75X2C 3mﾌﾟﾗｸﾞ付,$VCTF,本,0
10910005,ｶｺｳｶ　VCｰｿﾌﾄ　VFF　0.75ｰ3M,$ｶｺｳｶV,,0
10910006,Ｏﾘﾝｸﾞ　Pｰ3　(G902)　2.8X1.9,$Oﾘﾝｸﾞ,,0
10910007,ﾄﾆｰｱｰﾃﾞﾙｽ　230/2DS,$ﾄﾆｰｱｰ,,0
10910008,ﾃﾌﾛﾝﾊﾟｯｷﾝ　2tX5X8　(送料別途),$ﾃﾌﾛﾝﾊ,ケ,0
10910009,ﾊﾞｲﾄﾝﾁｭｰﾌﾞ  3X5  黒  (ｼﾊﾞﾀ),$ﾊﾞｲﾄﾝ,ｍ,0
10910010,ｼﾞｭﾗｺﾝ丸棒　6πX1ｍ,$ｼﾞｭﾗｺ,,0
10910011,ｼﾞｭﾗｺﾝ丸棒　15πX1ｍ(1000L),$ｼﾞｭﾗｺ,,0
10910012,Ｏﾘﾝｸﾞ　(ﾊﾞｲﾄﾝ)　7.6X1.2,$Oﾘﾝｸﾞ,,0
10910013,Ｏﾘﾝｸﾞ　Pｰ8　ﾊﾞｲﾄﾝ　(7.8x1.9),$Oﾘﾝｸﾞ,,0
10910014,ﾊﾞｲﾄﾝﾁｭｰﾌﾞ　5X7　(黒)　　　(ｼﾊﾞﾀ),$ﾊﾞｲﾄﾝ,ｍ,0
10910015,ｽﾐﾁｭｰﾌﾞ　Cｰ3π,$ｽﾐﾁｭｰ,本,0
10910016,ﾃﾌﾛﾝﾊﾟｯｷﾝ　2tX5X9,$ﾃﾌﾛﾝ,,0
10910017,NKK  MBｰ2521,$NKK,,0
10910018,ｼﾞｭﾗｺﾝ丸棒　8πX1ｍ,$ｼﾞｭﾗｺ,本,0
10910019,缶ｷｬｯﾌﾟ#40(SS)ﾌﾟﾛﾃｸﾀｰ無し　(幸成),$ｶﾝｷｬｯ,個,0
10910020,PE 3L平角用ｷｬｯﾌﾟ,$PE3L,ケ,0
10910021,PE 3L平角用中栓,$PE3L,ケ,0
10910022,ﾏｯｸｴｲﾄ　EP-6(岡本→ﾆｯｺｰ24.4～),$EP6,,0
10910023,SUS ﾎﾞｰﾙ  6 (KIｵﾓﾘ用) (次回単価未定),$SUSﾎﾞ,P,0
10910024,中興 ﾃﾌﾛﾝﾁｭｰﾌﾞ　3X5X10ｍ　(福研),$ﾃﾌﾛﾝ,巻,0
10910025,1PEW-N 0.40ﾐﾘ JP PT-25 @時価(倉茂),$1IMW,kg,0
10910026,ｼﾞｭﾗｺﾝ丸棒　17πX１ｍ,$ｼﾞｭﾗｺ,,0
10910027,P-EF11　0.3X29X20　(ｺｲﾙ固着ﾃｰﾌﾟ),$P-EF,巻,0
10910028,銅ﾊﾟｲﾌﾟ　5X1.0X1000,$ﾄﾞｳ,P,0
10910029,銅ﾊﾟｲﾌﾟ　5X1.0X2000,$ﾄﾞｳ,P,0
10910030,ﾀｲｶﾞｰ　ﾌﾛﾝﾁｭｰﾌﾞ　2X4　　(ｼﾊﾞﾀ),$ﾀｲｶﾞｰ,ｍ,0
10910031,ｷｬｯﾌﾟ　4X28,$ｷｬｯﾌﾟ,P,0
10910032,BKP-1　1.5φ　ｷｲﾛ,$BKP,P,0
10910033,日本ｲﾝﾀｰ10DDA40ﾀﾞｲｵｰﾄﾞ(岡本→ﾆｯｺｰへ),$10DDA,P,0
10910034,ｽｰﾊﾟｰ柔軟ﾌｯ素ﾎｰｽ　E-SJ-3,$ｽｰﾊﾟｰ,ｍ,0
10910035,PE　5L　C/P　　(石田容器),$PE5L,ケ,0
10910036,ｽｰﾊﾟｰ柔軟ﾌｯ素ﾎｰｽ　E-SJ-2,$ｽｰﾊﾟｰ,ｍ,0
10910037,ﾌﾟﾗｸﾞﾂｷｺｰﾄﾞ　9SCF253-3,$ﾌﾟﾗｸﾞ,本,0
10910038,ｼﾞｭﾗｺﾝ丸棒　17.5Φ×1ｍ(1000L),$ｼﾞｭﾗｺ,,0
10910039,ｻﾄｰ　ML-150-S-2P端子台　ﾆｯｺｰ電機,$ML-15,,0
10910040,ｽﾐﾁｭｰﾌﾞ　A黒8Φ×0.25　1M(福研,$ｽﾐ,,0
10910041,ﾌﾟﾗｸﾞ付ｺｰﾄﾞ　9SCF25A-3,$ﾌﾟﾗｸﾞ,,0
10910042,巻線1IMW-SN　0.29mmHPT-25 26.9kg,$ﾏｷ,,0
10910043,透明ﾌｯ素ｺﾞﾑﾁｭｰﾌﾞ　Φ2×Φ4,$ﾄｳﾒｲ,,0
10910044,10EDB40　ﾆｯｺｰ電機,$10 ,,0
10910045,倉茂巻線1IMW-SN0.24mmPT-25 26.2kg,$ｸﾗﾓ,式,0
10910046,TT-0610-20 廣杉計器,$TT,,0
10910047,C-307　廣杉計器,$C-,,0
10920001,NO．シール　銀色  (4000枚 @9),$ｼｰﾙ,枚,0
10920002,ﾒｯｼｭ抜き　SUSﾒｯｼｭ 9φ　(材料支給),$ﾒｯｼｭ,,0
10920008,ﾎﾟﾝﾌﾟSP　SUS1.0πX10X37X14.5(Lot100),$ﾎﾟﾝﾌﾟ,ケ,0
10920011,ﾘｰﾄﾞｺﾞﾑ 17X12X10.5X6.5X34L (福研),$ﾘｰﾄﾞ,個,0
10920012,ｻｸｼｮﾝSP(長い),$ｻｸｼｮﾝ,ケ,0
10920013,ｻｸｼｮﾝSP (短い),$ｻｸｼｮﾝ,ケ,0
10920014,旧ﾊﾞﾙﾌﾞｺｰﾝ,$ｷｭｳﾊﾞ,個,0
10920017,ﾊﾞﾙﾌﾞｽﾌﾟﾘﾝｸﾞ　EX010 (1001ｹｰ@20),$ﾊﾞﾙﾌﾞ,ケ,0
10920018,ﾎﾟﾝﾌﾟSP 1.4X11X32.5X12 (1001ｹｰ@38),$ﾎﾟﾝﾌﾟ,ケ,0
10920019,住友 超硬ﾋﾟﾝ M23S 4.2(4.1)φX39L,$ﾁｮｳｺｳ,P,0
10920021,EX 025-01 ﾌｯｸ　　(1000ｹｰ@80),$EXﾌｯｸ,ケ,0
10920023,"ｽﾄｯﾌﾟﾊﾞﾙﾌﾞSP(500ﾐﾏﾝ30,1000ｹ以上@20)",$ｽﾄｯﾌﾟ,ケ,0
10920024,ｽﾃﾝ金網　15π    (山内),$ｽﾃﾝ,枚,0
10920025,ｽﾃﾝ金網　6π (BLﾌｨﾙﾀｰ用)   (山内),$ｽﾃﾝｶﾅ,枚,0
10920027,ﾉｽﾞﾙﾁｯﾌﾟ MA995ｰｱﾙﾐﾅ E4497ALｰ1ｰ1,$ﾉｽﾞﾙ,個,0
10920028,注意 人に向けて･･･  シール,$ｼｰﾙ,枚,0
10920030,ｾｯﾄﾘﾝｸﾞ,$ｾｯﾄﾘﾝ,,0
10920031,ｽﾃﾝ金網　10π(ｽﾄｯﾌﾟﾊﾞﾙﾌﾞﾌｨﾙﾀｰ)(山内),$ｽﾃﾝ,枚,0
10920032,ｼｰﾙ　100V25W　屋内用 PSE,$ｼｰﾙ,枚,0
10920033,ｷｬｯﾌﾟA　(120-007),$ｷｬｯﾌﾟ,個,0
10920035,ﾗﾛｰｻﾞ製品保証書　2枚複写X100部,$ﾎｼｮｳ,冊,0
10920037,ｼｰﾙ　100V　15W  屋内用　PSE,$ｼｰﾙ,枚,0
10920046,ﾎﾟﾝﾌﾟSP/10型 1.0x10x33x13.5(Lot100),$ﾎﾟﾝﾌﾟ,ケ,0
10920048,ﾉｽﾞﾙﾁｯﾌﾟ(ｱｲｹｲｵｰ)　Lot3000/@90,$ﾉｽﾞﾙ,,0
10920049,φ4X18.5Xφ7.78　改良型ﾌﾟﾗﾝｼﾞｬｰ,$ﾌﾟﾗﾝ,ケ,0
10920050,φ4超硬ﾋﾟﾝ(ｽﾋﾟﾝﾄﾞﾙ/ｾﾝﾀﾚｽ加工)ｱｲｹｲｵｰ,$ﾁｮｳｺｳ,,0
10920051,ｼｰﾙ　PSE,$ｼｰﾙ,枚,0
10920052,ｼｰﾙ　H型50Hz,$ｼｰﾙ,枚,0
10920053,ｼｰﾙ　H型　60Hz,$ｼｰﾙ,枚,0
10920054,ｽﾌﾟﾚｰｶﾞﾝBL用中枠　　(三星),$ﾅｶ,枚,0
10920059,φ4ﾌﾟﾗﾝｼﾞｬｰ(ｼﾁｽﾞﾝ)ｱｲｹｲｵｰ1300ｶﾞｳｽ440,$ﾌﾟﾗﾝｼ,,0
10930001,SUS　ﾅﾍﾞﾋﾞｽ　4X35,$SUS,P,0
10930002,SUS　ﾅﾍﾞﾀｯﾋﾟﾝｸﾞ　4X25,$SUS,P,0
10930003,SUS　ﾅﾍﾞﾀｯﾋﾟﾝｸﾞ　4X20,$SUS,P,0
10930004,SUS　Eﾘﾝｸﾞ　4,$SUS,P,0
10930005,SUS　NT　6,$SUS,P,0
10930006,SUS　ﾅﾍﾞﾀｯﾋﾟﾝｸﾞ　3X8,$SUS,P,0
10930007,ﾒｯｷ　NT 4,$ﾒｯｷ,P,0
10930008,SUS　Eﾘﾝｸﾞ　2,$SUS,P,0
10930009,SUS　ﾅﾍﾞﾋﾞｽ　3X16,$SUS,P,0
10930010,ﾒｯｷ  ﾅﾍﾞﾋﾞｽ  4X55,$ﾒｯｷ,P,0
10930011,ﾒｯｷ  ﾅﾍﾞﾋﾞｽ  4X45,$ﾒｯｷ,P,0
10930012,ﾒｯｷ　SW(ｽﾌﾟﾘﾝｸﾞﾜｯｼｬｰ)  4,$ﾒｯｷ,P,0
10930013,SUS　SW(ｽﾌﾟﾘﾝｸﾞﾜｯｼｬｰ)　6,$SUS,P,0
10930014,SUS　ﾅﾍﾞﾋﾞｽ　3X5,$SUS,P,0
10930015,SUS　丸座(平ﾜｯｼｬｰ)　6,$SUS,P,0
10930017,SUS　ﾅﾍﾞﾋﾞｽ　4X55,$SUS,P,0
10930018,SUS　ﾅﾍﾞﾋﾞｽ　4X25,$SUS,P,0
10930019,SUS　ﾋﾗW　6,$SUS,P,0
10930020,SUS  Eﾘﾝｸﾞ  8,$SUSE,P,0
10930021,SUS　ﾅﾍﾞﾋﾞｽ　4X40,$SUS,P,0
10930022,SUS  ﾏﾙｻﾗﾋﾞｽ  3X5,$SUS,P,0
10930023,SUS　ﾏﾙｻﾗﾋﾞｽ　3X10,$SUS,P,0
10930024,SUS　ﾎｰﾛｰ(ﾄｶﾞﾘ先)　6X8,$SUSﾎ,P,0
11020001,TYｰ70　ｹｰｽ　上下　　(山内),$TY-70,set,0
11111001,超音波ｹｰｽ(小) 塗装なし ﾊﾞﾝﾄﾞ･ｷｰﾊﾟｰ付,$ﾁｮｳｵﾝ,ｾｯﾄ,0
11113001,ﾊﾟﾈﾙｼﾙｸ　Rarosa　TYｰ70 (少量ｰ@300),$TY70,,0
11114101,ﾃｲﾂｳ　RGC55　1ｵｰﾑKX2/C,$ﾃｲﾂｳR,個,0
11114301,ﾋﾀﾁ ﾒﾀﾗｲｽﾞﾌｨﾙﾑｺﾝﾃﾞﾝｻｰ　MTB2Jｰ684K,$ﾋﾀﾁﾒﾀ,,0
11114401,ﾒﾀｺﾝ SCNH-1404P.R (福研),$ﾒﾀ,,0
11114402,ﾒﾀﾙｺﾈｸﾀ　SCNH-1404R   (福研),$ﾒﾀ,,0
11114403,ﾒﾀｺﾝ　SCNH-1404-P,$ﾒﾀ,,0
11114501,TDK　FE-30F　　(小林),$TDK,個,0
11114502,EI-30用　ﾌｪﾗｲﾄ　ﾋﾞｽ止めﾊﾞﾝﾄﾞ,$EI30,本,0
11114901,ﾌｼﾞﾀﾝｼ　FGMB　250V 2A,$ﾌｼﾞﾀﾝ,個,0
11114902,TDK振動子　V2XπX28(A)  岡本,$TDK,個,0
11120001,TYｰ100　ｼﾙｸ印刷版代,$TY100,,0
11130001,SUS　ﾏﾙｻﾗﾋﾞｽ　3X8,$SUS,P,0
11131001,ﾎｰﾝ　14π　(TYｰ70),$ﾎｰﾝ14,個,0
11131002,ﾏｽｸｺﾞﾑ　小　　(TY-70),$ﾏｽｸｺﾞ,,0
11131003,TDO  RS3B 20Kｵｰﾑ,$TDO,,0
11210001,ﾄﾖｽﾞﾐ　AD21-300A(2) (海外用ﾄﾗﾝｽ),$ﾄﾖｽﾞﾐ,,0
11211001,超音波放熱板(大)  100枚以下@430,$ﾁｮｳｵﾝ,,0
11211002,TYｰ100用　上フタ,$TY100,,0
11212001,超音波ｹｰｽ(大),$ﾁｮｳｵﾝ,ｾｯﾄ,0
11213001,ﾊﾟﾈﾙ　ｼﾙｸ　Rarosa　TYｰ100,$TY100,,0
11214101,TDO　MS10A4R3　ｾﾒﾝﾄ抵抗,$TDO,,0
11214401,"ﾒﾀﾙｺﾈｸﾀｰ　SCKｰ1604　P,R",$ﾒﾀﾗｲｽ,,0
11214501,ﾎﾞﾋﾞﾝ  FFPT40Aｰ12P,$ﾎﾞﾋﾞﾝ,個,0
11214502,ｺｱ EI40Z PC40,$ﾎﾞﾋﾞﾝ,個,0
11214503,TDK　FE-40F,$TDK,個,0
11214504,EIｰ40用　ﾌｪﾗｲﾄ　ﾋﾞｽ止めﾊﾞﾝﾄﾞ,$EI40,本,0
11214901,ﾌｼﾞﾀﾝｼ　FGMB　250V　3A,$ﾌｼﾞﾀﾝ,個,0
11214902,振動子  DA 2328,$ｼﾝﾄﾞｳ,,0
11220001,CUBEE　海外用ｹｰｽ　上,$CUBEE,,0
11220002,CUBEE　海外用ｹｰｽ　下,$CUBEE,,0
11220003,CUBEE 海外用ｹｰｽ 上下,$CUBEE,set,0
11220004,CUBEE 海外用ｹｰｽ 上/下/基盤立て,$CUBEE,ｾｯﾄ,0
11231001,"ﾎｰﾝ 大型(TYｰ100,UTｰ30)ﾛｯﾄ50以下@4800",$ﾎｰﾝ,,0
11231002,ﾏｽｸｺﾞﾑ　大  (TY-100),$ﾏｽｸｺﾞ,,0
11231003,振動子　DA2328D,$ｼﾝﾄﾞｳ,ケ,0
11311001,超音波放熱板(小)(山内) 50ｹ以下@430,$ﾁｮｳｵﾝ,ケ,0
11314101,ﾅｼｮﾅﾙ　ERD25TJ101,$ﾅｼｮﾅﾙ,,0
11314102,ﾅｼｮﾅﾙ　ERD25TJ470  (朝日),$ﾅｼｮﾅﾙ,個,0
11314103,ﾅｼｮﾅﾙ ｶｰﾎﾞﾝ抵抗 ERD25TJｰ333  福研,$ﾅｼｮﾅﾙ,,0
11314104,ﾅｼｮﾅﾙ　ERD25TJ221  (岡本),$ﾅｼｮﾅﾙ,個,0
11314105,ﾅｼｮﾅﾙ  ERD25TJ472,$ﾅｼｮﾅﾙ,,0
11314106,ﾅｼｮﾅﾙ　ERD25TJ103  (岡本無線),$ﾅｼｮﾅﾙ,個,0
11314107,ﾅｼｮﾅﾙ　ERD25TJ683  (朝日),$ﾅｼｮﾅﾙ,個,0
11314108,ﾃｲﾂｳ　RSM3FB　20KｵｰﾑJ,$ﾃｲﾂｳ,,0
11314109,TDO　MS10A502(5Kｵｰﾑ),$TDO,,0
11314110,ﾃｲﾂｳ　RGC50　22ｵｰﾑK/C,$ﾃｲﾂｳR,個,0
11314111,ｲﾝﾀｰ  30DF4,$ｲﾝﾀｰ,,0
11314201,ﾄｰｼﾊﾞ　2SC2705ｰY(C),$ﾄｰｼﾊﾞ,個,0
11314202,ﾄｰｼﾊﾞ 2SC1815ｰGR,$ﾄｰｼﾊﾞ,,0
11314203,ﾄｰｼﾊﾞ　2SC2073A,$ﾄｰｼﾊﾞ,,0
11314204,ﾄｰｼﾊﾞ　2SC5352,$ﾄｰｼﾊﾞ,個,0
11314205,ｻﾝｹﾝS　2SC4139　(2SC2751の代替品),$ｻﾝｹﾝ,,0
11314301,ﾑﾗﾀ　DD10ｰ63E472P500,$ﾑﾗﾀDD,個,0
11314302,ﾆﾁｺﾝ  QXF2E104KRPT  (岡本),$ﾆﾁｺﾝ,,0
11314303,ﾏﾂｵ　506N5002-103K1,$ﾏﾂｵ,,0
11314304,日立　ﾒﾀﾗｲｽﾞﾌｲﾙﾑｺﾝﾃﾞﾝｻｰ　MTBｰ2Eｰ225K,$ﾋﾀﾁﾒﾀ,個,0
11314305,ｹﾐｺﾝ　ESMH161VSN471MP30S,$ESMH,PCS,0
11314306,ｹﾐｺﾝ　SME160VB22,$ｹﾐｺﾝ,,0
11314307,ｹﾐｺﾝ　SME25VB22,$ｹﾐｺﾝ,,0
11314308,ｹﾐｺﾝ　SME25VB33   (岡本),$ｹﾐｺﾝ,個,0
11314309,ﾆｯｾｲ ｺﾝﾃﾞﾝｻ AMZ-50J472(ﾆｯｺｰ)次回値上,$ﾆｯｾｲ,個,0
11314310,ｹﾐｺﾝ KME160VB22M 105 'C 160V/22,$ｹﾐｺﾝ,,0
11314501,TDK ﾗｲﾝﾌｨﾙﾀｰ TF1320Sｰ102Y3R0ｰ01,$TDKﾗｲ,,0
11314502,ﾄｰｺｰ  CLNSｰ6017Z,$ﾄｰｺｰ,,0
11314503,ﾎﾞﾋﾞﾝ BE30ｰ1110CP,$ﾎﾞﾋﾞﾝ,個,0
11314504,ｺｱ EI30ｰZ  PC40,$ﾎﾞﾋﾞﾝ,個,0
11314505,ＰＥＷ  0.35,$PEW,Kg,0
11314506,ＰＥＷ　#1　0.5,$PEW,Ｋｇ,0
11314601,ｻﾄｰ MLｰ35ｰAｰ2P,$ｻﾄｰ,,0
11314602,ｻﾄｰ MLｰ35ｰAｰ3P,$ｻﾄｰ,,0
11314701,ﾄｰｼﾊﾞ　ﾀﾞｲｵｰﾄﾞ　3GH41   (岡本),$ﾄｰｼﾊﾞ,,0
11314702,ﾄｰｼﾊﾞ　ﾀﾞｲｵｰﾄﾞ　1BH62Z　(岡本),$ﾄｰｼﾊﾞ,,0
11314703,NEC-S  ﾀﾞｲｵｰﾄﾞ　RD18EB,$NEC,,0
11314704,ﾄｰｼﾊﾞ　ﾀﾞｲｵｰﾄﾞ　1AZ18,$ﾄｰｼﾊﾞ,,0
11314901,ｻﾄｰ　BNｰ9-E1ｰR(岡本→24.4～ﾆｯｺｰ,$BN9E,個,0
11314902,ｻﾄｰ　BNｰ9Eｰﾐﾄﾞﾘ,$ｻﾄｰBN,個,0
11314903,ﾐﾔﾏ　ｽｲｯﾁ　DSｰ062　BLACK  朝日,$ﾐﾔﾏｽｲ,個,0
11314904,ｻﾄｰ BU-3270-B(岡本→ﾆｯｺ-),$BU,,0
11314905,基板  KIｰ06,$ｷﾊﾞﾝ,,0
11314906,S4VB60-5000(GSJGBPC102-E4/51から変更,$S4,PCS,0
11314907,ｻﾄｰ　F-60-A,$ｻﾄｰF6,個,0
11314908,ﾐｽﾞﾀﾆ　TC30AｰTOｰ3P,$ﾐｽﾞﾀﾆ,,0
11314909,NO.シール　白色,$NOｼｰﾙ,枚,0
11314910,Cｰ30ｰRKｰ22　　別注ｺﾞﾑ足,$C-30,,0
11314911,ﾐﾔﾏ  DSｰ059Kｰ00  ｱｶ,$ﾐﾔﾏ,,0
11316001,VFF  0.75SQ-P-2M 黒  ﾌﾟﾗｸﾞ付　(ﾆｯｺｰ),$VFF,,0
11319001,ﾄｰｺｰ　MPXｰ19T　10PA,$ﾄｰｺｰ,,0
11320001,絶縁ﾃｰﾌﾟST-EH(N) 0.15X28WX50M 35ｺ/C,$ｾﾞﾂｴﾝ,巻,0
11320002,TY用基板(TY01)ｲﾆｼｬﾙ費用　(日野),$TY,式,0
11320003,TY01　基板　(日野),$TY01,,0
11331001,超音波ｶﾞﾝｹｰｽ,$ﾁｮｳｵﾝ,個,0
11331002,ﾌｯｸ (超音波用) 角,$ﾌｯｸﾁｮ,個,0
11331003,ﾎｰﾝ口出し金具,$ﾎｰﾝｸﾁ,個,0
11331004,ﾈｵｽﾎﾟ　5tX20wX110L,$ﾈｵｽﾎﾟ,,0
11331005,ｲﾝｻｰﾄﾋﾞｯﾄ　SBｰ304540Z (超音波),$ｲﾝｻｰﾄ,個,0
11331006,液量調整板バネ(超音波),$ｴｷﾘｮｳ,,0
11331007,ﾁｭｰﾌﾞｶﾞｲﾄﾞ,$ﾁｭｰﾌﾞ,個,0
11331008,ｺｰﾄﾞｽﾄｯﾊﾟｰ(BS)  超音波用,$ｺｰﾄﾞｽ,個,0
11331009,超音波ｽｲｯﾁ取付ﾌﾟﾚｰﾄ,$ﾁｮｳｵﾝ,,0
11331010,超音波ｶﾞﾝ　ｽｲｯﾁﾚﾊﾞｰ　(山内),$ﾁｮｳｵﾝ,ケ,0
11331011,ｽｲｯﾁﾚﾊﾞｰ軸　(超音波用),$ｽｲｯﾁﾚ,個,0
11331012,ｽｲｯﾁﾚﾊﾞｰSP　SUS 0.8πX4内X6･1/4N,$ｽｲｯﾁ,,0
11331017,ﾒｯｼｭ打ち抜き　7π,$ﾒｯｼｭ,枚,0
11331018,ｽｲｯﾁﾚﾊﾞｰ押え板　2X25X27.5 P.P(ﾌﾟﾗｽ),$ｽｲｯﾁﾚ,,0
11331019,Ｏﾘﾝｸﾞ  Pｰ5  (G902)　ﾊﾞｲﾄﾝ,$Oﾘﾝｸﾞ,,0
11331020,ﾌﾛﾛｼﾘｺﾝﾁｭｰﾌﾞ　6LV-2φX4,$ﾌﾛﾛｼﾘ,ｍ,0
11331021,ﾃﾞﾝｺｳ　AM51630C5  (岡本),$ﾃﾞﾝｺｳ,,0
11331022,ｽﾄｯﾌﾟﾊﾞﾙﾌﾞﾚﾊﾞｰ軸(超音波),$ｽﾄｯﾌﾟ,,0
11331023,ｽﾄｯﾌﾟﾊﾞﾙﾌﾞﾚﾊﾞｰ(超音波)  (山内),$ｽﾄｯﾌﾟ,,0
11332001,液量調整ネジ(超音波),$ｴｷﾘｮｳ,個,0
11332002,ｹｰｼﾝｸﾞ(ｽﾄｯﾌﾟﾊﾞﾙﾌﾞ本体) (超音波),$ｹｰｼﾝｸ,個,0
11332003,ｽﾄﾚｰﾅｰｼﾞｮｲﾝﾄ　超音波用,$ｼﾞｮｲﾝ,ｾｯﾄ,0
11332004,ｹｰｼﾝｸﾞﾊﾞﾙﾌﾞ(ｽﾄｯﾌﾟﾊﾞﾙﾌﾞﾌﾀ)　超音波,$ｹｰｼﾝ,,0
11334901,SUS  ﾏﾙﾘﾍﾞｯﾄ  3X14,$SUSﾏﾙ,P,0
11334902,ｳﾚﾀﾝﾎｰｽ 5X8　　(ﾔﾏﾌﾟﾗ→24/1～吉岡幸),$ｳﾚﾀﾝ,ｍ,0
11334903,ﾜｲﾔｰﾊﾞﾝﾄﾞ　8ﾊﾟｲ,$ﾜｲﾔｰﾊ,ケ,0
11334904,日東工器 ﾊｲｶﾌﾟﾗｴｰｽ 50PNG-PLA,$ﾆｯﾄｳ,ケ,0
11334905,日東 ﾊｲｶﾌﾟﾗｴｰｽ HAｰ50SN(Lot100)ﾊﾞｲﾄﾝ,$ﾆｯﾄｳｶ,個,0
11334906,ｳﾚﾀﾝﾁｭｰﾌﾞ 4X6100ｍ(25/5～ﾔﾏﾌﾟﾗ→吉岡,$ｳﾚﾀﾝ,個,0
11336001,VCTFｰ22　0.5X4C,$VCTF2,ｍ,0
11338001,日東 粘着ﾃｰﾌﾟ NO.903UL 903X13X10 吉,$ﾆｯﾄｳ,P,0
11338002,ﾆﾄﾌﾛﾝﾃｰﾌﾟ　NO.903UL　0.13X13X10,$ﾆﾄﾌﾛﾝ,ケ,0
11342001,ｽﾃﾝ 口出し金具 M8ﾅｯﾄ付 (超音波) 4X6,$ｸﾁﾀﾞｼ,ｾｯﾄ,0
11342002,Ｍ8ﾅｯﾄ,$M8ﾅｯﾄ,個,0
11342003,ﾀﾝｸ口出し金具･M8ﾅｯﾄ付(黄銅),$ｸﾁﾀﾞｼ,,0
11342004,ｽﾃﾝ ﾀﾝｸ口出し金具　5X8,$ｸﾁﾀﾞｼ,ｾｯﾄ,0
11343001,SUS　NT　14XP1.5　細目,$SUS,P,0
11344901,５Ｌ広口丸型ﾎﾟﾘ　   福研,$5Lﾋﾛｸ,個,0
11344902,ｼﾞｮﾌﾟﾗｯｸｽ ﾚｸﾀｽﾎﾟﾑDTX1ｰ04N.Oﾘﾝｸﾞﾊﾞｲﾄﾝ,$ﾚｸﾀｽ,P,0
11344903,ｼﾞｮﾌﾟﾗｯｸｽ ﾚｸﾀｽﾎﾟﾑ DJX1ｰ04N,$ﾚｸﾀｽ,P,0
11344904,ｼﾞｮﾌﾟﾗｯｸｽ ﾚｸﾀﾎﾟﾑ用 ｿｹｯﾄＯﾘﾝｸﾞ(ﾊﾞｲﾄﾝ),$ｼﾞｮﾌﾟ,P,0
11414001,SMC　電磁弁　VDW11-3G-2-M5-H,$SMC,P,0
11414101,TDO  MS10A8R2,$TDO,,0
11414102,TDO  MS10A100(10ｵｰﾑ),$TDO,,0
11414501,ﾄﾖﾃﾞﾝ ﾄﾗﾝｽ AD21Rｰ50A,$ﾄﾖﾃﾞﾝ,,0
11414502,ﾄﾖﾃﾞﾝ ﾄﾗﾝｽ AD21-100A,$ﾄﾖﾃﾞﾝ,,0
11414503,ﾄﾖﾃﾞﾝ ﾄﾗﾝｽ UD11-50A,$ﾄﾖﾃﾞﾝ,,0
11414504,AR11ｰ100  ﾄﾗﾝｽ    (TGK),$AR11,,0
11414505,AR11ｰ50  ﾄﾗﾝｽ    (TGK),$AR11,,0
11414506,AR21ｰ100KI.HR  ﾄﾗﾝｽ     (TGK),$AR21,,0
11414507,ﾄﾗﾝｽ  AR21ｰ50KI     (TGK),$AR21,,0
11414508,ﾄﾖｽﾞﾐ　AD21-200A2　ﾄﾗﾝｽ,$ﾄﾖｽﾞﾐ,,0
11416001,ｹｰﾌﾞﾙ ｺｰﾄﾞ    韓国製,$ｹｰﾌﾞﾙ,,0
11510001,KVCｰ36 6X0.3mm3P黒ｸﾗﾓ(ﾆｯｺｰ→福研へ),$KVC,ｍ,0
11510002,ｲﾝｽﾀﾝﾄ(大阪高波)　EOE-0200-1  (岡本),$ｲﾝｽﾀﾝ,,0
11510003,倉茂　KVC-36　0.3X6C　黒　(福研),$KVC,ｍ,0
11520001,RCｰ15 発振器+振動子ｾｯﾄ(ﾆｯﾌﾟﾙ一体型),$RC15,台,0
11520002,14πシミ抜き機(110/120V仕様),$14 ,台,0
11520003,RC-15　振動子のみ(ﾆｯﾌﾟﾙ一体型),$RC15,本,0
11530001,ﾏｽｸｺﾞﾑ  小  CUBEE (ﾛｯﾄ以下@変動),$ﾏｽｸｺﾞ,個,0
11620001,RC-30 発振器+振動子ｾｯﾄ(ﾆｯﾌﾟﾙ一体型),$RC30,台,0
11620002,RC-30発振器用ｼｰﾙ　30,$ｼｰﾙ,枚,0
11620003,RC-30 振動子のみ(ﾆｯﾌﾟﾙ一体型),$RC30,本,0
11630001,ﾏｽｸｺﾞﾑ 大  CUBEE  (ｾｯﾄ取り),$ﾏｽｸｺﾞ,個,0
11630002,ﾏｽｸｺﾞﾑ (大) CUBEE  （単品取り),$ﾏｽｸ,個,0
11710001,ﾐﾔﾏDSｰ059ｰSｰ00ｰｱｶ,$DS,,0
11710002,ﾐﾔﾏ  DSｰ663 CｰRｰWｰSｰK ｱｶ,$ﾐﾔﾏ,,0
11710003,Ｏﾘﾝｸﾞ  4X1  ﾊﾞｲﾄﾝ70',$Oﾘﾝｸﾞ,,0
11710004,Ｏﾘﾝｸﾞ　4X1.2　ﾊﾞｲﾄﾝ70',$Oﾘﾝｸﾞ,個,0
11710005,NKK SB-4011N/O(岡本→24.4～ﾆｯｺｰ),$SB401,PCS,0
11710006,NKK　AT-422-R(岡本→24.4～ﾆｯｺｰ,$AT,,0
11710007,ｼｬｰﾌﾟ　S202S02F,$S202S,P,0
11710008,真鍮丸棒　縦目ﾛｰﾚｯﾄ加工10φx2000→19,$ｼﾝﾁｭｳ,P,0
11710009,ﾊﾟﾅｿﾆｯｸ　中間ｽｲｯﾁ　WH5201,$ﾊﾟﾅｿ,,0
11710010,ｼﾞｮﾌﾟﾗｯｸ　TNV-5NR,$ｼﾞｮﾌﾟ,P,0
11710011,ｼﾞｮﾌﾟﾗｯｸ　JN-5W,$ｼﾞｮﾌﾟ,P,0
11710012,ｽﾅｯﾌﾟﾘﾝｸﾞ 穴用ｽﾃﾝ　SUS H-6,$ｽﾅ,P,0
11712001,CUBEE ｹｰｽ<上･下･基盤立て>ｾｯﾄ,$CUBEE,ｾｯﾄ,0
11712002, *CUBEE ｹｰｽ　(本体･ﾌﾀ/ｾｯﾄ)　　　山内,$CUBEE,ｾｯﾄ,0
11712003,CUBEE ｹｰｽ<基盤立てのみ>,$CUBEE,,0
11712004,CUBEE　ｹｰｽ(上のみ),$CUBEE,,0
11714001,ﾆﾁｱﾂ  XHPｰ2,$ﾆﾁｱﾂ,個,0
11714002,ﾆﾁｱﾂ  VHRｰ6N,$ﾆﾁｱﾂ,,0
11714003,ﾆﾁｱﾂ  VHRｰ2N,$ﾆﾁｱﾂ,,0
11714004,ﾆﾁｱﾂ  BXHｰ001TｰP0.6(岡本→ﾆｯｺｰ),$ﾆﾁｱﾂ,個,0
11714005,ﾆﾁｱﾂ  VHRｰ3N,$ﾆﾁｱﾂ,,0
11714006,ﾆﾁｱﾂ  BVHｰ21TｰP1.1(岡本→ﾆｯｺｰへ,$BVH,,0
11714007,ﾆﾁｱﾂ  XHPｰ4,$ﾆﾁｱﾂ,個,0
11714008,ﾆﾁｱﾂ  VHRｰ4N,$ﾆﾁｱﾂ,,0
11714009,栃木屋 手持ちﾊﾝﾄﾞﾙ THAｰ321,$ﾄﾁｷﾞﾔ,P,0
11714010,住友  ｽﾘｰｴﾑ  Bｰ12ｰ14 ｸﾛ   (吉岡),$ｽﾐﾄﾓ,P,0
11714011,ｻﾄｰ  DBｰ30ｰN-CR-OR(岡本→ﾆｯｺｰへ),$DB,PCS,0
11714012,ｻﾄｰ  DB-30-N-CRG(岡本→ﾆｯｺｰへ),$DB,,0
11714013,ﾆﾁｱﾂ　VHR-5N(岡本→25.4ﾆｯｺｰへ),$VHR,,0
11714014,ﾆﾁｱﾂ　XHP-5(岡本→25.4ﾆｯｺｰ),$XHP,,0
11720001,Oﾘﾝｸﾞ  Sｰ5  4.5X1.5,$Oﾘﾝｸﾞ,個,0
11720002, *NO.ｼｰﾙ (CUBEE)  2000枚,$ｼｰﾙ,,0
11720003,ﾊﾟﾈﾙｼﾙｸ  CUBEE  (日本語版),$CUBEE,枚,0
11720004,ｷｭｰﾋﾞｰ一式(液量調整部品８点)　野村,$CUBEE,ｾｯﾄ,0
11720005,CUBEE ｶﾞﾝｹｰｽ(L)(R)・ﾎﾙﾀﾞｰ(A)(B),$CUBEE,,0
11720006,×CUBEE ｶﾞﾝｹｰｽ(L)　使用×,$CUBEE,,0
11720007,口出し金具(輸出用)<50ｹ@130､100ｹ@110>,$ｸﾁﾀﾞｼ,,0
11720008,ﾊﾟﾈﾙｼﾙｸ　CUBEE 英語版,$CUBEE,ケ,0
11720009,×ﾎﾙﾀﾞｰ(A)　<CUBEEｶﾞﾝｹｰｽに付属>使用,$CUBEE,,0
11720010,×ﾎﾙﾀﾞｰ(B)   <CUBEEｶﾞﾝｹｰｽに付属>使用,$CUBEE,,0
11720011,CUBEE　ｶﾞﾝｽｲｯﾁｶﾗｰ,$CUBEE,,0
11720012,CUBEE液量調整ﾊﾞﾙﾌﾞﾆｰﾌﾞﾙ,$CUBEE,ケ,0
11720013,CUBEEﾊﾞﾙﾌﾞｹｰｼﾝｸﾞ　　野村,$CUBEE,ケ,0
11720014,CUBEE　ｽﾄﾚｰﾅﾆｯﾌﾟﾙﾅｯﾄ　　野村,$CUBEE,ケ,0
11720015,CUBEE　ﾉﾌﾞ　　　　野村,$CUBEE,ケ,0
11720016,CUBEE　ｽﾄﾚｰﾅﾊｳｼﾞﾝｸﾞ　　野村,$CUBEE,ケ,0
11720017,CUBEE　ﾎｰｽﾆｯﾌﾟﾙ　　　野村,$CUBEE,ケ,0
11720018,CUBEE　ﾊﾞﾙﾌﾞﾆｰﾄﾞﾙ(在庫引取分)　野村,$CUBEE,ケ,0
11720019,型式等表示ｼｰﾙ　50×60(1R)ﾈｰﾏｰ,$ｼｰﾙ,,0
11730001,SUS  ｻﾗﾋﾞｽ  3X12,$SUS,P,0
11730002,SUS  ﾎｰﾛｰｾｯﾄ  4X5,$SUSﾎｰ,P,0
11730003,SUS　NT　M10　ﾋﾟｯﾁ1 (細目ﾅｯﾄ),$SUS,P,0
11731001,ﾌｯｸ 2π (CUBEE),$ﾌｯｸ,ケ,0
11733001,SUS  丸ｻﾗﾋﾞｽ  3X12,$SUS,P,0
11734901,SMC　電磁弁 VDW11-1G-2-M5-H(AC100V),$SMC,P,0
11734902,ﾎｰﾝﾊﾟｯｷﾝ ﾊﾞｲﾄﾝ90',$ﾎｰﾝﾊﾟ,個,0
11734903,SMC　電磁弁 VDW11-6G-2-M5-H(DC12V),$SMC,P,0
11740001,KT 広口角型瓶　(4L角ﾀﾝｸ･ﾌﾀ付),$KTﾋﾛ,ｾｯﾄ,0
11740002,ﾊｲﾙｰﾃ本体　BHL-4000,$ﾊｲ,,0
11740003,Bｷｬｯﾌﾟ　GBK-2000P,$Bｷｬ,,0
11740004,ﾊｲﾙｰﾃ角瓶　2000,$ﾊｲ,個,0
11840001,口出し金具(ｽﾃﾝ･M8ﾅｯﾄ付) 二研用,$ｸﾁﾀﾞｼ,,0
11910001,SN74LS02N,$SN74,,0
11910002,SN74LS00N,$SN74,,0
11910003,TA75393P,$TA753,,0
11910004,TA7555P,$TA755,,0
11910005,HD14016BP,$HD140,,0
11910006,SN7438N,$SN743,,0
11910007,ﾀｷｹﾞﾝ　脚ｺﾞﾑ　C-30-RK-16,$ﾀｷｹﾞﾝ,P,0
11910008,日立　HD74HC73AP,$ﾋﾀﾁ,,0
11910009,ﾆﾄﾌﾛﾝﾃｰﾌﾟ NO.903UL 0.13X10X10m,$ﾆﾄﾌﾛﾝ,ケ,0
11910074,ｽﾐﾁｭｰﾌﾞ　A-4π,$ｽﾐﾁｭｰ,本,0
11930001,SUS　ﾄﾗｽﾋﾞｽ　4X8,$SUS,P,0
11930002,SUS　ﾅﾍﾞﾋﾞｽ　3X14,$SUS,P,0
11930003,SUS　ﾅﾍﾞﾋﾞｽ　4X5,$SUS,P,0
11930004,SUS　ﾅﾍﾞﾋﾞｽ　3X8,$SUS,P,0
11930005,SUS　ﾅﾍﾞﾋﾞｽ　3X12,$SUS,P,0
11930006,"ﾒｯｷ　NT,SW(ｽﾌﾟﾘﾝｸﾞﾜｯｼｬｰ)  2",$ﾒｯｷ,Ｐ,0
11930007,SUS  ﾄﾗｽﾋﾞｽ  5X5,$SUS,P,0
11934901,ﾜｲﾔｰﾊﾞﾝﾄﾞ　10ﾊﾟｲ,$ﾜｲﾔｰﾊ,ケ,0
12010001,ﾃﾞﾝｺｳ　EB1122,$EB,個,0
12010002,ｼﾞｭﾗｺﾝ丸棒 30πX1000L,$ｼﾞｭﾗｺ,本,0
12010003,ｼﾞｭﾗｺﾝ丸棒 40πX1000L,$ｼﾞｭﾗｺ,本,0
12010004,ｼﾞｭﾗｺﾝ丸棒 50πX1000L,$ｼﾞｭﾗｺ,本,0
12010005,ﾊﾝﾏｰｷｬｽﾀｰ  415EAｰR50,$ﾊﾝﾏｰ,P,0
12010006,ﾆｯｶｲ ｽｲｯﾁMLWｰ3028(朝日)(岡本→ﾆｯｺｰへ,$ﾆｯｶｲｽ,個,0
12010007,ﾆｯｶｲ ｽｲｯﾁﾎﾞﾀﾝ AT-405R 赤 (朝日),$ﾆｯｶｲｽ,個,0
12010008,狭山精密 ﾓｰﾀｰ RBｰ35GMｰFMA08-12(旧RB3,$ｻﾔﾏ,台,0
12010009,ｺﾞﾑ足 KPｰ23,$ｺﾞﾑｱｼ,個,0
12010010,ｼﾞｭﾗｺﾝ丸棒 70πX1000L,$ｼﾞｭﾗｺ,本,0
12010011,ｼﾞｭﾗｺﾝ丸棒 100πX1000L,$ｼﾞｭﾗｺ,本,0
12010012,ｼﾞｭﾗｺﾝ丸棒 120πX1000L,$ｼﾞｭﾗｺ,本,0
12010013,×ｷｬｽﾀｰ　415EAｰR50　ｽﾄｯﾊﾟｰ付　(ｴﾇｴﾌﾃ,$ｷｬｽﾀｰ,,0
12010014,×ｷｬｽﾀｰ　420EAｰR50　ｽﾄｯﾊﾟｰ無　(ｴﾇｴﾌﾃ,$ｷｬｽﾀｰ,,0
12010015,ｵﾑﾛﾝ　ﾏｲｸﾛｽｲｯﾁ　V15ｰ1A5,$ｵﾑﾛﾝ,,0
12010016,30°台形ﾈｼﾞｼｬﾌﾄ　22X1500L,$ﾀﾞｲｹｲ,本,0
12010017,NKK　MLWｰ3028  (岡本→ﾆｯｺｰ),$MLW,,0
12010018,NKK  AT-405  ｱｶ  (岡本→ﾆｯｺｰ),$AT,,0
12010019,Ｏﾘﾝｸﾞ　Gｰ40　(ﾊﾞｲﾄﾝ),$Oﾘﾝｸﾞ,,0
12010020,ｷﾔｽﾀｰ　415EAｰR50(M12X1.75)　　二葉,$ｷｬｽﾀｰ,,0
12010021,ｷｬｽﾀｰ　420EAｰR50(M12X1.75)　　二葉,$ｷｬｽﾀｰ,,0
12010022,三方コック(組)   ﾅｽｺ,$ｻﾝﾎﾟｳ,組,0
12010023,Ｏﾘﾝｸﾞ　G-50　ﾊﾞｲﾄﾝ,$Oﾘﾝｸﾞ,,0
12010024,THK　台形ﾈｼﾞ　CS22Tｰ1500L　(吉岡),$THK,P,0
12010025,ﾊﾝﾏｰｷｬｽﾀｰ  420EAｰR50,$ﾊﾝﾏｰ,P,0
12010026,ﾃﾞﾝｺｳ　AM51620C5    (岡本),$ﾃﾞﾝｺｳ,,0
12010027,ｼﾞｭﾗｺﾝ丸棒　10φX1000L,$ｼﾞｭﾗｺ,本,0
12010028,THK　ｽｸﾘｭｰ軸　CS-22　1500mm,$THK,本,0
12010029,ﾊﾟﾅｿﾆｯｸ ﾏｲｸﾛｽｲｯﾁ AM51640A5N-A(福研),$AM,,0
12010030,SUS304 化粧P #400 1.5X38 4.0M,$SUS,P,0
12010031,×ﾊﾟﾅｿﾆｯｸ　AM51640A5N-A(岡本)　使用,$AM,PCS,0
12010032,ﾀｷｹﾞﾝ　ｽﾃﾝﾚｽ製ﾎﾞｰﾙｷｬｽﾀｰ K-142-5L,$ﾀｷｹﾞﾝ,P,0
12010033,ﾀｷｹﾞﾝ　取手５型　A-66,$ﾀｷｹﾞﾝ,P,0
12010034,ﾀｷｹﾞﾝ　ｵｰﾙﾌﾟﾗｸﾞ　CP-30-HP-7,$ﾀｷｹﾞﾝ,P,0
12010035,ﾅｲﾛﾝ網　NMG58　1200　　(ｱｻﾀﾞﾒｯｼｭ),$ﾅｲﾛﾝｱ,ｍ,0
12010036,THK　ｽｸﾘｭｰ軸　CS22T+1500L,$THK,P,0
12010037,×EB1122/高温電子ﾌﾞｻﾞｰ(ﾌﾘｯｶ)DC使用×,$EB112,,0
12010038,しみぬきやさん101(三方ｺｯｸ軸･ｹｰｼﾝｸﾞ～,$ｼﾐﾇｷ,,0
12010039,狭山　ﾓｰﾀｰ　RB35GM-FMA08-12-1/60,$ｻﾔﾏ,,0
12010040,SUS　NT　16,$SUS,P,0
12020001,"101型本体,扉,電気BOX  (ﾏｴﾀﾞ)",$101ﾎﾝ,,0
12020002,101型　ｼﾞｬｯｷ取付金具　(ﾏｴﾀﾞ),$101ｼﾞ,,0
12020003,101型　ｺﾝﾄﾛｰﾙﾊﾟﾈﾙ  (山内),$101ｺﾝ,,0
12020004,ｱﾙﾐﾊﾟﾈﾙ　101ｺﾝﾄﾛｰﾙﾊﾟﾈﾙ　ｼﾙｸ　(ﾌﾟﾗｽ),$ﾊﾟﾈﾙ,,0
12020005,ﾈｵﾌﾟﾚﾝ(ＣＲ)ｺﾞﾑ 5ｔX60φ(ｱｼﾞｬｽﾀｰ台座,$CRｺﾞﾑ,個,0
12020006,101型　三方ｺｯｸ一式　(12点ｾｯﾄ),$ｻﾝﾎﾟｳ,ｾｯﾄ,0
12020007,防音材 しみぬきやさん101 扉面,$ﾎﾞｳｵﾝ,枚,0
12020008,防音材 しみぬきやさん101 側面,$ﾎﾞｳｵﾝ,枚,0
12020009,防音材 しみぬきやさん101 背面,$ﾎﾞｳｵﾝ,枚,0
12020010,防音材 しみぬきやさん101 底面,$ﾎﾞｳｵﾝ,枚,0
12020011,ﾃｰﾌﾞﾙｽﾀﾝﾄﾞ取付台座(金具),$ﾃｰﾌﾞﾙ,個,0
12020012,"ﾃｰﾌﾞﾙ2枚ｾｯﾄ 740X600X20,460X600 送ﾅｼ",$ﾃｰﾌﾞﾙ,ｾｯﾄ,0
12020013,ｱｰﾑｼﾞｮｰｺﾞ　三方ｺｯｸｱﾀﾞﾌﾟﾀｰ,$ｱｰﾑｼﾞ,個,0
12020014,ｽﾃﾝ角脚　1300X600X740,$ｽﾃﾝｶｸ,台,0
12020015,三方ｺｯｸ ｼﾞｮｲﾝﾄﾊﾟｲﾌﾟ (佐々木),$ｻﾝﾎﾟｳ,,0
12020016,ﾃｰﾌﾞﾙ　1500X700X30,$ﾃｰﾌﾞﾙ,,0
12020017,三方ｺｯｸ一式　(4点ｾｯﾄ),$ｻﾝﾎﾟｳ,ｾｯﾄ,0
12020018,ｱｼﾞｬｽﾀｰ取付金具　しみぬきやさん101,$ｱｼﾞｬｽ,ケ,0
12020019,ﾃｰﾌﾞﾙｽﾀﾝﾄﾞ　　(材料　ａ650),$ﾃｰﾌﾞﾙ,ケ,0
12020020,ｼﾞｬｯｷ昇降ｶﾞｲﾄﾞ　しみぬきやさん101,$ｼﾞｬｯｷ,ケ,0
12020021,ｼﾞｬｯｷ部ｼﾞｮｰｺﾞ取付板しみぬきやさん101,$ｼﾞｬｯｷ,ケ,0
12020022,ｼﾞｬｯｷｽﾗｲﾄﾞ　しみぬきやさん101,$ｼﾞｬｯｷ,ケ,0
12020023,ｼﾞｬｯｷｽｸﾘｭｰ,$ｼﾞｬｯｷ,ケ,0
12020024,ｱｼﾞｬｽﾀｰ軸　しみぬきやさん101,$ｱｼﾞｬｽ,ケ,0
12020025,ｱｼﾞｬｽﾀｰ台座　しみぬきやさん101,$ｱｼﾞｬｽ,ケ,0
12020026,広口ﾎﾟｱﾒｯﾄ ﾚｰｻﾞｰ加工 (材料支給),$ﾋﾛｸﾁ,,0
12020027,ﾃｰﾌﾞﾙ　特注　(RV-102),$ﾃｰﾌﾞﾙ,枚,0
12020028,丸ｼﾞｮｰｺﾞﾈｯﾄﾘﾝｸﾞ外枠 (101),$ﾏﾙｼﾞｮ,ケ,0
12020029,丸ｼﾞｮｰｺﾞﾈｯﾄﾘﾝｸﾞ台座 (101),$ﾏﾙｼﾞｮ,ケ,0
12020030,ﾃｰﾌﾞﾙ　1200X900X32,$ﾃｰﾌﾞﾙ,枚,0
12020031,ﾃｰﾌﾞﾙ　1500X900X32　特注,$ﾃｰﾌﾞﾙ,枚,0
12020032,ｼﾞｮｰｺﾞ　本体,$ｼﾞｮｰｺ,個,0
12020033,ﾌｯﾄｽｲｯﾁ取付ﾊﾟﾈﾙ (101用)　　　山内SP,$ﾌｯﾄｽｲ,,0
12020034,RVｰ101　本体BOX　　(YABU),$101ﾎﾝ,ｾｯﾄ,0
12020035,101　ｱﾙﾐﾊﾟﾈﾙ(ｺﾝﾄﾛｰﾙﾊﾟﾈﾙ)　(YABU),$101ﾊﾟ,枚,0
12020036,RVｰ101用ﾎｰｽｱﾀﾞﾌﾞﾀｰ　　(野村),$RV101,,0
12020037,ﾃｰﾌﾞﾙ　1195X900X21　RVｰ101,$ﾃｰﾌﾞﾙ,枚,0
12020038,広口ｼﾞｮｰｺﾞ　ﾈｯﾄﾘﾝｸﾞ,$ﾋﾛｸﾁ,,0
12020039,RV101 ﾘﾌﾞ付ｽﾄｯﾊﾟｰ    (佐々木),$RV101,,0
12020040,広口ｼﾞｮｰｺﾞ補強板4枚一式(材料支給),$ﾋﾛｸﾁ,,0
12020041,ﾃｰﾌﾞﾙ 特注 (RVｰ101ｾｯﾄ),$ﾃｰﾌﾞﾙ,ｾｯﾄ,0
12020042,広口ｼﾞｮｰｺﾞ補強板　　　(山内),$ﾋﾛｸﾁ,,0
12020043,RV-101(ﾕﾆｯﾄ､BOX､ｼﾞｬｯｷ)塗装込　(SDS),$RV101,ｾｯﾄ,0
12020044,三方ｺｯｸ一式(ｼﾞｬｯｷ部を除く),$ｻﾝﾎﾟｳ,Set,0
12020045,ﾃｰﾌﾞﾙ　600X900X31　RV-101　(特注),$ﾃｰﾌﾞﾙ,,0
12020046,RV-101用ｼﾞｬｯｷ取付金具　　(SDS),$RV101,,0
12020047,丸口ｼﾞｮｰｺﾞ補強板　　(山内),$ﾏﾙｸﾁ,,0
12020048,101三方ｺｯｸ(ｱｼﾞｬｽﾀｰ部3点ﾃｰﾌﾞﾙｽﾀﾝﾄﾞ無),$ｻﾝﾎﾟｳ,ｾｯﾄ,0
12020049,広口ｼﾞｮｰｺﾞ(吸込み口)　　(新木),$ﾋﾛｸﾁ,個,0
12020050,広口ｼﾞｮｰｺﾞ枠　　　(新木),$ﾋﾛｸﾁ,ケ,0
12020051,丸口ｼﾞｮｰｺﾞｽﾍﾟｰｻｰ SUS2.0tx115φ(山内),$ﾏﾙｸﾁ,,0
12020052,101ﾃｰﾌﾞﾙｽﾀﾝﾄﾞ 取付金具台座 (野村),$101ﾃｰ,ケ,0
12020053,楕円ﾊﾟﾝﾁﾝｸﾞ板2tX15φX20P(ﾚｰｻﾞｰ加工),$ﾀﾞｴﾝ,,0
12020055,三方ｺｯｸ一式（4点）,$ｻﾝﾎﾟｳ,,0
12020056,三方ｺｯｸ　広口ｼﾞｮｰｺﾞ取付ﾌﾟﾚｰﾄ,$ｻﾝﾎﾟｳ,,0
12020057,三方ｺｯｸ　ｼﾞｬｯｷｽﾗｲﾄﾞ,$ｻﾝﾎﾟｳ,,0
12020058,三方ｺｯｸ　ｼﾞｬｯｷｽｸﾘｭｰ,$ｻﾝﾎﾟｳ,,0
12020059,三方ｺｯｸ　昇降用ｶﾞｲﾄﾞ,$ｻﾝﾎﾟｳ,,0
12020060,三方ｺｯｸ　ｱｼﾞｬｽﾀｰ台座,$ｻﾝﾎﾟｳ,,0
12020061,三方ｺｯｸ　ｱｼﾞｬｽﾀｰ軸,$ｻﾝﾎﾟｳ,,0
12020062,三方ｺｯｸ一式(ﾃｰﾌﾞﾙ･ｱｼﾞｬｽﾀｰ取付金具無,$ｻﾝﾎﾟｳ,,0
12020063,ﾃｰﾌﾞﾙ590×1200×20しみぬきやさん101,$ﾃｰﾌﾞﾙ,,0
12020064,ｼﾞｮｰｺﾞ本体　新木,$ｼﾞｮ,個,0
12020065,ﾚｰｻﾞｰ加工楕円型ﾊﾟﾝﾁﾝｸﾞ板2×6×9,$ﾚｰ,,0
12020066,101広口ﾊﾟﾝﾁ穴付床板　和sus2t×284×8,$101 ,,0
12030002,ﾒｯｷ　NT　12,$ﾒｯｷ,Ｐ,0
12030003,ﾒｯｷ　SW(ｽﾌﾟﾘﾝｸﾞﾜｯｼｬｰ)　12,$ﾒｯｷ,Ｐ,0
12030005,ﾒｯｷ　NT　16,$ﾒｯｷ,P,0
12110001,ﾓﾚｯｸｽ ﾌﾟﾗｸﾞ 1625-03P1,$ﾓﾚｯｸｽ,個,0
12110002,ﾓﾚｯｸｽ ﾘｾﾌﾟﾀｸﾙ 1625-03R,$ﾓﾚｯｸｽ,個,0
12110003,ﾓﾚｯｸｽ ﾌﾟﾗｸﾞ 1625-06P1,$ﾓﾚｯｸｽ,個,0
12110004,ﾓﾚｯｸｽ ﾘｾﾌﾟﾀｸﾙ 1625-06R,$ﾓﾚｯｸｽ,個,0
12110005,ﾓﾚｯｸｽ　ﾋﾟﾝ　1560TL,$ﾓﾚｯｸｽ,,0
12110006,ﾓﾚｯｸｽ　ﾋﾟﾝ　1561TL　　　　　岡本,$ﾓﾚｯｸｽ,,0
12120001,"ﾃｰﾌﾞﾙ 670X460X21 (ﾛｯﾄ20枚,送料ﾅｼ)",$ﾃｰﾌﾞﾙ,枚,0
12120002,ﾓｰﾀｰ用止め板(201型),$ﾓｰﾀｰﾄ,個,0
12120003,広口ｼﾞｮｰｺﾞ押え板,$ﾋﾛｸﾁ,,0
12120004,ﾊﾞｷｭｰﾑﾀﾝｸ　201型　ﾋﾟﾝｸ,$ﾊﾞｷｭｰ,台,0
12120005,"ﾃｰﾌﾞﾙ 250X460X20ｰ24,500X460X20ｰ24",$ﾃｰﾌﾞﾙ,ｾｯﾄ,0
12120006,RVｰ201用ﾓｰﾀｰ取付金具   (山内),$ﾓｰﾀｰ,ケ,0
12120007,しみぬきやさん101　三方ｺｯｸ軸　(野村),$ｼﾐﾇｷﾔ,ケ,0
12210001,ﾀｷｹﾞﾝ　CP-30-HP-3,$ﾀｷｹﾞﾝ,P,0
12220001,×防音材 しみぬきやさん202 側面　使,$ﾎﾞｳｵﾝ,枚,0
12220002,×防音材 しみぬきやさん202 扉面　使,$ﾎﾞｳｵﾝ,枚,0
12220003,×防音材 しみぬきやさん202 背面　使,$ﾎﾞｳｵﾝ,枚,0
12220004,×防音材 しみぬきやさん202 底面　使,$ﾎﾞｳｵﾝ,枚,0
12220005,ﾃｰﾌﾞﾙ　750X460X20(21)　(RVｰ202新型),$ﾃｰﾌﾞﾙ,ｾｯﾄ,0
12220006,ﾊﾟﾈﾙｼﾙｸ　RVｰ202 (＠は枚数による),$ﾊﾟﾈﾙ,枚,0
12220007,202用　特注部品　(野村),$ﾄｸﾁｭｳ,,0
12220008,ﾊﾟﾈﾙｼﾙｸ　RV-202　電気ﾕﾆｯﾄ(＠随時),$ﾊﾟﾈﾙ,枚,0
12220009,ﾃｰﾌﾞﾙ　700X420X20　RVｰ202特注,$ﾃｰﾌﾞﾙ,枚,0
12310001,ｼﾞｭﾗｺﾝ丸棒　110πX1m,$ｼﾞｭﾗｺ,本,0
12320001,ｱｰﾑｼﾞｮｰｺﾞ穴加工,$ｱｰﾑｼﾞ,台,0
12320002,ｽﾃﾝ　ｱｰﾑｼﾞｮｰｺﾞ　303用　(ﾏｴﾀﾞ),$ｱｰﾑｼﾞ,ｾｯﾄ,0
12320003,ｱｰﾑｼﾞｮｰｺﾞｽﾀﾝﾄﾞ(303用) 野村,$ｱｰﾑｼﾞ,,0
12320004,BX303三方ｺｯｸ一式(ｹｰｼﾝｸﾞ･軸･ｱﾀﾞﾌﾟﾀﾌﾟﾚ,$ｻﾝﾎﾟｳ,ｾｯﾄ,0
12320005,ﾃｰﾌﾞﾙ　1200X600X20　特注,$ﾃｰﾌﾞﾙ,枚,0
12320006,ｽﾃﾝ袖馬 (BXｰ303用),$ｽﾃﾝｿﾃ,ｾｯﾄ,0
12320007,特注部品(303),$ﾄｸﾁｭｳ,,0
12320008,ﾃｰﾌﾞﾙ　特注(303),$ﾃｰﾌﾞﾙ,,0
12410001,ｼﾞｭﾗｺﾝ丸棒　17.5πX1ｍ,$ｼﾞｭﾗｺ,本,0
12410002,ｲﾏｵ　ｴﾝﾌﾟﾗ回転握り　FRｰ18,$ｲﾏｵｴﾝ,P,0
12410003,ｼﾞｭﾗｺﾝ丸棒　80πX1ｍ　(ｼﾊﾞﾀ),$ｼﾞｭﾗｺ,本,0
12410004,ﾃｰﾌﾞﾙ　900X600X32,$ﾃｰﾌﾞﾙ,枚,0
12410005,蛍光灯ｾｯﾄ　FA42219F GL,$ｹｲｺｳ,ｾｯﾄ,0
12410006,今尾　ｴﾝﾌﾟﾗ回転握り　SFR-22,$ｲﾏｵ,P,0
12410007,特注部品,$ﾄｸﾁｭｳ,,0
12420001,SBｰ101　ﾀﾝｸ　　(福研),$SB101,,0
12420002,ｽﾃﾝ角脚　1500X800X740,$ｽﾃﾝｶｸ,台,0
12420003,ｼﾞｬｯｷ受け,$ｼﾞｬｯｷ,台,0
12420004,ｼﾞｬｯｷ受け取付板,$ｼﾞｬｯｷ,枚,0
12420005,ﾃｰﾌﾞﾙ　1800X900X30　SB-101,$ﾃｰﾌﾞﾙ,枚,0
12420006,ﾊﾞｷｭｰﾑ　ｼﾞｬｯｷｸﾗﾝｸ,$ｼﾞｬｯｷ,個,0
12420007,丸ｼﾞｮｰｺﾞ取付板ｶﾞｲﾄﾞ,$ﾏﾙｼﾞｮ,個,0
12420009,ｼﾞｬｯｷｽｸﾘｭｰﾌﾗﾝｼﾞ,$ｼﾞｬｯｷ,個,0
12420010,ｼﾞｬｯｷﾊﾝﾄﾞﾙ軸,$ｼﾞｬｯｷ,個,0
12420011,ﾊﾞｷｭｰﾑﾀﾝｸ　101型　　(岡田),$ﾊﾞｷｭｰ,台,0
12420012,丸ｼﾞｮｰｺﾞｼﾞｬｯｷﾌﾞﾛｯｸ,$ﾏﾙｼﾞｮ,個,0
12420013,ﾃｰﾌﾞﾙ　900X580X32,$ﾃｰﾌﾞﾙ,,0
12420014,SBｰ101　本体BOX　旧標準ﾀｲﾌﾟ,$SB101,,0
12420015,SBｰ101　電気BOX　旧標準ﾀｲﾌﾟ,$SB101,,0
12420016,SBｰ101　部品取付金具　旧標準ﾀｲﾌﾟ,$SB101,,0
12420017,ｽﾃﾝ角脚,$ｽﾃﾝｶｸ,,0
12420018,旧型ステン棚板 (大),$ｽﾃﾝﾀﾅ,,0
12420019,ﾊﾞｷｭｰﾑﾀﾝｸ　101型　(支給部品あり),$ﾊﾞｷｭｰ,台,0
12420020,塩ﾋﾞｸﾞﾚｰ丸口ｼﾞｮｰｺﾞ取付ｽﾍﾟｰｻｰ(特注),$ｴﾝﾋﾞ,本,0
12420021,ﾃｰﾌﾞﾙ　1800X800X32　(特注),$ﾃｰﾌﾞﾙ,枚,0
12420022,ﾃｰﾌﾞﾙ　1800X900X32(31)　SBｰ101,$ﾃｰﾌﾞﾙ,枚,0
12420023,SBｰ101 丸口ｼﾞｮｰｺﾞ受け金具,$SB101,,0
12420024,"ｶﾞﾝ吊りﾊﾟｲﾌﾟ(500L,600L)  野村",$ｶﾞﾝﾂﾘ,ｾｯﾄ,0
12420025,ﾃｰﾌﾞﾙ　1400X800X31　SBｰ101特注,$ﾃｰﾌﾞﾙ,枚,0
12420026,ﾃｰﾌﾞﾙ　1200X700X50 (SBｰ101特注),$ﾃｰﾌﾞﾙ,ｾｯﾄ,0
12420027,SB-101 ｻｽﾍﾟﾝﾀﾞｰ　　　(ﾏｴﾀﾞ),$SB101,ケ,0
12420028,ﾃｰﾌﾞﾙ　300X400X30　(101特注),$ﾃｰﾌﾞﾙ,枚,0
12420029,ﾃｰﾌﾞﾙ　980X620X31(SB-101特注),$ﾃｰﾌﾞﾙ,枚,0
12420030,ﾃｰﾌﾞﾙ　600X1200X31(SB-101特注)  野村,$ﾃｰﾌﾞﾙ,枚,0
12420031,ﾃｰﾌﾞﾙ　特注,$ﾃｰﾌﾞﾙ,枚,0
12420032,SB-101　特注,$SB101,,0
12420033,ﾃｰﾌﾞﾙ　897X597X12　ｱｲﾛﾝ台ﾒｻﾞﾗ板素張,$ﾃｰﾌﾞﾙ,枚,0
12420034,ｽﾃﾝ角脚ﾊﾟｲﾌﾟ　SB-101　1800X900用,$ｽﾃﾝｶｸ,,0
12420035,SB-101標準BOX一式(電気BOX･取付金具含,$SB101,Set,0
12420036,SB-102丸口ｼﾞｮｰｺﾞ受け金具SUS1.5ｔ×10,$SB102,,0
12420037,SB-102　ｽﾃﾝ角足ﾊﾟｲﾌﾟ　32口×500×900,$SB102,,0
12420038,SB-102　ｻｽﾍﾟﾝﾀﾞｰ取付ﾊﾟｲﾌﾟ　ﾊﾟｲﾌﾟ支給,$SB102,,0
12430001,SUS  BT  6X80,$SUS,P,0
12430002,SUS　BT　8X80,$SUS,P,0
12500002,ｵﾘｴﾝﾀﾙﾓｰﾀｰﾌｧﾝﾓｰﾀｰMS14-DC　AC200V,$ｵﾘ,,0
12500003,ｵﾘｴﾝﾀﾙﾓｰﾀｰﾌｨﾝｶﾞｰｶﾞｰﾄﾞ　FG14D,$ｵﾘ,,0
12500004,SUS　BT　12×50,$SUS,,0
12520001,ﾊﾞｷｭｰﾑﾀﾝｸ　103型,$ﾊﾞｷｭｰ,台,0
12710001,ﾀｷｹﾞﾝ　ｸﾞﾛﾒｯﾄ　Cｰ30ｰNGｰ79ｰK,$ﾀｷｹﾞﾝ,個,0
12710002,ｴｰｽﾎﾞｰﾙﾊﾞﾙﾌﾞ BHｰ1310  (福研),$ｴｰｽ,個,0
12710003,ｺﾞﾑ足 KPｰ12,$ｺﾞﾑｱｼ,個,0
12710004,ﾀｷｹﾞﾝ　C-30-NG-79ｰM,$ﾀｷｹﾞﾝ,,0
12710005,ｱﾒﾘｶﾝ　BNｰ8,$ｱﾒﾘｶﾝ,,0
12720001,ｽﾃﾝ補強ＢＯＸ,$ﾎｷｮｳﾎ,ｾｯﾄ,0
12720002,ﾃｰﾌﾞﾙ　283X319X25  ｸﾘｱﾒｲﾄ,$ﾃｰﾌﾞﾙ,枚,0
12720003,ｸﾘｱﾒｲﾄ　部品取付ﾊﾟﾈﾙ(金具),$ｸﾘｱﾒｲ,,0
12720005,ﾃｰﾌﾞﾙ　283X315X25,$ﾃｰﾌﾞﾙ,枚,0
12720006,ｸﾘｱﾒｲﾄﾐﾆ ﾓｰﾀｰﾍﾞｰｽ,$ｸﾘｱﾒｲ,,0
12810001,SAMDBS　2P　300W　ﾌﾞﾛｱｰ,$SAMDB,台,0
12810002,ﾀﾞｸﾄEE型　75φ,$ﾀﾞｸﾄ,ｍ,0
12820001,Bｰ230　角ｼﾞｮｰｺﾞ　本体のみ,$B230ｶ,,0
12820002,"Bｰ230　角ｼﾞｮｰｺﾞ　ﾘﾝｸﾞ,台座,ｱﾐ",$B230ｶ,ｾｯﾄ,0
12820003,Bｰ230　ﾓｰﾀｰﾌﾗﾝｼﾞ　(排気用),$B-230,,0
12820004,Bｰ230　ﾓｰﾀｰﾌﾗﾝｼﾞ　(吸気用),$B-230,,0
12820005,Bｰ230　ﾃｰﾌﾞﾙ脚,$B230ﾃ,,0
12820006,Bｰ230　ﾈｯﾄ押えﾘﾝｸﾞ,$B230,,0
12820007,Bｰ230　ﾈｯﾄ受け板,$B230,,0
12830001,ﾒｯｷ　BT　10X25,$ﾒｯｷ,P,0
12830002,ﾒｯｷ　SW(ｽﾌﾟﾘﾝｸﾞﾜｯｼｬｰ)　10,$ﾒｯｷ,P,0
12830003,ﾒｯｷ　丸座(平ﾜｯｼｬｰ)　10,$ﾒｯｷ,P,0
12830004,ﾒｯｷ　NT　10,$ﾒｯｷ,P,0
12910001,ｵﾘｴﾝﾀﾙﾓｰﾀｰ　4RK25GNｰC,$ｵﾘｴﾝﾀ,,0
12910002,ｵﾘｴﾝﾀﾙ　4GNｰ18K　　ｷﾞｱﾍｯﾄﾞ,$ｵﾘｴﾝﾀ,,0
12910003,ﾀｲﾐﾝｸﾞﾌﾟｰﾘｰ　18Lｰ050BF,$ﾀｲﾐﾝｸ,,0
12910004,ｵﾑﾛﾝ　ﾘﾐｯﾄｽｲｯﾁ　D4MCｰ2000,$ｵﾑﾛﾝ,,0
12910005,ﾌﾘｰｽﾊﾟﾝ　LｰO50ｰG,$ﾌﾘｰｽﾊ,ｍ,0
12910006,SUS304　ｶｸP　H･L　1.2X22X12　5.0m,$SUS,P,0
12910007,SUS304 COLD FB 5X30 4.0m(4.76kg)/1P,$SUS,P,0
12910008,NIC ｱﾙﾐﾌﾚｰﾑ(ｱﾙﾌｧﾌﾚｰﾑ)AFS-3060 2M,$NIC,M,0
12910009,NBK　ﾀｲﾐﾝｸﾞﾌﾟｰﾘｰ　18ｰLｰ050ｰTF,$NBK,Ｐ,0
12910010,NBK　ﾌﾞｯｼﾝｸﾞ　1108ｰ10,$NBK,P,0
12910011,NMB　ﾍﾞｱﾘﾝｸﾞ　LF-1910ZZ,$NMB,Ｐ,0
12910012,NMB　ﾍﾞｱﾘﾝｸﾞ　RF-1350ZZ,$NMB,Ｐ,0
12910013,NIC　四角ﾅｯﾄ　NSM-06ｰ6,$NIC,Ｐ,0
12910014,NIC　四角ﾅｯﾄ　NSMｰ06ｰ4,$NIC,Ｐ,0
12910015,NIC　ﾅｯﾄﾎﾙﾀﾞｰ　NH-06-GR,$NIC,Ｐ,0
12910016,日開　ｽｲｯﾁ　S-28AW,$ﾆｯｶｲ,,0
12910017,日開　ｽｲｯﾁ　Sｰ831,$ﾆｯｶｲ,,0
12910019,NIC ｱﾙﾌｧﾌﾚｰﾑ AFS-3060  3M,$NIC,Ｐ,0
12910020,ﾆｼﾑﾗ  ﾌﾘｸｼｮﾝﾌﾞﾛｱｰ  FBｰ3700 (福研),$ﾆｼﾑﾗ,,0
12910021,SUS 304 GOLD FB 3X50  4.0m(4.76K)/1P,$SUS,P,0
12910022,ﾆｯｶｲ  ﾄｸﾞﾙｽｲｯﾁ  Sｰ38,$ﾆｯｶｲ,,0
12910024,ﾄﾗｲﾄﾞﾝﾊﾞﾝﾄﾞ　HS　40,$ﾄﾗｲﾄﾞ,ケ,0
12910025,ＤＶ継手　65X50 IN,$DVﾂｷﾞ,ケ,0
12910026,ＤＶ継手　50L,$DVﾂｷﾞ,ケ,0
12910029,NIC　ｱﾙﾐﾌﾚｰﾑ　AFSｰ3060ｰ6ｰ1100,$NIC,P,0
12910032,SUS304　FB　COLD　5X30X(Ｌ)/kg,$SUS,kg,0
12910033,三ツ星　ﾀｲﾐﾝｸﾞﾌﾟｰﾘｰ　18 L 050 A,$ﾀｲﾐﾝｸ,P,0
12910036,ｷｬｯﾌﾟｽｸﾘｭｰ　6X30,$ｷｬｯﾌﾟ,P,0
12910037,ｷｬｯﾌﾟｽｸﾘｭｰ　6X15,$ｷｬｯﾌﾟ,P,0
12910038,日開　Sｰ338,$ﾆｯｶｲ,,0
12910039,ﾀｲﾐﾝｸﾞﾍﾞﾙﾄ　LO50ｰ3G,$ﾀｲﾐﾝｸ,Ｍ,0
12910040,NIC  ｱﾙﾐﾌﾚｰﾑ  AFSｰ3060ｰ1600m/m,$NIC,P,0
12910041,SUS304 COLD FB 5X30X2200,$SUS,P,0
12910042,NIC  AFS-3060ｰ2200,$NIC,P,0
12910043,SUS304　平(COLD)切　5X30X1600,$SUS,P,0
12910044,ｵﾘｴﾝﾀﾙﾓｰﾀｰ　3RK15GN-CWE,$ｵﾘｴﾝﾀ,P,0
12910045,ｵﾘｴﾝﾀﾙﾓｰﾀｰ　3GN30K,$ｵﾘｴﾝﾀ,P,0
12910046,TMﾍﾞﾙﾄ　050-L-4M,$TM,本,0
12920001,ﾄﾗﾊﾞｰｻ吸引口ﾎﾙﾀﾞｰ,$ﾄﾗﾊﾞｰ,,0
12920002,ﾉｽﾞﾙﾄﾗﾊﾞｰｻ,$ﾉｽﾞﾙﾄ,,0
12920003,ﾓｰﾀｰﾌﾗﾝｼﾞ(検反機ﾊﾞｷｭｰﾑ),$ﾓｰﾀｰﾌ,ケ,0
12920004,ｱｲﾄﾞﾗｰﾌﾟﾚｰﾄ,$ｱｲﾄﾞﾗ,ケ,0
12920005,ﾀｲﾐﾝｸﾞﾌﾟｰﾘｰｽﾍﾟｰｻｰ,$ﾀｲﾐﾝｸ,ケ,0
12920006,ﾍﾞﾙﾄﾌｨｸｻｰｶﾞｰﾄﾞｽﾍﾟｰｻｰ,$ﾍﾞﾙﾄﾌ,ケ,0
12920007,ﾄｸﾞ　(検反機ﾊﾞｷｭｰﾑ),$ﾄｸﾞ,ケ,0
12920008,吸引口ﾎﾙﾀﾞｰｶﾞｲﾄﾞﾌﾟﾚｰﾄ,$ｷｭｳｲﾝ,ケ,0
12920009,ﾚｰﾙ取付ｽﾍﾟｰｻｰ,$ﾚｰﾙﾄﾘ,ケ,0
12920010,ﾍﾞﾙﾄﾌｨｸｻｰ,$ﾍﾞﾙﾄ,ケ,0
12920011,角ｼﾞｮｰｺﾞﾈｯﾄ枠 20X20X220L(検反機用),$ｶｸｼﾞｮ,,0
12920012,角ｼﾞｮｰｺﾞﾈｯﾄ枠 20X20X380L(検反機用),$ｶｸｼﾞｮ,,0
12920013,ﾌﾞﾗｹｯﾄ　(ﾉｽﾞﾙﾄﾗﾊﾞｰｻ用),$ﾌﾞﾗｹｯ,ケ,0
12920014,ﾉｽﾞﾙﾎﾙﾀﾞｰｶﾞｲﾄﾞﾌﾟﾚｰﾄ,$ﾉｽﾞﾙﾎ,ケ,0
12920015,ﾉｽﾞﾙﾄﾗﾊﾞｰｻ取付金具,$ﾉｽﾞﾙﾄ,ケ,0
12920016,ﾉｽﾞﾙﾄﾗﾊﾞｰｻｶﾞｲﾄﾞ(寸法個別価格随時),$ﾉｽﾞﾙﾄ,,0
12920017,ｱﾙﾐﾌﾚｰﾑ保持金具,$ｱﾙﾐﾌﾚ,ケ,0
12920018,角ｼﾞｮｰｺﾞ取付板　(検反機用),$ｶｸｼﾞｮ,,0
12920019,ﾓｰﾀｰ取付板　(検反機用),$ﾓｰﾀｰ,,0
12920020,98ｰ0202　ﾄﾗﾊﾞｰｻﾄﾞﾗｲﾌﾞﾓｰﾀｰ取付板,$98 ,ケ,0
12920021,98-0201　ﾄﾗﾊﾞｰｻﾘﾐｯﾄｽｲｯﾁ取付金具,$98 ,ケ,0
12920022,ﾉｽﾞﾙﾄﾗﾊﾞｰｻ角ﾊﾟｲﾌﾟ(寸法個別価格随時),$ﾉｽﾞﾙﾄ,,0
12920023,丸口ｼﾞｮｰｺﾞ用ｽﾍﾟｰｻｰ(検反機用)　野村,$ﾏﾙｸﾁ,,0
12930001,"ﾒｯｷ　BN,2W,2SW　10X60",$ﾒｯｷ,Ｐ,0
12930002,"ﾒｯｷ　BN,2W,2SW　8X30",$ﾒｯｷBN,Ｐ,0
12930003,CAP.NT.W.SW  10X40,$CAP,P,0
12930004,CAP  6X30,$CAP,P,0
12930005,CAP  6X15,$CAP,P,0
12930006,CAP  5X10,$CAP,P,0
12930007,CAP  4X30,$CAP,P,0
12930008,SUS  CAP  4X8,$SUS,P,0
12930009,SUS  CAP  3X10,$SUS,P,0
12930010,SUS  ｻﾗﾋﾞｽ  4X25,$SUS,P,0
12930011,CAP  6X35,$CAP,P,0
12930012,CAP  6X40,$CAP,Ｐ,0
12930013,CAP　6X60,$CAP,Ｐ,0
12930014,SUS　BT　8X50,$SUS,Ｐ,0
12930015,SUS　NT　8,$SUS,Ｐ,0
12930016,SUS　BT　8X60,$SUS,P,0
13010001,ﾄﾞﾗｲﾔｰ　EH502HP,$ﾄﾞﾗｲﾔ,台,0
13010002,ﾆｼﾁｭｰﾌﾞNPR-20-1(NPM20-10-1より変更,$ﾆｼﾁｭｰ,ｍ,0
13010003,CFS ﾌﾚｷｼﾌﾞﾙﾁｭｰﾌﾞ 14X8X360L 保持力700,$CFS,P,0
13010004,SUS304 化粧P #400 1.2X16 4.0M,$SUS,P,0
13010005,ﾌｯﾄｽｲｯﾁ　韓国製,$ﾌｯﾄｽｲ,,0
13010006,ﾄﾞﾗｲﾔｰ　EH544B　220V,$ﾄﾞﾗｲﾔ,台,0
13010007,ｵｼﾞﾃﾞﾝ　ﾌｯﾄｽｲｯﾁ　OFL-VｰM4(ｺｰﾄﾞﾅｼ),$ｵｼﾞﾃﾞ,個,0
13010008,富士端子　CE-2,$ﾌｼﾞﾀﾝ,,0
13010009,日幸工業(ﾒｰｶｰ･ﾑﾂﾐｷﾝｿﾞｸ)Sｰ13 ﾜｲﾔｰｽﾃｯｶ,$ﾆｯｺｳ,,0
13010010,ﾅｼｮﾅﾙ　WH2711BP ﾌｯﾄｽｲｯﾁ (福研),$ﾅｼｮﾅﾙ,,0
13010011,中央ﾌﾚｷ ｽﾀﾝﾄﾞﾁｭｰﾌﾞ 14X8 10ｍ巻(吉岡),$ﾌﾚｷ,P,0
13010012,CFS ﾌﾚｷｼﾌﾞﾙﾁｭｰﾌﾞ 14X8X250(保持力700),$CFS,P,0
13010013,CFS ﾌﾚｷｼﾌﾞﾙﾁｭｰﾌﾞ 14X8X350L(保持力700,$CFS,P,0
13010014,ｽﾌﾟﾘｭｰ  M3X0.5 1.5D,$ｽﾌﾟﾘｭ,P,0
13010015,CFS ﾌﾚｷｼﾌﾞﾙﾁｭｰﾌﾞ 14X8X600L(保持力700,$CFS,P,0
13010016,ﾄﾞﾗｲﾔｰ　EH506PｰK(黒)　ｱﾒﾘｶ輸出用,$ﾄﾞﾗｲﾔ,,0
13010017,×ﾊﾟﾅｿﾆｯｸ　EH5101P-P ﾄﾞﾗｲﾔｰ　使用×,$EH510,,0
13010018,WH2711KBP まごの手式ﾌｯﾄｽｲｯﾁ (ﾆｯｺｰ),$WH271,,0
13010019,ﾊﾟﾅｿﾆｯｸ　EH504PP-A  ﾄﾞﾗｲﾔｰ  (ﾆｯｺｰ),$ﾊﾟﾅ,台,0
13010020,CFS ﾌﾚｷｼﾌﾞﾙﾁｭｰﾌﾞ 14X8X800L 保持力700,$CFS,P,0
13010021,CFS ﾌﾚｷｼﾌﾞﾙﾁｭｰﾌﾞ 14X8X500L 保持力700,$CFS,P,0
13010022,ｽﾌﾟﾘｭｰ　M3X0.5　3D,$ｽﾌﾟﾘｭ,P,0
13010023,CFS ｽﾀﾝﾄﾞﾁｭｰﾌﾞ 保持力750g φ14X250L,$CFS,P,0
13010024,真鍮丸　18.0X4000,$ｼﾝﾁｭｳ,P,0
13010025,真鍮丸　25φX1000,$ｼﾝﾁｭｳ,P,0
13010027,ﾄﾞﾗｲﾔｰ　EH5101P-P(ﾆｯｺｰ→福研,$ﾄﾞﾗｲﾔ,,0
13010028,CFS ﾌﾚｷｼﾌﾞﾙﾁｭｰﾌﾞ14×8×400L保持力700,$CFS,P,0
13010029,EH5101P-A　ﾄﾞﾗｲﾔｰ　ﾆｯｺｰ,$EH51,,0
13020001,ﾌﾚｷｼﾌﾞﾙﾄﾞﾗｲﾔｰｸﾗﾝﾌﾟﾕﾆｸﾛﾒｯｷ→三価ｸﾛﾒｰﾄ,$ﾌﾚｷｼ,,0
13020002,ﾌﾚｷｼﾌﾞﾙﾄﾞﾗｲﾔｰ ｼﾞｮｲﾝﾄＡ,$ﾌﾚｷｼﾌ,個,0
13020003,ﾌﾚｷｼﾌﾞﾙﾄﾞﾗｲﾔｰ ｼﾞｮｲﾝﾄＢ,$ﾌﾚｷｼﾌ,個,0
13020004,ﾌﾚｷｼﾌﾞﾙﾄﾞﾗｲﾔｰ 蝶ﾈｼﾞ,$ﾌﾚｷｼﾌ,個,0
13020005,ﾌﾚｷｼﾌﾞﾙﾄﾞﾗｲﾔｰ ｸﾗﾝﾌﾟ押え金具,$ﾌﾚｷｼﾌ,個,0
13020006,ﾌﾚｷｼﾌﾞﾙﾄﾞﾗｲﾔｰ 取付ﾊﾟｲﾌﾟ,$ﾌﾚｷｼﾌ,個,0
13020007,ﾜｲﾔｰﾊﾟｲﾌﾟｶｯﾄ,$ﾜｲﾔｰﾊ,ケ,0
13020008,"ﾄﾞﾗｲﾔｰﾎﾙﾀﾞｰ,ﾌﾚｷｼﾌﾞﾙﾄﾞﾗｲﾔｰｼﾞｮｲﾝﾄ金具",$ﾄﾞﾗｲﾔ,組,0
13020009,ﾌﾚｷﾎｰｽ切断　250mm   (岡田),$ﾌﾚｷﾎｰ,本,0
13020010,ﾌﾚｷﾎｰｽ切断 350mm  (岡田),$ﾌﾚｷﾎｰ,本,0
13020011,ﾌﾚｷｼﾌﾞﾙ切断　　　(佐々木),$ﾌﾚｷｼ,,0
13020012,ﾄﾞﾗｲﾔｰ取付金具 100x50x30 SUS430 3t,$ﾄﾞﾗｲﾔ,,0
13020013,ﾌﾚｷｼﾌﾞﾙｵｰﾄﾄﾞﾗｲﾔｰ特注,$ﾌﾚｷｼﾌ,,0
13020014,しみぬきやさん301ﾃｰﾌﾞﾙｽﾀﾝﾄﾞ,$ｼﾐ,,0
13030001,ﾒｯｷ　ﾁｮｳBT　8X60,$ﾒｯｷ,P,0
13030002,SUS  ｻﾗﾋﾞｽ  4X6,$SUS,P,0
13030003,SUS  ｻﾗﾋﾞｽ  4X5,$SUS,Ｐ,0
13110001,AMETEK　ﾌﾞﾛﾜｰﾓｰﾀｰ　116757ｰ13(時価),$AMETE,,0
13110002,ﾚﾍﾞﾙｽｲｯﾁ　DFS-2-2　SUS304　200V,$ﾚﾍﾞﾙｽ,,0
13110003,ﾃｰﾌﾞﾙ　400X550X20　RSｰ221,$ﾃｰﾌﾞﾙ,枚,0
13110004,ﾅｼｮﾅﾙ WH2711WP ﾏｺﾞﾉﾃ式ﾌｯﾄｽｲｯﾁ 福研,$ﾅｼｮﾅﾙ,,0
13110005,"ASﾊﾟｲﾌﾟ 15πX10πX2000L(+運賃,ｶｯﾄ代)",$ASﾊﾟｲ,本,0
13110006,塩ﾋﾞﾊﾟｲﾌﾟ脚　VPｰ8,$ｴﾝﾋﾞ,,0
13110007,ﾃｰﾌﾞﾙ　600X400X20　RSｰ221,$ﾃｰﾌﾞﾙ,枚,0
13110008,AMETEK116757ｰ13用ｶｰﾎﾞﾝﾌﾞﾗｼ(2個1SET,$AMETE,,0
13110009,塩ﾋﾞﾊﾟｲﾌﾟ脚(ｷｬｯﾌﾟ)　VPｰ9,$ｴﾝﾋﾞ,,0
13110010,ﾃｰﾌﾞﾙ　500X400X14(15)　(RSｰ221ｱﾝﾀﾞｰ),$ﾃｰﾌﾞﾙ,枚,0
13110011,VCTFｰ22　1.25X2C　L=35cm　(P付),$VCTF,本,0
13110012,日圧　ｺﾈｸﾀｰ　LLR-04,$LLR,,0
13110013,日圧　ｺﾈｸﾀｰ　LLP-04,$LLP,,0
13110014,塩ﾋﾞｸﾞﾚｰ丸棒　30πX2M,$ｴﾝﾋﾞ,本,0
13110015,PP丸棒　30πX1m　　(ｳｨﾌﾞﾃｯｸ),$PPﾏﾙ,本,0
13110016,×ﾅｼｮﾅﾙ WH2711WP  ﾏｺﾞﾉﾃｼｷﾌｯﾄSW (ﾆｯｺｰ,$ﾅｼｮﾅﾙ,,0
13110017,ﾆﾁｱﾂ  LLR-04,$ﾆﾁｱﾂ,,0
13110018,ﾆﾁｱﾂ　LLP-04,$ﾆﾁｱﾂ,,0
13110019,ﾎﾟﾘｶｰﾎﾞﾈｰﾄ丸棒　30φX1000L ﾅﾁｭﾗﾙ,$ﾎﾟﾘｶ,本,0
13110020,真鍮丸　16.0X4000,$ｼﾝﾁｭｳ,P,0
13110021,塩ビｺﾞﾑ脚(ｷｬｯﾌﾟ)　VP-7,$ｴﾝﾋﾞ,,0
13110022,AMETEKｶｰﾎﾞﾝﾌﾞﾗｼ　833378-50(2本入,$AMETEK,,0
13120001,Ｌ型ﾎﾟｰﾙ,$Lｶﾞﾀ,本,0
13120002,ﾗﾛｰｻﾞ TECHNO SHOWER ｼｰﾙ(小)3000枚@18,$ｼｰﾙ,枚,0
13120003,ﾊﾞｷｭｰﾑﾀﾝｸ一式　RSｰ221,$ﾊﾞｷｭｰ,台,0
13120004,塩ﾋﾞｱｲﾎﾞﾘｰ　5tx300π　ﾊﾞｷｭｰﾑ天板,$ｴﾝﾋﾞｱ,,0
13120005,RSｰ221　ﾃｰﾌﾞﾙ脚ｻﾎﾟｰﾄ,$RS221,,0
13120006,RSｰ221　ﾃｰﾌﾞﾙ脚ｰ1　　(野村),$RS221,,0
13120007,RSｰ221　ﾃｰﾌﾞﾙ脚ｰ2 　　(野村),$RS221,,0
13120008,RSｰ221　ﾌﾛｰﾄｽｲｯﾁ取付ﾊﾟｲﾌﾟ,$RS221,,0
13120009,RSｰ221　ﾌﾛｰﾄSWﾊﾟｲﾌﾟ取付金具,$RS221,,0
13120010,RSｰ221用　ｻｽﾍﾟﾝﾀﾞｰ　　(山内),$ｻｽﾍﾟﾝ,ケ,0
13120011,RSｰ221　電気ﾕﾆｯﾄﾎﾞｯｸｽ　(山内),$RS221,,0
13120012,RSｰ221　ｽｲｯﾁ取付金具　(山内),$RS221,,0
13120013,RSｰ221　ﾌｯﾄｽｲｯﾁ取付ﾊﾟﾈﾙ(板)　(山内),$RS221,,0
13120014,RSｰ221  SAﾕﾆｯﾄﾎﾙﾀﾞｰ　(ﾏｴﾀﾞ),$RS221,ケ,0
13120015,RSｰ221  ｽｲｯﾁﾊﾟﾈﾙ　(ﾏｴﾀﾞ),$RS221,ケ,0
13120016,ﾃｰﾌﾞﾙ　590X400X21(20)　RSｰ221新型,$ﾃｰﾌﾞﾙ,枚,0
13120017,RS-221型　SAﾕﾆｯﾄﾎﾙﾀﾞｰ　(山内),$RS221,,0
13120018,RS-221　電気ﾕﾆｯﾄﾎﾞｯｸｽ　(SDS),$RS221,,0
13120019,しみぬきやさんﾊﾟﾈﾙｼﾙｸ印刷　RSｰ221,$ｼﾐﾇｷ,,0
13120020,ﾌｯﾄｽｲｯﾁ取付ﾌﾟﾚｰﾄ　(221用)　ﾏｴﾀﾞ工業,$ﾌｯﾄｽｲ,,0
13120021,RS221逆流防止板上側 塩ﾋﾞｸﾞﾚｰ4tX230π,$RS221,,0
13120022,RS221逆流防止板下側 塩ﾋﾞｸﾞﾚｰ4tX230π,$RS221,,0
13120023,ﾊﾞｷｭｰﾑﾀﾝｸ　RSｰ221　(支給部品あり),$ﾊﾞｷｭｰ,台,0
13120024,RSｰ221用　ｻｽﾍﾟﾝﾀﾞｰ新(ﾏｴﾀﾞ,$RS221,,0
13120025,RSｰ221　棚取付 ﾌﾗﾝｼﾞﾌﾞｯｼｭ　(野村),$RS221,,0
13120026,RSｰ221 ﾌﾛｰﾄｽｲｯﾁ取付ﾊﾟﾈﾙ 1.0X320X140,$RS221,ケ,0
13120027,ﾃｰﾌﾞﾙ  500X400X21  RSｰ221最新,$ﾃｰﾌﾞﾙ,枚,0
13120028,ﾃｰﾌﾞﾙ500X400X15(14)  RSｰ221ｱﾝﾀﾞｰ最新,$ﾃｰﾌﾞﾙ,枚,0
13120029,RSｰ221用S&Aﾕﾆｯﾄｽｲｯﾁﾊﾟﾈﾙ(大)1X300X140,$RS221,,0
13120030,ﾌﾛｰﾄSW取付ﾊﾟｲﾌﾟ   (佐々木),$ﾌﾛｰﾄ,,0
13120031,RSｰ221 棚取付ﾌﾗﾝｼﾞﾌﾞｯｼｭ(野村･緊急時),$RS221,ケ,0
13120032,ﾌﾛｰﾄSW金具　　　(佐々木),$ﾌﾛｰﾄ,,0
13120033,ﾃｰﾌﾞﾙ　RS-221　特注,$ﾃｰﾌﾞﾙ,,0
13120034,ﾃｰﾌﾞﾙ 特注　RS-121,$ﾃｰ,,0
13220001,RVｰ121 広口(or丸口)ｼﾞｮｰｺﾞ受け金具ﾏｴﾀ,$RV121,,0
13220002,ﾃｰﾌﾞﾙ　1200X590X21,$ﾃｰﾌﾞﾙ,,0
13220003,しみぬき台ﾃｰﾌﾞﾙﾒｸﾗ板　特注　(ﾏｴﾀﾞ),$ﾒｸﾗｲﾀ,,0
13220004,RV121用タンク押え板　特注　(ﾏｴﾀﾞ),$RV121,,0
13220005,ﾃｰﾌﾞﾙ800X500(400)X14(15)RSｰ121ｱﾝﾀﾞｰ,$ﾃｰﾌﾞﾙ,枚,0
13220006,ﾃｰﾌﾞﾙ 1100(1050)X590X20(21)　RSｰ121,$ﾃｰﾌﾞﾙ,枚,0
13220007,ﾃｰﾌﾞﾙ  RSｰ121  1000X590X20,$ﾃｰﾌﾞﾙ,枚,0
13220008,丸口ｼﾞｮｰｺﾞ受け金具　SUS1.5t　(山内),$ﾏﾙｸﾁ,ケ,0
13220009,ﾃｰﾌﾞﾙ　1500X900X31(RS-121),$ﾃｰﾌﾞﾙ,枚,0
13220010,RS-121　特注角脚　　　(山内),$RS121,,0
13220011,広口ｼﾞｮｰｺﾞ受け金具　SUS1.5t　(山内),$ﾋﾛｸﾁ,,0
13320001,ﾃｰﾌﾞﾙｽﾀﾝﾄﾞ RV301,$ﾃｰ,本,0
13810001,ﾀｷｹﾞﾝ　ﾇｷｻｼ蝶番　Bｰ67ｰ3ｰR,$ﾀｷｹﾞﾝ,個,0
13810002,CRｺﾞﾑ板　20tX60ﾊﾟｲ,$CRｺﾞﾑ,,0
13810003,ｼﾞｭﾗｺﾝ丸棒　90πX1000L,$ｼﾞｭﾗｺ,本,0
13810004,SAPDBS　2P　300W　ﾌﾞﾛｱｰ,$SAPDB,台,0
13810005,ﾀｷｹﾞﾝ 強力ﾗﾊﾞｰﾏｸﾞﾈｯﾄ　C-200-5　1m,$ﾀｷｹﾞﾝ,P,0
13810006,ＴＳ継手　100X75S,$TSﾂｷﾞ,ケ,0
13810007,ﾀﾞｸﾄEE型　100,$ﾀﾞｸﾄ,ｍ,0
13810008,ﾀﾞｸﾄｶﾌｽ　100,$ﾀﾞｸﾄ,ケ,0
13810009,ｶｽｶﾞ ﾌｯﾄｽｲｯﾁ KFｰ2,$ｶｽｶﾞ,,0
13810010,ﾈｵｽﾎﾟ　5tX32wX1000L,$ﾈｵｽﾎﾟ,,0
13810011,ﾈｵｽﾎﾟ(ﾃｰﾌﾟ付)　5tX1000X1000,$ﾈｵｽﾎﾟ,,0
13810012,ﾔﾏﾀｹ　ﾘﾐｯﾄｽｲｯﾁ　1BS5005,$ﾔﾏﾀｹ,,0
13810013,ﾀﾞｸﾄEE型　50φ,$ﾀﾞｸﾄ,ｍ,0
13810014,ﾀﾞｸﾄEE型　32φ,$ﾀﾞｸﾄ,ｍ,0
13810015,AMETEK　ﾌﾞﾛﾜｰﾓｰﾀｰ　116566ｰ13　120V,$AMETE,台,0
13810016,塩ﾋﾞﾊﾟｲﾌﾟ ＶＰ 13x4m,$ｴﾝﾋﾞ,本,0
13810017,ﾄﾖﾃﾞﾝ　ﾄﾗﾝｽ　TZ22ｰ01KB　1KVA,$ﾄﾖﾃﾞﾝ,台,0
13810018,ﾘｰﾄﾞK　LKｰ2　輸出用ﾄﾗﾝｽｹｰｽ,$LK2,,0
13810019,ＤＶ継手　100X75　IN,$DVﾂｷﾞ,ケ,0
13810020,ﾄﾗｲﾄﾞﾝﾊﾞﾝﾄﾞ(ｽﾀﾝﾀﾞｰﾄﾞ)　HSｰ72,$ﾄﾗｲﾄﾞ,ケ,0
13810021,ＴＳｿｹｯﾄ  40X30　　　(ｼﾊﾞﾀ),$TSﾂｷﾞ,ケ,0
13810022,ＤＶ継手　40LT,$DVﾂｷﾞ,ケ,0
13810023,塩ﾋﾞﾊﾟｲﾌﾟ　ＶＰ-40x4M　　(ｼﾊﾞﾀ),$ｴﾝﾋﾞ,本,0
13810024,ＴＳｿｹｯﾄ　40　　　(ｼﾊﾞﾀ),$TSﾂｷﾞ,ケ,0
13810025,ＴＳｴﾙﾎﾞ　40　　(ｼﾊﾞﾀ),$TSﾂｷﾞ,ケ,0
13810026,ｼｰﾘﾝｸﾞﾗｲﾄ　HA2133GL,$ｼｰﾘﾝｸ,,0
13810027,ﾅｼｮﾅﾙ　ｷｬｯﾌﾟ　WFｰ5220,$ﾅｼｮﾅﾙ,,0
13810028,西村  ﾌﾘｸｼｮﾝﾌﾞﾛｱｰ　FB3700　(吉岡幸),$ﾆｼﾑﾗ,P,0
13810029,ﾀﾞｸﾄｶﾌｽ　50,$ﾀﾞｸﾄ,ケ,0
13810031,ＴＳ継手　50　CAP,$TSﾂｷﾞ,ケ,0
13810032,PEｼｰﾄ　B200(白)　10tX1000X700,$PEｼｰﾄ,,0
13810033,ﾀｷｹﾞﾝ　Bｰ1100ｰ1,$ﾀｷｹﾞﾝ,,0
13810034,ｻﾄｰ　SW100ｰGS31A　岡本→ﾆｯｺ24/5～,$SW100,,0
13810035,ｷｬｯﾁｬｰ  CｰASM-S (排気工事用),$ｷｬｯﾁｬ,P,0
13810036,ｶﾅｱﾙﾐﾀﾞｸﾄ  50π,$ｶﾅｱﾙﾐ,ｍ,0
13810037,ｻﾆｰﾎｰｽ  50,$ｻﾆｰﾎｰ,ｍ,0
13810038,星和電気  ｹｰﾌﾞﾙｺﾈｸﾀｰ  SCｰ3M,$ｾｲﾜ,P,0
13810039,ｱﾙﾐﾊﾟｲﾌﾟ　32X2.0X500,$ｱﾙﾐﾊﾟ,P,0
13810040,ﾄﾗｲﾄﾞﾝﾊﾞﾝﾄﾞ(ｽﾀﾝﾀﾞｰﾄﾞ) HSｰ36,$ﾄﾗｲﾄﾞ,ケ,0
13810041,ﾄﾗｲﾄﾞﾝﾊﾞﾝﾄﾞ　HSｰ44,$ﾄﾗｲﾄﾞ,ケ,0
13810042,ﾃﾗｵｶ　丸深ｽﾃﾝﾚｽﾎﾟｯﾄ,$ﾃﾗｵｶ,コ,0
13810043,NBR  10tX200X200,$NBR,枚,0
13810044,ＤＶ継手  50  DL,$DV,ケ,0
13810045,ＤＶ継手  50  DT,$DV,ケ,0
13810046,SUS304　単NI　3/8 or (10),$SUS,P,0
13810047,ﾎｰｽﾆｯﾌﾟﾙ　10.5X3/8,$ﾎｰｽﾆｯ,P,0
13810048,ﾌﾙﾀ  ﾌﾞﾛｱｰﾓｰﾀｰ  BS100ｰ401 AC100V,$ﾌﾙﾀ,P,0
13810049,ﾄﾖｽﾞﾐ  TZ22ｰ015KB    (ﾆｯｺｰ),$ﾄﾖｽﾞﾐ,台,0
13810050,ﾘｰﾄﾞK  LKｰ1  輸出用ﾄﾗﾝｽｹｰｽ,$LK1,,0
13810051,ZT21ｰ750　ﾄﾗﾝｽ (9台ﾛｯﾄ @11000)  TGK,$ZT21,,0
13810052,ﾄｰｺｽ ﾎﾞﾘｭｰﾑ RV24YNSB303　(福研),$ﾄｰｺｽ,個,0
13810053,ﾊﾞｲﾄﾝｺﾞﾑ板　1tX122πX85π,$ﾊﾞｲﾄﾝ,枚,0
13810054,ｲﾝｽﾀﾝﾄ　ETB-1000 　(岡本),$ｲﾝｽﾀﾝ,,0
13810055,ﾊﾟﾅｿﾆｯｸ BBW-1002BL2 220V仕様 ﾓｰﾀｰ,$ﾊﾟﾅ,,0
13810056,ﾊﾟﾅｿﾆｯｸ SPAｰ1004BL2 220V仕様 基板,$ﾊﾟﾅ,,0
13810057,ﾀｷｹﾞﾝ 膜付ｸﾞﾛﾒｯﾄ C-30-SG-24A　1m,$ﾀｷｹﾞﾝ,P,0
13810058,ｼﾞｭﾗｺﾝ丸棒　25φX1000,$ｼﾞｭﾗ,本,0
13810059,ﾄﾖｽﾞﾐ　UD22-02KB2,$ﾄﾖｽﾞﾐ,,0
13810060,ﾄﾖｽﾞﾐ　TYC300,$ﾄﾖｽﾞﾐ,,0
13810061,ｵﾑﾛﾝ　ﾘﾚｰ　MY-4　AC100/110 (ﾆﾌｽｺ),$ｵﾑﾛﾝ,個,0
13810062,SYﾊﾞﾝﾄﾞ　SY-71(鉄),$SY,ケ,0
13810063,ﾀﾞｸﾄEE　65Φ(30M),$ﾀﾞｸﾄ,ｍ,0
13810064,ﾀﾞｸﾄｶﾌｽ　65,$ﾀﾞｸﾄ,ケ,0
13810065,川端　ﾐﾆｽﾀｰ　1300　　(ﾅｽｺ),$ｶﾜﾊﾞﾀ,,0
13810066,ﾄﾗｲﾄﾞﾝﾊﾞﾝﾄﾞ(ｽﾀﾝﾀﾞｰﾄﾞ)　HS-88,$ﾄﾗｲﾄﾞ,ヶ,0
13810067,SUS　ｷｬｯﾌﾟｽｸﾘｭｰ　5×180(　RS-021用,$SUS,,0
13810068,TB-10(黒)　ﾆｯｺｰ,$TB,,0
13810069,ｶﾅｱﾙﾐﾀﾞｸﾄ　ф38,$ｶﾅ,m,0
13810070,SYﾊﾞﾝﾄﾞ　SY-42(鉄),$SY,ｹ,0
13820001,角ｼﾞｮｰｺﾞﾒｻﾞﾗ　SUS2.0t　409X74,$ｶｸｼﾞｮ,,0
13820002,角ｼﾞｮｰｺﾞﾈｯﾄ押え枠 SUS2.0t 409X74,$ｶｸｼﾞｮ,,0
13820003,BXｰ303特注品　ｱｰﾑｼﾞｮｰｺﾞ,$ｱｰﾑｼﾞ,,0
13820004,BXｰ303特注品　ﾌｯﾄｽｲｯﾁ取付ﾊﾟﾈﾙ(ﾏｴﾀﾞ),$ﾌｯﾄｽｲ,枚,0
13820005,ﾃｰﾌﾞﾙ取付ｻﾎﾟｰﾀｰ 170X506X32X3t SUS430,$ﾃｰﾌﾞﾙ,,0
13820006,広口ｼﾞｮｰｺﾞ押えﾘﾝｸﾞ 324X138X3t,$ﾋﾛｸﾁ,,0
13820007,広口ｼﾞｮｰｺﾞ押えﾘﾝｸﾞ受板 334X138X2t,$ﾋﾛｸﾁ,,0
13820008,ﾃｰﾌﾞﾙ　特注　1500X700X32(31),$ﾃｰﾌﾞﾙ,枚,0
13820009,ﾃｰﾌﾞﾙ　1200X600(590)X32,$ﾃｰﾌﾞﾙ,枚,0
13820010,101用ｱｰﾑｼﾞｮｰｺﾞｽﾀﾝﾄﾞ(特注) A0014,$101ｱｰ,個,0
13820011,袖馬ｽﾀﾝﾄﾞｽﾍﾟｰｻｰ,$ｿﾃﾞｳﾏ,個,0
13820012,ﾃｰﾌﾞﾙｽﾀﾝﾄﾞﾊﾟｲﾌﾟ加工,$ﾊﾟｲﾌﾟ,本,0
13820013,ｴﾝﾋﾞﾊﾟｲﾌﾟ加工  (野村),$ｴﾝﾋﾞﾊ,ｾｯﾄ,0
13820014,ﾃｰﾌﾞﾙ　目くら板,$ﾒｸﾗｲﾀ,ケ,0
13820015,ﾃｰﾌﾞﾙ　800X200X40,$ﾃｰﾌﾞﾙ,枚,0
13820016,ﾃｰﾌﾞﾙ　1100X200X40,$ﾃｰﾌﾞﾙ,枚,0
13820017,ﾃｰﾌﾞﾙ　型代　価格随時,$ﾃｰﾌﾞﾙ,,0
13820018,角ｼﾞｮｰｺﾞﾈｯﾄ枠Ａ(2ｹ1ｾｯﾄ)　ｼﾞｭﾗｺﾝ加工,$ｶｸｼﾞｮ,ｾｯﾄ,0
13820019,角ｼﾞｮｰｺﾞﾈｯﾄ枠Ｂ(2ｹ1ｾｯﾄ)　ｼﾞｭﾗｺﾝ加工,$ｶｸｼﾞｮ,ｾｯﾄ,0
13820020,角ｼﾞｮｰｺﾞ,$ｶｸｼﾞｮ,ｾｯﾄ,0
13820021,窓枠ﾊﾟﾈﾙ(排気用) 塩ﾋﾞｸﾞﾚｰ (別注),$ﾏﾄﾞﾜｸ,個,0
13820022,ｼﾞｮｰｺﾞ取付板(座卓用)3tX259X78,$ｼﾞｮｰｺ,枚,0
13820023,ｼﾞｮｰｺﾞ受け金具,$ｼﾞｮｰｺ,ケ,0
13820024,ｽﾃﾝ角脚(SBｰ102用) 700X500X325,$ｽﾃﾝｶｸ,,0
13820025,ｽﾃﾝ角脚(SBｰ101用) 1000X500X500,$ｽﾃﾝｶｸ,,0
13820026,ﾊﾞｷｭｰﾑﾈｯﾄﾘﾝｸﾞ上下,$ﾊﾞｷｭｰ,組,0
13820027,机　　　(中林),$ﾂｸｴ,,0
13820028,塩ﾋﾞｸﾞﾚｰ 排気ﾎﾞｯｸｽ,$ｴﾝﾋﾞ,,0
13820029,塩ﾋﾞｸﾞﾚｰ 排気ﾎﾞｯｸｽﾌﾀ,$ｴﾝﾋﾞ,,0
13820030,前処理台　棚板　価格随時　(ﾏｴﾀﾞ),$ﾏｴｼｮﾘ,,0
13820031,前処理台　天板　ｻｲｽﾞ随時　(ﾏｴﾀﾞ),$ﾏｴｼｮﾘ,,0
13820032,前処理台　棚補強板,$ﾏｴｼｮﾘ,,0
13820033,前処理台　角ﾊﾟｲﾌﾟ加工品,$ﾏｴｼｮﾘ,,0
13820034,FBｰ3700(ﾓﾆﾀｰ側)ﾀﾝｸ用ﾎｰｽｱﾀﾞﾌﾟﾀｰ(ﾌﾟﾗｽ),$FB370,,0
13820035,FBｰ3700(吸引側)ﾀﾝｸ用ﾎｰｽｱﾀﾞﾌﾟﾀｰ(ﾌﾟﾗｽ),$FB370,,0
13820036,SBｰ103用　ｽﾃﾝ袖馬,$SB103,ｾｯﾄ,0
13820037,ﾎｰｽｱﾀﾞﾌﾟﾀｰ,$ﾎｰｽｱﾀ,ケ,0
13820038,袖馬ｽﾀﾝﾄﾞｱﾀﾞﾌﾟﾀｰ,$ｿﾃﾞｳﾏ,ケ,0
13820039,塩ﾋﾞｸﾞﾚｰ  排気ｱﾀﾞﾌﾟﾀｰ,$ｴﾝﾋﾞ,,0
13820040,ﾒｻﾞﾗ受けﾌﾟﾚｰﾄ  (山内),$ﾒｻﾞﾗｳ,,0
13820041,ｻｽﾍﾟﾝﾀﾞｰ取付ﾌﾗﾝｼﾞ　(ﾏｴﾀﾞ),$ｻｽﾍﾟﾝ,,0
13820042,特注部品(加工品),$ﾄｸﾁｭｳ,,0
13820043,"ｶﾞﾝ吊りﾊﾟｲﾌﾟ(500ﾀｲﾌﾟ,600ﾀｲﾌﾟ)ﾘﾌﾞ無し",$ｶﾞﾝﾂﾘ,本,0
13820044,ﾃｰﾌﾞﾙ  760X600X21  特注,$ﾃｰﾌﾞﾙ,枚,0
13820045,新型ﾊﾞｷｭｰﾑ補強金具 (RS-021A用),$RS021,,0
13820046,新型ﾊﾞｷｭｰﾑｻｽﾍﾟﾝﾀﾞｰ 8π(RS-021A),$RS021,,0
13820047,新型ﾊﾞｷｭｰﾑｻｽﾍﾟﾝﾀﾞｰ曲げ型(RS-021A),$RS021,,0
13820048,水分離ﾀﾝｸFB3700ﾎｰｽｱﾀﾞﾌﾟﾀ ﾓｰﾀｰ側 ﾆﾎﾝｶ,$ﾐｽﾞﾌﾞ,個,0
13820049,水分離ﾀﾝｸFB3700ﾎｰｽｱﾀﾞﾌﾟﾀ 吸引口側 ﾆﾎ,$ﾐｽﾞﾌﾞ,個,0
13820050,ﾃｰﾌﾞﾙ 1200X700X32(31) (特注),$ﾃｰﾌﾞﾙ,枚,0
13820051,ﾃｰﾌﾞﾙ 697X447X15 (ﾒｻﾞﾗ板素張り),$ﾃｰﾌﾞﾙ,枚,0
13820052,B230D ﾃｰﾌﾞﾙ脚　1000X500X374　(ﾏｴﾀﾞ),$B230D,台,0
13820053,特注　輸出向電気BOX 201型,$ﾃﾞﾝｷ,,0
13820055,RS-022　ｱｰﾑｼﾞｮｰｺﾞｽﾀﾝﾄﾞ　　(野村),$RS022,ケ,0
13820056,前処理台ﾏｯﾄ受け　ｻｲｽﾞ随時　　(ﾏｴﾀﾞ),$ﾏｴｼｮﾘ,,0
13820057,ﾁｮｲｽﾊﾞｷｭｰﾑ電気ﾕﾆｯﾄ 本体,$ﾁｮｲｽ,,0
13820058,ﾁｮｲｽﾊﾞｷｭｰﾑ電気ﾕﾆｯﾄ ﾌﾀ,$ﾁｮｲｽ,,0
13820059,ﾁｮｲｽﾊﾞｷｭｰﾑ ｼﾞｮｰｺﾞ取付金具,$ﾁｮｲｽ,,0
13820060,ﾃｰﾌﾞﾙ590×1200×21(20)　RV-301　野村,$ﾃｰﾌﾞﾙ,,0
13830001,SUS  BT  6X40 (5PX1ｾｯﾄ),$SUS,S,0
13830002,SUS　CAP　8X20,$SUS,P,0
13830003,SUS　CAP　6X20,$SUS,P,0
13830004,SUS  CAP  5X180,$SUS,P,0
13830005,SUS  ｻﾗﾀｯﾋﾟﾝｸﾞA  6X30,$SUS,P,0
13830006,ﾒｯｷ　ｻﾗﾀｯﾋﾟﾝｸﾞA型　6X30,$ﾒｯｷ,P,0
13830007,SUS　BT　10X25,$SUS,P,0
13901215,SPA-1006BL5松下基板　ﾆｯｺｰ,$SPA,,0
13910001,×ｵｼﾞﾃﾞﾝ　ﾌｯﾄｽｲｯﾁ　OFL-BSｰS3　(福研),$ｵｼﾞﾃﾞ,個,0
13910002,ﾋﾞﾆﾀｲ　１５０Ｌ,$ﾋﾞﾆﾀｲ,本,0
13910003,ﾎﾟﾘｶｰﾎﾞﾈｰﾄ丸棒 30πX1000L ﾅﾁｭﾗﾙ,$ﾎﾟﾘｶｰ,本,0
13910004,圧着端子  LLMｰ01TｰP1.3E(岡本→福研,$ﾆﾁｱﾂ,,0
13910005,ﾚﾍﾞﾙｽｲｯﾁ　DFSｰ4ｰ2　SUS304　200V,$ﾚﾍﾞﾙｽ,個,0
13910006,ｻﾄｰ　MLｰ1765ｰ6P(岡本→ﾆｯｺｰ24/10,$ML,個,0
13910007,ｵﾑﾛﾝ ﾘﾚｰ　MY4ｰ02　DC12V　(ｳｨﾌﾞﾃｯｸ),$ｵﾑﾛﾝ,個,0
13910008,ｲﾝｼｭﾛｯｸﾀｲ ABｰ100,$ｲﾝｼｭ,本,0
13910009,ｸﾚﾊﾃｯｸ ﾎﾞﾝﾃﾞﾝｴｱｰﾌｨﾙﾀｰ NO.293 1.6X2m,$ﾎﾞﾝﾃﾞﾝ,巻,0
13910010,ﾀｷｹﾞﾝ ﾊﾟｯﾁﾝ錠 Cｰ1007ｰ2  SUS　(吉岡),$ﾀｷｹﾞﾝ,P,0
13910011,ﾀｷｹﾞﾝ　ｸﾞﾛﾒｯﾄ　Cｰ30ｰNGｰ79ｰE  吉岡,$ﾀｷｹﾞﾝ,個,0
13910012,圧着端子  R1.25ｰ3      福研,$ｱｯﾁｬｸ,,0
13910013,ﾄﾖｽﾞﾐ　ﾄﾗﾝｽ　2Hｰ1203,$ﾄﾖｽﾞﾐ,個,0
13910014,ﾄﾗｲﾄﾞﾝﾊﾞﾝﾄﾞ　HSｰ32,$ﾄﾗｲﾄﾞ,個,0
13910015,ﾀﾞｸﾄEE型　38φ,$ﾀﾞｸﾄ,ｍ,0
13910016,ﾜｺﾞｼﾞｬﾊﾟﾝ　236ｰ111,$ﾜｺﾞ,個,0
13910017,ﾜｺﾞｼﾞｬﾊﾟﾝ　236ｰ102,$ﾜｺﾞ,個,0
13910019,ﾌｪﾆｯｸｽ通信　FMｰ14ｰ6P,$FM,個,0
13910020,ﾏｯｸｴｲﾄ　MQｰ10　ﾆｯｺｰ,$MQ,個,0
13910021,KVｰ1.25(白)　KHD,$KV,ｍ,0
13910022,KVｰ1.25(黒)　KHD,$KV1.2,ｍ,0
13910023,KVｰ1.25(赤)　KHD,$KV1.2,ｍ,0
13910024,ＴＳ継手　30L,$TSﾂｷﾞ,個,0
13910025,ﾀｷｹﾞﾝ　蝶番　Bｰ1078ｰ13,$ﾀｷｹﾞﾝ,P,0
13910026,VCTF　0.3X8C　(富士),$VCTF,ｍ,0
13910027,VCTF　1.25X4C　(富士),$VCTF,ｍ,0
13910028,ｺﾞﾑｷｬｯﾌﾟ　WH4007,$ｺﾞﾑｷｬ,個,0
13910029,圧着端子　1.25ｰ4M,$ｱｯﾁｬｸ,個,0
13910030,ﾌｪﾆｯｸｽ通信　FMｰ14　2P,$FM,,0
13910031,FMｰ14　2S,$FM,,0
13910032,ｷﾑﾃﾞﾝKREｰ100-2R DC12V(ｱｶ),$KRE,,0
13910033,ﾀｷｹﾞﾝ ｽﾗｲﾄﾞｽﾃｰ Bｰ1455-1    吉岡,$ﾀｷｹﾞﾝ,P,0
13910034,ﾄｰｺｽ ﾎﾞﾘｭｰﾑ RV24YN20SB-104 (福研),$ﾄｰｺｽﾎ,個,0
13910035,ｼﾞｭﾗｺﾝ丸棒 150πX1000L,$ｼﾞｭﾗｺ,本,0
13910036,日圧 ｺﾈｸﾀｰ　LLR-02,$ﾆﾁｱﾂ,,0
13910037,日圧　ｺﾈｸﾀｰ　LLPｰ02,$ﾆﾁｱﾂ,,0
13910038,日圧　ｺﾈｸﾀｰﾋﾟﾝ　LLMｰ61Tｰ2.0,$LLM,,0
13910039,日圧ｺﾈｸﾀｰﾋﾟﾝLLFｰ61Tｰ2.0(岡本→ﾆｯｺｰ,$LLF,,0
13910040,日圧　ｺﾈｸﾀｰ　MLRｰ02,$ﾆﾁｱﾂ,,0
13910041,日圧　ｺﾈｸﾀｰ　MLPｰ02,$ﾆﾁｱﾂ,,0
13910042,日圧　ｺﾈｸﾀｰﾋﾟﾝ　LLM-01Tｰ1.3,$ﾆﾁｱﾂ,,0
13910043,日圧　ｺﾈｸﾀｰﾋﾟﾝ　LLF-01Tｰ1.3,$ﾆﾁｱﾂ,,0
13910044,ﾌｪﾆｯｸｽ通信　FMｰ14ｰ8P,$FM,,0
13910045,ﾌｪﾆｯｸｽ通信　FMｰ214ｰ8S,$FM,,0
13910046,S-21A/ﾄｸﾞﾙｽｲｯﾁ(岡本→ﾆｯｺｰ24.4,$S21,,0
13910047,ﾃｲｼﾝ　TBｰ3　ｸﾛ(岡本→ﾆｯｺｰ24/7～,$TB,,0
13910048,ﾊﾞｲﾄﾝｺﾞﾑ板 1.0tX1000X1000,$ﾊﾞｲﾄﾝ,枚,0
13910049,引掛露出ｺﾝｾﾝﾄ WKｰ2420K 福研,$ﾋｷｶｹ,個,0
13910050,WKｰ1022(W)ﾄﾘﾌﾟﾙｺﾝｾﾝﾄ 15A125V,$ﾄﾘﾌﾟ,個,0
13910051,ﾅｼｮﾅﾙ　WHｰ2122W　ｽﾅｯﾌﾟﾀｯﾌﾟ,$ﾅｼｮﾅﾙ,個,0
13910052,Ｏﾘﾝｸﾞ　AS568-265(NBR70。)196.4X3.53,$Oﾘﾝｸﾞ,,0
13910053,ﾃﾌﾛﾝﾒｯｼｭ 400-14-J 1500x1000(ﾌﾛｰｸﾞﾗｽ),$ﾃﾌﾛﾝ,枚,0
13910054,VCTFｰ22　1.25X2C,$VCTF2,ｍ,0
13910055,ｻﾄｰ BNｰ35ｰ2-R/ｱｶ　岡本→ﾆｯｺｰ24/5～,$BN,,0
13910056,ﾌｪﾆｯｸｽ通信　FMｰ14　3P,$FM,,0
13910057,ﾌｪﾆｯｸｽ通信　FMｰ14　3S,$FM,,0
13910058,ﾀｶﾁ　SWｰ75B,$SW75,,0
13910059,ﾀｷｹﾞﾝ　C-30-NG-79-F,$ﾀｷｹﾞﾝ,P,0
13910060,塩ﾋﾞﾊﾟｲﾌﾟ　ＶＰ　125,$ｴﾝﾋﾞﾊ,本,0
13910061,ﾈｵｽﾎﾟ C4305 両面ﾃｰﾌﾟ付 3tX10X1000L,$C4305,本,0
13910063,圧着端子　R1.25ｰS4,$ｱｯﾁｬｸ,個,0
13910064,K-100-16AS-B　ﾆｯｺｰ,$K100,,0
13910065,K-100-16CL-BL　ﾆｯｺｰ,$K100,,0
13910066,ﾄﾖﾃﾞﾝ ﾄﾗﾝｽ 2Hｰ1203,$ﾄﾖﾃﾞﾝ,,0
13910067,塩ﾋﾞﾊﾟｲﾌﾟ　ＶＰ-30x4m,$ｴﾝﾋﾞﾊ,本,0
13910068,ﾄﾖﾃﾞﾝ ﾄﾗﾝｽ TRｰ10(50ｹ以上ﾛｯﾄ@540)福研,$ﾄﾖﾃﾞﾝ,個,0
13910069,ﾄｰｺｽ　ﾎﾞﾘｭｰﾑ　RV24YN20SBｰ502　　福研,$ﾄｰｺｽ,個,0
13910070,KV-0.5SG  青/電線　　　(ﾆｯｺｰ),$KV,ｍ,0
13910071,KV-0.5SG  黒/電線　　　(ﾆｯｺ-),$KV,ｍ,0
13910072,HKVｰ105  0.5  緑 (ﾒｯｷ線),$HKV,ｍ,0
13910073,吸音材　STV15ｔ+ｺﾞﾑ2ｔ(粘)1000X1000,$ｷｭｳｵﾝ,枚,0
13910074,Ｏﾘﾝｸﾞ　Gｰ65　ﾊﾞｲﾄﾝ,$Oﾘﾝｸﾞ,個,0
13910075,透明ﾋﾞﾆｰﾙﾎｰｽ　10X15,$ﾄｳﾒ,ｍ,0
13910076,2GTｰ1203  ﾄﾗﾝｽ    (TGK),$2GT,,0
13910077,ｸﾚﾊﾃｯｸ ﾎﾞﾝﾃﾞﾝ#273 1800mm巾50m･ﾌｨﾙﾀｰ,$ｸﾚ,本,0
13910078,ｻﾄｰ　BNｰ35ｰ100Vｰｱｶ,$BN35,,0
13910079,ｻﾄｰ　MLｰ1765ｰ4P(岡本→ﾆｯｺｰ24/10,$ML,PCS,0
13910080,ﾏｯｸｴｲﾄ　MQｰ14,$MQ,,0
13910081,ｷﾀｶﾞﾜ  TMSｰ20,$TMS,個,0
13910082,南部化成  ｽﾊﾟｲﾗﾙﾁｭｰﾌﾞ  NSｰ6 ﾎﾜｲﾄ,$NS-6,ｍ,0
13910083,NKK　AT-214,$NKKAT,個,0
13910084,ｵｼﾞﾃﾞﾝ  IBS5005 ﾏｲｸﾛSW(ﾌｯﾄSW用),$ｵｼﾞﾃﾞ,,0
13910085,VCTFｰ22 2X2C 3m P付ｺｰﾄﾞ,$VCTF2,本,0
13910086,圧着端子　1.25Yｰ4N,$ｱｯﾁｬｸ,,0
13910087,電解ｺﾝﾃﾞﾝｻｰ　SMG35VB220μF,$ﾃﾞﾝ,個,0
13910088,日立　ｶｰﾎﾞﾝﾌﾞﾗｼ　CFVｰ100V(2ｹ1ｾｯﾄ),$ﾋﾀﾁｶｰ,ｾｯﾄ,0
13910089,ﾅｼｮﾅﾙ　ｶｰﾎﾞﾝﾌﾞﾗｼ　SBW100A用,$ﾅｼｮﾅﾙ,,0
13910090,ﾄｰｼﾊﾞ　S5277J,$ﾄｰｼﾊﾞ,,0
13910091,ｹｰﾌﾞﾙｻﾎﾟｰﾄｺﾞﾑ　ANｰ3420-8,$AN,個,0
13910092,ﾅｼｮﾅﾙ　WF5415　ｷｬｯﾌﾟ,$ｷｬｯﾌﾟ,,0
13910093,ｻﾄｰ  Sｰ80,$S,,0
13910094,ﾐﾔﾏ  ｵｼﾎﾞﾀﾝｽｲｯﾁ DSｰ450 RED,$ﾐﾔﾏ,,0
13910095,引掛ｷｬｯﾌﾟ  WF6420(20A 3P),$WF,個,0
13910096,ﾓｰﾀｰﾊﾟｯｷﾝ  Aｰ155,$ﾓｰﾀｰﾊ,,0
13910097,ﾀｲﾍﾞｰｽ　BSｰ20,$ﾀｲﾍﾞｰ,,0
13910098,日圧　LLF-64Tｰ2.0,$LLF,,0
13910099,ﾄｰｺｽ　ﾎﾞﾘｭｰﾑ　RV24YNｰ20SB 5K(福研),$ﾄｰｺｽ,,0
13910100,ｽﾐﾁｭｰﾌﾞ  Aｰ6π,$ｽﾐﾁｭｰ,,0
13910101,ﾅｼｮﾅﾙ SPAｰ1006BLV　電圧変換器(ﾆｯｺｰ),$ﾅｼｮﾅﾙ,台,0
13910102,ｻﾄｰ　SW100ｰGM31A,$ｻﾄｰ,,0
13910103,ﾓｰﾀｰﾊﾟｯｷﾝ  Bｰ144，Bｰ145,$ﾓｰﾀｰﾊ,,0
13910104,316　0.12X80　1R=1MX30M　ｽﾃﾝ金網,$ｽﾃﾝ,ｍ,0
13910105,VCTFｰ22　1.25X2CX3m　P付ｺｰﾄﾞ,$VCTF,本,0
13910106,ｱﾝﾄﾞﾝｸﾗﾝﾌﾟ,$ｱﾝﾄﾞﾝ,個,0
13910107,ﾅｼｮﾅﾙ 引掛ｷｬｯﾌﾟ WFｰ6320 3P 20A(福研),$ﾅｼｮ,個,0
13910108,"三和　ｺﾈｸﾀｰ　SCKｰ2504P,R",$ｻﾝﾜ,ｾｯﾄ,0
13910109,圧着端子　R2ｰ4S,$ｱｯﾁｬｸ,,0
13910110,ﾅｼｮﾅﾙ ｺﾝｾﾝﾄ　WKｰ2320(K),$ｺﾝｾﾝﾄ,,0
13910111,BMｰ50LT22　220V  制御盤･回路付,$BM50,ｾｯﾄ,0
13910112,BMｰ50LT　100V,$BM50,ｾｯﾄ,0
13910113,圧着端子　1.25Yｰ3N,$ｱｯﾁｬｸ,,0
13910114,不織布　# B508 1020X10M (安積濾紙),$ﾌｼｮｸﾌ,本,0
13910115,ＴＳ継手　30T,$TSﾂｷﾞ,ケ,0
13910116,MLｰ1765ｰ5P　ﾆｯｺｰ,$ML,,0
13910117,ｸﾚﾊﾃｯｸ ﾎﾞﾝﾃﾞﾝ(ｴｱｰﾌｨﾙﾀｰ)#293S 1.6X20,$ﾎﾞﾝﾃﾞﾝ,巻,0
13910118,ｵｼﾞﾃﾞﾝ ﾌｯﾄｽｲｯﾁ 0FLｰBSｰS3 (ﾅｽｺ)50ｹﾛｯﾄ,$ｵｼﾞﾃﾞ,個,0
13910119,WH2013　ﾄﾘﾌﾟﾙﾀｯﾌﾟ  福研,$ﾄﾘﾌﾟﾙ,,0
13910120,両面ﾃｰﾌﾟ　50m/m,$ﾘｮｳﾒﾝ,巻,0
13910121,ｽﾐﾁｭｰﾌﾞ　A-5π,$ｽﾐﾁｭｰ,本,0
13910122,KVｰ1.25(緑)KHD(25.2.22のみﾆｯｺｰ＠33,$KV,ｍ,0
13910123,ﾆﾁﾌ　ﾋﾟﾝ端子　PCｰ4009F  福研,$PC,,0
13910124,ﾆﾁﾌ　ﾋﾟﾝ端子　PCｰ4009M  福研,$PC,,0
13910125,圧着端子  R1.25ｰ4M,$ｱｯﾁｬｸ,,0
13910126,ﾅｼｮﾅﾙ　ｷｬｯﾌﾟ　WFｰ5420　　福研,$ｷｬｯﾌﾟ,,0
13910127,ﾅｼｮﾅﾙ　WKｰ1420,$ﾅｼｮﾅﾙ,,0
13910128,日圧  ELPｰ02V,$ELP,,0
13910129,ﾒｯｷ　ﾘﾝｸﾞｷｬｯﾁ　#4,$ﾒｯｷﾘﾝ,P,0
13910130,VSF　1.25　(黒),$VSF,ｍ,0
13910131,HKVｰ105　0.5　(白),$HKV,ｍ,0
13910132,ｽﾐﾁｭｰﾌﾞ　A-3π*1M　黒,$ｽﾐﾁｭｰ,本,0
13910133,ｶﾈﾀﾞ　AVT-1　ｷｲﾛ　1.5ﾌｧｲXM,$ｶﾈﾀﾞ,,0
13910134,ﾄｰｼﾊﾞ  SM16JZ47,$ﾄｰｼﾊﾞ,,0
13910135,316　0.12X80　1300　ｽﾃﾝ金網　(ｱｻﾀﾞ),$ｽﾃﾝ,ｍ,0
13910136,×ﾅﾝｼﾝ　ｷｬｽﾀｰ　TE40RM　Sｰ1　(ｴﾇｴﾌﾃｰ),$ﾅﾝ,,0
13910137,ﾊﾞｷｭｰﾑﾀﾝｸﾓｰﾀｰ押えﾊﾟｯｷﾝ下　(ｳｨﾌﾞﾃｯｸ),$ﾊﾞｷｭｰ,,0
13910138,ﾊﾞｷｭｰﾑﾀﾝｸﾎｰｽｱﾀﾞﾌﾟﾀﾊﾟｯｷﾝ　(ｳｨﾌﾞﾃｯｸ),$ﾊﾞｷｭｰ,,0
13910139,ﾄﾖﾃﾞﾝ　HTｰ1203　ﾄﾗﾝｽ,$ﾄﾖﾃﾞﾝ,,0
13910140,ﾍﾘｻｰﾄ　M5X2D,$ﾍﾘｻｰﾄ,P,0
13910141,ﾍﾘｻｰﾄ　5X2D　　(岡田),$ﾍﾘｻｰﾄ,ケ,0
13910142,日圧  ELR-02V,$ELR,,0
13910143,ﾀｷｹﾞﾝ　Cｰ1129　　　(岡田),$ﾀｷｹﾞﾝ,ケ,0
13910144,ｱﾀﾞﾌﾟﾀｰﾊﾟｯｷﾝ　2tX70X93X60　(岡田),$ｱﾀﾞﾌﾟ,枚,0
13910145,ﾓｰﾀｰﾊﾟｯｷﾝ　2ｔX107X146　　(岡田),$ﾓｰﾀｰ,ケ,0
13910146,ﾓｰﾀｰﾊﾟｯｷﾝ　25tX80X100　　(岡田),$ﾓｰﾀｰ,ケ,0
13910147,316　0.160X70　1550　ｱｻﾀﾞ,$316 ,ｍ,0
13910148,中間ｽｲｯﾁ　WH5403B   (福研),$WH,,0
13910149,ﾅﾝｼﾝ ｷｬｽﾀｰ TE40RM Sｰ1 新型 (吉岡),$ｷｬｽﾀｰ,P,0
13910150,KVｰ0.5SG  緑/電線　　　(ﾆｯｺｰ),$KV,ｍ,0
13910151,BBWｰ1006BL2 松下 ﾓｰﾀｰ (ﾆｯｺｰ),$BBW,台,0
13910152,ﾊﾟﾅｿﾆｯｸ SPAｰ1006BL5 松下基板　(ﾆｯｺｰ),$ﾊﾟﾅ,台,0
13910153,山武ﾊﾈｳｴﾙ　ﾏｲｸﾛSW　1BS　5005,$ﾔﾏﾀｹ,,0
13910154,ｽﾌﾟﾘｭｰ　M5X0.8　2D　(ﾛｯﾄ500以上@25),$ｽﾌﾟﾘｭ,P,0
13910155,ｵﾑﾛﾝ ﾘﾚｰ G7J-4A-B AC200V･100V(ｳｨﾌﾞﾃ),$ｵﾑﾛﾝ,,0
13910156,ｵﾑﾛﾝ ﾘﾚｰ取付金具 R99ｰ04FORG5F(ｳｨﾌﾞﾃ),$ｵﾑﾛﾝ,,0
13910157,GTRｰ10  ﾄﾗﾝｽ      (TGK),$GTR,,0
13910158,SFｺｲﾙ  SFｰHPｰ10Aｰ01,$SFｺｲﾙ,,0
13910160,VCTF  1.25X4C  ｸﾞﾚｰ,$VCTF,M,0
13910161,PPﾃｰﾌﾟ 綾織(黒) L=1000(金具付),$PPﾃｰﾌ,本,0
13910162,日圧　LLF-01TｰP1.3E(SLF),$LLF,,0
13910163,日圧  LLM-01T-P1.3E(SLM) <lot/2000P>,$LLM,,0
13910164,日圧  ELR-03V,$ELR,,0
13910165,日圧  ELP-03V,$ELP,,0
13910166,日圧  ELP-06V,$ELP,,0
13910167,日圧  ELR-06V,$ELR,,0
13910168,日圧  LLM-41TｰP1.3E　(岡本→ﾆｯｺｰ),$LLM,,0
13910169,日圧  LLFｰ41TｰP1.3E (1000Pﾛｯﾄ),$ﾆﾁｱﾂ,ﾛｯﾄ,0
13910170,関西金網ﾎﾞﾝﾒｯｼｭ 480X1000(吸引口台座),$ｶﾝｻｲ,P,0
13910171,日圧  BVFｰ42TｰP2.0(岡本→ﾆｯｺｰ,$BVF,,0
13910172,日圧  BVMｰ42TｰP2.0,$ﾆﾁｱﾂ,,0
13910173,日圧  VLRｰ02V,$ﾆﾁｱﾂ,,0
13910174,日圧  VLPｰ02V,$ﾆﾁｱﾂ,,0
13910175,日圧  LLFｰ01TｰP1.3E　　(岡本→ﾆｯｺｰ),$LLF,PCS,0
13910176,ﾃﾞﾝｺｳ  AH7450555F　　(岡本),$ﾃﾞﾝｺｳ,,0
13910177,KITZ　ﾎﾞｰﾙV　TN　25A,$KITZ,P,0
13910178,ﾅｼｮﾅﾙ　WF6331B　引掛けｷｬｯﾌﾟ　(福研),$ﾅｼｮ,,0
13910179,ｼﾞｭﾗｺﾝ丸棒　12φX1000,$ｼﾞｭﾗｺ,本,0
13910180,HKV-0.5　赤or黄　　　　(ﾆｯｺｰ),$HKV,ｍ,0
13910181,ﾆﾁﾌ 圧着端子 N TMEV 1.25-4MR 赤,$ｱｯﾁｬｸ,個,0
13910182,ﾅｼｮﾅﾙ　WK2320K　引掛露出ｺﾝｾﾝﾄ3P20A,$ﾋｷ,,0
13910183,KV　0.5SG　黄/電線　　(ﾆｯｺｰ),$KV,ｍ,0
13910184,ﾅｼｮﾅﾙ 引掛ｷｬｯﾌﾟ WF6420 20A 250V,$ﾅｼｮ,,0
13910185,ﾅｼｮﾅﾙ　露出ｺﾝｾﾝﾄ　WK-1220B,$ﾅｼｮ,,0
13910186,RV24YN20SB5025K   (岡本),$RV24,P,0
13910187,ｼﾞｭﾗｺﾝ丸棒　12.5φx1ｍ,$ｼﾞｭﾗ,本,0
13910188,MGﾃｰﾌﾟ　20X25　A･Bｾｯﾄ　白　　(ｱｽﾞﾏ),$MGﾃｰ,M,0
13910189,ML-7000-B　or　ML-7000-W,$ML,P,0
13910190,ﾆﾁﾌ　絶縁圧着端子　TMEV　1.25-4MY,$ｱｯﾁｬｸ,個,0
13910191,松下　ｽﾅｯﾌﾟﾀｯﾌﾟ　WH2123W(ｼﾙｷｰ)　福研,$WH2123,,0
13910192,日圧　VLR-04V,$VLR,個,0
13910193,日圧　VLP-04V,$VLP,個,0
13910194,日圧　BVM-61T-P2.0,$ﾆﾁｱﾂ,個,0
13910195,日圧　BVF-61T-P2.0,$ﾆﾁｱﾂ,個,0
13910196,FUJI　2X4C,$FUJI,ｍ,0
13910197,×日本開閉器 S-21A ﾄｸﾞﾙｽｲｯﾁ (ﾆｯｺｰ)使,$S-,,0
13910198,316　0.14X72　1000　　（ｱｻﾀﾞ）,$316 ,ｍ,0
13910199,ｻｽﾍﾟﾝﾀﾞｰ用棚中　SV-001,$ｻｽ,,0
13910200,S21A,$S21A,P,0
13910201,ｼﾞｭﾗｺﾝ丸棒　110Φ×1000L,$ｼﾞｭﾗｺ,,0
13910202,ﾃﾌﾛﾝｼｰﾄ400-14-J1500×1000ﾒｯｼｭの方で,$ﾃﾌﾛﾝ,,0
13910203,ETE-1500,$ETE,P,0
13910204,塩ﾋﾞｷｬｯﾌﾟ　VP-9（福研）,$ｷｬｯﾌﾟ,個,0
13910205,SUS　ﾅﾍﾞﾋﾞｽ　3×90,$SUS,P,0
13910206,×S-21A/ﾄｸﾞﾙｽｲｯﾁ　ﾆｯｺｰ電機　使用×,$S21A,,0
13910207,RV24YN20SB502(5KΩ)　ﾆｯｺｰ,$RV24Y,,0
13910208,BN-35-1-R/ﾈｵﾝﾌﾞﾗﾝｹｯﾄ　ﾆｯｺｰ電機,$BN-35,,0
13910209,ｲﾝｼｭﾛｯｸ　白　AB-200　100本入,$ｲﾝｼｭ,,0
13910210,ﾌﾛｸﾞﾗｽﾈｯﾄ　400-14-J　1500×1000,$ﾌﾛｸﾞﾗ,枚,0
13910211,SUS　小型ナット　1種　M10×P1.5,$SUS,,0
13910212,316　0.1/0.07×80/800　1000ｻﾝﾌﾟﾙ価格,$316 ,ｍ,0
13910213,ｻﾄｰ　ML-1400-S1L-2P/端子台　ﾆｯｺｰ,$ML-14,,0
13910214,ｻﾄｰ　ML-1400-S1L-11P/端子台　ﾆｯｺｰ,$ML-14,,0
13910215,316　0.1/0.07×80/800　1000　ｱｻﾀﾞﾒｯｼ,$316 ,,0
13910216,SUS　丸座(平ﾜｯｼｬｰ)　10,$SUS,P,0
13910217,HKV-0.5　青/電線　ﾆｯｺｰ,$HKV,,0
13910218,HKV-0.5　黒･茶/電線　ﾆｯｺｰ,$HKV,,0
13910219,ML-150-S-6P/端子台　ﾆｯｺｰ,$ML,,0
13910220,KNP-20/ｶﾒﾀﾞ　ﾆｯｺｰ,$KNP,,0
13910221,ﾊﾟｿﾆｯｸ　ｷｬｯﾌﾟ　WF5630 30A 250V,$ﾊﾟﾅ,,0
13910222,日圧ｺﾝﾀｸﾄﾋﾟﾝ　LLF-61T-20,$ﾆﾁｱﾂ,,0
13910223,日圧ｺﾝﾀｸﾄﾋﾟﾝLLM-61T-20(福研→ﾆｯｺｰ,$LLM,,0
13910224,TAH-10-683/ｺｰｾﾙ　ﾆｯｺｰ,$TAH,,0
13910225,SUS　A型ﾅﾍﾞﾀｯﾋﾟﾝｸﾞ　4×12,$SUS,P,0
13910226,SUS　ﾅﾍﾞﾋﾞｽ　5×35,$SUS,P,0
13910227,HKV0.5　白,$HK,,0
13910228,ﾋﾞﾆｰﾙ電線　1.25㎜2　黒,$ﾋﾞﾆｰﾙ,,0
13910229,圧着端子　R1.25-4N,$ｱｯﾁｬｸ,,0
13910230,KEP-6ｺｲﾙﾁｭｰﾌﾞ　乳白色100M巻,$KEP,,0
13910231,ﾊﾝﾄ　絶縁ｽﾃｰﾌﾟﾙ10166732(351-8337),$ﾊﾝﾄ,,0
13910232,TRUSCOｽﾁｰﾙ針金(15M)TYW-32　282-5015,$TRUSCO,,0
13910233,AM51640C5N-A(ﾆｯｺｰ),$AM,,0
13910234,倉茂　VCTF-22　1.25*2C,$VCT,,0
13910235,ﾌﾟﾘﾝｽ　ﾋｰﾄﾝ　PT-47-SUS-01(10ヶ入),$ﾌﾟﾘﾝｽ,,0
13910236,SUS　小型ﾅｯﾄ　M10(B14),$SUS,,0
13910237,M-2012/ﾄｸﾞﾙｽｲｯﾁ,$M,,0
13910238,SUS ﾋﾗﾜｯｼｬｰ　3.5,$SUS,,0
13910239,×SUS SWｽﾌﾟﾘﾝｸﾞﾜｯｼｬｰ　3.5　使用×,$SUS,P,0
13910240,環境ﾋｭｰｽﾞFUJIS215 219℃10A　CDF,$ｶﾝ,,0
13910241,ﾊﾝﾄ絶縁ﾃｰﾌﾟ大(200入)10166732(351－83,$ﾊﾝﾄ,,0
13910242,ﾎﾞｱﾃｰﾌﾟ　20㎜JA　白,$ﾎﾞｱ,,0
13910243,ﾎﾞｱﾃｰﾌﾟ　20㎜JBL　白,$ﾎﾞｱ,,0
13910244,裸圧着端子　Ｒ1.25Ｙ-4Ｍ,$ｱｯﾁｬ,,0
13910245,SUS ﾅﾍﾞﾋﾞｽ　6×45,$SUS,P,0
13910246,TOPﾌﾞﾗｼﾚｽﾓｰﾀｰTPBBW1006BL2,$TO,P,0
13910247,TOP200V基盤TPSPA1006BL5,$TO,P,0
13910248,HKV 0.5SQ 緑,$HK,,0
13920001,ﾗﾛｰｻﾞ製品保証書,$ﾗﾛｰｻﾞ,冊,0
13920002,ｸﾘｱﾒｲﾄ用丸ｼﾞｮｰｺﾞｱﾀﾞﾌﾟﾀｰ,$ｸﾘｱﾒｲ,個,0
13920003,ｱｰﾑｼﾞｮｰｺﾞ　ﾈｯﾄﾘﾝｸﾞ台座,$ｱｰﾑｼﾞ,個,0
13920004,ｱｰﾑｼﾞｮｰｺﾞ　ﾈｯﾄﾘﾝｸﾞ外枠,$ｱｰﾑｼﾞ,個,0
13920005,202型　ﾀﾝｸ　(福研),$202ﾀﾝ,,0
13920006,ﾓｰﾀｰ取付金具,$ﾓｰﾀｰﾄ,個,0
13920007,ﾊﾞｷｭｰﾑ　ﾌｨﾙﾀｰｶﾞｲﾄﾞ (佐々木),$ﾊﾞｷｭｰ,個,0
13920008,ｱｰﾑｼﾞｮｰｺﾞｽﾀﾝﾄﾞ用ﾍﾘｻｰﾄ･ﾅｯﾄ･ﾜｯｼｬｰ,$ｱｰﾑｼﾞ,ｾｯﾄ,0
13920009,ﾓｰﾀｰﾊﾟｯｷﾝ　Cｰ137,$ﾓｰﾀｰﾊ,,0
13920010,100VｱﾀﾞﾌﾞﾀｰBOX (塗装ナシ)　(ﾏｴﾀﾞ),$100Vｱ,,0
13920011,BX303 大袖ﾈｯﾄﾘﾝｸﾞ外枠,$ﾈｯﾄﾘﾝ,個,0
13920012,BX303 大袖ﾈｯﾄﾘﾝｸﾞ台座,$ﾈｯﾄﾘﾝ,個,0
13920013,ｱｰﾑｼﾞｮｰｺﾞｽﾀﾝﾄﾞ　　(新木),$ｱｰﾑｼﾞ,個,0
13920014,100VｱﾀﾞﾌﾟﾀｰBOX　　　(SDS),$100V,,0
13920015,ﾍﾞｰｽﾊﾟｯｷﾝ　3tX245X255,$ﾍﾞｰｽ,枚,0
13920016,ﾊﾞｷｭｰﾑﾀﾝｸ　202型　ﾋﾟﾝｸ,$ﾊﾞｷｭｰ,台,0
13920017,旧標準ﾀｲﾌﾟBOX　板金のみ,$ｷｭｳﾋｮ,,0
13920018,旧電気BOX　板金のみ,$ｷｭｳﾃﾞ,,0
13920019,旧部品取付金具　板金のみ,$ｷｭｳﾌﾞ,,0
13920020,ｻｽﾍﾟﾝﾀﾞｰ取付ﾊﾟｲﾌﾟ,$ｻｽﾍﾟﾝ,,0
13920021,しみぬきやさん202 (本体/扉/電気BOX),$ｼﾐﾇｷﾔ,ｾｯﾄ,0
13920023,ｻｽﾍﾟﾝﾀﾞｰ用棚　大　SV-0011,$ｻｽﾍﾟﾝﾀﾞｰ,,0
13920025,202用　Ｌﾊﾟｲﾌﾟ　(旧),$Lﾊﾟｲﾌ,,0
13920026,しみぬきやさん　ｻｽﾍﾟﾝﾀﾞｰﾒｸﾗﾌﾞﾀ,$ｻｽﾍﾟﾝ,個,0
13920027,棚取付ｱﾀﾞﾌﾟﾀｰ,$ﾀﾅﾄﾘﾂ,個,0
13920028,棚受ﾊﾟｲﾌﾟ　P0024,$ﾀﾅｳｹ,本,0
13920029,ﾊﾞｷｭｰﾑﾀﾝｸ固定ﾈｼﾞ,$ﾊﾞｷｭｰ,箱,0
13920030,基板　KI-07（大澗電子からCNKへ変更,$ｷﾊﾞﾝ,,0
13920031,しみぬきやさん202　電気BOXｼﾙｸ印刷代,$ｼﾐﾇｷﾔ,,0
13920032,ｽﾃﾝ棚板(旧)　小,$ｽﾃﾝﾀﾅ,,0
13920033,防音材　しみぬきやさん202　側面,$ﾎﾞｳｵﾝ,枚,0
13920034,防音材　しみぬきやさん202　扉面,$ﾎﾞｳｵﾝ,枚,0
13920035,防音材　しみぬきやさん202　背面,$ﾎﾞｳｵﾝ,枚,0
13920036,防音材　しみぬきやさん202　底面,$ﾎﾞｳｵﾝ,枚,0
13920037,防音材　STV15t＋ｺﾞﾑ2t粘　1000X1000,$ﾎﾞｳｵﾝ,枚,0
13920038,ﾋｰﾄﾝ　100ケ,$ﾋｰﾄﾝ,LOT,0
13920039,ｱｰﾑｼﾞｮｰｺﾞ蓋   ﾛｯﾄ500以下@274,$ｱｰﾑｼﾞ,ケ,0
13920040,ｱｰﾑｼﾞｮｰｺﾞ枠  ﾛｯﾄ500以下@170,$ｱｰﾑｼﾞ,ケ,0
13920041,ｽｰﾊﾟｰﾊﾞｷｭｰﾑ本体ﾍﾞｰｽ,$ｽｰﾊﾟｰ,,0
13920042,ｽｰﾊﾟｰﾊﾞｷｭｰﾑ本体ﾀﾝｸ,$ｽｰﾊﾟｰ,,0
13920043,SUPER VACUUM  ｼｰﾙ　(1000枚で8000円),$ｼｰﾙ,枚,0
13920044,ｽｰﾊﾟｰﾊﾞｷｭｰﾑｱﾀﾞﾌﾟﾀｰ,$ｽｰﾊﾟｰ,,0
13920045,ｼｰﾙ  型式,$ｼｰﾙ,枚,0
13920046,EPTｺﾞﾑﾊﾟｯｷﾝ(ｸﾞﾚｰ)　3tX5wX240πX250π,$ｺﾞﾑﾊﾟ,,0
13920047,ﾊﾞｷｭｰﾑ天板　塩ﾋﾞｸﾞﾚｰ4t 260π　(ﾆﾌｽｺ),$ｴﾝﾋﾞ,,0
13920048,ﾊﾞｷｭｰﾑﾀﾝｸ　202型　(支給部品あり),$ﾊｷｭｰ,台,0
13920049,PVC円板　ｱｲﾎﾞﾘｰ穴6ｶ所,$PVC,枚,0
13920050,RV202逆流防止板上側 塩ﾋﾞｸﾞﾚｰ4tX230π,$RV202,,0
13920051,RV202逆流防止板下側 塩ﾋﾞｸﾞﾚｰ4tX230π,$RV202,,0
13920052,ﾌｯﾄｽｲｯﾁ取付ﾊﾟﾈﾙ　202用/221用/101用,$ﾌｯﾄ,,0
13920053,ﾃｸﾉｼｬﾜｰｼｽﾃﾑ　ｼｰﾙ　(楕円･大),$ｼｰﾙ,枚,0
13920054,三方コックｽﾄｯﾊﾟｰ,$ｻﾝﾎﾟｳ,ケ,0
13920055,ｹｰﾌﾞﾙﾌｯｸ　大,$ｹｰﾌﾞﾙ,個,0
13920056,ｹｰﾌﾞﾙﾌｯｸ　小,$ｹｰﾌﾞﾙ,個,0
13920057,202用　Lﾊﾟｲﾌﾟ新　460X900,$ｽﾃﾝ,,0
13920059,ﾊﾞｷｭｰﾑﾀﾝｸﾓｰﾀｰ押えﾊﾟｯｷﾝ上　(ｳｨﾌﾞﾃｯｸ),$ﾊﾞｷｭｰﾑ,,0
13920060,ｽｰﾊﾟｰﾊﾞｷｭｰﾑ逆流防止板 (近江化工),$ｽｰﾊﾟｰ,,0
13920061,成型品抜き加工(202型ﾀﾝｸﾓｰﾀｰ取付部),$ｾｲｹｲﾋ,ケ,0
13920062,ｽｰﾊﾟｰﾊﾞｷｭｰﾑ本体ｷｬｯﾌﾟ　(近江化工),$ｽｰﾊﾟｰ,,0
13920063,ﾓｰﾀｰ201型用止め板　　(岡田),$ﾓｰﾀｰ,ケ,0
13920064,PVCﾊﾟｲﾌﾟ　穴4ｹ所　ﾀｯﾌﾟ8　(岡田),$PVC,ケ,0
13920065,ｽﾍﾟｰｻｰ　　　　(岡田),$ｽﾍﾟｰｻ,ケ,0
13920066,広口ｼﾞｮｰｺﾞ吸込口　(福研),$ﾋﾛｸﾁ,,0
13920067,ﾊﾞｷｭｰﾑﾌｨﾙﾀｰｶﾞｲﾄﾞ(塩ﾋﾞﾊﾟｲﾌﾟ)上 140π,$ﾊﾞｷｭｰ,個,0
13920068,ﾊﾞｷｭｰﾑﾀﾝｸ逆流防止板加工 (RV板),$ﾊﾞｷｭｰ,,0
13920069,ﾌﾗﾝｼﾞ  (KAIｰ01),$ﾌﾗﾝｼﾞ,,0
13920070,M5ﾋﾞｽ切削 ，M5ﾎﾞﾙﾄ加工  (佐々木),$ﾋﾞｽ,,0
13920071,改良型水切り板(下) ﾌﾟﾗｽﾁｯｸﾚｰｻﾞｰ加工,$ﾐｽﾞｷﾘ,,0
13920072,ｽｰﾊﾟｰﾊﾞｷｭｰﾑﾌｨﾙﾀｰ板,$ｽｰﾊﾟｰ,,0
13920073,ｱｰﾑｼﾞｮｰｺﾞｽﾀﾝﾄﾞ用ﾍﾘｻｰﾄ　のみ,$ｱｰﾑｼﾞ,,0
13920074,ｱｰﾑｼﾞｮｰｺﾞｽﾀﾝﾄﾞ用ﾅｯﾄ　　のみ,$ｱｰﾑｼﾞ,,0
13920075,ｱｰﾑｼﾞｮｰｺﾞｽﾀﾝﾄﾞ用ﾜｯｼｬ　　のみ,$ｱｰﾑｼﾞ,,0
13920076,RV101 SUS ﾘﾌﾞ付袖馬用ｽﾄｯﾊﾟｰ  (野村),$RV101,ケ,0
13920077,SUS 2.0t  ﾊﾟﾝﾁﾝｸﾞ板･丸,$ﾊﾟﾝﾁﾝ,枚,0
13920078,SUS 2.0t  ﾊﾟﾝﾁﾝｸﾞ板･長丸,$ﾊﾟﾝﾁﾝ,枚,0
13920079,ﾊﾞｷｭｰﾑ本体 花穴加工(ﾛｯﾄで価格変動,$ﾊﾞｷｭｰ,個,0
13920080,ｽｰﾊﾟｰﾊﾞｷｭｰﾑﾌｨﾙﾀｰｶﾞｲﾄﾞ(塩ﾋﾞﾊﾟｲﾌﾟ)下 1,$ｽｰ,個,0
13920082,袖馬ﾎﾟｱﾒｯﾄ ﾚｰｻﾞｰ加工 (40@200･10@400),$ﾚｰｻﾞｰ,,0
13920083,丸口ﾎﾟｱﾒｯﾄ 115π ﾚｰｻﾞｰ加工(材料支給),$ﾚｰｻﾞｰ,,0
13920084,袖馬用ﾋﾟﾝﾌﾞｯｼｭ,$ｿﾃﾞｳﾏ,ケ,0
13920085,馬蹄型ﾎﾟｱﾒｯﾄ　ﾚｰｻﾞｰ加工  (材料支給),$ﾚｰｻﾞｰ,枚,0
13920086,ｻｽﾍﾟﾝﾀﾞｰ用棚板 大　SP-0011T,$ﾀﾅ,,0
13920087,ｻｽﾍﾟﾝﾀﾞｰ用棚 中 SV-001･SUS430･1.5t,$ﾀﾅ,,0
13920088,丸口ｼﾞｮｰｺﾞﾊﾟﾝﾁ板Ⅲ　SUS2.0t,$ﾏﾙｸﾁ,,0
13920089,ﾚｰｻﾞｰ加工丸型ﾊﾟﾝﾁﾝｸﾞ板2t×6Φ×9P,$ﾚｰ,,0
13930001,SUS　蝶ﾎﾞﾙﾄ　6X10,$SUS,P,0
13930002,鷲星印　ﾉﾌﾞﾎﾞﾙﾄ　M6X25,$ﾉﾌﾞBT,P,0
13930003,SUS　丸座(平ﾜｯｼｬｰ)　4,$SUS,P,0
13930004,SUS　NT　3,$SUS,P,0
13930005,SUS　NT　4,$SUS,P,0
13930006,SUS  SW(ｽﾌﾟﾘﾝｸﾞﾜｯｼｬｰ)  5,$SUS,P,0
13930007,SUS ﾅﾍﾞﾀｯﾋﾟﾝｸﾞ 5X20,$SUS,P,0
13930008,SUS ﾅﾍﾞﾋﾞｽ 5X30,$SUS,P,0
13930009,SUS ｻﾗﾀｯﾋﾟﾝｸﾞ 3X10,$SUS,P,0
13930010,SUS　SW(ｽﾌﾟﾘﾝｸﾞﾜｯｼｬｰ)　3,$SUS,P,0
13930011,SUS　ﾅﾍﾞﾋﾞｽ　4X8,$SUS,P,0
13930012,SUS ｻﾗﾀｯﾋﾟﾝｸﾞ 3X8,$SUS,P,0
13930013,SUS ﾅﾍﾞﾋﾞｽ 5X90,$SUS,P,0
13930014,SUS ﾅﾍﾞﾋﾞｽ　4X20,$SUS,P,0
13930015,SUS ﾅﾍﾞﾀｯﾋﾟﾝｸﾞ 4X10,$SUS,P,0
13930016,SUS  Eﾘﾝｸﾞ 3,$SUSEﾘ,P,0
13930017,SUS　SW(ｽﾌﾟﾘﾝｸﾞﾜｯｼｬｰ)　4,$SUS,P,0
13930018,SUS  ｻﾗﾋﾞｽ  3X5,$SUS,P,0
13930019,SUS  ﾄﾗｽﾋﾞｽ  4X5,$SUS,P,0
13930020,SUS　ｻﾗﾀｯﾋﾟﾝｸﾞ　4X16,$SUS,P,0
13930021,SUS　丸座(平ﾜｯｼｬｰ)　5,$SUS,P,0
13930022,SUS  NT　5,$SUS,P,0
13930023,SUS　丸座(平ﾜｯｼｬｰ)  4,$SUS,P,0
13930024,SUS　丸座(平ﾜｯｼｬｰ)　3,$SUS,P,0
13930025,SUS　ｻﾗﾀｯﾋﾟﾝｸﾞ　5X30,$SUS,P,0
13930026,SUS　ｻﾗﾋﾞｽ　3X8,$SUS,Ｐ,0
13930027,SUS　蝶ﾎﾞﾙﾄBT　8X15,$SUS,P,0
13930028,SUS　ﾁｮｳBT　8X10,$SUS,Ｐ,0
13930029,SUS　ﾄﾗｽﾋﾞｽ　4X12,$SUS,P,0
13930030,SUS　ﾅﾍﾞﾋﾞｽ　3X10,$SUS,P,0
13930031,SUS  ﾅﾍﾞﾋﾞｽ  5X20,$SUS,P,0
13930032,SUS　ｻﾗﾀｯﾋﾟﾝｸﾞ　3X12,$SUS,P,0
13930033,ﾈｼﾞ　4X15　　　(岡田),$ﾈｼﾞ,ケ,0
13930034,ﾈｼﾞ　4X80　　　(岡田),$ﾈｼﾞ,ケ,0
13930035,ﾈｼﾞ　5X30ｻﾗ　　　(岡田),$ﾈｼﾞ,ケ,0
13930036,ﾈｼﾞ　3X12ｻﾗ　　　(岡田),$ﾈｼﾞ,ケ,0
13930037,ﾈｼﾞ　3X12ﾅﾍﾞ　　　(岡田),$ﾈｼﾞ,ケ,0
13930038,ﾈｼﾞ　5X90　特注品　　　(岡田),$ﾈｼﾞ,ケ,0
13930039,Ｗ　3π　　　(岡田),$W,ケ,0
13930040,Ｗ　4π　　　(岡田),$W,ケ,0
13930041,Ｗ　5π　　(岡田),$W,ケ,0
13930042,SUS　ﾄﾗｽﾋﾞｽ　5X15,$SUS,P,0
13930043,SUS　ﾅﾍﾞﾀｯﾋﾟﾝｸﾞ　4X18,$SUS,P,0
13930044,SUS　ﾅﾍﾞﾀｯﾋﾟﾝｸﾞ　3X12,$SUS,P,0
13930045,SUS　ｻﾗﾋﾞｽ　3X18,$SUS,P,0
13930046,SUS  ﾅﾍﾞﾋﾞｽ  3X18,$SUS,P,0
13930047,SUS  ｻﾗﾀｯﾋﾟﾝｸﾞ  3X16,$SUS,P,0
13930048,SUS　ﾅﾍﾞﾋﾞｽ　5X50,$SUS,P,0
13930049,SUS　ｻﾗﾀｯﾋﾟﾝｸﾞ　3X15,$SUS,P,0
13930050,SUS　ﾎｰﾛｰｾｯﾄ　3X3,$SUS,P,0
13930051,SUS　ｻﾗﾋﾞｽ　4X8,$SUS,P,0
13930052,SUS　ｻﾗﾋﾞｽ　3X20,$SUS,P,0
13930053,SUS　ﾅﾍﾞﾋﾞｽ　5X75,$SUS,P,0
13930054,ﾒｯｷ　ＮＴ　3,$ﾒｯｷ,,0
13930055,SUS　BT　6×15,$SUS,,0
13939999,ﾎﾞﾙﾄ一式　　　　(吉岡幸),$ﾎﾞﾙﾄ,P,0
14010001, *ｼﾞｭﾗｺﾝ丸棒  60πX1m,$ｼﾞｭﾗｺ,本,0
14010002, *ﾀｷｹﾞﾝ　ｺﾞﾑ足　Cｰ30ｰRKｰ12,$ﾀｷｹﾞﾝ,,0
14010003, *ｼﾞｭﾗｺﾝ丸棒　80πX1m　(ﾆﾌｽｺ),$ｼﾞｭﾗｺ,本,0
14010004, *ﾀｷｹﾞﾝ  C-30-NG-79-C,$ﾀｷｹﾞﾝ,,0
14010005,S-VCTF　1.25X2C　2M-Pﾂｷ　ｸﾛ　(ﾆｯｺｰ),$VCTF,ｍ,0
14010006,ｶｺｳｶ　Dｰ01　基板,$ｶｺｳｶ,,0
14010007, *ﾈｵｽﾎﾟ　98πX47X3t,$ﾈｵｽﾎﾟ,,0
14010008, *黒ﾁｭｰﾌﾞ　5X7,$ｸﾛﾁｭｰ,ｍ,0
14010009, *ﾁﾀﾝ製　ﾋﾟﾝ　10πX24 (ﾀﾞｲﾌﾞﾛｯﾄ電極),$ﾁﾀﾝ,個,0
14010010, *ﾃﾌﾛﾝﾁｭｰﾌﾞ　10X12　　(二葉),$ﾃﾌﾛﾝﾁ,Ｍ,0
14010011, *F-64AB  ﾋｭｰｽﾞｿｹｯﾄ,$F64AB,,0
14010012, *Fｰ64 ｶﾊﾞｰ,$F64,,0
14010013, *ﾀｷｹﾞﾝ Cｰ30ｰFRBｰ10,$ﾀｷｹﾞﾝ,,0
14010014, *ﾋｭｰｽﾞｶﾝ　10A　5.2X20　新型用,$ﾋｭｰｽﾞ,,0
14010015,ｻﾄｰ Fｰ400 01-A2,$F400,,0
14010016, *Ｏﾘﾝｸﾞ　NBR　IN-55　　(福研),$Oﾘﾝｸﾞ,,0
14010017,ﾀｷｹﾞﾝ C-30-RK-1510-EP-UL ｺﾞﾑ脚ｱｲﾎﾞﾘｰ,$ﾀｷｹﾞﾝ,P,0
14010018, *Ｏﾘﾝｸﾞ　Pｰ50　(NBR70’),$Oﾘﾝｸﾞ,,0
14010019,ｻﾄｰ　Kｰ6  (岡本),$K-6,PCS,0
14010020,PE  2L平角　C/P　(60/括),$PE2L,,0
14010021, *ﾈｵｽﾎﾟ  2tX1000X1000　　(福研),$ﾈｵｽﾎﾟ,,0
14010022,ﾃﾌﾛﾝﾁｭｰﾌﾞ　12πX13πX10ｍ巻,$ﾃﾌﾛﾝ,巻,0
14010023, *ﾐﾔﾏ DS-721ｰLCNｰ電球ﾅｼ 白 (岡本),$ﾐﾔﾏ,,0
14010024,RV24YN20SB204　(岡本→ﾆｯｺｰ),$RV24,,0
14010025, *ﾆｼﾁｭｰﾌﾞ　NPM15ｰ7.5ｰ2,$ﾆｼﾁｭｰ,ｍ,0
14010026, *ｻﾄｰ　Fｰ7142　125V　10A,$ｻﾄｰ,,0
14010027,Ｏﾘﾝｸﾞ　G-50　(NBR70'),$Oﾘﾝｸﾞ,,0
14010028,Oﾘﾝｸﾞ Sｰ55 (NBR70) 54.5X2.0　ﾆﾌｽｺ,$O,個,0
14010029,ﾈｵｽﾎﾟ 5tX130πX80π ﾀﾞｲﾌﾞﾛｯﾄﾊﾟｯｷﾝ,$ﾈｵｽﾎﾟ,,0
14010030,"ﾆｼﾁｭｰﾌﾞ  NPM 15ｰ7,5ｰ1",$ﾆｼﾁｭ,Ｍ,0
14010031,ﾈｵｽﾎﾟﾃｰﾌﾟ付　3tx130φx80φ,$ﾈｵｽﾎﾟ,,0
14010032,ﾌｼﾞﾀﾝｼ　FGMB　250V　10A,$ﾌｼﾞﾀﾝ,本,0
14010033,ﾃﾌﾛﾝﾁｭｰﾌﾞ　10πX12π　10m巻　(ﾆﾌｽｺ),$ﾃﾌﾛﾝ,巻,0
14010034,ﾏｯｸｴｲﾄ　4FP-10(岡本→ﾆｯｺｰ),$4FP,,0
14010035,R8710 112X12X4 (ﾀﾞｲﾌﾞﾛｯﾄ電極/ｶｰﾎﾞﾝ),$R8710,個,0
14010037,ﾈｵｽﾎﾟﾃｰﾌﾟ付(E-4388) 2TX1000角(ｼﾊﾞﾀ),$ﾈｵｽﾎﾟ,枚,0
14010038,ﾐﾔﾏ　DS721FCNｱｶﾀﾏﾅｼﾚﾝｽﾞﾄｳｺｳﾊﾞﾝﾂｷ,$ﾐﾔﾏ,,0
14010039,ﾌｼﾞﾀﾝｼFGMB125V10APBF(岡本→ﾆｯｺｰ),$FGMB,PCS,0
14010040,CF1/4C153J　(岡本),$CF1/4,P,0
14010041,CF1/4C472J,$CF1/4,P,0
14010042,PUH2325,$PUH23,P,0
14010043,ECQE101104KF,$ECQ,,0
14010044,ERZV07D151,$ERZ,,0
14020001, *ﾀﾞｲﾌﾞﾛｯﾄ本体ｶﾊﾞｰ  (ﾏｴﾀﾞ工業),$ﾀﾞｲﾌﾞ,,0
14020002, *ﾀﾞｲﾌﾞﾛｯﾄ　ｽﾁｰﾑﾊﾟｲﾌﾟ,$ﾀﾞｲﾌﾞ,個,0
14020003, *ﾀﾞｲﾌﾞﾛｯﾄﾉｽﾞﾙｱﾀﾞﾌﾟﾀｰ　(野村),$ﾀﾞｲﾌﾞ,ケ,0
14020004, *ﾀﾞｲﾌﾞﾛｯﾄｴｰｽﾎﾞｲﾙﾀﾝｸ　(少量＠3200),$ﾀﾞｲﾌﾞ,個,0
14020005, *ﾊﾟﾈﾙｼﾙｸ　DIE BLOTE ACE,$ﾀﾞｲﾌﾞ,,0
14020006,ﾀﾞｲﾌﾞﾛｯﾄ　小径ノズル,$ﾀﾞｲﾌﾞ,,0
14020007, *ﾀﾞｲﾌﾞﾛｯﾄｴｰｽ ｶﾊﾞｰ  (山内),$ﾀﾞｲﾌﾞ,,0
14020008, *ﾀﾞｲﾌﾞﾛｯﾄｴｰｽ ﾍﾞｰｽ  (山内),$ﾀﾞｲﾌﾞ,,0
14020009, *SUS　99水ﾀﾝｸ金具,$99ﾐｽﾞ,,0
14020010,ﾀﾞｲﾌﾞﾉｽﾞﾙｷｬｯﾌﾟ　　　(新木),$ﾀﾞｲﾌﾞ,個,0
14020011,電解槽 本体,$ﾃﾞﾝｶｲ,,0
14020012,電解槽　上ｶﾊﾞｰ　　(近江化工),$ﾃﾞﾝｶｲ,,0
14020013,電解槽　底ｶﾊﾞｰ　(近江化工),$ﾃﾞﾝｶｲ,,0
14020014,ﾀﾞｲﾌﾞﾛｯﾄ99  ｼﾙｸﾊﾟﾈﾙ,$ﾀﾞｲﾌﾞ,枚,0
14020015,ﾀﾞｲﾌﾞﾛｯﾄ本体ｶﾊﾞｰ　（近江化工）,$ﾀﾞｲﾌﾞ,,0
14020016,ﾀﾞｲﾌﾞﾛｯﾄ給水ﾀﾝｸ(新型),$ﾀﾞｲﾌﾞ,,0
14020017,ﾀﾞｲﾌﾞﾛｯﾄ　本体底板　(山内),$ﾀﾞｲﾌﾞ,,0
14020018, *99水ﾀﾝｸ金具用　ﾅｯﾄ,$99ﾐｽﾞ,,0
14020019,ﾀﾞｲﾌﾞﾛｯﾄ ｽｲｯﾁｶﾗｰ,$ﾀﾞｲﾌﾞ,,0
14020020,99水ﾀﾝｸ圧力抜き金具(M14ﾅｯﾄ付),$99 ,ｾｯﾄ,0
14020021,ﾀﾞｲﾌﾞﾛｯﾄ99  ﾉｽﾞﾙｱﾀﾞﾌﾟﾀｰ　(近江化工),$ﾀﾞｲﾌﾞ,,0
14020022,ﾀﾞｲﾌﾞﾛｯﾄﾉｽﾞﾙｱﾀﾞﾌﾟﾀｰ　　(新木),$ﾀﾞｲﾌﾞ,個,0
14020023, *Ti(ﾁﾀﾝ)加工品　4tX12X122　電極棒,$TI,本,0
14020024, *ﾀﾞｲﾌﾞﾛｯﾄ99　ﾉｽﾞﾙ用めざら　(野村),$ﾀﾞｲﾌﾞ,ケ,0
14020025,ﾀﾞｲﾌﾞﾛｯﾄ99　ﾉｽﾞﾙめざら用穴ﾅｼ板,$ﾀﾞｲﾌﾞ,ケ,0
14020026, *ﾀﾞｲﾌﾞﾛｯﾄ電極 (ﾁﾀﾝ4t)  (山内),$ﾀﾞｲﾌﾞ,,0
14020027,ﾄﾗｲｱｯｸ電力調整基板(10枚取り),$ﾄﾗｲ,ｼｰﾄ,0
14030001,SUS　ﾄﾗｽﾋﾞｽ　3X5,$SUS,P,0
14030002,SUS　ﾅﾍﾞﾋﾞｽ　4X10,$SUS,P,0
14030003,ｼﾝﾁｭｳ ｸﾛｰﾑﾒｯｷ  ﾅﾍﾞﾋﾞｽ  4X30,$ｼﾝ,P,0
14030004,ｼﾝﾁｭｳｸﾛｰﾑﾒｯｷ  NT  4,$ﾒｯｷ,P,0
14510001,白　ﾈｼﾞ込ｴﾙﾎﾞ　3/8,$ｼﾛﾈｼﾞ,P,0
14510002,ﾀｶﾁ　SW-125B(25/5～岡本→ﾆｯｺｰ,$SW125,,0
14510003,ｼﾛ ﾆｯﾌﾟﾙ 1/4X5,$ｼﾛ,P,0
14510004,ｼﾛ ﾆｯﾌﾟﾙ 3/8X2,$ｼﾛ,P,0
14510005,ｼﾛ ﾆｯﾌﾟﾙ 3/8X3,$ｼﾛ,P,0
14510006,ｼﾛ ﾆｯﾌﾟﾙ 1/4(8A),$ｼﾛ,P,0
14510007,ｼﾛ  ﾆｯﾌﾟﾙ  3/8(10A),$ｼﾛNI,P,0
14510008,白 BU 3/8X1/4(10AX8A),$ｼﾛBU,P,0
14510009,白 ﾈｼﾞ込ｿｹｯﾄ 1/4(8A),$ｼﾛﾈｼﾞ,P,0
14510010,白 ﾈｼﾞ込ｿｹｯﾄ 3/8X1/4,$ｼﾛﾈｼﾞ,P,0
14510011,ＴＳ  Ｔ  50X30,$TST,P,0
14510012,TLV A3-N ｽﾁｰﾑﾄﾗｯﾌﾟ 1/2,$TLVA3,P,0
14510013,ﾖｼﾀｹ TDｰ10NA ｽﾁｰﾑﾄﾗｯﾌﾟ 15A(or 1/2),$ﾖｼﾀｹ,P,0
14510014,ｼﾛ ﾆｯﾌﾟﾙ 1/4X6,$ｼﾛ,P,0
14510015,白 BU 1/2X3/8(15Ax10A),$ｼﾛBU,P,0
14510016,KITZ ﾘﾌﾄﾁｬｯｷV Fｰ150 3/8,$KITZﾘ,P,0
14510017,ｼﾛ　ﾆｯﾌﾟﾙ　3/8X5,$ｼﾛ,P,0
14510018,白　ﾈｼﾞ込Ｔ　3/8,$ｼﾛﾈｼﾞ,P,0
14510019,白　ﾈｼﾞ込Ｔ　1/2(15A),$ｼﾛﾈｼﾞ,P,0
14510020,ｼﾛ　ﾆｯﾌﾟﾙ　1/2X2,$ｼﾛ,P,0
14510021,ﾆｼﾁｭｰﾌﾞNPR-40-20-1(NPMｰ40-20-1変更,$ﾆｼﾁｭｰ,ｍ,0
14510022,KFVA1　ﾆｯｺｰ,$KFVA,,0
14510023,白ﾆｯﾌﾟﾙ　3/8X4,$ｼﾛ,P,0
14510024,TRﾃｸﾉﾌﾚｯｸｽ　10X6.5,$TRﾃｸﾉ,ｍ,0
14510025,KITZ ｽｲﾝｸﾞﾁｬｯｷＶ Rｰ125 3/8(10A),$KITZ,P,0
14510026,ｽﾄﾚｰﾄ　PC8ｰ02,$ｽﾄﾚｰﾄ,,0
14510027,ﾋﾟｽｺ　ｴﾙﾎﾞ　PL8ｰ02,$ﾋﾟｽｺ,P,0
14510028,KITZ  ﾆｰﾄﾞﾙV  N1ｰA-3,$KITZ,P,0
14510029,ｵｰﾄﾌﾛﾝﾎｰｽ　1.0ｍ,$ｵｰﾄﾌﾛ,本,0
14510030,SUS　NI　3/8X1/4,$SUS,P,0
14510031,ｼﾛ ﾆｯﾌﾟﾙ 1/2X3/8,$ｼﾛNI,P,0
14510032,塩ﾋﾞﾊﾟｲﾌﾟ　ＶＰ　16X4M　(ｼﾊﾞﾀ),$ｴﾝﾋﾞﾊ,本,0
14510033,KITZ  ﾐﾆﾁｭｱＶ  N1ｰAｰ3,$KITZ,Ｐ,0
14510034,ﾌｼﾞｷﾝ  ﾆｰﾄﾞﾙＶ  N1-Aｰ3,$ﾌｼﾞｷﾝ,Ｐ,0
14510035,立菅ﾊﾞﾝﾄﾞ  16,$ﾘｯｶﾝﾊ,ケ,0
14510036,Ｔ字足  25X50,$Tｼﾞｱｼ,ケ,0
14510037,ｻﾄﾞﾙﾊﾞﾝﾄﾞ  16,$ｻﾄﾞﾙ,ケ,0
14510038,中興　ﾃﾌﾛﾝﾁｭｰﾌﾞ(PTFE)　6X8　(ｼﾊﾞﾀ),$PT,ｍ,0
14510039,乳白ﾃﾌﾛﾝﾁｭｰﾌﾞ  8X6,$ﾃﾌﾛﾝﾁ,ｍ,0
14510040,ﾒｯｷ  Ｕﾎﾞﾙﾄ  5/16X3/4,$ﾒｯｷU,Ｐ,0
14510041,日東 ｼｰﾙﾃｰﾌﾟ NO.95(15m)(吉岡)10ｹ/CS,$ﾆｯﾄｳ,C/S,0
14510042,ﾒｯｷ  Ｕﾎﾞﾙﾄ  1/4X20A,$ﾒｯｷU,P,0
14510043,白　ﾌﾟﾗｸﾞ　3/8,$ｼﾛﾌﾟﾗ,P,0
14510044,KITZ ﾆｰﾄﾞﾙV N1-A-3 3/8 (20P-@448),$KITZ,P,0
14510045,SUS304　ﾈｼﾞ込L　3/8 or (10),$SUS,P,0
14510046,SUS304　ﾈｼﾞ込T　3/8(10),$SUS,P,0
14510047,ﾋﾟｽｺ　ｴﾙﾎﾞ  PL8ｰ03,$ﾋﾟｽｺ,P,0
14510048,ﾕﾆｵﾝ付ﾌﾚｷ　　3/8X500,$ﾕﾆｵﾝ,P,0
14510049,ﾆｯﾌﾟﾗ　ＶＰ　20AX4.0M,$ﾆｯﾌﾟﾗ,Ｐ,0
14510050,TS ｿｹｯﾄ 20X16　(吉岡幸→ｼﾊﾞﾀ),$TS,Ｐ,0
14510051,ﾋﾟｽｺ  PYｰ8,$ﾆﾎﾝﾋﾟ,,0
14510052,ﾋﾟｽｺ  PYｰ6,$ﾆﾎﾝﾋﾟ,,0
14510053,ﾋﾟｽｺ  PL6ｰ03,$ﾆﾎﾝﾋﾟ,,0
14510054,ＴＳ　Ｓ　40　　　(吉岡幸),$TSS,Ｐ,0
14510055,ｽﾁｰﾑｾﾊﾟﾚｰﾀｰ　　(森川洗染機),$ｽﾁｰﾑ,,0
14510056,ﾅｲﾛﾝ(ｼﾞｭﾝﾛﾝ)ＡＳ１　8X6　黒　(ｼﾊﾞﾀ),$ﾅｲﾛﾝ,ｍ,0
14510057,ﾖｼﾀｹ 減圧弁 GDｰ6N 15A (Bﾀｲﾌﾟ1ｰ4K),$ﾖｼﾀｹ,Ｐ,0
14510058,白　異径ﾆｯﾌﾟﾙ　3/4X1/2,$ｼﾛｲｹｲ,Ｐ,0
14510059,白　異径ﾆｯﾌﾟﾙ　1/2X3/8,$ｼﾛｲｹｲ,Ｐ,0
14510060,ｵｰﾄﾌﾛﾝﾎｰｽ　5.0ｍ,$ｵｰﾄﾌﾛ,本,0
14510061,塩ﾋﾞﾊﾟｲﾌﾟ　VP-20x4M　　(ｼﾊﾞﾀ),$ｴﾝﾋﾞ,本,0
14510062,ＴＳｿｹｯﾄ　20X16　　(ｼﾊﾞﾀ),$TSﾂｷﾞ,ケ,0
14510063,ＴＳ継手　20Ｌ,$TSﾂｷﾞ,ケ,0
14510064,立管ﾊﾞﾝﾄﾞ　20,$ﾀﾁｶﾝ,ケ,0
14510065,ｳﾚﾀﾝ　ＵＨ　8X5　(ｼﾞｭﾝﾛﾝ),$ｳﾚﾀﾝ,ｍ,0
14510066,ｳﾚﾀﾝ　ＵＨ　6X4　(ｼﾞｭﾝﾛﾝ),$ｳﾚﾀﾝ,ｍ,0
14510067,ﾐﾔﾜｷ　ｽﾁｰﾑﾄﾗｯﾌﾟ　SDｰ1　3/8,$ﾐﾔﾜｷ,P,0
14510068,SUS304　長NI　3/8X2,$SUS,P,0
14510069,ﾃﾌﾛﾝﾎｰｽ用ｼﾞｮｲﾝﾄ金具　(森川),$ｼﾞｮｲﾝ,,0
14510070,ｻﾄﾞﾙﾊﾞﾝﾄﾞ　20,$ｻﾄﾞﾙ,ケ,0
14510071,日東 ｼｰﾙﾃｰﾌﾟ NO.95 10ｹ1C/S  (ｼﾊﾞﾀ),$ﾆｯﾄｳ,C/S,0
14510072,CKD　電磁弁　AB41ｰ03ｰ6　AC100V(吉岡),$CKD,P,0
14510073,CKD　電磁弁AB41ｰ03ｰ6ｰC4A 100V(吉岡),$CKD,P,0
14510074,ｽﾁｰﾑｾﾊﾟﾚｰﾀｰ　ｴｱｰﾀﾝｸ付　(森川洗染),$ｽﾁｰﾑ,,0
14510075,白　ﾈｼﾞ込ｿｹｯﾄ　1/2,$ｼﾛﾈｼﾞ,P,0
14510076,ﾆｯﾌﾟﾙ  1/4X3/8   (大阪電機),$ﾆｯﾌﾟﾙ,,0
14510077,×ﾆﾎﾝﾋﾟｽｺﾀｯﾁｼﾞｮｲﾝﾄ(ｴﾙﾎﾞ)PL8ｰ02使用×,$ﾆﾎﾝﾋﾟ,P,0
14510078,×ﾆﾎﾝﾋﾟｽｺﾀｯﾁｼﾞｮｲﾝﾄ(ｴﾙﾎﾞ)PL8-03使用×,$ﾆﾎﾝﾋﾟ,P,0
14510079,ﾒｯｷ  Uﾎﾞﾙﾄ  NT付  1/4X20A,$ﾒｯｷU,P,0
14510080,ﾌﾟﾚｽﾄﾛｯｸ継手  PTUMｰ6ｰPM,$ﾌﾟﾚｽﾄ,ケ,0
14510081,ﾌﾟﾚｽﾄﾛｯｸ継手  PTUMｰ8-6-PM,$ﾌﾟﾚｽﾄ,ケ,0
14510082,ﾌﾟﾚｽﾄﾛｯｸ継手　PUM-8-6-PM,$ﾌﾟﾚｽﾄ,ケ,0
14510083,ﾋﾟｽｺ　PEG8-6,$ﾆﾎﾝﾋﾟ,P,0
14510084,ﾐﾔﾜｷ　SL3　1/4,$ﾐﾔﾜｷ,P,0
14510085,SUS304　長NI　3/8X3,$SUS,P,0
14510086,SUS304　長NI　3/8X5,$SUS,P,0
14510087,白　ﾈｼﾞ込ｿｹｯﾄ　1/2X3/8,$ｼﾛﾈｼﾞ,P,0
14510088,白　ﾈｼﾞ込ｴﾙﾎﾞ　3/8X1/4,$ｼﾛﾈｼﾞ,P,0
14510089,ｵｰﾄﾌﾛﾝﾎｰｽ　2.0m,$ｵｰﾄﾌﾛ,本,0
14510090,KITZ ﾆｰﾄﾞﾙﾊﾞﾙﾌﾞ　N1-A 3/8,$KITZ,P,0
14510091,ｼﾞｭﾝﾛﾝ ｽﾃﾝﾚｽｴﾙﾎﾞ L-6X4-PT1/8-SUS,$ｼﾞｭﾝﾛ,P,0
14510092,ｼﾞｭﾝﾛﾝ ﾜﾝﾀｯﾁ継手ｴﾙﾎﾞ PLBM-8-PT1/8-PM,$ｼﾞｭﾝﾛ,P,0
14510093,ｼﾞｭﾝﾛﾝ ｽﾃﾝﾚｽ隔壁ｵｽﾕﾆｵﾝ PUN-6X4-PT1/4,$ｼﾞｭﾝﾛ,P,0
14510094,ｼﾞｭﾝﾛﾝ ｽﾃﾝﾚｽ隔壁ｵｽﾕﾆｵﾝ PUN-6X4-PT3/8,$ｼﾞｭﾝﾛ,P,0
14510095,ｼﾞｭﾝﾛﾝ ｽﾃﾝﾚｽ隔壁ﾒｽﾕﾆｵﾝ FC-6X4-PT3/8,$ｼﾞｭﾝﾛ,P,0
14510096,SUS304  ﾈｼﾞ込T　1/8(6),$SUS,P,0
14510097,SUS304  NI  1/8(6),$SUS,P,0
14510098,SMC　VX2110-01-1G1-B,$SMC,P,0
14510099,SMC　電磁弁VX3124S-01-1G1-B,$SMC,P,0
14510100,SUS304　長NI　3/8X4,$SUS,P,0
14510101,ｼﾞｭﾝﾛﾝ　ﾜﾝﾀｯﾁ継手　PLBM-6-M5-PM,$ｼﾞｭﾝﾛ,P,0
14510102,ｼﾞｭﾝﾛﾝ　ﾜﾝﾀｯﾁ継手　PLBM-6-PT1/8-PM,$ｼﾞｭﾝﾛ,P,0
14510103,SMC　ﾃﾌﾛﾝﾁｭｰﾌﾞ　TH0604N-20　(吉岡),$SMC,P,0
14510104,ｼﾛ　BU　15AX10A,$ｼﾛBU,P,0
14510105,ｼﾞｭﾝﾛﾝ　ﾜﾝﾀｯﾁ継手NI　PNM-8-PT1/8-BSM,$ｼﾞｭﾝﾛ,P,0
14510106,SMC　電磁弁　VCS21-1G-2-01-R　(吉岡),$SMC,P,0
14510107,Oﾘﾝｸﾞ　G-45　(ﾊﾞｲﾄﾝ),$Oﾘﾝｸﾞ,,0
14510108,SUS304　ﾈｼﾞ込BU　3/8x1/8 or (10x6),$SUS,P,0
14510109,ｼﾞｭﾝﾛﾝ ﾜﾝﾀｯﾁ継手ｴﾙﾎﾞ PLBM-6-PT1/4-PM,$ｼﾞｭﾝﾛ,ケ,0
14510110,SUS304　単NI　1/8 or (6),$SUS,P,0
14510111,ｼﾞｭﾝﾛﾝ ﾌﾟﾚｽﾄﾛｯｸ　PLBM-8-PT1/8-PM,$ｼﾞｭﾝﾛ,ケ,0
14510112,ｼﾞｭﾝﾛﾝ ﾜﾝﾀｯﾁ継手ｴﾙﾎﾞ PLBM-8-PT1/4-PM,$ｼﾞｭﾝﾛ,ケ,0
14510113,SMC　電磁弁　VX3124S-01-1G1,$SMC,P,0
14510114,ﾆﾎﾝﾋﾟｽｺ　ﾀｯﾁｼﾞｮｲﾝﾄ(ｴﾙﾎﾞ)PL8-01,$ﾆﾎﾝﾋﾟ,P,0
14510115,PPﾊﾟｲﾌﾟ　8009-01　22X16X4　　(ｼﾊﾞﾀ),$PPﾊﾟｲ,本,0
14510116,TSｴﾙﾎﾞ　20,$TS,ｹ,0
14510117,SMC　電磁弁　VX3124S-01-4G1　220V,$SMC,P,0
14510118,SMC　電磁弁　VCS-21-4G-2-01-R 220V,$SMC,P,0
14510119,ﾏｲｸﾛｳｰﾙ(ｱﾙﾐ)　20Ax20,$ﾏｲｸﾛ,P,0
14510120,PPﾊﾟｲﾌﾟ　16A　　　(ｼﾊﾞﾀ),$PP,本,0
14510121,ﾋﾟｽｺ　ﾜﾝﾀｯﾁ継手　KL8-01F,$ﾋﾟｽｺ,P,0
14510122,ｽﾐﾁｭｰﾌﾞ　A-10π黒　1M,$ｽﾐﾁｭｰ,本,0
14510123,ｵｰﾄﾌﾛﾝﾎｰｽ　6.0ｍ,$ｵｰﾄﾌﾛ,本,0
14510124,PPﾊﾟｲﾌﾟ　16X4m(4000L)　　(ｼﾊﾞﾀ),$PP,本,0
14510125,ﾆﾎﾝﾋﾟｽｺ　ﾕﾆｵﾝﾃｨｰ　PE 8,$ﾆﾎﾝﾋﾟ,P,0
14510126,前処理台天板ｶﾊﾞｰSUS1.5t×800×800×1,$ﾏｴｼｮﾘ,,0
14510127,ｼﾛ　ﾆｯﾌﾟﾙ　10A×50,$ｼﾛ,,0
14510128,TRUSCO　Uﾎﾞﾙﾄ　TUB-6（328-8315）,$TRU,,0
14510129,SMC　電磁弁　VX215HBXNB,$SMC,,0
14510130,ﾕﾆｵﾝｽﾄﾚｰﾄ PU-6,$ﾕﾆｵﾝ,,0
14510131,CKD　電磁弁　B41-03-6-C4A　AC100V,$CKD,,0
14510132,CKDｴｱｰﾚｷﾞｭﾚﾀｰB7019-2C用ﾎﾞｳﾙ組立,$CKD,,0
14510133,SUS　Uﾎﾞｰﾄ(NT付)　M6×20A,$SUS,,0
14510134,ﾏｲｸﾛｳｰﾙ(ｱﾙﾐ)32A×20,$ﾏｲｸ,P,0
14510135,ﾋﾟｽｺ ﾕﾆｵﾝｽﾄﾚｰﾄ PU-8,$ﾋﾟｽｺ,P,0
14510136,ﾋﾟｽｺ 違径ﾕﾆｵﾝｽﾄﾚｰﾄ PG10-8,$ﾋﾟｽｺ,P,0
14510137,ﾋﾟｽｺ 違径ﾕﾆｵﾝｽﾄﾚｰﾄ PG8-6,$ﾋﾟｽｺ,P,0
14510138,CKD B7019-2C-GB用　ｶｯﾌﾟのみ,$CKD,P,0
14510139,SUS304 ﾈｼﾞ込S(ｽﾄﾚｰﾄﾈｼﾞ) 10,$SUS,,0
14520001,新S&A　ﾕﾆｯﾄｹｰｽ　鉄1.6t　塗装なし,$S&Aﾕﾆ,,0
14520002,ﾌｯﾄｽｲｯﾁ取付ﾌﾟﾚｰﾄ　(303型)　(ﾏｴﾀﾞ),$ﾌｯﾄｽｲ,,0
14520003,S&Aﾕﾆｯﾄﾊﾞﾙﾌﾞ取付板 (山内),$S&A,,0
14520004,"S&Aﾕﾆｯﾄ本体ｹｰｽ  (山内,ﾏｴﾀﾞ)",$S&A,,0
14520005,S&A ﾕﾆｯﾄ取付ﾊﾟﾈﾙ　(特注品),$S&Aﾕﾆ,,0
14520006,S&Aﾕﾆｯﾄ ﾌｯﾄｽｲｯﾁ取付ﾊﾟﾈﾙ　(ﾏｴﾀﾞ),$S&Aﾕﾆ,,0
14520007,S&Aﾕﾆｯﾄ ﾊﾞﾙﾌﾞ取付ﾌﾟﾚｰﾄ　(ﾏｴﾀﾞ),$S&Aﾕﾆ,ケ,0
14520008,SUS 6πX4πX40L S&Aﾄﾞﾚﾝ抜ｽﾀﾝﾄﾞｽﾍﾟｰｻｰ,$SUS,本,0
14520009,S&Aﾕﾆｯﾄ取付ﾌﾟﾚｰﾄ　(221用)　ﾏｴﾀﾞ,$S&Aﾕﾆ,,0
14520010,S&Aﾕﾆｯﾄﾄﾞﾚﾝﾊﾟｲﾌﾟ取付ｽﾍﾟｰｻｰ(野村),$S&Aﾕﾆ,ケ,0
14520011,S&Aﾕﾆｯﾄﾄﾞﾚﾝﾊﾟｲﾌﾟ取付ｽﾍﾟｰｻｰ(佐々木),$S&A,,0
14520012,ﾌｯﾄｽｲｯﾁ取付ﾊﾟﾈﾙorﾌﾟﾚｰﾄ(303型)(山内),$ﾌｯﾄｽｲ,,0
14520013,S&Aﾕﾆｯﾄ取付板(101用),$S&A,枚,0
14520014,SA ﾕﾆｯﾄ取付ﾊﾟﾈﾙ (RSｰ121)ﾏｴﾀﾞ→山内,$SA,ケ,0
14520015,S&AﾕﾆｯﾄBOX(塗装込み)     (三興電機),$SA,,0
14520016,SAﾕﾆｯﾄｾﾊﾟﾚｰﾀｰ(本体･分離板･ﾌﾀ･ｽﾍﾟｰｻｰ),$SA,set,0
14520017,SAﾕﾆｯﾄﾎﾙﾀﾞｰ新型　RS-221用　(山内),$SA,,0
14520018,SAﾕﾆｯﾄｾﾊﾟﾚｰﾀ付 本体(EX031-02)(山内),$SA,,0
14520019,SAﾕﾆｯﾄｾﾊﾟﾚｰﾀ付ﾌﾀ(EX031-02)(山内),$SA,,0
14520020,SAﾕﾆｯﾄ取付ﾊﾟﾈﾙ ｾﾊﾟﾚｰﾀｰ付 RS-121(山内,$SA,,0
14520021,SAﾕﾆｯﾄ ﾌｯﾄSW取付ﾊﾟﾈﾙ RS-221(山内),$SA,,0
14520022,SAﾕﾆｯﾄｾﾊﾟﾚｰﾀ分離板 SUS3tX41X77,$SA,,0
14520023,SAﾕﾆｯﾄｾﾊﾟﾚｰﾀｰ　　(山内),$SA,,0
14520024,SAﾕﾆｯﾄ(ｾﾊﾟﾚｰﾀｰ付)取付ﾊﾟﾈﾙ RS-221,$SA,,0
14520025,ﾌｯﾄｽｲｯﾁ取付ﾊﾟﾈﾙRS-221用 98-002,$ﾌｯﾄ,,0
14530001,SUS  ﾅﾍﾞﾋﾞｽ  5X10,$SUS,P,0
14530002,SUS　ﾄﾗｽﾋﾞｽ　5X10,$SUS,P,0
14530003,ﾒｯｷ　NT　1/4,$ﾒｯｷNT,P,0
14530004,SUS　CAP　5X20,$SUS,P,0
14530005,SUS　BT　8X20,$SUS,P,0
14610001,ｳﾙﾄﾗｷｯﾄ　ACﾊﾟﾜｺﾝ　NT-14,$NT,個,0
14610002,ｺﾃ　SA-4　30W,$ｺﾃSA4,本,0
14610003,ｺﾃ SA-4･30W用ﾋｰﾀｰ Hｰ4,$SA,本,0
14610004,×ｻﾄｰ  Kｰ100ｰ16ASｰBｸﾛ　使用×,$K100,PCS,0
14610005,×ﾄｰｺｽ　RV24YN20SB104(100K)　岡本,$RV24,PCS,0
14610006,SA-4　30W用ﾋｰﾀｰ　H-4　中部工営,$SA-4,,0
14610007,730-H　U用ﾋｰﾀｰ　30W,$730 ,,0
14620001,電気ｺﾞﾃ用ｽﾀﾝﾄﾞ,$ﾃﾞﾝｷｺ,,0
14620002,電気ｺﾞﾃ  ｺﾃ先,$ﾃﾞﾝｷｺ,ケ,0
14710001,前処理ﾊﾞｷｭｰﾑ機ﾃｰﾌﾞﾙｼｰﾄ(PEｼｰﾄ),$ﾏｴｼｮﾘ,,0
14710002,ﾅｼｮﾅﾙ　HA2133GL　前処理台蛍光灯,$ﾅｼｮﾅﾙ,,0
14710003,SUS304 ｶｸP H･L 1.0X10X10 4M,$SUS,P,0
14710004,塩ﾋﾞ ｸﾞﾚｰ  10tX12X858,$ｴﾝﾋﾞ,,0
14710005,SUS304　ｶｸP　H･L　1.0X12X12　4.0M,$SUS,P,0
14710006,ｽﾃﾝ深型ｷｯﾁﾝﾎﾟｯﾄ 100X100,$ｽﾃﾝ,個,0
14710007,PEｼｰﾄ(ｸﾞﾚｰ) 15tX897X582　148π穴ｱﾘ,$PEｼｰﾄ,枚,0
14710008,ｼｰﾘﾝｸﾞﾗｲﾄ　FL20X1,$ｼｰﾘﾝｸ,,0
14710009,×塩ﾋﾞﾊﾟｲﾌﾟ脚　VP-7　使用×,$ﾊﾟｲﾌﾟ,,0
14710010,ｳﾚﾀﾝﾊﾟｯﾄﾞ　TR5015H  600X900,$ｳﾚﾀﾝ,枚,0
14710011,ｳﾚﾀﾝ原板(ｼｰﾄTR-50-15H 15tX1000X1000,$ｳﾚﾀﾝ,枚,0
14710012,ｽﾃﾝ深型ｷｯﾁﾝﾎﾟｯﾄ 140X140,$ｽﾃﾝ,個,0
14710013,ｼｰﾘﾝｸﾞﾗｲﾄ　HA2133KGL,$ｼｰﾘﾝｸ,,0
14710014,ｳﾚﾀﾝｼｰﾄ TR-50 11tX1000X1000,$ｳﾚﾀﾝ,枚,0
14710015,ﾊﾟﾅｿﾆｯｸ　蛍光灯　HA2134GL,$HA,本,0
14710016,ｽﾃﾝﾚｽﾎﾟｯﾄ 2.1L 140mm,$ｽﾃﾝﾚｽ,個,0
14710017,ﾊﾟﾅｿﾆｯｸ　蛍光灯　HA4134GL,$ﾊﾟﾅ,本,0
14710018,ﾊﾟﾅｿﾆｯｸ　露出ｽｲｯﾁ　WS3001W,$ﾛｼｭﾂ,個,0
14710019,ﾀｷｹﾞﾝ　ﾜﾝﾀｯﾁﾊﾟｯｷﾝ　FC-779-1-2,$ﾀｷｹﾞﾝ,ｍ,0
14710020,岩田　ﾄﾘﾑ75ｼﾘｰｽﾞ　白　S75-16-W-5,$ｲﾜﾀ,巻,0
14710021,小型中間ｽｲｯﾁ　WCH2203B(黒),$WCH,個,0
14710022,中間ｽｲｯﾁ　WH5007K　(福研),$WH,個,0
14710023,塩ビ　5ｔ　白　250×1800　8-Φ4.5,$ｴﾝﾋﾞ,枚,0
14710024,ｳﾚﾀﾝｼｰﾄTR5015原版　15t×500×1000,$ｳﾚﾀﾝ,枚,0
14710025,ﾃｰﾌﾞﾙ　796×796×15　不地(野村産業,$ﾃｰﾌﾞﾙ,,0
14710026,730P　ﾊﾝﾀﾞｺﾃU　30W　中部工営,$ﾊﾝﾀﾞ,,0
14720001,前処理ﾊﾞｷｭｰﾑ機(標準)角脚/ﾏｴﾀﾞ,$ﾏｴｼｮﾘ,,0
14720002,前処理ﾊﾞｷｭｰﾑ機(標準)蛍光灯取付板/ﾏｴﾀ,$ﾏｴｼｮﾘ,,0
14720003,前処理ﾊﾞｷｭｰﾑ機(標準)ｽﾃﾝﾃｰﾌﾞﾙ/ﾏｴﾀﾞ,$ﾏｴｼｮﾘ,,0
14720004,前処理ﾊﾞｷｭｰﾑ機(標準)支柱/ﾏｴﾀﾞ,$ﾏｴｼｮﾘ,,0
14720005,前処理ﾊﾞｷｭｰﾑ機(標準)蛍光灯反射板/ﾏｴﾀ,$ﾏｴｼｮﾘ,,0
14720006,前処理ﾊﾞｷｭｰﾑ機(標準)丸ｼﾞｮｰｺﾞ受け金具,$ﾏｴｼｮﾘ,,0
14720007,ﾃｰﾌﾞﾙ  920X620X20,$ﾃｰﾌﾞﾙ,枚,0
14720008,前処理ﾊﾞｷｭｰﾑ機(標準)丸ｼﾞｮｰｺﾞ･ｽﾍﾟｰｻｰ,$ﾏｴｼｮﾘ,,0
14720009,ﾃｰﾌﾞﾙ(前処理機用･特注),$ﾃｰﾌﾞﾙ,枚,0
14720010,前処理ﾊﾞｷｭｰﾑ特注,$ﾏｴｼｮﾘ,,0
14720011,前処理台蛍光灯取付板　　(山内),$ﾏｴｼｮﾘ,set,0
14720012,前処理台蛍光灯反射板　(山内),$ﾏｴｼｮﾘ,SET,0
14720013,前処理ﾊﾞｷｭｰﾑ機支柱　(山内),$ﾏｴｼｮﾘ,ケ,0
14720014,前処理台ｽﾃﾝ角脚　　(山内),$ﾏｴｼｮﾘ,SET,0
14720015,前処理台ｽﾃﾝ天板　　(山内),$ﾏｴｼｮﾘ,式,0
14720016,前処理台ｱｰﾑｼﾞｮｰｺﾞｽﾀﾝﾄﾞ取付金具/山内,$ﾏｴｼｮﾘ,ケ,0
14720017,前処理ﾊﾞｷｭｰﾑ ｱｰﾑｼﾞｮｰｺﾞｽﾀﾝﾄﾞ､軸(野村),$ﾏｴｼｮﾘ,ｾｯﾄ,0
14720018,ﾃｰﾌﾞﾙ　1800X900X24(前処理台)素張り,$ﾃｰﾌﾞﾙ,枚,0
14720019,前処理台天板ｽﾍﾟｰｻ(山内)＠数量により,$ﾏｴｼｮﾘ,,0
14720020,前処理台ﾏｯﾄｶﾞｲﾄﾞ　Ａ・Ｂ,$ﾏｴｼｮﾘ,ｾｯﾄ,0
14720021,前処理台ｶｯﾌﾟ取付板　SUS1.5t,$ﾏｴｼｮﾘ,,0
14720022,前処理台ﾏｯﾄ受け　ｻｲｽﾞ随時　(山内),$ﾏｴｼｮﾘ,,0
14720023,前処理台ｽﾃﾝ棚板　ｻｲｽﾞ随時　(山内),$ﾏｴｼｮﾘ,,0
14720024,前処理台吸引口取付ﾊﾟﾈﾙ,$ﾏｴ,,0
14730001,SUS　BT　6X65,$SUS,P,0
14730002,SUS　ｻﾗﾋﾞｽ　4X30,$SUS,P,0
14730003,SUS　ｻﾗﾋﾞｽ　4X10,$SUS,P,0
14730004,SUS　BT　6X75,$SUS,P,0
14730005,SUS　BT　6X70,$SUS,P,0
14810001,Cｰ236　ﾊﾟｯﾁﾝ錠,$C-236,,0
14810002,ﾅｼｮﾅﾙ　EB4010　ﾌﾞｻﾞｰ　(ﾆﾌｽｺ),$ﾅｼｮﾅﾙ,,0
14810003,ﾎｰｽﾆｯﾌﾟﾙ　27X1,$ﾎｰ,P,0
14810004,白　ﾈｼﾞ込ｴﾙﾎﾞ　1/4,$ｼﾛﾈｼﾞ,P,0
14810005,白　ﾈｼﾞ込Ｔ　1/4,$ｼﾛﾈｼﾞ,P,0
14810006,ｼﾛ　ﾆｯﾌﾟﾙ　1/4X2,$ｼﾛ,P,0
14810007,ｼﾛ　ﾆｯﾌﾟﾙ　1/4X3,$ｼﾛ,P,0
14810008,×ﾊﾝﾏｰｷｬｽﾀｰ　413SｰR75　二葉　使用×,$ｷｬｽﾀｰ,,0
14810009,×ﾊﾝﾏｰｷﾔｽﾀｰ　420SRｰR75　二葉　使用×,$ｷｬｽﾀｰ,,0
14810010,ﾄﾗｲﾄﾞﾝﾊﾞﾝﾄﾞ HSｰ16,$ﾄﾗｲﾄﾞ,ケ,0
14810011,ﾌｼﾞ 電源SW  AS 480(埋込型取付部品付),$ﾌｼﾞ,,0
14810012,ｲﾜﾔ  ｽﾃﾝﾚｽ渦巻きﾎﾟﾝﾌﾟ 251SS502(50Hz),$ｲﾜﾔ,P,0
14810013,旭計器 小型圧力計50φxAT1/4x0.2Mpa,$ｱｻﾋ,P,0
14810014,鷺宮 圧力ｽｲｯﾁ　SNS-C101 1/4,$ｻｷﾞﾉﾐﾔ,P,0
14810015,Ｏﾘﾝｸﾞ　Sｰ55ｰ1A　(福研),$Oﾘﾝｸﾞ,,0
14810016,ｽﾄﾚｰﾅｰﾌﾀﾊﾟｯｷﾝ　5tX276.5X66.5,$ｽﾄﾚｰﾅ,,0
14810017,ｸﾘｽﾀﾙﾊﾞﾘｭｰ本体蓋ﾊﾟｯｷﾝ材料10tX306X288,$ｸﾘｽﾀﾙ,,0
14810018,ASXｰ001ｰF,$ASX,,0
14810019,KITZ　ﾎﾞｰﾙＶ　TKｰ600　1/4(8A),$KITZ,P,0
14810020,白　ﾈｼﾞ込ｿｹｯﾄ　1 1/4X1,$ｼﾛ,P,0
14810021,ﾄﾖｯｸｽ ｽﾌﾟﾘﾝｸﾞﾎｰｽ TSｰ25X33,$ﾄﾖｯｸｽ,ｍ,0
14810022,ｵﾑﾛﾝ　ﾀｲﾑｽｲｯﾁ　H2FｰDMC(AC100～240),$ｵﾑﾛﾝ,,0
14810023,白  ﾈｼﾞ込ｴﾙﾎﾞ  1,$ｼﾛ,P,0
14810024,白  ﾆｯﾌﾟﾙ  1,$ｼﾛ,P,0
14810025,ｸﾘｽﾀﾙﾊﾞﾘｭｰｽﾄﾚｰﾅｰﾊﾟｯｷﾝNBR60'8tX278X67,$ｸﾘｽﾀﾙ,,0
14810026,Ｏﾘﾝｸﾞ　Pｰ115　(ﾊﾞｲﾄﾝ70'),$Oﾘﾝｸﾞ,,0
14810027,Ｏﾘﾝｸﾞ　Pｰ280　(ﾊﾞｲﾄﾝ70'),$Oﾘﾝｸﾞ,,0
14810028,ﾀｷｹﾞﾝ　C-54-3,$ﾀｷｹﾞﾝ,,0
14810029,白　ﾈｼﾞ込ｿｹｯﾄ　1 1/2X1,$ｼﾛ,P,0
14810030,ﾍﾙﾒﾁｪｯｸ  GG500G  ｸﾞﾚｰ,$ﾍﾙﾒ,P,0
14810031,ﾅﾍﾞﾔ  平ﾊﾝﾄﾞﾙ  Fｰ160ｰN,$ﾅﾍﾞﾔ,P,0
14810032,THK  ｽｸﾘｭｰﾅｯﾄ  DCM22,$THK,P,0
14810033,KITZ　FH125 40A 用ﾊﾝﾄﾞﾙのみ,$KITZ,P,0
14810034,ｵｰﾑ  OAｰ1　ｵｰﾑｷｬﾌﾟｺﾝ,$ｵｰﾑ,,0
14810035,ﾊﾝﾏｰｷｬｽﾀｰ  413SｰR75,$ﾊﾝﾏｰ,P,0
14810036,ﾊﾝﾏｰｷｬｽﾀｰ  420SｰR75  (10ｹ未満@455),$ﾊﾝﾏｰ,P,0
14810037,KITZ  三方弁 (TN)  １1/4  (吉岡),$KITZ,P,0
14810038,ｼﾛ  ﾆｯﾌﾟﾙ  １1/4,$ｼﾛNI,P,0
14810039,ｼﾛ ﾈｼﾞ込ｿｹｯﾄ 1×3/4(25A×20A),$ｼﾛ,P,0
14810040,白  ﾆｯﾌﾟﾙ  2 1/2X1,$ｼﾛ,P,0
14810041,Ｏﾘﾝｸﾞ  Pｰ260  ﾊﾞｲﾄﾝ,$Oﾘﾝｸﾞ,,0
14810042,KITZ ｽｲﾝｸﾞﾁｬｯｷV R-125 1(25A),$KITZ,P,0
14810043,"ｼﾛ ﾆｯﾌﾟﾙ  1X5""",$ｼﾛNI,P,0
14810044,岩谷　ｽﾃﾝﾚｽ渦巻ﾎﾟﾝﾌﾟ　251SS602(60Hz),$ｲﾜﾔ,P,0
14810045,白  BU  1 1/4X1,$ｼﾛ,P,0
14810046,×ﾅｼｮﾅﾙ　ﾌﾞｻﾞｰ　EBｰ4010　(福研)　使,$ﾅｼｮﾅﾙ,,0
14810047,鉄  竹の子(溶接用) 25A,$ﾃﾂ,P,0
14810048,"白  ﾆｯﾌﾟﾙ  1X3""",$ｼﾛNI,P,0
14810049,ﾊﾝﾏｰｷｬｽﾀｰ　410SRｰR75,$ﾊﾝﾏｰ,P,0
14810050,Ｏﾘﾝｸﾞ　P-145　(NBR 70'),$Oﾘﾝｸﾞ,,0
14810051,ﾀｷｹﾞﾝ  Bｰ1004ｰ3ｰL  SUS角型抜差丁番,$ﾀｷｹﾞﾝ,,0
14810052,ﾀｷｹﾞﾝ  FAｰ926,$ﾀｷｹﾞﾝ,,0
14810053,ﾀｷｹﾞﾝ  Bｰ858ｰ2S  ｱｵﾘﾋﾝｼﾞ,$ﾀｷｹﾞﾝ,P,0
14810054,ﾐﾔﾏ  DS-664KｰCｰNｰSｰKｰW,$ﾐﾔﾏ,,0
14810055,ｻﾝｴｲ　流し排水栓ｶｺﾞ　H650AF,$ｻﾝｴｲ,ケ,0
14810056,ﾐﾔﾏ　DSｰ664KｰCｰNｰSｰKｰR,$ﾐﾔﾏ,,0
14810057,ﾀｷｹﾞﾝ  FAｰ1926  SUSﾛｯｸ付密閉用ﾊﾝﾄﾞﾙ,$ﾀｷｹﾞﾝ,P,0
14810058,Ｏﾘﾝｸﾞ  Pｰ145  ﾊﾞｲﾄﾝ,$Oﾘﾝｸﾞ,個,0
14810059,ﾂﾙﾐ ｽﾃﾝﾚｽうず巻ﾎﾟﾝﾌﾟSQMｰ251 60Hz200V,$ﾂﾙﾐ,P,0
14810060,KITZ ｸﾞﾛｰﾌﾞV A-100 1(25A),$KITZ,P,0
14810061,流し排水栓ｶｺﾞ  H650AF,$ﾅｶﾞｼ,ケ,0
14810062,鷺宮 　中間継手1/4 MPT(ｼﾞｮｲﾝﾄ金具),$ｻｷﾞﾉﾐﾔ,P,0
14810063,KITZ  Aｽﾄｯﾌﾟ用ﾊﾝﾄﾞﾙ  25A,$KITZ,P,0
14810064,KITZ  TKｰ600 1/4 用  ﾊﾝﾄﾞﾙのみ,$KITZ,P,0
14810065,ﾊﾝﾏｰｷｬｽﾀｰ  420SRｰR75,$ﾊﾝﾏｰ,P,0
14810066,KITZ  3方弁  TNｰ １ 1/4 (ｼﾊﾞﾀ),$KITZ,ケ,0
14810067,白　異径ﾆｯﾌﾟﾙ　25X20,$ｼﾛｲｹｲ,P,0
14810068,ｼﾛ　ﾆｯﾌﾟﾙ　1'X6',$ｼﾛNI,P,0
14810069,ｼﾛ　NI　1'X4',$ｼﾛNI,P,0
14810070,白　ﾈｼﾞ込T 1,$ｼﾛ,P,0
14810071,ﾂﾙﾐ SQM-251 60Hz用 ﾒｶﾆｶﾙｼｰﾙ ﾊﾞｲﾄﾝ,$ﾂﾙﾐ,P,0
14810072,ﾂﾙﾐ SQM-251 60Hz用 ﾌﾗﾝｼﾞﾊﾟｯｷﾝ　ﾊﾞｲﾄﾝ,$ﾂﾙﾐ,P,0
14810073,ﾂﾙﾐ SQM-251 60Hz用 Oﾘﾝｸﾞ ﾊﾞｲﾄﾝ,$ﾂﾙﾐ,P,0
14810074,SUS304　ﾈｼﾞ込S　1/8(6),$SUS,P,0
14810075,ﾂﾙﾐ SQM-251 60Hz ﾒｶﾆｶﾙｼｰﾙ(ﾆﾄﾘﾙ)送･別,$ﾂﾙﾐ,P,0
14810076,ﾂﾙﾐ SQM-251 60Hz用 ﾌﾗﾝｼﾞﾊﾟｯｷﾝ(ﾆﾄﾘﾙ),$ﾂﾙﾐ,P,0
14810077,ﾂﾙﾐ SQM-251 60Hz用 Oﾘﾝｸﾞ(ﾆﾄﾘﾙ),$ﾂﾙﾐ,P,0
14810078,第一計器 圧力計 AT1/4PT-D50-0.2MPA,$ﾀﾞｲｲﾁ,P,0
14810079,白　ﾈｼﾞ込ｴﾙﾎﾞ 25A(1),$ｼﾛ,P,0
14810080,ﾂﾙﾐ SQM-251 60Hz用 ﾌﾗﾝｼﾞﾊﾟｯｷﾝ(EPDM),$ﾂﾙﾐ,枚,0
14810081,ｼﾛ　NI 25A(1),$ｼﾛ,P,0
14810082,ﾊﾟﾅｿﾆｯｸ　ﾌﾞｻﾞｰ　EB4020　AC200V,$ﾊﾟﾅ,,0
14810083,ﾚﾍﾞﾙﾊﾞﾝﾄﾞ　D型　S-1,$ﾚﾍﾞﾙ,P,0
14810084,ｼﾛ　ﾈｼﾞ込ｴﾙﾎﾞ　8A(1/4),$ｼﾛ,P,0
14810085,ｼﾛ　NI　8A(1/4),$ｼﾛNI,P,0
14810086,ﾄﾖｽﾌﾟﾘﾝｸﾞﾎｰｽ　TS-25,$ﾄﾖｽﾌﾟ,ｍ,0
14810087,ﾊﾟﾅｿﾆｯｸ　ﾌﾞｻﾞｰ　EB-4010　AC100V,$ﾊﾟﾅｿ,,0
14810088,ﾂﾙﾐ　ｽﾃﾝﾚｽ渦巻きﾎﾟﾝﾌﾟSQM-251W60Hz100,$ﾂﾙﾐ,P,0
14810089,PEｼｰﾄ　B-200(白)　310×310×15t,$PEｼｰﾄ,,0
14810090,長野計器　小型圧力計GK20-271-0.2MP,$ﾅｶﾞﾉ,,0
14810091,ﾎｰｽﾆｯﾌﾟﾙ　27×1',$ﾎｰｽ,,0
14810092,ﾂﾙﾐｽﾃﾝﾚｽ製うず巻ﾎﾟﾝﾌﾟSQM-251　50HZ,$ﾂﾙ,,0
14820001,ｸﾘｽﾀﾙﾊﾞﾘｭｰ圧力SWﾆｯﾌﾟﾙ,$ｸﾘｽﾀﾙ,ケ,0
14820002,ﾊﾟﾈﾙ ｼﾙｸ ｸﾘｽﾀﾙﾊﾞﾘｭｰ扉　@ｰ枚数変動,$ｸﾘｽﾀﾙ,,0
14820003,ｱｸﾘﾙ透明 ｸﾘｽﾀﾙﾊﾞﾘｭｰのぞき窓 3tX58π,$ｸﾘｽﾀﾙ,,0
14820004,ｸﾘｽﾀﾙﾊﾞﾘｭｰｽﾄﾚｰﾅｰﾌﾀ用ﾊﾟｯｷﾝ溝加工1.6X6,$ｸﾘｽﾀﾙ,,0
14820005,ｸﾘｽﾀﾙﾊﾞﾘｭｰ本体蓋ﾊﾟｯｷﾝ溝加工3X7,$ｸﾘｽﾀﾙ,,0
14820006,ｸﾘｽﾀﾙﾊﾞﾘｭｰ上ﾊﾟｯｷﾝ 310X275X10t･NBR60',$ｸﾘｽﾀﾙ,,0
14820007,ｸﾘｽﾀﾙﾊﾞﾘｭｰ(活性炭棚板上段新)  ﾏｴﾀﾞ,$ｸﾘｽﾀﾙ,SET,0
14820008,ｸﾘｽﾀﾙﾊﾞﾘｭｰ 一式   (野村),$ｸﾘｽﾀﾙ,台,0
14820009,×ｸﾘｽﾀﾙﾊﾞﾘｭｰﾊﾟｯｷﾝ10tX325.8X294.2NBR5,$ｸﾘｽﾀﾙ,,0
14820010,ｸﾘｽﾀﾙﾊﾞﾘｭｰ ｽﾄﾚｰﾅｰ(6種類),$ｸﾘｽﾀﾙ,SET,0
14820011,ｸﾘｽﾀﾙﾊﾞﾘｭ-ﾊﾟｯｷﾝ10X294.2X325.8ｳﾚﾀﾝ70',$ｸﾘｽﾀﾙ,枚,0
14820012,蝶番台座  (野村),$ﾁｮｳﾊﾞ,ケ,0
14820013,ｸﾘｽﾀﾙﾊﾞﾘｭｰﾊﾟﾈﾙ(扉)   ﾌｸｲ強化ﾌﾟﾗ,$ｸﾘｽﾀﾙ,,0
14820014,ｸﾘｽﾀﾙﾊﾞﾘｭｰﾊﾟｯｷﾝ325.8X294.2X10ｳﾚﾀﾝ50',$ｸﾘｽﾀﾙ,,0
14820015,ｸﾘｽﾀﾙﾊﾞﾘｭｰｽﾄﾚｰﾅｰ ｾﾝﾀｰｱｰﾑ主軸ﾈｼﾞ,$ｸﾘｽﾀﾙ,ケ,0
14820016,ｸﾘｽﾀﾙﾊﾞﾘｭｰｽﾄﾚｰﾅｰ ｼﾞｮｲﾝﾄﾎﾞﾙﾄｶﾗｰ,$ｸﾘｽﾀﾙ,ケ,0
14820017,ｸﾘｽﾀﾙﾊﾞﾘｭｰｽﾄﾚｰﾅｰ ﾌﾀ開栓金具,$ｸﾘｽﾀﾙ,ケ,0
14820018,ｸﾘｽﾀﾙﾊﾞﾘｭｰｽﾄﾚｰﾅｰ(上部･ｾﾝﾀｰｱｰﾑ･ﾌﾀ)野,$ｸﾘｽﾀﾙ,式,0
14830001,SUS  ﾅﾍﾞﾋﾞｽ  6X10,$SUS,P,0
14830002,SUS  BT  8X45,$SUS,P,0
14830003,SUS　SW(ｽﾌﾟﾘﾝｸﾞﾜｯｼｬｰ)  8,$SUS,P,0
14830004,SUS  ｻﾗﾋﾞｽ  6X20,$SUS,P,0
14830005,SUS　CAP　4X6,$SUS,P,0
14830006,SUS　ﾄﾗｽﾋﾞｽ　5X6,$SUS,P,0
14830007,SUS　BT　12X110,$SUS,P,0
14830008,SUS　丸座(平ﾜｯｼｬｰ)　12,$SUS,P,0
14830009,SUS　SW(ｽﾌﾟﾘﾝｸﾞﾜｯｼｬｰ)　12,$SUS,P,0
14830010,SUS　BT･W･SW　8X45,$SUS,組,0
14830011,SUS　NT　12,$SUS,P,0
14830012,SUS　ｻﾗﾋﾞｽ　5X40,$SUS,P,0
14830013,SUS　ﾅﾍﾞﾋﾞｽ　6X15,$SUS,P,0
14830014,SUS　CAP　8X15,$SUS,P,0
14830015,SUS　BT　8X25,$SUS,P,0
14830016,SUS　ﾁｮｳBT　16X30,$SUS,P,0
14830017,SUS　ﾋﾗW　10,$SUS,P,0
14830018,SUS　SW(ｽﾌﾟﾘﾝｸﾞﾜｯｼｬｰ)　10,$SUS,P,0
14830019,SUS　NT　10,$SUS,P,0
14830020,SUS  ﾋﾗW  16,$SUSﾋﾗ,P,0
14830021,SUS  CAP  6X16,$SUS,P,0
14830022,SUS  ｻﾗﾋﾞｽ  8X15,$SUS,P,0
14830023,SUS  ｻﾗﾋﾞｽ  8X20　(@18.05/P),$SUS,P,0
14830024,今尾　ｶｷﾞ型座金 　SW 12,$ｲﾏｵ,P,0
14830025,SUS  ｻﾗﾋﾞｽ (D=6) 4X6,$SUS,P,0
14830026,SUS　蝶NT　M16,$SUS,P,0
14910001,白　ﾈｼﾞ込ｿｹｯﾄ 1(25A),$ｼﾛ,P,0
14910002,白 異径NI 1×3/4,$ｼﾛ,P,0
15010001,ﾋｰﾀｰ線ｔ0.2×10×3M(真空ﾊﾟｯｸ機用),$ｼﾝｸｳ,,0
15010002,ﾆｯﾄｳ粘着ﾃｰﾌﾟNo.973UL（0.13×30×10M,$ｼﾝｸｳ,,0
15010003,ﾋﾟｽｺﾎﾞｰﾙﾊﾞﾙﾌﾞﾕﾆｵﾝｽﾄﾚｰﾄBVU60-1212,$ｼﾝｸｳ,,0
15010004,SMC　VMCﾊﾞﾙﾌﾞVEX3121-25G,$SMC,,0
15010005,ﾋﾟｽｺｻｲﾚﾝｻSM5(真空ﾊﾟｯｸ機用),$ｼﾝｸｳ,,0
16010001,ｵﾑﾛﾝ  A:20  GDｰB,$ｵﾑﾛﾝ,,0
16020001,牛若　ｺﾝﾄﾛｰﾙﾉﾌﾞﾈｼﾞｶﾗｰ,$ｳｼﾜｶ,,0
16020002,牛若　ﾄﾞﾚﾝﾎﾞﾄﾙﾎﾙﾀﾞｰ　特注品,$ｳｼﾜｶ,,0
16020003,牛若ﾚﾊﾞｰ (特注)  少量の為時間計算,$ｳｼﾜｶ,ｾｯﾄ,0
16220001,そのままｽﾌﾟﾚｰPART2シール,$ｼｰﾙ,枚,0
16310001,ﾐﾔﾏ　MCｰ032,$ﾐﾔﾏMC,,0
16320002,ﾊﾟﾈﾙ　ｼﾙｸ　ULTRA-FIFT　(UF-15),$UF15,,0
16420001,ﾊﾟﾈﾙｼﾙｸ印刷版代,$ｼﾙｸ,,0
16420002,ﾊﾟﾈﾙｼﾙｸ　UTｰ30,$UT30,,0
16610001,ﾃｲﾂｳ　RSM1FB　220ｵｰﾑJ,$ﾃｲﾂｳR,個,0
16610002,ﾆﾁﾌ　圧着端子　PC-4009M  福研,$ｱｯﾁｬｸ,,0
16610003,ﾆﾁﾌ　圧着端子　PCｰ4009F  福研,$ｱｯﾁｬｸ,,0
16610004,AMETEK ﾌﾞﾛｱｰﾓｰﾀｰ 116549ｰ13 240V 時価,$AMETE,台,0
16610005,ﾈｵｽﾎﾟ ﾃｰﾌﾟﾂｷ　5tX120πｰ60π,$ﾈｵｽﾎﾟ,,0
16610006,日立  ｺﾝﾃﾞﾝｻｰ MTB 2J 474K,$ﾋﾀﾁ,,0
16610007,日立　ｺﾝﾃﾞﾝｻｰ　MTBｰ2Jｰ104K,$ﾋﾀﾁ,,0
16610008,ｹﾐｺﾝ　DFWA2J334K,$ｹﾐｺﾝ,,0
16610009,TDK  SFｰHPｰ10Aｰ01　(福研),$TDK,,0
16610010,TDK　SFｰHPｰ10Aｰ01　　　(岡本),$TDK,,0
16610011,ﾃｲﾂｳ　RSM1FB　100ｵｰﾑJ,$ﾃｲﾂｳ,個,0
16610012,ﾅｼｮﾅﾙ　ERD50TJ514,$ﾅｼｮﾅﾙ,,0
16610013,ﾄｰｼﾊﾞ　S5277G,$ﾄｰｼﾊﾞ,,0
16610014,日立  ｺﾝﾃﾞﾝｻｰ  MTBｰP2Jｰ104K,$ﾋﾀﾁ,,0
16610015,NEC-S　N413,$NEC,,0
16610016,AMETEK 116549-13用 ｶｰﾎﾞﾝﾌﾞﾗｼ,$AMETE,,0
16620001,ﾃｰﾌﾞﾙ　特注　650X460X20,$ﾃｰﾌﾞﾙ,枚,0
16620002,ﾊﾞｷｭｰﾑﾀﾝｸ　韓国向　RVｰ202 ﾋﾟﾝｸ,$ﾊﾞｷｭｰ,台,0
16620003,基板　KI-08,$ｷﾊﾞﾝ,枚,0
16620004,ﾓｰﾀｰﾀｯﾌﾟ切り　(韓国向け),$ﾓｰﾀｰ,台,0
16620005,ﾌﾞﾗｼ付ﾓｰﾀｰ用放熱板,$ﾌﾞﾗｼﾂ,,0
16630001,SUS　ﾅﾍﾞﾋﾞｽ　5X15,$SUS,P,0
16710001,ｺﾞﾑ足　KPｰ20,$ｺﾞﾑｱｼ,個,0
16710002,ﾅｼｮﾅﾙ　BEH2150　押釦開閉器,$ﾅｼｮﾅﾙ,,0
16720001,ﾃｰﾌﾞﾙ  400X550X25  ﾊｲｽﾎﾟｯﾄﾐﾆ,$ﾃｰﾌﾞﾙ,枚,0
16820001,ﾊﾞｷｭｰﾑﾀﾝｸ　韓国向　RSｰ221,$ﾊﾞｷｭｰ,台,0
16820002,ﾊﾞｷｭｰﾑﾀﾝｸ　韓国向　RSｰ221組込一式,$ﾊﾞｷｭｰ,台,0
18000001,据付･工事･試運転費,$ｽｴﾂｹ,,0
18010001,"NBCｰ1150ﾗｲﾄﾎﾞｲﾗｰ 100V1P50Hz,60Hz",$NBC11,台,0
18010002,SWNｰ8　ｽﾁｰﾑﾌﾞﾗｼ 100V･200V　2.0ｍ,$SWN8,台,0
18010003,NAｰ20T　ﾅｵﾌﾛﾝｽｰﾊﾟｰ(黒/赤)　2.0m,$NA20T,本,0
18010004,ﾉｽﾞﾙﾁｯﾌﾟ　　　　　　(三浦工業),$ﾉｽﾞﾙ,,0
18010005,中発　ﾂｰﾙﾊﾞﾗﾝｻｰ　TBｰ10　白色,$ﾂｰﾙﾊﾞ,台,0
18010006,中発　ﾂｰﾙﾊﾞﾗﾝｻｰ　TBｰ15　白色,$ﾂｰﾙﾊﾞ,台,0
18010007,遠藤　ｽﾌﾟﾘﾝｸﾞﾊﾞﾗﾝｻｰ　EW-3,$ﾊﾞﾗﾝｻ,P,0
18010008,SGｰ2,$SG-2,台,0
18010009,ｽﾁｰﾑﾃﾌﾛﾝﾎｰｽ　1.5m　　(倉又),$ｽﾁｰﾑﾃ,本,0
18010010,ｽｰﾊﾟｰﾎｰｽ　2.0ｍ　　(ﾅｵﾓﾄ),$ｽｰﾊﾟｰ,本,0
18010011,HSL-610T　ﾋｰﾄﾚｽｽﾁｰﾑｱｲﾛﾝ(ﾏﾙ),$HSL,,0
18010012,FBｰ150S　ｱｲﾛﾝ仕上げ台　100V,$FB150,,0
18010013,NBC-1200　ﾗｲﾄﾎﾞｲﾗｰ　200V1P50HZ,$NBC12,,0
18010014,CNL-510　ﾊｲｵｰﾄｽﾁｰﾑｱｲﾛﾝ　100V,$CNL51,,0
18010015,二股ｶﾗﾝ　3/8　5号,$ﾌﾀﾏﾀ,,0
18010016,給水ﾊﾞﾙﾌﾞ3/8　一式　Aﾆｷﾞﾘﾆｯﾌﾟﾙﾅｼ,$ｷｭｳｽｲ,,0
18010017,ｴﾝﾄﾞｰ　ｽﾌﾟﾘﾝｸﾞﾊﾞﾗﾝｻｰ　EW-9,$ﾊﾞﾗﾝｻ,P,0
18010018,ｽﾁｰﾑｶﾞﾝSGｰ2用 ﾃﾌﾛﾝﾊﾟｯｷﾝ,$ｽﾁｰﾑ,個,0
18010019,SWNｰ20T　ﾌﾞﾗｼ用ﾎｰｽ　新　2.0m,$SWN20,本,0
18010020,ｽﾁｰﾑﾃﾌﾛﾝﾎｰｽ　2m    (倉又),$ｽﾁｰﾑ,本,0
18010021,ｴｰｽ　ﾎｰｽｼﾞｮｲﾝﾄ　HSｰ1208　(吉岡),$ｴｰｽ,P,0
18010022,ﾋﾟｽｺ　　PEG10-8　(ｴｱｰｶﾞﾝ用ｼﾞｮｲﾝﾄ),$ﾆﾎﾝﾋﾟ,P,0
18010023,ｺﾙﾄ B,$ｺﾙﾄB,台,0
18010024,NA-25T ﾅｵﾌﾛﾝｽｰﾊﾟｰ(黒/赤) 2.5ｍ,$NA25T,本,0
18010025,ﾆｭｰｺﾙﾄｰB,$ﾆｭｰｺﾙ,台,0
18010026,FBZｰ1180U　ｱｲﾛﾝ仕上台　200V,$FBZ,台,0
18010027,HYSｰ410P　ﾊｲｽﾁｰﾑｱｲﾛﾝ　100V,$HYS,台,0
18010028,ﾀﾞｲﾔ  ｽﾌﾟﾘﾝｸﾞA,$ﾀﾞｲﾔ,本,0
18010029,ﾀﾞｲﾔ  鉄芯,$ﾀﾞｲﾔ,ケ,0
18010030,ﾀﾞｲﾔ  ﾎﾞﾄﾙﾎﾙﾀﾞｰ一式,$ﾀﾞｲﾔ,,0
18010031,"NBC-1350R ﾗｲﾄﾎﾞｲﾗｰ 200V1･3P60HZ,50HZ",$NBC,,0
18010032,CDLｰ620 ｵｰﾄｽﾁｰﾑｱｲﾛﾝ 100V･200V,$CDL,,0
18010033,NA-25E　ﾅｵﾌﾛﾝｴｷｽﾄﾗﾎｰｽ(黒/赤)　2.5m,$NA25,,0
18010034,NA-05D ﾅｵﾌﾛﾝﾄﾞﾚﾝﾎｰｽ 0.5M,$NA05D,,0
18010035,"NAｰ35E ﾅｵﾌﾛﾝｴｷｽﾄﾗ(黒,緑)3.5M",$NA35E,,0
18010036,NAｰ50T　ﾅｵﾌﾛﾝｽｰﾊﾟｰ(黒/赤)　5.0M,$NA50T,,0
18010037,NBC-1260 ﾗｲﾄﾎﾞｲﾗｰ 200V3P50/60HZ,$NBC,,0
18010038,西村　ﾌﾘｸｼｮﾝﾌﾞﾛｱｰ　FB2000 (吉岡幸),$ﾆｼﾑﾗ,P,0
18010039,遠藤  ﾊﾞﾗﾝｻｰ  ERPｰ2(ｼﾛ),$ﾊﾞﾗﾝｻ,P,0
18010040,電気ｺﾞﾃ(新型) 鉄製　　　(吉岡謹),$ﾃﾞﾝｷｺ,,0
18010041,日立　ｴｱｰﾊﾟﾝﾁ　PA600S,$ﾋﾀﾁ,S,0
18010042,ｽﾁｰﾑｶﾞﾝSGｰ2用　ﾚﾊﾞｰ,$ｽﾁｰﾑｶ,,0
18010043,ASL-630　ｵｰﾄｽﾁｰﾑｱｲﾛﾝ　100V,$ASL,,0
18010044,LB-1500Z ﾘﾌﾀｰ(W) FBZ用 ｱｲﾛﾝﾂﾘ金具付,$LB150,,0
18010045,ﾊﾞﾗﾝｻｰﾌｧｲﾝ  1.5KGｰ2.5KG,$ﾊﾞﾗﾝｻ,,0
18010046,CDLｰ520　ｵｰﾄｽﾁｰﾑｱｲﾛﾝ　100V･200V,$CDL52,,0
18010047,"NA-50E　ﾅｵﾌﾛﾝｴｷｽﾄﾗ(黒,緑)5.0M",$NA50E,,0
18010048,ﾄﾞﾚﾝ回収装置一式　(直本),$ﾄﾞﾚﾝ,,0
18010049,2連ｶﾗﾝ 3/8 10号,$2ﾚﾝｶﾗ,,0
18010050,ﾎﾞｯｼｭ  GUS  9.6V  ﾊﾞｯﾃﾘｰﾏﾙﾁｶｯﾀｰ,$ﾎﾞｯｼｭ,組,0
18010051,HYSｰ520　ﾊｲｽﾁｰﾑｱｲﾛﾝ　100V,$HYS52,,0
18010052,遠藤　ﾂｰﾙﾊﾞﾗﾝｻｰ　ERP-1,$ﾊﾞﾗﾝｻ,P,0
18010053,ﾆｭｰﾀﾞｲﾔ ｽﾌﾟﾚｰｶﾞﾝ,$ﾆｭｰﾀﾞ,台,0
18010054,ﾀﾞｲﾔ　ﾊﾞｲﾌﾞﾚｺｲﾙ,$ﾀﾞｲﾔ,ケ,0
18010055,ﾀﾞｲﾔ　本体(ﾌﾀ付),$ﾀﾞｲﾔ,ケ,0
18010056,SL-3  ｽﾁｰﾑﾄﾗｯﾌﾟ　　　(直本),$SL,,0
18010057,RV-0032　ｱｲﾛﾝｼｭｰ (M99用),$M99,,0
18010058,明治　ｴｱｰｶﾞﾝ　F100ｰG10,$ﾒｲｼﾞ,台,0
18010059,FBZｰ1100U　ｱｲﾛﾝ仕上台　100V･200V,$FBZ11,,0
18010060,NBC-1350　ﾗｲﾄﾎﾞｲﾗｰ　200V3P50HZ,$NBC13,,0
18010061,突上弁　Ｂ　六角型  (ﾌﾟﾛﾌｨｯﾄ),$ﾂｷｱｹﾞ,,0
18010062,SWBｰ10 200V3相60H(ﾎﾞｲﾗｰ付)　直本工業,$SWB,,0
18010063,"SWBｰ10 100V 50Hz,60Hz　ﾎﾞｲﾗｰ付　直本",$SWB,,0
18010064,WDN-35D(07D007)用 ｲﾝﾊﾞｰﾀｰ G5A27P5,$WDN,,0
18010065,NC-720型立体半自動包装機,$NC,台,0
18010066,ﾊﾞﾎﾟﾚﾗSuperPro安全ｷｬｯﾌﾟ,$ﾊﾞﾎﾟﾚ,個,0
18010067,ｲﾜﾔ　WPS202用　ﾒｶﾆｶﾙｼｰﾙ　ﾆﾄﾘﾙ,$ｲﾜﾔ,P,0
18010068,ｼﾘｺﾝﾁｭｰﾌﾞ　D-1508  (東静),$ｼﾘｺﾝ,個,0
18010069,SWBｰ10　100V OR 200V (札幌価格),$SWB,台,0
18010070,蒸気用圧力計　75X10K,$ｼﾞｮｳｷ,P,0
18010071,ｸﾘｰﾝｴｰｽ　798型,$ｸﾘｰﾝ,台,0
18010072,日立  ｴｱｰﾊﾟﾝﾁ用ｽｲｯﾁ  PA600B用,$ﾋﾀﾁ,P,0
18010073,和服ﾊﾞｷｭｰﾑ台 100V　　(金子),$ﾜﾌｸ,台,0
18010074,SWBｰ10　　　　　　　　(ﾅｵﾓﾄ東海),$SWB10,台,0
18010075,OSG1-25  100V50HZ-AF,$OSG,,0
18010076,HI-20  6ﾂ穴大,$HI20,,0
18010077,ｵｰﾄﾌﾛﾝﾎｰｽ  2.5M,$ｵｰﾄﾌﾛ,本,0
18010078,ｽﾁｰﾑｶﾞﾝSG-2用　ｺﾙｸ柄,$ｽﾁｰﾑ,,0
18010079,水ﾀﾝｸ　吊りﾎﾟｰﾙ　　　(大阪電機),$ﾐｽﾞﾀﾝ,,0
18010080,ﾄﾞﾚﾝ回収ﾀﾝｸ(NBC-100用),$ﾄﾞﾚﾝ,,0
18010081,SL-3　ｽﾁｰﾑﾄﾗｯﾌﾟ　(ﾆｯﾌﾟﾙ付),$SL3,,0
18010082,NA-30E ﾅｵﾌﾛﾝｴｷｽﾄﾗ(黒･緑)3.0M,$NA30E,,0
18010083,CKD ﾚｷﾞｭﾚｰﾀｰﾎﾞｰﾙのみ(A1019-15-310)吉,$CKD,,0
18010084,SWBｰ10 ﾎﾞｲﾗｰ付 (ﾛｯﾄ5台) 直本工業,$SWB10,台,0
18010085,SWNｰ8 ｽﾁｰﾑﾌﾞﾗｼ 100V 2.0m,$SWN,台,0
18010086,SWN  ｽﾁｰﾑﾌﾞﾗｼ2.0M 用 ﾌﾞﾗｼﾍｯﾄﾞ,$SWN,台,0
18010087,神威 ｵｲﾙﾁｭｰﾅｰ KK-500CｰS1(冷却機)吉岡,$ｶﾑｲｻﾝ,P,0
18010088,ｽﾎﾟｯﾄｶﾞﾝ(本体)     (ﾂｰ･ｴﾑ),$ｽﾎﾟｯﾄ,台,0
18010089,ｽﾁｰﾑｶﾞﾝ SGｰ2用ﾚﾊﾞｰ黒ｺﾞﾑ  (倉又),$ｽﾁｰﾑ,,0
18010090,ｵｰﾄﾌﾛﾝﾎｰｽ  3.0ｍ,$ｵｰﾄﾌﾛ,本,0
18010091,ｵｰﾄﾌﾛﾝﾎｰｽ ﾎｰｽｶﾊﾞｰ　　(大阪電機),$ｵｰﾄﾌﾛ,枚,0
18010092,開閉器　BEH3150　3P15A(ﾁﾗｰ用),$ｶｲﾍｲｷ,個,0
18010093,ﾎﾞｯｼｭ  ﾐﾆｶｯﾀｰ  GUS  9.6V,$ﾎﾞｯｼｭ,P,0
18010094,ﾎﾞｯｼｭ  充電器  AL60DV  (GUS 9.6V用),$ﾎﾞｯｼｭ,P,0
18010095,ﾎﾞｯｼｭ  充電器  AL12FC/N (GUS 9.6V用),$ﾎﾞｯｼｭ,P,0
18010096,ｽﾁｰﾑｱｲﾛﾝ ﾊﾞﾎﾟﾚﾗｲﾉｯｸｽ(1000),$ｽﾁｰﾑｱ,台,0
18010097,ｱｲﾛﾝ台　　　　(川上製作所),$ｱｲﾛﾝ,,0
18010098,ｿｰﾌﾟ投入機  ｼﾝｸﾞﾙ　(ﾂｰｴﾑ),$ｿｰﾌﾟ,台,0
18010099,CKD ｴｱｰﾚｷﾞｭﾚﾀｰ B7019-2CGB 1/4  吉岡,$CKD,P,0
18010100,ｴﾝﾄﾞｰ ｽﾌﾟﾘﾝｸﾞﾊﾞﾗﾝｻｰ EW-5  特価,$ﾊﾞﾗﾝｻ,P,0
18010101,神威産業　ｵｲﾙﾁｭｰﾅｰ　KK-750Sｰ53A 吉岡,$ｶﾑｲ,P,0
18010102,神威産業　ｵｲﾙﾁｭｰﾅｰ　KKｰ500S    吉岡,$ｶﾑｲ,P,0
18010103,ﾊﾞﾎﾟﾚﾗ ｲﾉｯｸｽ 1000 (ﾛｯﾄ 1台)+送料600,$ﾊﾞﾎﾟﾚ,台,0
18010104,ﾊﾞﾎﾟﾚﾗ ｲﾉｯｸｽ ｱｲﾛﾝ台  (送料込),$ﾊﾞﾎﾟﾚ,台,0
18010105,SMC　電磁弁 VCS21-1(2)G-2-01-R,$SMC,,0
18010106,NAｰ10D　ﾅｵﾌﾛﾝﾄﾞﾚﾝﾎｰｽ　1.0M,$NA10D,本,0
18010107,FBZｰ1180N　ｱｲﾛﾝ仕上台　200V,$FBZ,台,0
18010108,NBCｰ1550R ﾗｲﾄﾎﾞｲﾗｰ 200V3P50HZ,$NBC,,0
18010109,水道直結ｾｯﾄ  (NBC ﾗｲﾄﾎﾞｲﾗｰ用),$ｽｲﾄﾞｳ,,0
18010110,電気ｺﾞﾃ  ｽﾃﾝﾚｽ     (吉岡謹),$ﾃﾞﾝｷｺ,,0
18010111,ﾄｽｿﾞｰﾙ　DMIｰ163,$ﾄｽｿﾞｰ,台,0
18010112,ﾄｽｵｰﾄ　WI-163,$ﾄｽｵｰﾄ,台,0
18010113,ｼﾘｺﾝﾎｰｽ 75cm (SWNﾄﾞﾚﾝ用),$ｼﾘｺﾝ,本,0
18010114,20601028 RV0120X LPG100V5EFFﾎﾞｲﾗｰｾｯﾄ,$206 ,一式,0
18010115,ｽｳｨﾝｸﾞﾚﾊﾞｰ本体 55L ASL610 (直本),$ｽｳｨﾝｸ,,0
18010116,ｽｳｨﾝｸﾞﾚﾊﾞｰ先端部(ﾋﾞｽ付)ASL610(直本),$ｽｳｨﾝｸ,,0
18010117,ﾘﾌﾀｰ滑車用ｺﾏ   (直本工業),$ﾘﾌﾀｰ,,0
18010118,ﾃﾌﾛﾝﾎﾞｰﾙ 6φ　　　　(直本),$ﾃﾌﾛﾝ,,0
18010119,冷却加熱装置　(COC-21ｰM)　ｴﾇ･ﾃｨ･ｴﾑ,$ﾚｲｷｬｸ,,0
18010120,ﾀﾞｲﾔSｰB型,$ﾀﾞｲﾔ,台,0
18010121,ﾀﾞｲﾔ  ﾎﾞﾄﾙ,$ﾀﾞｲﾔ,個,0
18010122,ﾀﾞｲﾔ　ﾎﾞﾘｭｰﾑﾂﾏﾐ(新),$ﾀﾞｲﾔ,個,0
18010123,ﾀﾞｲﾔ　ﾎﾞﾘｭｰﾑﾂﾏﾐ(旧),$ﾀﾞｲﾔ,個,0
18010124,ﾀﾞｲﾔ　ﾎﾞﾘｭｰﾑﾂﾏﾐ一式,$ﾀﾞｲﾔ,個,0
18010125,明治 ﾎｰｽｼﾞｮｲﾝﾄ HJｰ02 (ｴｱｰｶﾞﾝ用部品),$ﾒｲｼﾞ,P,0
18010126,"NA-45E ﾅｵﾌﾛﾝｴｷｽﾄﾗ(黒,緑)4.5M",$NA45E,本,0
18010127,取扱説明書 SWBｰ10用,$ﾄﾘｱﾂｶ,部,0
18010128,給水ﾎﾟﾝﾌﾟ　ｹｰｼﾝｸﾞ本体　(直本),$ｷｭｳｽｲ,,0
18010129,給水ﾎﾟﾝﾌﾟ　ﾀﾞｲﾔﾌﾗﾑ　(直本),$ｷｭｳｽｲ,,0
18010130,KM　丸刃裁断機　RS-50,$KM,台,0
18010131,FYH 自動連続給油器 ﾊﾟｰﾏ6 SF01 ｸﾗｼｯｸ,$ﾊﾟｰﾏ,P,0
18010132,FYH 自動連続給油器 ﾊﾟｰﾏ6 SF05 ｸﾗｼｯｸ,$ﾊﾟｰﾏ,P,0
18010133,FYH 自動連続給油器 ﾊﾟｰﾏ6 S032 ｸﾗｼｯｸ,$ﾊﾟｰﾏ,P,0
18010134,NBCｰ1150 排水ﾊﾞﾙﾌﾞｽﾄｯﾊﾟｰ,$NBC,,0
18010135,NA-25E　ﾅｵﾌﾛﾝｴｷｽﾄﾗ(黒､緑)　2.5ｍ,$NA25E,本,0
18010136,ﾀﾞｲﾔ ﾎﾟﾝﾌﾟｹｰｽ一式(ﾌﾞｯｼｭ&ｼﾞｮｲﾝﾄ大付),$ﾀﾞｲﾔ,個,0
18010137,ﾀﾞｲﾔ  ｼﾞｮｲﾝﾄ(小),$ﾀﾞｲﾔ,ケ,0
18010138,ﾊﾞﾙﾌﾞｽﾋﾟﾝﾄﾞﾙ 37.5L CN400/HSP,$ﾊﾞﾙﾌﾞ,,0
18010139,給水ﾊﾞﾙﾌﾞｽﾋﾟﾝﾄﾞﾙ一式 3/8,$ｷｭｳｽｲ,,0
18010140,JSNｰ10 ｼﾞｪｯﾄｽﾁｰﾏ ﾌﾞﾗｼ付 100V,$JSN10,台,0
18010141,ｴﾝﾄﾞｰ  ｽﾌﾟﾘﾝｸﾞﾊﾞﾗﾝｻｰ  EKｰ0,$ﾊﾞﾗﾝｻ,P,0
18010142,和服ﾊﾞｷｭｰﾑ台　200V　　(金子),$ﾜﾌｸ,台,0
18010143,ﾅｽｺ ｼｽﾃﾑﾗｲﾄ DSｰ98F 100V 60Hz,$ﾅｽｺ,台,0
18010144,ﾊﾞﾎﾟﾚﾗ  SUPER PRO,$ﾊﾞﾎﾟﾚ,台,0
18010145,ﾊﾞﾙﾌﾞ一式　CNP410/J　　直本,$ﾊﾞﾙﾌﾞ,,0
18010146,流量調節一式　CNP/HSP CA   直本,$ﾘｭｳﾘｮ,,0
18010147,ｽﾁｰﾑｶﾞﾝSGｰ2用 ﾉｽﾞﾙｾｯﾄ(ﾉｽﾞﾙのみ@900),$ｽﾁｰﾑ,,0
18010148,SWNｰ8用 ﾄﾞﾚﾝ用ﾁｭｰﾌﾞ,$SWN,,0
18010149,"NA-20E ﾅｵﾌﾛﾝｴｷｽﾄﾗ(黒,緑) 2.0ｍ",$NA20E,本,0
18010150,"NAｰ40E ﾅｵﾌﾛﾝｴｷｽﾄﾗ(黒,緑) 4.0M",$NA40E,,0
18010151,FBｰ60AU  ｱｲﾛﾝ仕上台  100V,$FB60,,0
18010152,ｶｽｹｰﾄﾞﾎﾟﾝﾌﾟ  10LPM 50Hz,$ｶｽｹｰﾄ,,0
18010153,ﾁｪﾝﾊﾞｰ本体(一体型) SWNｰ8用,$ﾁｪﾝﾊﾞ,,0
18010154,OSG-40D ﾎﾞｲﾗｰ,$ﾎﾞｲﾗｰ,台,0
18010155,ｱｲﾛﾝ　Jｰ5LｰR,$ｱｲﾛﾝ,台,0
18010156,GK-75-FV-BD　冷却機   (神威),$GK,台,0
18010157,ｱｲﾛﾝ　J-5L-R　多穴　100V,$ｱｲﾛﾝ,台,0
18010158,ｵｰｻｶﾎｰｽ TH2 2.5M (Jｰ5LｰRｱｲﾛﾝ用),$ｵｰｻｶ,本,0
18010159,"ｱｲﾛﾝ Sｰ6DL,Sｰ6DL(JA)樹脂柄  大阪電機",$ｱｲﾛﾝ,台,0
18010160,ｵｰｻｶﾎｰｽ  TH2  3.0M (ｱｲﾛﾝSｰ6DL用),$ｵｰｻｶ,本,0
18010161,Tｰ163用ﾃﾝｼｮﾝｼｬﾌﾄ 1C4ｰ6539,$T-163,,0
18010162,Tｰ163用ﾃﾝｼｮﾝﾌﾟｰﾘｰB 1C4ｰ6541,$T-163,,0
18010163,Wｰ163用ﾋﾟﾛｰﾌﾞﾛｯｸ(A) 又は (B),$W-163,,0
18010164,SL-304W1　ｵｲﾙｸｰﾗｰ(熱交換機),$SL304,台,0
18010165,ｵｰﾄﾌﾛﾝﾎｰｽ  1.5m,$ｵｰﾄﾌﾛ,本,0
18010166,SISｰ100(ﾐﾆﾎﾞｲﾗｰ) 100V 1500W,$SIS10,,0
18010167,Oﾘﾝｸﾞ　P-1516-4　　(直本),$Oﾘﾝｸﾞ,,0
18010168,SWNｰ25T ﾌﾞﾗｼ用ﾎｰｽ 新 2.5M,$SWN,本,0
18010169,排水ｺｯｸ 1/2 PL1404  (大阪電機),$ﾊｲｽｲ,個,0
18010170,明治  ｺﾝﾌﾟﾚｯｻｰ  COLT         (吉岡),$ﾒｲｼﾞ,P,0
18010171,日東工器 ﾊｲｶﾌﾟﾗ (鋼鉄) 20SM  (吉岡),$ﾆｯﾄｳ,P,0
18010172,ﾊｼﾏ ﾊﾝﾃﾞｨｰ検針器 HNｰ25 (4台ｰ@30000),$ﾊｼﾏ,,0
18010173,RSｰ10XL　軟水器,$RS10X,台,0
18010174,LB型ﾘﾌﾀｰﾚｰﾙ用滑車,$LB,,0
18010175,HYSｰ410P 100V ｱｲﾛﾝのみ,$HYS,台,0
18010176,ﾎｰｽｼﾞｮｲﾝﾄｴﾙﾎﾞ(SWN-8用),$ﾎｰｽ,,0
18010177,FBKｰ1130N(100V)   仕上台,$FBK,,0
18010178,LBｰ1200 ﾘﾌﾀｰ(ﾀﾞﾌﾞﾙ)FB･FBMｰDL,$LB,,0
18010179,FB用 排気筒ｾｯﾄ,$FB,,0
18010180,ｺｰﾄﾞ吊りﾊﾞﾈ 皮付,$ｺｰﾄﾞ,,0
18010181,給水ﾊﾞﾙﾌﾞ一式 3/8 A,$ｷｭｳｽｲ,,0
18010182,ﾊﾞﾙﾌﾞﾊﾝﾄﾞﾙ本体(ﾌｪﾉｰﾙ),$ﾊﾞﾙﾌﾞ,,0
18010183,給水ﾊﾞﾙﾌﾞ 1/4 ﾆｷﾞﾘ止ﾅｯﾄ,$ｷｭｳｽｲ,,0
18010184,NA-35T ﾅｵﾌﾛﾝｽｰﾊﾟｰ(黒/赤)3.5M,$NA35T,,0
18010185,NAｰ40T ﾅｵﾌﾛﾝｽｰﾊﾟｰ(黒/赤)4.0M,$NA40T,,0
18010186,FBｰ110SN ｱｲﾛﾝ仕上台 100V50Hz,$FB110,,0
18010187,CNP-410 ﾊｲｵｰﾄｽﾁｰﾑｱｲﾛﾝ 100V,$CNP,,0
18010188,NA-25E ﾅｵﾌﾛﾝｴｷｽﾄﾗﾎｰｽ2.5M(東京支店),$NA25E,,0
18010189,ﾄﾞﾚﾝﾎﾟｯﾄ　　　　　　　(直本),$ﾄﾞﾚﾝ,,0
18010190,SISｰ100B(ﾐﾆｼﾞｪﾈ) 100V 1.5KW,$SIS,,0
18010191,ﾊﾞﾎﾟﾚﾗ Inox 1000 安全ｷｬｯﾌﾟ,$ﾊﾞﾎﾟﾚ,個,0
18010192,ﾊﾞﾎﾟﾚﾗInox1000可変温度調節機,$ﾊﾞﾎﾟﾚ,個,0
18010193,HYSｰ450P  ﾊｲｽﾁｰﾑｱｲﾛﾝ 100V,$HYS,台,0
18010194,排水ﾊﾞﾙﾌﾞ  上部ｾｯﾄ     (大阪電機),$ﾊｲｽｲ,個,0
18010195,ﾎﾞｲﾗｰﾊﾝﾄﾞﾙ    (大阪電機),$ﾎﾞｲﾗｰ,個,0
18010196,ﾊﾞﾙﾌﾞ一式 3条 HSL610    (直本),$ﾊﾞﾙﾌﾞ,,0
18010197,(金)仕上台  600X400,$ｶﾈｺ,台,0
18010198,排水ｺｯｸ　ﾎﾞｰﾙﾊﾞﾙﾌﾞｾｯﾄ1/2 KITZ (大阪),$ﾊｲｽｲ,ｾｯﾄ,0
18010199,ﾊﾞﾙﾌﾞﾊﾝﾄﾞﾙ返しｽﾌﾟﾘﾝｸﾞ ASL60S (直本),$ﾊﾞﾙﾌﾞ,,0
18010200,ﾎﾙﾀﾞｰﾃﾌﾛﾝﾌﾞｯｼｭ 11/9X23.5 ASL610 直本,$ﾎﾙﾀﾞｰ,,0
18010201,給水ﾎﾟﾝﾌﾟ ｹｰｼﾝｸﾞ蓋   (直本),$ｷｭｳｽｲ,,0
18010202,SWN  ｸﾞﾘｯﾌﾟ一式,$SWN,,0
18010203,温度ﾋｭｰｽﾞ CDL,$ｵﾝﾄﾞ,,0
18010204,GKN-50-FV  冷却機       (神威),$GKN,,0
18010205,ｽﾎﾟｯﾀｰｶﾞﾝ(ﾎｰｽ付)GUNAP/HOSE,$ｽﾎﾟｯﾀ,台,0
18010206,HYSｰ520P 100V ｱｲﾛﾝﾉﾐ,$HYS,,0
18010207,AR-20 ｱﾘｴﾃ業務ｱｲﾛﾝ(3台ﾛｯﾄ) @19000,$AR20,台,0
18010208,TOR-05-1 ﾄﾙﾏﾘﾝ/ﾏｲﾅｽｲｵﾝﾎﾞｰﾙ5P(ｶﾙｷ抜),$TOR05,,0
18010209,FBK-1150N(200V3相),$FBK,,0
18010210,FB用  ﾀﾞｸﾄｾｯﾄ,$FB,,0
18010211,FBK-1100U(200V3相),$FBK,,0
18010212,SCｰ100B-D　100V　1500W ﾌﾞﾗｼ付,$SC100,台,0
18010213,ﾎｰｽﾆｯﾌﾟﾙ  8X1/4,$ﾎｰｽ,P,0
18010214,ﾎﾞｰﾙﾊﾞﾙﾌﾞ 1/8 TKW     (直本),$ﾎﾞｰﾙ,,0
18010215,HYSｰ520P ﾊｲｽﾁｰﾑｱｲﾛﾝ 100V(PSｰ2ﾎﾟﾝﾌﾟ付,$HYS,,0
18010216,KK-750CｰA53 熱交換器 (1台@30000)神威,$KK,,0
18010217,布団･毛布･大型自動巻取付 NCｰ100,$ﾌﾄﾝ,台,0
18010218,SWN ﾍﾞｰｽﾊﾟｯｷﾝ,$SWN,,0
18010219,別注600筒(毛布用ﾎｯﾊﾟｰ600巾)日本ｼｰﾘﾝｸ,$ﾍﾞｯﾁｭ,本,0
18010220,M-210N  袖馬紳士用　　　(直本),$M210,,0
18010221,FBX-100SU　100V　50Hz,$FBX,,0
18010222,排水ｺｯｸ一式(SWN),$ﾊｲｽｲ,,0
18010223,ﾎﾞｰﾙﾀｯﾌﾟ　3/8 SL-10A　　　(直本),$ﾎﾞｰﾙ,,0
18010224,操作ｽｲｯﾁ　1P　　　　(直本),$ｿｳｻ,,0
18010225,ﾏｸﾞﾈｯﾄSW FMC-0 100V ﾋｰﾀｰ用(or200V),$ﾏｸﾞﾈｯ,,0
18010226,VAｰ2　仕上げ名人(ｽﾀﾝﾀﾞｰﾄﾞ)　　ｼﾞｭｰｷ,$VA,,0
18010227,ﾓｰﾀｰ制御基板　JF-50L-E01,$ﾓｰﾀｰ,,0
18010228,ｿｰﾌﾟ投入器(MT-120)Bﾀｲﾌﾟ　　(東静),$ｿｰﾌﾟ,個,0
18010229,AR-20用　ｱｲﾛﾝｻﾎﾟｰﾄ,$AR20,,0
18010230,ｼﾘｺﾝ整流器　新電元　S4VB-10  (東静),$ｼﾘｺﾝ,個,0
18010231,Ｍ99　ﾎﾞｲﾗｰ付ｱｲﾛﾝ　(ﾙﾍﾞﾘﾍﾞﾘｱｲﾛﾝ),$M99,台,0
18010232,NA-30T ﾅｵﾌﾛﾝｽｰﾊﾟｰ(黒/赤)3.0ｍ,$NA30,,0
18010233,遮熱板(ﾋﾞｽ付)HYS510(HYS520),$ｼｬﾈﾂ,,0
18010234,ﾘﾌﾀｰ用ｸｯｼｮﾝｽﾎﾟﾝｼﾞ,$ﾘﾌﾀｰ,,0
18010235,ｽﾁｰﾑﾌﾞﾗｼ　ﾎｰｽ用ｼﾞｮｲﾝﾄ　　　(直本),$ｽﾁｰﾑ,,0
18010236,岩谷ﾎﾟﾝﾌﾟ　ﾒｶﾆｶﾙｼｰﾙ　WPS202用ﾊﾞｲﾄﾝ,$ｲﾜﾔ,P,0
18010237,ﾂﾙﾐ　40SQ 2.5S-62,$ﾂﾙﾐ,P,0
18010238,ﾊﾞﾙﾌﾞｼｰﾄ弁　11.5X8L ASL610,$ﾊﾞﾙﾌﾞ,,0
18010239,ﾋｰﾀｰﾍﾞｰｽﾊﾟｯｷﾝ　0.85X8,$ﾋｰﾀｰ,,0
18010240,ｻｰﾐｽﾀ　ﾊｳｼﾞﾝｸﾞ　235L CDP/L,$ｻｰﾐｽﾀ,,0
18010241,圧力ｽｲｯﾁ　6KG　SNS-106,$ｱﾂ,,0
18010242,FBK-1150N(100V)　@特価分,$FBK,,0
18010243,NBC-1350R ﾗｲﾄﾎﾞｲﾗｰ200V1P50Hz(宮城支),$NBC,,0
18010244,ﾁｭｰﾌﾞ継手NT  6　　(三浦･福井),$ﾁｭｰﾌﾞ,,0
18010245,ﾆｭｰﾄﾗﾙｾﾞｯﾄIR-122N 9KG(ﾆｭｰﾄﾗﾙMの代替),$ﾆｭｰﾄﾗ,,0
18010246,接続口　CP2　　　　（三浦･福井),$ｾﾂｿﾞｸ,,0
18010247,ｻｰﾓｽﾀｯﾄ N-89S 本体　100V　　(直本),$ｻｰﾓ,,0
18010248,ﾎｰｽ吊りﾊﾞﾈ　大　(ｱｲﾛﾝ用)    直本,$ﾎｰｽ,,0
18010249,ﾎｰｽｼﾞｮｲﾝﾄ　HA-422 (ｴｱｰｶﾞﾝSG-2用)吉岡,$ﾎｰｽ,P,0
18010250,7P電源ｺｰﾄﾞ　　　　(直本),$7P,,0
18010251,陽ｲｵﾝ交換樹脂　　　(三浦工業),$ﾖｳｲｵﾝ,,0
18010252,ﾊﾞﾎﾟﾚﾗ　SUPER PURO用　ﾀﾝｸﾊﾟｯｷﾝ,$ﾊﾞﾎﾟﾚ,,0
18010253,ｱｲﾛﾝ受皿(ｼﾘｺﾝ)標準　　(直本),$ｱｲﾛﾝ,,0
18010254,SWJ-35用ﾁｪﾝﾊﾞｰ,$SWJ,,0
18010255,ﾆｯﾌﾟﾙ　3/8X175 ｽﾃﾝ　　　　(直本),$ﾆｯﾌﾟﾙ,,0
18010256,ｽﾘｰﾌﾞ風船　大　(YS-C)     (ﾁﾊﾞｺｰ),$ｽﾘｰﾌﾞ,,0
18010257,ﾍﾟﾀﾙ本体(軸付)100-180用　　(直本),$ﾍﾟﾀﾙ,,0
18010258,流量調節一式　HSN-300用(ｲﾀﾘｱ製) 直本,$ﾘｭｳﾘｮ,,0
18010259,2連ｶﾗﾝ　3/8  5号　ﾒｽﾈｼﾞ　　　(直本),$2ﾚﾝ,,0
18010260,NA3/8-3/8  ｱｲﾛﾝﾎｰｽｼﾞｮｲﾝﾄ　　(直本),$NA,,0
18010261,給水ﾊﾞﾙﾌﾞ 3/8 組立本体なし (直本),$ｷｭｳｽｲ,,0
18010262,ﾊﾞﾙﾌﾞﾊﾝﾄﾞﾙｷｬｯﾌﾟ,$ﾊﾞﾙﾌﾞ,,0
18010263,FC-ﾈｼﾞ込ｰ25Aｰ単式ｽﾄﾚｰﾅｰ(STU),$FCﾈｼﾞ,,0
18010264,ｼｽﾀﾝｸ ﾌｨﾙﾀｰ     (直本),$ｼｽﾀﾝｸ,,0
18010265,ﾊﾞﾎﾟﾚﾗInox1000用ｱｲﾛﾝｶﾊﾞｰ,$ﾊﾞﾎﾟﾚ,式,0
18010266,遮熱板(ﾋﾞｽ付)HYS410用,$ｼｬﾈﾂ,,0
18010267,ﾌﾞﾗｼ直結用土台　　(直本),$ﾌﾞﾗｼ,,0
18010268,電源ｺｰﾄﾞ(ﾒﾀｺﾝ付)2.1M 10P   (直本),$ﾃﾞﾝｹﾞﾝ,,0
18010269,ﾀﾝｸ用ﾊﾟｯｷﾝ　　　(ﾊﾞﾎﾟﾗｰﾏ),$ﾀﾝｸ,個,0
18010270,ｱｲﾛﾝｼｭｰ　AR-20,$AR20,,0
18010271,ｾﾗﾐｯｸﾋｰﾀｰ　100V 400W 6φ　　(直本),$ｾﾗﾐｯｸ,,0
18010272,RM-8　送り出しﾍﾞﾙﾄ　　　(山本),$RM-8,,0
18010273,ﾁｬｯｷ弁 ﾊﾞﾙﾌﾞｽﾄｯﾌﾟ 3/8 H141,$ﾁｬｯｷ,,0
18010274,和服ﾊﾞｷｭｰﾑ台ｶﾊﾞｰ　　　(金子),$ﾜﾌｸ,枚,0
18010275,ﾊﾞﾎﾟﾚﾗ4200Rﾎﾞｲﾗｰﾊﾟｯｷﾝ,$ﾊﾞﾎﾟﾚ,個,0
18010276,ﾊﾞﾎﾟﾚﾗｱｲﾛﾝｻｰﾓﾋｭｰｽﾞ,$ﾊﾞﾎﾟﾚ,式,0
18010277,岩谷ﾎﾟﾝﾌﾟ WPS202用 ﾌﾗﾝｼﾞﾊﾟｯｷﾝ(ﾊﾞｲﾄﾝ),$ｲﾜﾔ,P,0
18010278,NAｰ15T ﾅｵﾌﾛﾝｽｰﾊﾟｰ(黒/赤)1.5M,$NA15,本,0
18010279,AR-20　ﾊﾝﾄﾞﾙｾｯﾄ,$AR20,,0
18010280,ﾊﾞﾎﾟﾚﾗ　安全ｻｰﾓｽ,$ﾊﾞﾎﾟﾚ,,0
18010281,ﾊﾞﾎﾟﾚﾗ　ｻｰﾓｽﾀｯﾄ,$ﾊﾞﾎﾟﾚ,,0
18010282,ﾊﾞﾎﾟﾚｯﾄ付属部品接続固定ﾎﾞﾀﾝ(赤),$ﾊﾞﾎﾟﾚ,,0
18010283,ﾊﾞﾎﾟﾚﾗ　Inox1000ｻｰﾓﾋｭｰｽﾞ,$ﾊﾞﾎﾟﾚ,,0
18010284,ﾃﾌﾛﾝｼﾞｬﾊﾞﾗﾎｰｽ 2M      (直本),$ﾃﾌﾛﾝ,本,0
18010285,TVｲﾝﾅｰﾁｭｰﾌﾞ　大　　　　　(直本),$TV,本,0
18010286,ｷｬｯﾌﾟﾀｲﾔｺｰﾄﾞ 100V ES/E    (直本),$ｷｬｯﾌﾟ,,0
18010287,ﾊﾞﾙﾌﾞﾊﾟｲﾌﾟ　HYS,$ﾊﾞﾙﾌﾞ,,0
18010288,排水ﾊﾞﾙﾌﾞ　3/4     (直本),$ﾊｲｽｲ,,0
18010289,排水ｺｯｸ　1/2L  BL-0400  (大阪電機),$ﾊｲｽｲ,個,0
18010290,FBK-1180U(200V3相),$FBK,,0
18010292,RS-10XL(軟水器)用ｶｰﾄﾘｯｼﾞRS-10XLC,$RS10,,0
18010293,ﾘﾌﾀｰ用ｺﾛ　　　(直本),$ﾘﾌﾀｰ,,0
18010294,WIｰ220E　　　　(東静),$WI,台,0
18010295,T-225   (東静),$T,,0
18010296,SWNｻｰﾐｽﾀｰ,$SWN,,0
18010297,FBK-900N(100V),$FBK,,0
18010298,WIｰ300E,$WI,台,0
18010299,ｼﾘｺﾝﾎｰｽ 1.5m HYS用,$ｼﾘｺﾝ,本,0
18010300,平面ｻｸｼｮﾝ台 P9-36B 200V(大馬付),$ﾍｲﾒﾝ,台,0
18010301,NA 1/2-3/8 ｱｲﾛﾝﾎｰｽｼﾞｮｲﾝﾄ,$NA,,0
18010302,噴霧機(中型)       ｸﾗﾏﾀ産業,$ﾌﾝﾑｷ,台,0
18010303,HSL-160　ﾋｰﾄﾚｽｽﾁｰﾑｱｲﾛﾝ(ﾏﾙ),$HSL,台,0
18010304,ﾋﾀﾁﾄﾞﾗｲﾔｰ搭載ﾍﾞﾋﾞｺﾝ･給油式PBD-1.5XB6,$ﾋﾀﾁ,P,0
18010305,SMC　電磁弁　VXP2270D-12-2G,$SMC,P,0
18010306,ﾎｰｽ吊りﾊﾞﾈ　　　(大阪電機工業),$ﾎｰｽ,本,0
18010307,ｱｲﾛﾝ吊金具 CDL510/520/610/620/ASL621,$ｱｲﾛﾝ,,0
18010308,WDNｰ35D用　ｴｱｰﾌｨﾙﾀｰ,$WDN,,0
18010309,SZ 0200F K 200V6(24201406),$SZ,,0
18010310,ASSY CPI-10S 200V 薬注装置,$ASSY,,0
18010311,AT-200S　ｵｲﾙﾀﾝｸ,$AT,,0
18010312,ｽﾃﾝﾚｽ排気筒 200 9916-000-9,$ｽﾃﾝﾚｽ,,0
18010313,陣笠ASSY 200 9916-000-9,$ｼﾞﾝｶﾞ,,0
18010314,ﾒｶﾞﾈﾘﾝｸﾞ　200,$ﾒｶﾞﾈ,,0
18010315,ﾊﾞﾝﾄﾞ　200,$ﾊﾞﾝﾄﾞ,,0
18010316,ｳｹｱｼ　450L　　(三浦),$ｳｹｱｼ,,0
18010317,ｴﾙﾎﾞ煙突　200,$ｴﾙﾎﾞ,,0
18010318,ﾎﾞｲﾗﾒｲﾄ IM-103 11KG,$ﾎﾞｲﾗ,,0
18010319,給湯ﾊｰﾈｽ K  (水洗機部品),$ｷｭｳﾄｳ,個,0
18010320,ｾﾌﾃｨｽﾎﾟｯﾄSS-1　ｶﾞﾝのみ,$ｾﾌﾃｨ,,0
18010321,ｽﾎﾟｯﾀｰｶﾞﾝ用ｽﾁｰﾑﾎｰｽ　1.5ｍ,$ｽﾎﾟｯﾀ,本,0
18010322,ﾎﾞｰﾙﾊﾞﾙﾌﾞ(排水)3/4   (直本),$ﾎﾞｰﾙ,,0
18010323,ﾅｵﾌﾛﾝﾎｰｽﾊﾟｯｷﾝ　1X14X10,$ﾅｵﾌﾛﾝ,,0
18010324,ﾄﾞﾚﾝ回収 ﾒｯｼｭﾌｨﾙﾀｰ(CUP14X2)  (直本),$ﾄﾞﾚﾝ,,0
18010325,TUC-750   (東静),$TUC,台,0
18010326,山本 石油系ﾄﾞﾗｲ機Do160FL(ﾁﾊﾞｺｰ･山本),$ﾔﾏﾓﾄ,台,0
18010327,ｶｯﾄｵﾌ弁　　　　(三浦工業),$ｶｯﾄ,,0
18010328,PS-2 ｽｰﾊﾟｰﾎﾟﾝﾌﾟ 100V(卓上式電磁ﾎﾟﾝﾌﾟ,$PS-2,,0
18010329,Ｏﾘﾝｸﾞ　P-15　ﾊﾞｲﾄﾝ,$Oﾘﾝｸﾞ,個,0
18010330,SWNｰ15T ﾌﾞﾗｼ用ﾎｰｽ 新 1.5M,$SWN,,0
18010331,井口機工　ｳﾞｧｲﾚｽ　GS-600,$ｲｸﾞﾁ,P,0
18010332,ｽｰﾊﾟｰﾀﾝｸ温度ﾋｭｰｽﾞ　　(直本),$ｽｰﾊﾟｰ,,0
18010333,ﾊﾞﾙﾌﾞﾌﾟﾗﾝｼﾞｬｰﾊﾞﾈ　HYS,$ﾊﾞﾙﾌﾞ,,0
18010334,ﾊﾞﾙﾌﾞﾌﾟﾗﾝｼﾞｬｰ　HYS,$ﾊﾞﾙﾌﾞ,,0
18010335,ﾊﾞﾙﾌﾞﾎｰｽﾆｯﾌﾟﾙ　HYS,$ﾊﾞﾙﾌﾞ,,0
18010336,ﾎｰｽﾆｯﾌﾟﾙﾊﾟｯｷﾝ 10X14X2  (直本),$ﾎｰｽ,,0
18010337,HYSｼﾘｺﾝ Oﾘﾝｸﾞ　P-46,$HYS,,0
18010338,ｻｰﾐｽﾀ ﾊｳｼﾞﾝｸﾞ 220L HYS510,$ｻｰﾐｽﾀ,,0
18010339,釜ﾌﾀﾊﾟｯｷﾝ　JSN-10,$ｶﾏ,,0
18010340,ﾎﾞｰﾙﾊﾞﾙﾌﾞ(排水)　3/8,$ﾎﾞｰﾙ,,0
18010341,ｽｲｯﾁ基板　TS-2E/ﾄｯﾌﾟｷｰ　　(直本),$ｽｲｯﾁ,,0
18010342,圧力計  10K  DT1/4     (大阪電機),$ｱﾂﾘｮｸ,個,0
18010343,電磁ｽｲｯﾁ(ﾋｰﾀｰ)SC-03 200V (大阪電機),$ﾃﾞﾝｼﾞ,個,0
18010344,ﾐﾆﾄﾗｯﾌﾟ　SL-3　　　(大阪電機),$ﾐﾆﾄﾗ,個,0
18010345,ﾁｪﾝﾊﾞｰ本体　100V　HYS510/610,$ﾁｪﾝﾊﾞ,,0
18010346,AR-20ﾊﾟｯｷﾝ 24φX17φX2ｔ ﾊﾞｲﾄﾝ(ﾆﾌｽｺ),$AR20,個,0
18010347,ｾﾗﾐｯｸﾋｰﾀｰ(赤) 200V1000W 10φ　(直本),$ｾﾗﾐｯｸ,,0
18010348,排気ﾌｨﾙﾀｰ ZV ZVS用　　　(直本),$ﾊｲｷ,,0
18010349,NSｼﾘｺﾝ(7t) 120ﾀｲﾌﾟ　　　(直本),$NS,,0
18010350,SG-3　ﾄﾗｯﾌﾟなし,$SG,,0
18010351,電磁ﾎﾟﾝﾌﾟ EP5 100V(200V) 50/60Hz,$ﾃﾞﾝｼﾞ,,0
18010352,ASL-621J連動200V(ｱｲﾛﾝ)　　　直本,$ASL,,0
18010353,ﾅｵﾌﾛﾝﾎｰｽ 1/4X3.5φX2100L SC-100B,$ﾅｵﾌﾛﾝ,,0
18010354,ﾃﾄﾛﾝ編組ﾁｭｰﾌﾞ　18ﾏﾙ(ｸﾞﾚｰ)/m,$ﾃﾄﾛﾝ,,0
18010355,熱収縮ﾃﾌﾛﾝﾁｭｰﾌﾞ(PTFE）6Dx1000L,$ﾈﾂ,,0
18010356,圧力ｽｲｯﾁ TIPO5411/INT-DR(C.E.M.E),$ｱﾂﾘｮｸ,,0
18010357,連結ｹｰﾌﾞﾙ AR-10(20修理),$AR,,0
18010358,平面ｻｸｼｮﾝ台 P9-36F 200V(0503053)特価,$ﾍｲﾒﾝ,台,0
18010359,ASL-621 ｵｰﾄｽﾁｰﾑｱｲﾛﾝ 100V・200V,$ASL,,0
18010360,ﾎﾞｰﾙﾀｯﾌﾟ　SL-10B　NBC150R　　(直本),$ﾎﾞｰﾙ,,0
18010361,ﾊﾞﾎﾟﾚﾗ Super Pro用ﾎﾞｲﾗｰﾊﾟｯｷﾝ,$ﾊﾞﾎﾟﾚ,個,0
18010362,ﾃﾌﾛﾝ内管(B)450L AS/CN     (直本),$ﾃﾌﾛﾝ,,0
18010363,ﾃﾌﾛﾝ内管(A)150L ASL610   (直本),$ﾃﾌﾛﾝ,,0
18010364,AR-4　ｱﾘｴﾃ ｱｲﾛﾝ,$AR-4,台,0
18010365,岩谷　WPS202用 ﾌﾗﾝｼﾞﾊﾟｯｷﾝ(ﾆﾄﾘﾙ),$ｲﾜﾔ,P,0
18010366,岩谷　WPS202用 接続ﾊﾟｯｷﾝ(ﾆﾄﾘﾙ),$ｲﾜﾔ,P,0
18010367,ｱｲﾛﾝ　J-88-R　100V,$ｱｲﾛﾝ,台,0
18010368,YAC製　Yｼｬﾂﾊｰﾌたたみ包装機　(ﾁﾊﾞｺｰ),$Yｼｬﾂ,台,0
18010369,圧力ｽｲｯﾁ　3KG　SNS-103　(直本),$ｱﾂﾘｮｸ,,0
18010370,ﾀﾞﾘﾔｽﾌﾟﾚｰ(A-10)960cc　　　(袖山),$ﾀﾞﾘﾔ,台,0
18010371,"ﾀﾞﾘﾔｽﾌﾟﾚｰ噴口(A-2,10共用)　(袖山)",$ﾀﾞﾘﾔ,個,0
18010372,RV-0286　ｽﾌﾟﾘﾝｸﾞ/ｿﾚﾉｲﾄﾞﾊﾞﾙﾌﾞ　M99,$M99,,0
18010374,ｾﾗﾐｯｸﾋｰﾀｰ(緑) 200V1200W 10φ,$ｾﾗﾐｯｸ,,0
18010375,ｻｰﾓｽﾀｯﾄ　AR-10(AR-20),$AR,,0
18010376,中発販売　ﾂｰﾙﾊﾞﾗﾝｻｰ　STB-30,$ﾊﾞﾗﾝｻ,台,0
18010377,AR-20　後部ｶﾊﾞｰ,$AR20,,0
18010378,SWJ-35用電源ｺｰﾄﾞ　2.1m,$SWJ,,0
18010379,ｼﾙｸｶﾞﾝ用押しﾎﾞﾀﾝｽｲｯﾁ(旧型),$ｼﾙｸ,,0
18010380,ｼﾙｸｶﾞﾝ用ｽｲｯﾁ表示球(旧型),$ｼﾙｸ,,0
18010381,ｼﾙｸｶﾞﾝ用ﾓｰﾀｰｾｯﾄ/24　(旧型),$ｼﾙｸ,,0
18010382,HSL-520　ﾋｰﾄﾚｽｽﾁｰﾑｱｲﾛﾝ(ﾏﾙ),$HSL,,0
18010383,FC-ﾈｼﾞ込-40A-単式ｽﾄﾚｰﾅｰ(STU),$FCﾈｼﾞ,,0
18010384,Z-4　ﾍﾞｱﾘﾝｸﾞｹｰｼﾝｸﾞ　13~16Kg　W,$Z-4,式,0
18010385,ｱﾌﾞｿｰﾊﾞｰ　KG4753A,$ｱﾌﾞｿｰ,個,0
18010386,ﾊﾟｰﾏｸﾞﾘｽ　12-SF01,$ﾊﾟｰﾏ,個,0
18010387,白　異径ﾆｯﾌﾟﾙ　25Ax20A,$ｼﾛｲｹｲ,P,0
18010388,白　BU　40Ax25A,$ｼﾛBU,P,0
18010389,白　ﾕﾆｵﾝ(P)　25A,$ｼﾛﾕﾆ,P,0
18010390,ｾﾙｽﾀｰ　全自動水洗機　SMJ-20Ⅱ　(ｼｰｴﾙ,$ｾﾙｽﾀｰ,台,0
18010391,ｱｻﾋ　乾燥機　NNT-60　　(ｼｰｴﾙ),$ｱｻﾋ,台,0
18010392,SU　0200F　K　200V6　(三浦･福井),$SU,,0
18010393,MS-10　軟水装置　100V　60Hz,$MS,,0
18010394,DH-80L　ﾄﾞﾚﾝ回収装置　(三浦･福井),$DH,,0
18010395,ﾁｰｽﾞｴﾝﾄﾂ　200H,$ﾁｰｽﾞ,,0
18010396,ｴﾙﾎﾞ煙突　250　　(三浦),$ｴﾙﾎﾞ,,0
18010397,ｽﾃﾝﾚｽ排気筒　250　9916-000-9　(三浦),$ｽﾃﾝﾚｽ,,0
18010398,ﾊﾞﾝﾄﾞ　250　(三浦･福井),$ﾊﾞﾝﾄﾞ,,0
18010399,ｳｹｱｼ　600L　(三浦･福井),$ｳｹｱｼ,,0
18010400,ﾒｶﾞﾈﾘﾝｸﾞ　250　(三浦),$ﾒｶﾞﾈ,,0
18010401,SU-160F　給水ﾎﾟﾝﾌﾟﾀﾞｲ　(三浦･福井),$SU,,0
18010402,MRT-H15N60　200　給水ﾎﾟﾝﾌﾟ(三浦),$MRT,,0
18010403,HCT-20A　15L/M ﾃｲﾘｭｳﾘｮｳﾍﾞﾝ,$HCT,,0
18010404,ASSY　200　9916-000-9　ｼﾞﾝｶﾞｻ,$ASSY,,0
18010405,SW-03　200V　4-6A　開閉器,$SW,,0
18010406,ｽﾎﾟｯﾀｰｶﾞﾝ用ｾﾊﾟﾚｰﾀｰ　B　▲型,$ｽﾎﾟｯﾀ,個,0
18010407,ｶｰﾄﾝ　ﾊﾟｿｺﾝﾏｲｸﾛｽｺｰﾌﾟ　XR9510,$ｶｰﾄﾝ,P,0
18010408,NBC-1170　ﾗｲﾄﾎﾞｲﾗｰ　200V3P50Hz(宮城),$NBC,,0
18010409,FBX-120SU　200V　50/60Hz(宮城),$FBX,,0
18010410,他社機械その他用 部品,$ﾀｼｬ,,0
18010411,ｾﾗﾐｯｸﾋｰﾀｰ(白)　100V800W　8φ,$ｾﾗﾐｯｸ,,0
18010412,HSL-520T　ﾋｰﾄﾚｽｽﾁｰﾑｱｲﾛﾝ(ﾏﾙ),$HSL,,0
18010413,2BH16007AH21Z G_200 ｻｲﾄﾞﾁｬﾈﾙﾌﾞﾛｱｰ,$2BH,個,0
18010414,2BX1036 ﾎｰｽﾌﾗﾝｼﾞ 2BH1 6.,$2BX,個,0
18010415,ｵｲﾙｽﾄﾚｰﾅｰ　8AX　　(三浦工業),$ｵｲﾙｽﾄ,,0
18010416,RV-3720　ｾｰﾌﾃｨﾊﾞﾙﾌﾞ　M99,$M99,,0
18010417,AR-20　ｵﾝﾄﾞﾋｭｰｽﾞ,$AR,,0
18010418,AR-10　ﾁｭｰﾌﾞ,$AR,,0
18010419,ｾﾌﾃｨｽﾎﾟｯﾄSS-1用 ﾘﾝｸﾞ大小,$ｾﾌﾃｨ,set,0
18010420,ﾊﾞﾎﾟﾚﾗ　Super Pro 押しﾎﾞﾀﾝｽｲｯﾁ,$ﾊﾞﾎﾟﾚ,個,0
18010421,電磁ｽｲｯﾁ(ﾎﾟﾝﾌﾟ) SW-03 200V (大阪電機,$ﾃﾞﾝｼﾞ,個,0
18010422,水位電極 OSG1 3/8(105L･120L)大阪電機,$ｽｲｲ,本,0
18010423,(新)ﾋｰﾀｰﾊﾟｯｷﾝ OSG 72x130x1.5(大阪電,$ﾋｰﾀｰ,枚,0
18010424,ﾎﾞﾙﾄ:ﾋｰﾀｰ止め(ﾜｯｼｬｰ付)M10x3(8)大阪電,$ﾎﾞﾙﾄ,個,0
18010425,ﾌﾟﾛﾃｸﾀｰ(小) 内径9　　　(直本),$ﾌﾟﾛﾃｸ,,0
18010426,電源ｺｰﾄﾞ(ﾒﾀｺﾝ付)　3.0M　10P　(直本),$ﾃﾞﾝｹﾞ,,0
18010427,SWN-30T ﾌﾞﾗｼ用ﾎｰｽ 3.0M M12*3/8 (直本,$SWN,,0
18010428,三浦工業　AI-1000　蒸気ﾎﾞｲﾗｰ(ｼｰｴﾙ),$ﾐｳﾗ,式,0
18010429,SC-100B用 缶体電極棒 95L,$SC100,,0
18010430,ｻｰﾓｽﾀｯﾄ　N-89W　本体　100V　(直本),$ｻｰﾓ,,0
18010431,AR-10　温度調節ﾂﾏﾐ　(AR-20修理),$AR,,0
18010432,ｼﾘｺﾝﾁｭｰﾌﾞ　5X10　　(ｼﾊﾞﾀ),$ｼﾘｺﾝ,M,0
18010433,Ｏﾘﾝｸﾞ　P-46(ｼﾘｺﾝｺﾞﾑ),$Oﾘﾝｸﾞ,,0
18010434,ﾎﾞｲﾗｰｾｯﾄ　AR-10,$ﾎﾞｲﾗｰ,,0
18010435,Ｏﾘﾝｸﾞ　AR-10(AR-20),$AR,,0
18010436,FB-100SN　ｱｲﾛﾝ仕上台　100V50Hz,$FB100,,0
18010437,FBX-100SN　100V50Hz,$FBX,,0
18010438,和服ﾊﾞｷｭｰﾑ Q1-22 100V400W (大阪電機),$Q1,台,0
18010439,垂れ受け(布)前　和服ﾊﾞｷｭｰﾑ用,$ﾀﾚｳｹ,台,0
18010440,垂れ受け(布)後　和服ﾊﾞｷｭｰﾑ用,$ﾀﾚｳｹ,台,0
18010441,SG-2用　ｽﾄﾚｰﾅｰ　　(ｸﾗﾏﾀ),$SG-2,個,0
18010442,HRS-100　安全弁一式　10点ｾｯﾄ,$HRS,,0
18010443,FBZ-1150N(単相200V仕様)仕上台本体,$FBZ,,0
18010444,FB150NSUR 平台,$FB150,,0
18010445,ﾎﾞｰﾙﾀｯﾌﾟ　FW-25N　25A　ﾀｲﾈﾂｷ　(三浦),$ﾎﾞｰﾙ,,0
18010446,ｾﾌﾃｨｽﾎﾟｯﾄSS-1用 PIN,$ｾﾌﾃｨ,個,0
18010447,ｾﾌﾃｨｽﾎﾟｯﾄSS-1用 PINｽﾌﾟﾘﾝｸﾞ,$ｾﾌﾃｨ,個,0
18010448,ｾﾌﾃｨｽﾎﾟｯﾄSS-1用 ﾌﾞｯｼﾝｸﾞﾋﾟﾝﾎﾙﾀﾞｰ,$ｾﾌﾃｨ,個,0
18010449,ｾﾌﾃｨｽﾎﾟｯﾄSS-1用 ﾈｼﾞ(SHOCK-ABUSORBER),$ｾﾌﾃｨ,個,0
18010450,和服ﾊﾞｷｭｰﾑ台ﾌﾄﾝ　　(金子),$ﾜﾌｸ,,0
18010451,ﾊﾞﾎﾟﾚﾗ ｱｲﾛﾝｽｲｯﾁﾚﾊﾞｰ(赤),$ﾊﾞﾎﾟﾚ,個,0
18010452,FBZ-900N　ｱｲﾛﾝ仕上台　100V,$FBZ,,0
18010453,Q1-36 200V 400W ｲﾝﾊﾞｰﾀｰ付(大阪電機),$Q1,台,0
18010454,SG-2用　ﾉｽﾞﾙ　No.60,$SG,本,0
18010455,SC-100S-D 200V 2200W 本体ﾉﾐ/ｱｲﾛﾝ仕様,$SC100,,0
18010456,ﾒｲﾝｽｲｯﾁ　NC-720(立体包装機用)日本ｼｰﾘ,$ﾒｲﾝ,個,0
18010458,ﾊﾝﾄﾞｽﾁｰﾏｰ HI-20 8ﾂ穴大 06IS/大阪電機,$ﾊﾝﾄﾞ,台,0
18010459,ﾄﾞﾚﾝ回収装置　DH-170L　　(三浦工業),$ﾄﾞﾚﾝ,,0
18010460,給水ﾊﾞﾙﾌﾞ本体 2連式,$ｷｭｳｽｲ,,0
18010461,ｵｲﾙﾀﾝｸ　AT-400S　　(三浦工業),$ｵｲﾙﾀﾝ,,0
18010462,HSL-510　ﾋｰﾄﾚｽｽﾁｰﾑｱｲﾛﾝ(ﾏﾙ),$HSL,,0
18010463,ﾍﾞｰｽ(ﾋｰﾀｰ付)100V　CNP-410,$ﾍﾞｰｽ,,0
18010464,ﾃﾌﾛﾝ内管(A)　90L　CNP410,$ﾃﾌﾛﾝ,,0
18010465,ﾌﾟｯｼｭﾚﾊﾞｰ　CNP/CDP/HSP,$ﾌﾟｯｼｭ,,0
18010466,着火碍子　　(三浦工業),$ﾁｬｯｶ,,0
18010467,RV-0865　ｻｰﾓｽﾀｯﾄ　M99,$M99,,0
18010468,SC-100B-E　100V　1500W　ﾌﾞﾗｼ付,$SC100,,0
18010469,ｺｽﾓｽｰﾊﾟｰ24(改),$ｺｽﾓ,台,0
18010470,AR-2　ｵﾝﾄﾞﾋｭｰｽﾞ/216°(AR-4修理用),$AR,,0
18010471,SWN 接続ｾｯﾄ,$SWN,,0
18010472,M99　ｸﾞﾘｰﾝｽｲｯﾁ,$M99,,0
18010473,RV-DUE4365　ｻｰﾓｽﾀｯﾄ/ﾋｭｰｽﾞ付　M99,$M99,,0
18010474,SG-2用　ﾃﾌﾛﾝﾊﾟｯｷﾝ　NO.61,$SG,枚,0
18010475,ｵｲﾙﾎﾟﾝﾌﾟ　GFY-V3S-MU　　(三浦),$ｵｲﾙﾎﾟ,,0
18010476,SC-100B-E　100V　100W　(ﾌﾞﾗｼなし),$SC100,,0
18010477,AR-20用　電磁弁　110-120V,$AR,,0
18010478,水ﾀﾝｸ給水ｺｯｸ　　(直本),$ﾐｽﾞﾀﾝ,,0
18010479,SWN-8　ｽﾁｰﾑﾌﾞﾗｼ　220V　2.5m,$SWN,,0
18010480,OSG-40D 3K 3P 200V,$OSG,台,0
18010481,ｼﾘｺｰﾝﾎｯﾄﾄﾞﾗｲｸﾘｰﾅｰ SCL-8161,$ｼﾘｺｰﾝ,,0
18010482,FBZ-1150U　ｱｲﾛﾝ仕上台　200V,$FBZ,,0
18010483,J-85L 多穴 100V 1000W 07F (ｱｲﾛﾝ),$J85,台,0
18010484,ｵｰﾄﾌﾛﾝﾎｰｽ  3.5M,$ｵｰﾄ,本,0
18010485,J-85　吊り金具,$J85,本,0
18010486,OHB-2000(ｽﾁｰﾑﾌﾞﾗｼ用)　(岡本無線),$OHB,PCS,0
18010487,AR-20　100V　ｱｲﾛﾝｾｯﾄ,$AR20,,0
18010488,ｼﾙｸｶﾞﾝ用Ｗﾎｰｽ,$ｼﾙｸ,ｍ,0
18010489,みがき丸鋼　SS400　25.00 　6.0M,$ﾐｶﾞｷ,kg,0
18010490,NBC-1450R　ﾗｲﾄﾎﾞｲﾗｰ200V3P60/50Hz,$NBC,,0
18010491,T-355　　　(東静),$ﾄｳｾｲ,台,0
18010492,ﾄﾝﾈﾙ式 仕上機　　(山本製作所),$ﾄﾝﾈﾙ,,0
18010493,AR-10　ｵﾝﾄﾞﾋｭｰｽﾞ/160°(AR-20修理用),$AR,,0
18010494,ｼﾞﾌｨｰｽﾁｰﾏｰ(J-2000),$ｼﾞﾌｨｰ,台,0
18010495,YBH-005A　新高速ﾊｰﾌﾜｲｼｬﾂmini,$YBH,,0
18010496,YPS-301A　ﾎﾞﾃﾞｨｽﾘｰﾌﾞ仕上機,$YPS,,0
18010497,YPS-611A　ｼﾝｸﾞﾙｶﾗｰｶﾌｽDX,$YPS,,0
18010498,YST-4510　ｻﾝﾄﾞｲｯﾁｽﾞﾎﾞﾝﾌﾟﾚｽ,$YST,,0
18010499,YST-051　ﾊﾟﾝﾂﾄｯﾊﾟｰ,$YST,,0
18010500,YJK-012A　人体ﾌｫｰﾏｰ,$YJK,台,0
18010501,電磁弁　9934　110V　　(直本),$ﾃﾞﾝｼﾞ,,0
18010502,SAﾊﾞﾙﾌﾞｾｯﾄ(ﾚﾊﾞｰなし)　　(大阪電機),$SA,個,0
18010503,排水ｺｯｸ1/2　BL-0400　　(大阪電機),$ﾊｲｽｲ,個,0
18010504,SG-2用　ﾊﾞﾙﾌﾞ弁ｸﾛｰﾑ　No.62,$SG-2,,0
18010505,SG-2用　ﾚｯﾄﾈｼﾞ　No.72,$SG-2,,0
18010506,SG-2用　3m/mﾅｯﾄ　No.73,$SG-2,,0
18010507,AR-10　ｻｰﾓｽﾀｯﾄ 132,$AR,,0
18010508,上ｺﾞﾃ用布ｶﾊﾞｰ　　(ﾜｲｴｲｼｨ),$ｳﾜｺﾞﾃ,個,0
18010509,上ｺﾞﾃ用ｼﾘｺﾝﾏｯﾄ　　(ﾜｲｴｲｼｨ),$ｳﾜｺﾞﾃ,,0
18010510,引っ張りﾊﾞﾈ　　(ﾜｲｴｲｼｨ),$ﾋｯﾊﾟﾘ,,0
18010511,ｻｸｼｮﾝ台　P9-36F 200V 　(大阪電機),$P9,台,0
18010512,ｺｰﾄﾞ･ﾎｰｽ 4点ｾｯﾄ SWJ-32  (直本),$ｺｰﾄﾞ,,0
18010513,NA-35Eﾅｵﾌﾛﾝｴｷｽﾄﾗ(黒･緑)3.5M/10本単位,$NA35,,0
18010514,NA-05Dﾅｵﾌﾛﾝﾄﾞﾚﾝﾎｰｽ 0.5M/10本単位,$NA05,,0
18010515,AR-20　ｽｲｯﾁ,$AR20,,0
18010516,ﾊﾞｲﾒﾀﾙｻｰﾓ TH56S182RS2 180off 160on,$ﾊﾞｲﾒﾀﾙ,,0
18010517,ﾋｰﾀｰ線　346mm　NC-720　(日本ｼｰﾘﾝｸﾞ),$ﾋｰﾀｰ,本,0
18010518,ﾘﾚｰ　AHK　　(日本ｼｰﾘﾝｸﾞ),$ﾘﾚｰ,個,0
18010519,ﾘﾚｰ　MK2P　(日本ｼｰﾘﾝｸﾞ),$ﾘﾚｰ,個,0
18010520,HSL-610　ﾋｰﾄﾚｽｽﾁｰﾑｱｲﾛﾝ(ﾏﾙ),$HSL,,0
18010521,FBX-120SN　200V　50/60Hz,$FBX,,0
18010522,圧力ﾒｰﾀｰ　ADMT-2 PT1/4  6kg,$ｱﾂﾘｮｸ,,0
18010523,ｴｱｰ抜きｻｰﾓｺｰﾄﾞ(OHD付) SC-100,$ｴｱｰﾇｷ,,0
18010524,AR-20　給水ﾌﾀ,$AR20,,0
18010525,NC-63WS型　立体自動包装機,$NC-63,台,0
18010526,NC-47型　平面手動包装機,$NC-47,台,0
18010527,ｺｽﾓｶﾞﾝ用　160V　100μF,$ｺｽﾓ,,0
18010528,ｺｽﾓｶﾞﾝ用　ﾌﾞﾘｯｼﾞﾀﾞｲｵｰﾄﾞ(100),$ｺｽﾓ,,0
18010529,ｼﾘｺﾝﾎｰｽ　10/5x700L　　(直本),$ｼﾘｺﾝ,,0
18010530,ｶｰﾄﾘｯｼﾞﾀﾝｸ ｷｬｯﾌﾟ　　(直本),$ｶｰﾄ,,0
18010531,SC-100S-E 200V 2200W 本体ﾉﾐ(ｱｲﾛﾝ仕様,$SC100,,0
18010532,ｻｸｼｮﾝ台 Q1-22 200V 400W(大阪電機),$Q1,台,0
18010533,HSL-510T　ﾋｰﾄﾚｽｽﾁｰﾑｱｲﾛﾝ(ﾏﾙ),$HSL,,0
18010534,ﾅｵﾌﾛﾝﾎｰｽ 1/4Xφ3.5X2150L SC-100B,$ﾅｵﾌﾛﾝ,,0
18010535,SC-100B用　電源ｺｰﾄﾞ(ｺﾈｸﾀ付き),$SC100,,0
18010536,ｺｽﾓ　ﾊﾞﾙﾌﾞｺﾝ,$ｺｽﾓ,個,0
18010537,JFJ-55　200V3P　本体　(直本),$JFJ,,0
18010538,LB-1000ﾘﾌﾀｰ(ｼﾝｸﾞﾙ)FBM-R･L･C,$LB,,0
18010539,F-1720N　万能馬　NSｼﾘｺﾝ/URﾏｯﾄ,$F-172,,0
18010540,遮熱板 J用(ﾋﾞｽ付) CDL510,$ｼｬﾈﾂ,,0
18010541,Ｏﾘﾝｸﾞ　S-9　8.5X1.5(ﾊﾞｲﾄﾝ70°),$Oﾘﾝｸﾞ,,0
18010542,Oﾘﾝｸﾞ　S-7　6.5X1.5(ﾊﾞｲﾄﾝ70°),$Oﾘﾝｸﾞ,,0
18010543,軟水器　RS-10XL用ｶｰﾄﾘｯｼﾞRS-10XLC,$ﾅﾝｽｲｷ,,0
18010544,SC-100用ﾎｰｽ部ｼﾞｮｲﾝﾄ,$SC100,,0
18010545,CT-3W(14J001)用 CPU基盤(ﾛﾑ付),$CT-3W,,0
18010546,FBX-100SN  200V　50/60Hz,$FBX,,0
18010547,樹脂容器　本体　(PS-2用),$ｼﾞｭｼ,,0
18010548,樹脂容器　中蓋　(PS-2用),$ｼﾞｭｼ,,0
18010549,容器底ﾒｯｼｭﾌｨﾙﾀｰ　(PS-2用),$ﾖｳｷｿｺ,,0
18010550,ﾆｭｰﾀﾞｲﾔｼﾞｪｯﾄ102型,$ﾆｭｰﾀﾞ,台,0
18010551,ｶｰﾄﾘｯｼﾞﾀﾝｸ一式(ｷｬｯﾌﾟ付) 5L,$ｶｰﾄﾘｯ,,0
18010552,ｴﾙﾎﾞ(ﾎﾟﾘｱﾐﾄﾞ)3/4 排水用　(直本),$ｴﾙﾎﾞ,,0
18010553,胴ﾊﾟｲﾌﾟ一式 圧力SW交換用 ﾐﾆｼﾞｪﾈ,$ﾄﾞｳﾊﾟ,,0
18010554,ﾎﾞｲﾗｰｺﾝﾄﾛｰﾙ基板COM-E02 100V S3.0,$ﾎﾞｲﾗｰ,,0
18010555,SC-100用ﾏｸﾞﾈｯﾄSWｾｯﾄ 100V,$SC100,,0
18010556,FBK　ﾘﾐｯﾄﾍﾟﾀﾙﾊﾞﾈ,$FBK,,0
18010557,SU　0300F　A　200V6　(三浦),$SU,基,0
18010558,MS-15　軟水装置　100V　60Hz　(三浦),$MS-15,,0
18010559,ASSY　薬注装置　CPI-10L　200V(三浦),$ASSY,,0
18010560,ｼﾞﾝｶﾞｻASSY　250　9916-000-9　(三浦),$ｼﾞﾝｶﾞ,,0
18010561,ｽｲﾒﾝｹﾝｼｭﾂﾎﾞｳ　　(三浦),$ｽｲﾒﾝ,,0
18010562,HCT-20A　30L/M　ﾃｲﾘｭｳﾘｮｳﾍﾞﾝ　(三浦),$HCT,,0
18010563,ｽﾄﾚｰﾅ･Yｶﾞﾀ　20AX60# SY-5 T　(三浦),$ｽﾄﾚｰﾅ,,0
18010564,漏電遮断機　TSｶﾊﾞｰ付　EG33　(三浦),$ﾛｳﾃﾞﾝ,,0
18010565,袖ﾊﾟﾌ　K-A5　　(ﾜｲｴｲｼｲ),$ｿﾃﾞ,台,0
18010566,ﾀﾏｺﾞ型ﾊﾟﾌ　特A2,$ﾀﾏｺﾞ,台,0
18010567,中袖馬　　　(金子),$ﾁｭｳｿﾃ,台,0
18010568,小袖馬　　　(金子),$ｺｿﾃﾞ,台,0
18010569,大型肩馬　　　(金子),$ｵｵｶﾞﾀ,台,0
18010570,MK-6J　軟水器　100V,$MK-6J,,0
18010571,ｳｰﾙﾌﾟﾚｽｼﾞｬｹｯﾄ万能　YST-4231,$YST,台,0
18010573,ｽｶｰﾄﾌﾟﾚｽ　YST-4241,$YST,台,0
18010574,SG-2用　ﾊﾞﾙﾌﾞﾊﾟｯｷﾝ　No.68,$SG-2,,0
18010575,DI-220E　(50Hz)　ﾄﾞﾗｲ機　　(東静),$DI,台,0
18010576,TUC-751　ﾁﾗｰ　　(東静),$TUC,台,0
18010577,T-226　(50Hz)　乾燥機　(東静),$T,台,0
18010578,OSG1-25　200V1P60Hz　H2C08039-4,$OSG,台,0
18010579,温度ﾋｭｰｽﾞ　SWJ-10,$ｵﾝﾄﾞ,,0
18010580,SC-100B-F　100V　1500W　ﾌﾞﾗｼ付,$SC100,,0
18010581,AR-20　蒸気調節器,$AR20,,0
18010582,NA-15Eﾅｵﾌﾛﾝｴｷｽﾄﾗ(黒､緑)1.5M,$NA-15,,0
18010583,AHS-500　100V，200V　電磁弁なし,$AHS,,0
18010584,"SV-08　電磁弁 100V,200V　2.5mﾎｰｽ付",$SV,,0
18010585,ﾎﾟｰﾙｾｯﾄ　AHS-500,$AHS,,0
18010586,ﾊﾞｲﾒﾀﾙｻｰﾓ TH56S182RS2 130on 110off,$ﾊﾞｲﾒﾀ,,0
18010587,西村電機 ｻｲﾚﾝｻｰﾓﾙﾄﾌﾟﾚｰﾝ FB3700用ｱﾐ付,$ﾆｼﾑﾗ,ｾｯﾄ,0
18010588,西村電機 ｻｲﾚﾝｻｰﾓﾙﾄﾌﾟﾚｰﾝ FB3700用ｱﾐ無,$ﾆｼﾑﾗ,ｾｯﾄ,0
18010589,排水ﾊﾞﾙﾌﾞ一式 HSL610,$ﾊｲｽｲ,,0
18010590,ﾎｰｽｼﾞｮｲﾝﾄ(ﾊﾟｯｷﾝ付)3/8X14X33,$ﾎｰｽ,,0
18010591,立体包装機用ﾌｨﾙﾑ押えｺﾞﾑ NC-63WS,$ﾘｯﾀｲ,,0
18010592,袖ﾊﾟﾌ(A5)ｶﾊﾞｰ　　　(広洋化学),$ｿﾃﾞﾊﾟ,,0
18010593,ｾﾌﾃｨｽﾎﾟｯﾄSS-1用　ﾋﾞﾆｰﾙﾎｰｽ　2m,$ｾﾌﾃｨ,,0
18010594,KK-750C-A53用予備品　KR01-2B198,$KK,,0
18010595,ﾊﾞﾙﾌﾞﾌﾗﾝｼﾞ組立(ｼﾞｮｲﾝﾄ+ﾅｯﾄ)HYS(ﾊﾟｯｷﾝﾂ,$ﾊﾞﾙﾌﾞ,,0
18010596,ﾎﾞﾙﾄ　CP　M8X18L、M8X35L,$ﾎﾞﾙﾄ,,0
18010597,給水ﾎｰｽ　　　(直本),$ｷｭｳｽｲ,,0
18010598,電気部ｹｰｽ(白)　　(直本),$ﾃﾞﾝｷ,,0
18010599,ﾊﾝｶﾞｰ取付金具　PS-2　(直本),$ﾊﾝｶﾞｰ,,0
18010600,ﾊﾝｶﾞｰ　PS-2　　(直本),$ﾊﾝｶﾞｰ,,0
18010601,SWJ-10　取付板付ﾏｲｸﾛSW　SSM33AO,$SWJ,,0
18010602,NA3/8-1/4　ｱｲﾛﾝﾎｰｽｼﾞｮｲﾝﾄ,$NA,,0
18010603,ｻｰﾐｽﾀ ﾊｳｼﾞﾝｸﾞ 195L ASL610,$ｻｰﾐｽﾀ,,0
18010604,SC-100S-F 200V 2200W 本体ﾉﾐ(ｱｲﾛﾝ仕様,$SC100,,0
18010605,×電源ｺｰﾄﾞ(1.25*4P*2000L)SWN-10使用,$ﾃﾞﾝｹﾞ,,0
18010606,給水ﾎﾟﾝﾌﾟ　逆止弁ｼﾞｮｲﾝﾄ　(直本),$ｷｭｳｽｲ,,0
18010607,給水ﾎﾟﾝﾌﾟ　ｽﾃﾝﾎﾞｰﾙ　　(直本),$ｷｭｳｽｲ,,0
18010608,給水ﾎﾟﾝﾌﾟ Ｏﾘﾝｸﾞ P-14  (直本),$ｷｭｳｽｲ,,0
18010609,給水ﾎﾟﾝﾌﾟ 逆止弁本体Ａ　　(直本),$ｷｭｳｽｲ,,0
18010610,給水ﾎﾟﾝﾌﾟ　逆止弁本体Ｂ　　(直本),$ｷｭｳｽｲ,,0
18010611,ﾋｰﾀｰ線　0.2tX10X5M　　(東静),$ﾋｰﾀｰ,個,0
18010612,SWJ-35　ｽﾁｰﾑﾌﾞﾗｼ　100V,$SWJ,,0
18010613,SC-100用ﾏｸﾞﾈｯﾄSWｾｯﾄ　100V,$SC100,,0
18010614,ﾎﾞｲﾗｰｺﾝﾄﾛｰﾙ基板COM-E02 100V(100B用),$ﾎﾞｲﾗｰ,,0
18010615,CKD ｴｱｰﾚｷﾞｭﾚﾀｰ用ｶｯﾌﾟ B(A)7019-BOWL,$CKD,P,0
18010616,CKD ｴｱｰﾚｷﾞｭﾚﾀｰ B7019-2C ﾒｰﾀｰ金具無し,$CKD,P,0
18010617,FBK　ﾍﾟﾀﾞﾙ組立　　(直本),$FBK,,0
18010618,ﾘﾐｯﾄｽｲｯﾁ　1BS-5000　　(直本),$ﾘﾐｯﾄ,,0
18010619,JAﾊﾞﾙﾌﾞｾｯﾄ(ﾚﾊﾞｰなし)　　大阪電機,$JAﾊﾞﾙ,個,0
18010620,ﾊﾞﾙﾌﾞﾚﾊﾞｰJA J8:S　　　大阪電機,$ﾊﾞﾙﾌﾞ,個,0
18010621,電磁弁(4KA119-GS4)　　　ﾜｲｴｲｼｲ,$ﾃﾞﾝｼﾞ,個,0
18010622,ｴｱｰ抜きﾁｰｽﾞ　φ6-1/8x1/8x1/8,$ｴｱｰﾇｷ,,0
18010623,ｽﾃﾝﾚｽ継手　1/2　SL,$ｽﾃﾝﾚｽ,ヶ,0
18010624,FB-120SN ｱｲﾛﾝ仕上台 200V 50Hz,$FB120,,0
18010625,WI-220E用　ｲﾝﾊﾞｰﾀｰ NO.117,$WI-22,個,0
18010626,ﾅｵﾌﾛﾝﾎｰｽ 1/4xφ3.0x2150L(片側ｼﾞｮｲﾝﾄ),$ﾅｵﾌﾛﾝ,,0
18010627,電磁弁　VCS21-1G-2-01-N-X40　(直本),$ﾃﾞﾝｼﾞ,,0
18010628,ｳﾚﾀﾝｸﾞﾘｯﾌﾟ(180L)CDL 支持金具付,$ｳﾚﾀﾝ,,0
18010629,ﾎﾟﾝﾌﾟ200V1P50HZ(MC-90-50)　直本,$ﾎﾟﾝﾌﾟ,,0
18010630,SWN-8本体縁ｺﾞﾑ　　(直本),$SWN,,0
18010631,上鏝ｼﾘｺﾝﾊﾟｯﾄﾞ　YDP-4241　(YAC),$ｳﾜｺﾞﾃ,個,0
18010632,下鏝ｼﾘｺﾝﾊﾟｯﾄﾞ　　　(YAC),$ｼﾀｺﾞﾃ,個,0
18010633,電磁弁(4KA110-GS4-D2) YST-51(ﾜｲｴｲｼｲ),$ﾃﾞﾝｼﾞ,個,0
18010634,SC-100S-F 100V 1500W 本体ﾉﾐ(ｱｲﾛﾝ仕様,$SC100,,0
18010635,FB-130SN　ｱｲﾛﾝ仕上台　100V50Hz,$FB130,,0
18010636,電磁弁　VXP2150S-06-2G　(東静),$ﾃﾞﾝｼﾞ,個,0
18010637,温風ｻｰﾐｽﾀ　　(東静),$ｵﾝﾌﾟｳ,個,0
18010638,SG-2ﾉｽﾞﾙ用ﾃﾌﾛﾝﾊﾟｯｷﾝ,$SG,,0
18010639,ﾐﾆｼﾞｪﾈ専用ｲｵﾝ交換樹脂,$ﾐﾆ,,0
18010640,ﾉﾝｱｽP　1.5X14X10(電磁弁)　　直本,$ﾉﾝｱｽ,,0
18010641,ｿﾆｯｸｼｰﾀﾞｰ SONAC-37(超音波ﾎｯﾁｷｽ)日邦,$SONAC,ST,0
18010642,ﾃﾞｨｽｸﾎﾞｰﾄﾞ(万力ﾅｼ),$ﾃﾞｨｽｸ,,0
18010643,ｺｰﾄﾞﾊﾝｶﾞｰ取付ﾌﾞﾗｹｯﾄ NBC,$ｺｰﾄﾞ,,0
18010644,SONAC-37用 金具　　　(日邦),$SONAC,ST,0
18010645,ｶﾗｰ布ｶﾊﾞｰ TPD-1042C ｶﾗｰｶﾌｽﾌﾟﾚｽ,$ｶﾗｰﾇﾉ,個,0
18010646,ｶﾗｰﾊﾟｯﾄﾞ TPE-1040B TT-6158 t16X260X,$ｶﾗｰﾊﾟ,個,0
18010647,ｶﾌｽ布ｶﾊﾞｰ TPD-1043C ｶﾗｰｶﾌｽﾌﾟﾚｽ,$ｶﾌｽﾇﾉ,個,0
18010648,ｶﾌｽﾊﾟｯﾄﾞ TPE-1041B　TT-6150 t16X260X,$ｶﾌｽﾊﾟ,個,0
18010649,胴立てﾊﾟｯﾄﾞ 上 4C-13552,$ﾄﾞｳﾀﾃ,個,0
18010650,胴立てﾊﾟｯﾄﾞ 下 4C-13557,$ﾄﾞｳﾀﾃ,個,0
18010651,胴立てｶﾊﾞｰ布 上 2C-13566,$ﾄﾞｳﾀﾃ,個,0
18010652,胴立てｶﾊﾞｰ布 下 4C-13570,$ﾄﾞｳﾀﾃ,個,0
18010653,重ねﾊﾟｯﾄﾞ 4C-13647,$ｶｻﾈﾊﾟ,個,0
18010654,ｱｲﾛﾝ　架台,$ｱｲﾛﾝ,枚,0
18010655,FB-60SN　ｱｲﾛﾝ仕上台　100V50Hz,$FB-60,,0
18010656,日立　ｴｱｰﾊﾟﾝﾁ　EC1443H,$ﾋﾀﾁｴｱ,P,0
18010657,AHS-400　100V　電磁弁なし,$AHS,,0
18010658,ｾﾗﾐｯｸﾋｰﾀｰ(白)100V1000W　10Φ,$ｾﾗﾐｯｸ,,0
18010659,SWJ-55　ｽﾁｰﾑﾌﾞﾗｼ　100V,$SWJ,,0
18010660,給水ﾊﾞﾙﾌﾞ　1/2組立立体ﾅｼ,$ｷｭｳｽｲ,,0
18010661,ｷｬｽﾀｰET-65RHS(M12×14mm)ｽﾄｯﾊﾟｰ付,$ｷｬｽﾀｰ,,0
18010662,ｷｬｽﾀｰET65RH(12×14mm)ｽﾄｯﾊﾟｰ無,$ｷｬｽﾀｰ,,0
18010663,平面ｻｸｼｮﾝ台P7-36F　200V1109306～,$ﾍｲﾒﾝ,台,0
18010664,J-5DL-R　100V900W　J0311H　ｱｲﾛﾝ,$J-5DL,台,0
18010665,SC自動排水改造部品一式,$SCｼﾞﾄ,,0
18010666,中発　ﾂｰﾙﾊﾞﾗﾝｻｰ　TB-10W　ｼﾛ（新）,$ﾂｰﾙ,,0
18010667,中発　ﾂｰﾙﾊﾞﾗﾝｻｰ　STB15AW　ｼﾛ（新）,$ﾂｰﾙﾊﾞ,,0
18010668,SV-10　電磁弁　100V　2.5mﾎｰｽ付,$SV-10,,0
18010669,ｺｰﾄﾞﾊﾝｶﾞｰﾉﾌﾞﾈｼﾞ　M6　直本,$ｺｰﾄﾞ,,0
18010700,ﾎﾞﾄﾙ　㈱北日本製作所,$ﾎﾞﾄﾙ,,0
18010701,SC-100B　ﾌﾞﾗｼｺﾈｸﾀｰｺｰﾄﾞｾｯﾄ　④⑤⑥⑦,$SC-10,,0
18010702,SC-100B用SWJ-35用ｺﾈｸﾀｰ,$SC-10,,0
18010703,FBZ-SE　ｱｲﾛﾝ仕上台100V　直本,$FBZ-,,0
18010704,M-220N　袖馬　婦人用　(直本),$M-220,,0
18010705,基板　SBI-E01(SWN-8部品),$ｷﾊﾞﾝ,,0
18010706,富士電　漏電遮断器　FG32R　20A30ｍA,$ﾌｼﾞ,,0
18010707,電磁ﾎﾟﾝﾌﾟ一式LP6W(仕上台FB-8S用,$ﾃﾞﾝｼﾞ,,0
18010708,包装機部品5ｍｍ板ﾋｰﾀｰ1M　ｳﾞｨﾉ,$ﾎｳｿｳｷ,,0
18010709,KITZ　ｴｺﾎﾞｰﾙZS-400　10A,$KITZ,,0
18010710,ｽﾎﾟｯﾀｰｶﾞﾝ用ｼﾘｺﾝﾎｰｽ1/4　1.5m　ﾌﾟﾛﾌｨｯﾄ,$ｼﾘｺﾝ,,0
18010711,SFﾁｭｰﾌﾞ　SF-12U　2ｍ（直本,$SFﾁｭｰ,,0
18010712,収縮ﾁｭｰﾌﾞ　EPT　t1.0×φ20×80L,$ｼｭｳｼｭ,,0
18010713,ｺｽﾓｽｰﾊﾟｰ100,$ｺｽﾓ,,0
18010714,ｾﾝﾄｽﾀｰ　ﾍﾞﾝﾘｰｶｯﾀｰVC-152(ﾅｽｺ),$ﾍﾞﾝﾘｰ,,0
18010715,収縮ﾁｭｰﾌﾞ　EPT　t1.0×Φ20(/m)　直本,$ｼｭｳｼｭｸ,,0
18010716,ｺﾈｸﾀｰ　SRCN2A16-7S　直本,$ｺﾈｸﾀｰ,,0
18010717,ｼﾘｺﾝﾁｭｰﾌﾞ　3×9,$ｼﾘｺﾝ,,0
18010718,電源ｺｰﾄﾞ(1.25×4P×2000L)SWN-10,$ﾃﾞﾝｹﾞﾝ,,0
18010719,GK-75-FV-BD用予備品ｺﾝﾌﾟﾚｯｻｰ,$ｺﾝﾌﾟ,,0
18010720,ﾒﾘﾔｽ用　ﾀﾞｸﾄｾｯﾄ,$ﾒﾘﾔｽ,,0
18010721,排気ﾀﾞｸﾄ板(ﾋﾞｽ付),$ﾊｲｷ,,0
18010722,HSL-620ﾋｰﾄﾚｽｽﾁｰﾑｱｲﾛﾝ(ﾏﾙ),$HSL,,0
18010723,ｺﾈｸﾀｰ　SRCN6A-16-7P,$ｺﾈ,,0
18010724,NBC1000　取付台　SWN8,$NBC,,0
18010725,ﾅｵﾌﾛﾝﾎｰｽ0.6m　1/4×3/8　SWN/NBC,$ﾅｵ,,0
18010726,ﾃﾌﾛﾝﾊﾟｯｷﾝ　1t×8×Φ5,$ﾃﾌﾛﾝ,,0
18010727,SG-2　ﾊﾞﾙﾌﾞｽﾌﾟﾘﾝｸﾞ　No.63,$SG,,0
18010728,みがき丸鋼　快削鋼　SUM23　25　3.0M,$ﾐｶﾞｷ,,0
18010729,SUS304　NI　6A×50,$SUS,,0
18010730,遮熱板(ﾋﾞｽ付)　CNP410,$ｼｬﾈﾂ,,0
18010731,流量調整金具一式　CDP,$ﾘｭｳ,,0
18010732,FB-150SN　ｱｲﾛﾝ仕上台　100V50HZ,$FB,,0
18010733,安全弁一式(ﾆｯﾌﾟﾙ無),$ｱﾝｾﾞﾝ,,0
18010734,ﾎｯﾄﾎｰｽ　2.5m　100V(200V)100W,$ﾎｯﾄ,,0
18010735,NBN-101Ba　100V　1.5kWﾌﾞﾗｼ付,$NBN,,0
18010736,白　ﾆｯﾌﾟﾙ　20A×200,$ｼﾛ,,0
18010737,流量調整ﾂﾏﾐ　PS-2,$ﾘｭｳ,,0
18010738,ｻｰﾐｽﾀ　ﾊｳｼﾞﾝｸﾞ　170L　CNP410,$ｻｰﾐ,,0
18010739,AR22F5R-10G　押しﾎﾞﾀﾝSW,$AR,,0
18010740,電磁弁　VCS21-2G-2-01-N-X45,$ﾃﾞﾝｼﾞ,,0
18010741,SWJ-30　ﾎｰｽｴﾙﾎﾞ,$SWJ,,0
18010742,SWJ-10　ﾁｪﾝﾊﾞｰ本体,$SWJ,,0
18010743,ﾅｵﾌﾛﾝﾎｰｽ1/4×Φ3.0×2000L(片側ｼﾞｮｲﾝﾄ,$ﾅｵ,,0
18010744,PS-2用　7Pｺﾈｸﾀｰ,$PS,,0
18010745,HSL-620Tﾋｰﾄﾚｽｽﾁｰﾑｱｲﾛﾝ(ﾏﾙ),$HS,,0
18010774,ﾎﾞｰﾙﾀｯﾌﾟ　SH20-3C　20Aﾀｲﾈﾂ(三浦,$ﾎﾞｰﾙ,,0
18010775,LB-1200Zﾘﾌﾀｰ(ﾀﾞﾌﾞﾙ)FBX用,$LB,,0
18010777,ｶｰﾄﾘｯｼﾞﾋｰﾀｰ120V400W　SWJ-32,$ｶｰ,,0
18010778,電磁弁　VCS21-1G-2-01-N-X45,$ﾃﾞﾝｼﾞ,,0
18010779,ﾐﾆｼﾞｪﾈ　安全弁,$ﾐﾆ,,0
18010780,SWJ-30 ﾎｰｽｴﾙﾎﾞ,$SWJ,,0
18010781,SC-100S　缶体,$SC,,0
18010782,ｶｰﾄﾘｯｼﾞﾋｰﾀｰ　120Ｖ400Ｗ　ＳＷＪ－32,$ｶｰﾄ,,0
18010783,NBN-102Sa電気式簡易ﾎﾞｲﾗｰ200V1P2.2ｋW,$NBN,,0
18010784,NBN-100Sﾄﾞﾚﾝ返し　ﾀﾝｸｾｯﾄ,$NBN,,0
18010785,遮熱板(ﾋﾞｽ板)　CDL610,$ｼｬﾈ,,0
18010786,FG32R/30-30MA 100/200V漏電遮断機,$FG,,0
18010787,NBN-153 200V 3P 50/60Hz,$NBN,,0
18010788,NBN-111Ba 100V 単相1.5kW SWJ-14付,$NBN,,0
18010789,TUC-753 TOSEI,TUC-753 TO,台,0
18010790,NBN-111Bb 100V 単相1.5kW SW-15付,$NBN,,0
18019998,輸入品,$ﾕﾆｭｳ,,0
18019999,中古品,$ﾁｭｳｺ,,0
18020001,ﾅｵﾓﾄ ｽﾁｰﾑﾌﾞﾗｼﾎﾞｲﾗｰ用 脚,$ﾅｵﾓﾄ,,0
18020002,ﾅｵﾓﾄｽﾁｰﾑﾌﾞﾗｼﾎﾞｲﾗｰ脚用 ｷｬｽﾀｰ取付ﾌﾞｯｼｭ,$ﾅｵﾓﾄ,ケ,0
18020003,ﾅｵﾓﾄｱｲﾛﾝ台ﾘﾌﾀｰ取付補強板　　　ﾏｴﾀﾞ,$ﾅｵﾓﾄ,,0
18020004,冷却機ｽﾄﾚｰﾅｰ ｾﾝﾀｰｱｰﾑ主軸ﾈｼﾞ　(野村),$ﾚｲｷｬｸ,本,0
18020005,他社機械用付属　特注品,$ﾀｼｬ,,0
18030001,ﾋﾞｽ　M4*10L　　　(直本),$ﾋﾞｽ,,0
18110001,ｼﾞｬﾝﾌﾟ　18Kg(18L),$ｼﾞｬﾝﾌ,缶,0
18110002,浸透剤  500g入り,$ｼﾝﾄｳ,,0
18110003,ｻﾞｲﾂｶﾗｰｾｯﾄ　250gX7本入り,$ｻﾞｲﾂｶ,ｾｯﾄ,0
18110004,ｻﾞｲﾂＶｾｯﾄ　450gX3本入り,$ｻﾞｲﾂV,ｾｯﾄ,0
18110005,ｻﾞｲﾂ補充液　1Kg入り(V1、V2、V3),$ｻﾞｲﾂﾎ,本,0
18110006,ｻﾞｲﾂ補充液　500CC入り,$ｻﾞｲﾂﾎ,本,0
18110007,ｻﾞｲﾂ補充液　5Kg入り,$ｻﾞｲﾂﾎ,Ｐ缶,0
18110008,ﾌﾛﾝｿﾙﾌﾞ　　25Kg入り　(幸成),$ﾌﾛﾝｿﾙ,Ｋｇ,0
18110009,ｽﾊﾟｯﾄ NO.1(400ml)100ccﾄﾝｶﾞﾘCAP容器付,$ｽﾊﾟｯﾄ,本,0
18110010,ｽﾊﾟｯﾄ　NO.2　　(400ml),$ｽﾊﾟｯﾄ,本,0
18110011,ｽﾊﾟｯﾄ　NO.3　(400ml),$ｽﾊﾟｯﾄ,本,0
18110012,ｽﾎﾟｯﾀｰＡ　150ml,$ｽﾎﾟｯﾀ,本,0
18110013,ｽﾎﾟｯﾀｰＡ　500ml,$ｽﾎﾟｯﾀ,本,0
18110014,ｽﾎﾟｯﾀｰＡ　1.8Ｌ,$ｽﾎﾟｯﾀ,本,0
18110015,ｽﾎﾟｯﾀｰＡ　20kg,$ｽﾎﾟｯﾀ,缶,0
18110016,ｻﾋﾞ取り液　20kg,$ｻﾋﾞﾄﾘ,缶,0
18110017,ｼﾐ抜き４点ｾｯﾄ,$ｼﾐﾇｷ4,ｾｯﾄ,0
18110018,ﾊｲｸﾘｰﾝNEO　油脂性(三和)　420ml,$ﾊｲｸﾘｰ,本,0
18110019,ﾊｲｸﾘｰﾝ　水溶性(三和)　420ml,$ﾊｲｸﾘｰ,本,0
18110020,IPA(ｲｿﾌﾟﾛﾋﾟﾙｱﾙｺｰﾙ)14Kg入　　又四郎,$IPA,缶,0
18110021,ｽﾎﾟｯﾄﾘﾌﾀｰ２,$ｽﾎﾟｯﾄ,本,0
18110022,ｿﾙﾉﾝSS  18L入り,$ｿﾙﾉﾝ,,0
18110023,ﾒﾁﾚﾝｸﾛﾗｲﾄﾞｽｰﾊﾟｰM　　20Kg入り,$ﾒﾁﾚﾝｸ,Ｋｇ,0
18110024,やさしいアクリル,$ﾔｻｼｲｱ,ｾｯﾄ,0
18110025,アクリル　黒,$ｱｸﾘﾙｸ,本,0
18110026,ﾉﾙﾏﾙﾍｷｻﾝ,$ﾉﾙﾏﾙﾍ,缶,0
18110027,ﾊｲｽﾎﾟｯﾄＭ-10Ｎ　17kg,$ﾊｲｽﾎﾟ,缶,0
18110028,ｱｻﾋﾄﾘｸﾛｰﾙAL 25kg入り  (福研･酒井),$ｱｻﾋﾄﾘ,缶,0
18110029,ﾆｭｰｸﾘｰﾅｰFA,$ﾆｭｰｸﾘ,本,0
18110030,ｸﾘｰﾝｼｬﾜｰ420ml(24本未満500)直送は@465,$ｸﾘｰﾝｼ,本,0
18110031,ｽﾊﾟｯﾄ1.2.3.(セット),$ｽﾊﾟｯﾄ,ｾｯﾄ,0
18110032,ｴﾋﾞｽｼﾘｺｰﾝ　420ml入り,$ｴﾋﾞｽｼ,,0
18110033,ｸﾘｰﾝﾅｰﾙ　C180,$ｸﾘｰﾝﾅ,,0
18110034,ｼﾐｷｰﾙ　ユキ  200ml入,$ｼﾐｷｰﾙ,,0
18110035,京美人 ﾀﾞｰｸｶﾗｰ,$ｷｮｳﾋﾞ,本,0
18110036,ﾀﾞｲｷﾝ　HCFC 141B 22Kg入り (幸成商事),$141B,Kg,0
18110037,新ﾊｲｽﾎﾟｯﾄ Mｰ8 17Kg入 (5缶未満@8500),$ﾊｲｽﾎﾟ,缶,0
18110038,ﾘﾑｰﾊﾞｰNO.1 (油溶性) 400cc　(ﾌﾟﾛﾌｨｯﾄ),$ﾘﾑｰﾊﾞ,,0
18110039,ﾘﾑｰﾊﾞｰNO.2 (水溶性) 400g　(ﾌﾟﾛﾌｨｯﾄ),$ﾘﾑｰﾊﾞ,,0
18110040,ｴﾔｰｽﾀｯﾄ　420ml　(恵美須),$ｴﾔ,本,0
18110041,ｻﾝﾄﾞﾗｲ　420ml,$ｻﾝﾄﾞﾗ,,0
18110042,UNﾍﾟｰﾙ缶　　　　幸成,$ﾍﾟｰ,個,0
18110043,ﾒﾁﾚﾝｸﾛﾗｲﾄﾞｽｰﾊﾟｰM 20kg入り(福研･酒井),$ﾒﾁﾚﾝｸ,缶,0
18110044,ｻｲﾝﾍﾟﾝ (太) <5本入り/箱>　　　ﾊﾔｶﾜ,$ｻｲﾝﾍﾟ,本,0
18110045,ｱｻﾋｶﾞｰﾄﾞｽﾌﾟﾚｰ,$ｱｻﾋｶﾞ,本,0
18110046,320AKｽﾎﾟｯﾀｰ 20Kg,$320AK,缶,0
18110047,ｽﾍﾟｰﾄﾞ ﾜﾝ  18Kg,$ｽﾍﾟｰﾄﾞ,缶,0
18110048,ｼﾘｺﾝ TSA732  1Kg入り,$ｼﾘｺﾝ,Kg,0
18110049,昭電　HCFC 141b 230Kg/DM (幸成商事),$141B,Kg,0
18110050,京美人　黒,$ｷｮｳﾋﾞ,本,0
18110051,修正色鉛筆　36C,$ｼｭｳｾｲ,ケ,0
18110053,ＪＮ缶　　　(ﾂｰｴﾑ),$JNｶﾝ,個,0
18110054,ｿﾙﾋﾞｰ　　20Kg入り,$ｿﾙﾋﾞｰ,Ｋｇ,0
18110055,ﾍﾟｰﾙ缶(ｷｬｯﾌﾟ･ﾌﾟﾛﾃｸﾀｰ付)　(恵美須),$ﾍﾟｰﾙｶ,,0
18110056,しみとり君(油性)　60ml　(恵美須),$ｼﾐﾄﾘｸ,,0
18110057,ｿｰﾌﾟﾍﾟﾝ(水性)　　(恵美須),$ｿｰﾌﾟﾍ,,0
18110058,320AKｽﾎﾟｯﾀｰｿﾌﾄ　20Kg入り,$320AK,缶,0
18110059,ﾄﾖｸﾘｰﾝＴ　20Kg入り　　(ｴﾈｯｸｽ),$ﾄﾖｸﾘﾝ,Kg,0
18110060,ｽｰﾊﾟｰｻﾝﾋﾟﾝ　蛍光なし,$ｽｰﾊﾟｰ,,0
18110061,ﾊｲｽﾎﾟｯﾄ　Mｰ10　(4Ｌ入り),$ﾊｲｽﾎﾟ,,0
18110062,ｼﾙｸｽﾀｰﾁ　305H/306S/306HS/306HSA 16Kg,$ｼﾙｸ,缶,0
18110063,ﾗﾋﾟｸﾚﾝＲ　　25Kg入り,$ﾗﾋﾟｸﾚ,缶,0
18110064,99%変性ｱﾙｺｰﾙ,$99%ﾍﾝ,缶,0
18110065,ｽﾎﾟｯﾄﾘﾑｰﾊﾞｰNO．5　　500ml　(恵美須),$ｽﾎﾟｯﾄ,本,0
18110066,320AKｽﾎﾟｯﾀｰｿﾌﾄ　18Kg入り,$320AK,缶,0
18110067,ﾎｯﾌﾟ　16ｰ17Kg(18L),$ﾎｯﾌﾟ,缶,0
18110068,ｽﾃｯﾌﾟ　18Kg(18L),$ｽﾃｯﾌﾟ,缶,0
18110069,ｻﾋﾞｵﾄｰﾙ　　18Kg入り,$ｻﾋﾞｵﾄ,缶,0
18110070,Ｖ１　(30Kg)　輸入品価格時価,$V1,D/M,0
18110071,Ｖ２　(30Kg)　輸入品価格時価,$V2,D/M,0
18110072,Ｖ３　(30Kg)　輸入品価格時価,$V3,D/M,0
18110073,ﾕｰｹﾞﾙ　　(ｺﾞｰﾙﾄﾞ),$ﾕｰｹﾞﾙ,個,0
18110074,両用黒　小,$ﾘｮｳﾖｳ,個,0
18110075,ＤＭＣ　　15Kg入り,$DMC,缶,0
18110076,ﾄﾘｸﾚﾝＳ 25Kg入り(次回24/1/18～@7050,$ﾄﾘｸﾚﾝ,缶,0
18110077,DMF ｼﾞﾒﾁﾙﾎﾙﾑｱﾐﾄﾞ 500ml,$ｼﾞﾒﾁ,本,0
18110078,P 4L 平角 C/P   25個入り/ｹｰｽ,$P4Lﾋﾗ,,0
18110079,ｽﾊﾟｯﾄ　NO.1　OR　NO.3　(５Ｌ),$ｽﾊﾟｯﾄ,本,0
18110080,ｴｷｽﾊﾟｰﾄ NO.4   500ml,$ｴｷｽﾊﾟ,本,0
18110081,"青海黒(青口,赤口,黒口)",$ｾｲｶｲｸ,,0
18110082,たんぱく分解酵素  50g,$ﾀﾝﾊﾟｸ,,0
18110083,ｱﾝｺｰﾙｾｯﾄ　ｽﾌﾟﾚｰ,$ｱﾝｺｰﾙ,本,0
18110084,P500　広口　C/P　　　(石田),$P500,,0
18110085,(新)ｴﾋﾞｽｶﾞｰﾄﾞｿﾞﾙ　420ml,$ｴﾋﾞｽ,本,0
18110086,さび取り液  (500ml),$ｻﾋﾞﾄﾘ,本,0
18110087,さび取り液  (150ml),$ｻﾋﾞﾄﾘ,本,0
18110088,ﾌﾛﾝ　141B　25kg入り　(恵美須),$141B,ｋｇ,0
18110089,試薬　ﾘｸﾞﾛｲﾝ　18L入り,$ﾘｸﾞﾛｲ,缶,0
18110090,ﾚｼﾞｭﾗﾝ(赤ﾏｰｸ)　製造中止,$ﾚｼﾞｭﾗ,本,0
18110091,AK-35　18L　　(ﾏﾙｿｰ),$AK35,缶,0
18110092,ﾃﾄﾗﾋﾄﾞﾛﾌﾗﾝ　(THF)　15kg入り(恵美須),$ﾃﾄﾗﾋ,Kg,0
18110093,ﾊﾞｲｵﾑｯｼｭｳ　220mlX12本入り,$ﾊﾞｲｵﾑ,箱,0
18110094,ｽﾎﾟｯﾄﾘﾑｰﾊﾞｰNO.4　400ml　(恵美須),$ｽﾎﾟｯﾄ,本,0
18110095,ﾊｲｿﾌﾅｰ　小　　(直本工業),$ﾊｲｿﾌﾅ,,0
18110096,"ｶﾗｰﾌﾗｯｼｭ　19C　(ﾊｹ,絵皿付)",$ｶﾗｰﾌﾗ,,0
18110097,ﾊﾞｲｵ ﾜﾝ (15kg),$ﾊﾞｲｵﾜ,缶,0
18110098,ﾗﾌﾞﾘｰ  (16kg)　(ﾂｰｴﾑ),$ﾗﾌﾞﾘｰ,缶,0
18110099,純粋ﾊﾟﾜｰ　(ﾀﾌﾃﾅｰ),$ｼﾞｭﾝｽ,缶,0
18110100,ＵＮ缶　40φ　(18L)　　幸成,$UN,CN,0
18110101,ﾒﾀﾉｰﾙ　14kg入り(又四郎),$ﾒﾀﾉｰﾙ,缶,0
18110102,PE  1L  平角  C/P　(85/括),$PE1L,ケ,0
18110103,昭電　HCFC　141b　20Kg入り(幸成),$141B,Ｋｇ,0
18110104,ﾃﾞｽﾋﾟｱ(わきが臭除去剤)220ml (ﾌﾟﾛﾌｨｯﾄ,$ﾃﾞｽ,本,0
18110105,ゆかい,$ﾕｶｲ,,0
18110106,ﾌｧｯｼｮﾝ　ｳｪｯﾀｰ,$ﾌｧｯｼｮ,,0
18110107,ｻﾊﾞｲﾊﾞﾙｿｰﾌﾟ,$ｻﾊﾞｲﾊ,,0
18110108,ﾌｧｯｼｮﾝ　ｽﾀｰﾁ　(4K),$ﾌｧｯｼｮ,,0
18110109,ﾄﾝﾈﾙｿﾞｰﾙ　18L,$ﾄﾝﾈﾙ,,0
18110110,ﾌｧｯｼｮﾝ　ﾌﾞﾗｲﾄ　(80個),$ﾌｧｯｼｮ,,0
18110111,リメイク　420ml,$ﾘﾒｲｸ,,0
18110112,さくらﾍﾞﾝｼﾞﾝ　　18Ｌ,$ｻｸﾗﾍﾞ,,0
18110113,ﾀﾞｲｷﾝ　141ｂ　22kg入り(恵美須),$141B,ｋｇ,0
18110114,ｼﾞﾊﾟﾝｸﾞＡ(D1) 300CC 容器支給中身のみ,$ｼﾞﾊﾟﾝ,本,0
18110115,ｼﾞﾊﾟﾝｸﾞＢ(D2) 360CC 容器支給中身のみ,$ｼﾞﾊﾟﾝ,本,0
18110116,ﾍﾟｰﾙ缶(ﾈｼﾞ式  中栓･ｷﾔｯﾌﾟ付)　恵美須,$ﾍﾟｰﾙｶ,,0
18110117,ﾍﾞﾝｼﾞﾝｿｰﾌﾟ　500g,$ﾍﾞﾝｼﾞ,,0
18110118,ｱｻﾋｸﾘﾝ　AK-141B　20Kg入り(恵美須),$141B,Kg,0
18110119,Fｰ200　　18Kg入り,$F-200,缶,0
18110120,ﾓﾉｸﾛｰﾙﾍﾞﾝｾﾞﾝ　20Kg入    恵美須,$ﾓﾉｸﾛ,缶,0
18110121,"一斗缶(フタ,押え,持ち手付き)　又四郎",$ｲｯﾄｶﾝ,個,0
18110122,過炭酸ｿｰﾀﾞ 25Kg入(三菱・ﾏｰｸ入)ｴﾋﾞｽ,$ｶﾀﾝｻﾝ,Ｋｇ,0
18110123,修正色鉛筆　12C,$ｼｭｳｾｲ,,0
18110124,ﾌﾟﾘｽﾎﾟｯﾄＡ　４Ｌ入り,$ﾌﾟﾘｽﾎ,,0
18110125,ﾌﾟﾘｽﾎﾟｯﾄＢ　４Ｌ入り,$ﾌﾟﾘｽﾎ,,0
18110126,ﾌﾟﾘｽﾎﾟｯﾄＷＤ　４Ｌ入り,$ﾌﾟﾘｽﾎ,,0
18110127,ﾍﾟｰﾙ缶中栓のみ　(恵美須),$ﾍﾟｰﾙｶ,ケ,0
18110128,ｼﾐｷｰﾙ　真喜子　150g入,$ｼﾐｷｰﾙ,,0
18110129,燃料用ｱﾙｺｰﾙ　500ml,$ｱﾙｺｰﾙ,本,0
18110130,"JUN　DCｰ7　18Ｌ　(10缶ﾛｯﾄ@10,000)",$JUNDC,缶,0
18110131,ﾄﾞﾗｲｿﾌﾄ DCｰｺﾝｸ 18L(10/13720･5/14000),$ﾄﾞﾗｲｿ,缶,0
18110132,ﾄﾞﾗｲｿｰﾌﾟTｰ10E　18Ｌ（16Lから18Lに),$ﾄﾞﾗｲｿ,缶,0
18110133,ｸﾘｽﾀﾙ　JUNｰ2　18Ｌ,$ｸﾘｽﾀﾙ,缶,0
18110134,修正色鉛筆　60C,$ｼｭｳｾｲ,,0
18110135,ｸｵﾘﾃｨｱｯﾌﾟ　　17kg,$ｸｵﾘﾃｨ,,0
18110136,ｱﾄﾛﾝ缶(中栓ｷｬｯﾌﾟ付),$ｱﾄﾛﾝ,,0
18110137,ｱｸﾘﾙｶﾗｰ　ｺﾞｰﾙﾄﾞﾃﾞｨｰﾌﾟ　400,$ｱｸﾘﾙ,,0
18110138,ﾃﾄﾗﾋﾄﾞﾛﾌﾗﾝ 1級(安定剤含有)500ml 又四,$ﾃﾄﾗ,本,0
18110139,NT-100　20Kg入　(5缶ﾛｯﾄ@9600),$NT100,缶,0
18110140,ｴﾋﾞｽｿﾌﾀｰ(無臭)  15Kg,$ｴﾋﾞｽｿ,,0
18110141,TKｴｺｿｰﾌﾟ　18kg,$TKｴｺｿ,缶,0
18110142,ﾆｭｰﾄﾘﾝ　RSｰ100　　17kg,$ﾆｭｰﾄﾘ,缶,0
18110143,JUN　DC-ｺﾝｸ　18Ｌ入り,$JUNDC,缶,0
18110144,SPｾｯﾄ(折目加工液)　500ml (恵美須),$SPｾｯﾄ,,0
18110145,ﾗｲﾝｷｰﾊﾟｰ　　300ml,$ﾗｲﾝ,,0
18110146,さび取り液＜UNﾎﾟﾘ缶入＞　20Kg,$ｻﾋﾞﾄﾘ,缶,0
18110147,ＵＮﾎﾟﾘ缶(空ﾎﾟﾘ)　　恵美須,$UNﾎﾟﾘ,,0
18110148,ｱﾌﾟﾘｹｰﾀｰSS150N NO.1中栓0.8φCAP付,$ｱﾌﾟﾘｹ,ｾｯﾄ,0
18110149,ｼﾞﾊﾟﾝｸﾞＢ　5L,$ｼﾞﾊﾟﾝ,,0
18110150,JUN　DCｰ7P　18Kg入り,$JUNDC,,0
18110151,ｻﾝﾜ･ｶﾞｰﾄﾞ  420ml,$ｻﾝﾜｶﾞ,本,0
18110152,ｻﾝﾀﾞｰｶﾞｰﾄﾞ,$ｻﾝﾀﾞｰ,,0
18110153,ﾈｵﾗｯｸｽ　STS　18kg入り,$ﾈｵﾗｯｸ,缶,0
18110154,茶350　細捻　C/P　(D2用容器),$ﾁｬ350,,0
18110155,ﾃﾄﾗﾋﾄﾞﾛﾌﾗﾝ　<ｷ>1級　500ml　恵美須,$ﾃﾄﾗ,,0
18110156,(工)氷酢酸　　　500ml　　　　恵美須,$ﾋｮｳｻｸ,,0
18110157,ｱｾﾄﾝ　　14kg,$ｱｾﾄﾝ,缶,0
18110158,ﾗﾉｿﾞｰﾙ SS    17kg入り,$ﾗﾉｿﾞｰ,缶,0
18110159,JUN-38　　17kg入り,$JUN38,CS,0
18110160,ｻﾞｲﾂ補充液　１Kg入り(青緑黄紫),$ｻﾞｲﾂ,本,0
18110161,生なり修正剤  250ml,$ｷﾅﾘ,,0
18110162,ﾍﾟｰﾙ缶ｷｬｯﾌﾟのみ　(ﾈｼﾞ式用),$ﾍﾟｰﾙｶ,,0
18110163,ﾚｼﾞｭﾗﾝ　ｽﾍﾟｼｬﾙ　100mlﾁｭｰﾌﾞ,$ﾚｼﾞｭﾗ,本,0
18110164,ﾚｼﾞｭﾗﾝ　ｽﾍﾟｼｬﾙ　(150gﾌﾟﾗｽﾁｯｸ容器入),$ﾚｼﾞｭﾗ,個,0
18110165,試薬　ﾘｸﾞﾛｲﾝ　500CCX20本入り,$ﾘｸﾞﾛ,C/S,0
18110166,過酸化水素　20kg　　(又四郎),$ｶｻﾝｶ,缶,0
18110167,ﾄﾞﾗｲﾉﾝ　Ｗ　18kg入り,$ﾄﾞﾗｲﾉ,CS,0
18110168,Nｰﾌﾞﾀﾉｰﾙ  14Kg    (又四郎),$ﾌﾞﾀﾉｰ,缶,0
18110169,ｻﾞｲﾑ  EB-3　(液体酵素)　100CC入り,$ｻﾞｲﾑ,本,0
18110171,ｼｪﾙ ﾌﾞﾗｲﾄｿﾙ 18L入,$ｼｪﾙ,L,0
18110172,旭電化工業 過炭酸ｿｰﾀﾞ PCｰ3 25Kg 酒井,$ｶﾀﾝｻﾝ,袋,0
18110173,ﾍﾞﾝｼﾞﾝBO容器500ml中栓付(EXNO.4容器),$ﾍﾞﾝｼﾞ,,0
18110174,ﾊﾞｲﾀﾙ　Dｰ51　(16Kg缶),$ﾊﾞｲﾀﾙ,缶,0
18110175,SPCｰQ　25Kg入　(速溶性過炭酸ｿｰﾀﾞ),$SPC,Kg,0
18110176,ﾒﾀｹｲ酸ｿｰﾀﾞ(日化)　20Kg入り,$ﾒﾀｹｲ,袋,0
18110177,ｻﾞｲﾂ補充液  1kg入り (赤・橙・茶),$ｻﾞｲﾂ,本,0
18110178,ｹﾞﾝﾌﾞ･ﾊﾟﾜｰｿｰﾌﾟ(ﾉｰﾏﾙﾀｲﾌﾟ)15Kg  恵美須,$ｹﾞﾝﾌﾞ,,0
18110179,ｶﾏﾄｰﾙ　20kg,$ｶﾏ,箱,0
18110180,ﾊｲﾚｼﾞﾝ　ZP　18Kg入り,$ﾊｲﾚｼﾞ,缶,0
18110181,ｽｶｯﾄﾙ　500CC　　(ﾌﾟﾛﾌｨｯﾄ),$ｽｶｯﾄﾙ,本,0
18110182,抜染剤(ﾚｼﾞｭﾗﾝ)  定昌洗衣,$ﾚｼﾞｭﾗ,本,0
18110183,ﾀﾞｲﾌﾘｰ　GAｰ6010　450g入(12本/ｹｰｽ),$ﾀﾞｲﾌﾘ,本,0
18110184,すみ落としα,$ｽﾐｵﾄｼ,,0
18110185,ﾄﾙｵｰﾙ(太陽化学)15kg→16㎏　(又四郎),$ﾄﾙｵｰﾙ,缶,0
18110186,ｼﾐﾄｰﾙ S,$ｼﾐﾄｰﾙ,本,0
18110187,ﾌﾞﾁﾙｾﾛｿﾙﾌﾞ  500ml,$ﾌﾞﾁﾙ,,0
18110188,酢酸ｴﾁﾙ  500ml,$ｻｸｻﾝ,,0
18110189,ｼﾙｸｽﾀｰﾁ　401　16Kg入り,$ｼﾙｸｽﾀ,缶,0
18110190,酸性染料  ｸﾞﾘｰﾝ G,$ｻﾝｾｲ,,0
18110191,酸性染料  ﾊﾞｲｵﾚｯﾄ 5BS,$ｻﾝｾｲ,,0
18110192,酸性染料  ｵﾚﾝｼﾞ 黄口,$ｻﾝｾｲ,,0
18110193,酸性染料  ｽｶｰﾚｯﾄ RX,$ｻﾝｾｲ,,0
18110194,酸性染料  ﾌﾞﾙｰ FND,$ｻﾝｾｲ,,0
18110195,酸性染料  ｲｴﾛｰ SG,$ｻﾝｾｲ,,0
18110196,酸性染料  ﾌﾞﾗｯｸ G,$ｻﾝｾｲ,,0
18110197,修正用液体染料(10ml･12色入り) 吉岡謹,$ｼｭｳｾｲ,C/S,0
18110198,ｾﾛｰﾙ  200,$ｾﾛｰﾙ,,0
18110199,新ｶﾗｰｱｯﾌﾟ  BL (淡色用/ｽｿ直し) 500g,$ｼﾝｶﾗｰ,,0
18110200,ﾐﾔﾏ  黒 (小),$ﾐﾔﾏ,,0
18110201,ﾀｰﾅｰﾈｵｶﾗｰ  ﾌﾞﾗｯｸ 100,$ﾀｰﾅｰ,,0
18110202,ﾎﾟｽﾀｰｶﾗｰ  ﾌﾞﾗｯｸ,$ﾎﾟｽﾀｰ,,0
18110203,京直し筆  中/上,$ｷｮｳ,,0
18110204,さし刷毛  #10,$ｻｼﾊｹ,,0
18110205,速乾ﾉｰｽﾞﾊﾟﾙｽﾌﾟﾚｰ220 (24本入/箱),$ﾉｰｽﾞﾊ,本,0
18110206,ﾒﾀﾉｰﾙ  500ml   (恵美須),$ﾒﾀﾉｰﾙ,本,0
18110207,１級 M･E･K (ﾒﾁﾙｴﾁﾙｹﾄﾝ) 500ml,$MEK,本,0
18110208,ｼﾞｭﾝﾎﾜｲﾄ  15kg入り,$ｼﾞｭﾝﾎ,缶,0
18110209,修正色鉛筆 (ﾊﾞﾗ売),$ｼｭｳｾｲ,本,0
18110210,ｼﾐﾄｰﾙ U,$ｼﾐﾄｰﾙ,本,0
18110211,ｵｻﾞﾜ ｼﾐﾇｷ10点ｾｯﾄ,$ｵｻﾞﾜ,ｾｯﾄ,0
18110212,ﾒﾀｹｲ酸ｿｰﾀﾞ(日化)　25Kg入り,$ﾒﾀｹｲ,袋,0
18110213,ｽﾘｰｿｰﾌﾟ (高千穂産業製) 18kg入 恵美須,$ｽﾘｰｿｰ,,0
18110214,ﾉｰｽﾞﾊﾟﾙBC　380ml　(24本入り/箱),$ﾉｰｽﾞ,本,0
18110215,ﾉｰｽﾞﾊﾟﾙ CL　20L,$ﾉｰｽﾞ,,0
18110216,ﾊｲｿﾌﾅｰ  大 　(30本@2950),$ﾊｲｿﾌﾅ,,0
18110217,ｸﾚｰﾝ   500g,$ｸﾚｰﾝ,,0
18110218,特級  ｱﾝﾓﾆｱ水  500ml (恵美須),$ｱﾝﾓﾆｱ,,0
18110219,AFH102,$AFH,,0
18110220,発色ｽﾌﾟﾚｰ　6本入,$ﾊｯｼｮｸ,本,0
18110221,ｴｷﾈﾝ Fｰ1  14Kg　　(福研),$ｴｷﾈﾝ,缶,0
18110222,Ｍ・Ｅ・Ｋ　14Kg入り      恵美須,$MEK,Kg,0
18110223,イエローカット 500ml　　　(ﾐｽﾞﾎ),$ｲｴﾛｰｶ,本,0
18110224,ﾛﾝｶﾞﾘｯﾄ　450g入り,$ﾛﾝｶﾞﾘ,,0
18110225,太陽　Ｉ.P.A　14Kg　　　　福研,$IPA,缶,0
18110226,ミヤコ黒  小,$ﾐﾔｺ,,0
18110227,ｱﾙｺｰﾙ染料 一式    (不入流),$ｱﾙｺｰ,,0
18110228,ＤＭＦｼﾞﾒﾁﾙﾎﾙﾑｱﾐﾄﾞ  15Kg,$ｼﾞﾒﾁ,Kg,0
18110229,ｻﾗｼｺｰﾙＧ   500g,$ｻﾗｼｺｰ,,0
18110230,<ｷ> 特級 28% ｱﾝﾓﾆｱ水 500ml  (恵美須),$ｱﾝﾓﾆｱ,本,0
18110231,花王ﾈｵﾍﾟﾚｯｸｽG-65  20Kg入り (恵美須),$ﾈｵﾍﾟﾚ,Kg,0
18110232,洛東化成工業　ｴﾝﾁﾛﾝ SAｰ100 (酵素),$ﾗｸﾄｳ,Kg,0
18110233,(10％)過酸化水素<別注>300cc　　D2用,$ｶｻﾝｶ,,0
18110234,ﾘﾝｸﾙｵﾌ　420ml　(恵美須),$ﾘﾝｸﾙ,本,0
18110235,修正色ｴﾝﾋﾟﾂ　24色　(ﾎﾜｲﾄｶﾗｰ),$ｼｭｳｾｲ,,0
18110236,液体酵素　ﾄﾘﾌﾟﾗｰｾﾞ　100ml   (ﾐｽﾞﾎ),$ｴｷﾀｲ,,0
18110237,ﾛｰﾄﾞ油　　380g,$ﾛｰﾄﾞ,,0
18110238,(工)ﾊｲﾄﾞﾛｻﾙﾌｧｲﾄ　500g　(恵美須@500/,$ﾊｲﾄﾞﾛ,,0
18110239,(工)ﾊｲﾄﾞﾛｻﾙﾌｧｲﾄ85％ (20kg廃番)15kg入,$ﾊｲﾄﾞﾛ,kg,0
18110240,ﾜﾝｼｮｯﾄ洗剤ﾋﾟｭｱﾎﾜｲﾄ　15Kg   (ﾐｽﾞﾎ),$ﾋﾟｭｱ,箱,0
18110243,エタン　　　(＠随時),$ｴﾀﾝ,缶,0
18110244,(共)ﾆｭｰﾜﾝｸﾘﾝ　25kg,$ﾆｭｰ,,0
18110245,(共)ﾗｲﾄｺﾝﾊﾟｸﾄｿﾌﾀｰ　16kg,$ﾗｲﾄ,,0
18110246,(共)ﾗｲﾄさらっとｽﾀｰﾁ　17kg,$ﾗｲﾄ,,0
18110247,(共)万能洗択　10kg,$ﾊﾞﾝﾉｳ,箱,0
18110248,複合ｸﾛﾗｰ(10kgX2)　　　　(恵美須),$ﾌｸｺﾞｳ,箱,0
18110249,ﾘﾎﾟ漂白　HP　25Kg,$ﾘﾎﾟ,,0
18110251,ﾌﾟﾛｽｷｯﾌﾟ　17kg,$ﾌﾟﾛｽｷ,,0
18110252,ｴﾙﾓｱ　17Kg　(or　EL-33),$ｴﾙﾓｱ,,0
18110254,1級ｴﾀﾉｰﾙ　500ml,$ｴﾀﾉｰﾙ,,0
18110255,(食)亜硫酸水素ﾅﾄﾘｳﾑ液　500g,$ｱﾘｭｳｻ,,0
18110256,(キ)次亜塩素酸ﾅﾄﾘｳﾑ溶液(化学用),$ｼﾞｱｴﾝ,,0
18110257,ﾃｷｽﾎﾟｰﾄ　D-1133 18kg,$ﾃｷｽﾎﾟ,,0
18110258,ｿｲﾚｽ　UN  15Kg,$ｿｲﾚｽ,缶,0
18110259,ｼﾛｯｸW-800  20kg,$ｼﾛｯｸ,缶,0
18110260,(工)炭酸ﾏｸﾞﾈｼｳﾑ　500g入(恵美須/ﾏﾙｿｰ,$ﾀﾝ,,0
18110261,(工)過ﾏﾝｶﾞﾝ酸ｶﾘｳﾑ　500g,$ｶﾏﾝｶﾞ,,0
18110262,ｼｭｳ酸　500g,$ｼｭｳ,,0
18110263,胡粉　　500g,$ｺﾞﾌﾝ,,0
18110264,ｶﾗｰｽﾄﾘｯﾊﾟｰ　80ｇ　(ﾐｽﾞﾎ)@ｷｬﾝﾍﾟｰﾝ価格,$ｶﾗｰ,,0
18110265,ｲｴﾛｰｶｯﾄ　5L　　　　(ﾐｽﾞﾎ),$ｲｴﾛｰ,,0
18110266,消臭剤　ﾌﾞﾚｲｶｰ　　(ｶﾄｳ),$ｼｮｳｼｭ,本,0
18110268,(劇物)　(工)ｱﾝﾓﾆｱ水　500ml,$ｱﾝﾓﾆｱ,,0
18110269,ﾓﾉｸﾛﾙﾍﾞﾝｾﾞﾝ　500ml,$ﾓﾉｸﾛﾙ,,0
18110270,ｱﾌﾞﾗﾄｰﾚﾎﾜｲﾄ　18kg,$ｱﾌﾞﾗ,,0
18110271,ﾈｵﾎﾟﾗﾝ　FG　18kg入,$ﾈｵﾎﾟﾗ,,0
18110272,Ａﾍﾞﾝ(ﾍﾞﾝｼﾞﾝ)　18L　　　　(恵美須),$Aﾍﾞﾝ,,0
18110273,液状酸性染料　36色ｾｯﾄ,$ｻﾝｾｲ,C/S,0
18110274,ﾛﾝｶﾞﾘｯﾄ　380g,$ﾛﾝｶﾞﾘ,,0
18110275,液状酸性染料　12色ｾｯﾄ,$ｻﾝｾｲ,C/S,0
18110276,ｿｲﾚｰｼﾞUP　10kg,$ｿｲﾚｰ,,0
18110277,ｿｲﾚｽ　OS　15kg,$ｿｲﾚｽ,,0
18110278,ｱｾﾄﾝ　500ml　　　(恵美須@610/佐川@),$ｱｾﾄﾝ,本,0
18110279,ﾎﾜｲﾄﾍﾙﾊﾟｰ　4L入り　(D1),$ﾎﾜｲﾄ,本,0
18110280,(工)３％　過酸化水素　500ml(恵美須＠,$ｶｻﾝ,,0
18110281,(工)ﾁｵ硫酸ﾅﾄﾘｳﾑ(ﾊｲﾎﾟ)500g(恵美須),$ﾁｵ,,0
18110282,PE　200ﾏﾙﾁ　C/P,$PE200,,0
18110283,過酸化水素(三菱)35％　20kg(恵美須＠4,$ｶｻﾝ,,0
18110284,ｵｻﾞﾜ　ﾎﾜｲﾀｰ　100cc　　(小山ﾐｼﾝ),$ｵｻﾞﾜ,,0
18110285,ｼﾙｸｽﾀｰﾁ306WS　16kg入,$ｼﾙｸ,缶,0
18110287,石油系ｴﾋﾞｽｶﾞｰﾄﾞｺﾝｸ30(N)　1L,$ｴﾋﾞｽ,,0
18110288,石油系ｴﾋﾞｽｶﾞｰﾄﾞｺﾝｸ30(N)　4L入り,$ｴﾋﾞｽ,,0
18110289,折り目加工剤 ｴｸｼﾘﾝ 500ml  (ｱｿﾎﾟﾘ),$ｵﾘﾒ,ケ,0
18110290,ｼﾞｬﾍﾞﾙ水　1.8L,$ｼﾞｬﾍﾞ,,0
18110291,ｴｺﾉﾐｰｶﾞｰﾄﾞ　2L　　　(恵美須),$ｴｺﾉﾐｰ,,0
18110292,ｴｷﾈﾝ F-1  14kg　　　(又四郎),$ｴｷﾈﾝ,缶,0
18110293,ｽｶｯﾄｰﾙ　10kg　(洗剤入り移染防止剤),$ｽｶｯﾄｰ,,0
18110294,ﾘﾎﾟﾄｰﾙ　ET-17　18kg,$ﾘﾎﾟ,,0
18110295,ｴｺｽﾏｲﾙ　W　10kg,$ｴｺｽﾏｲ,kg,0
18110296,血液落し　　150ml,$ｹﾂｴｷ,,0
18110297,ｼﾘｺｰﾝﾌﾟﾗｽα　16kg(ｱﾄﾛﾝ缶),$ｼﾘｺｰﾝ,缶,0
18110298,ｻﾝﾎﾜｲﾄAN　15kg(ｱﾄﾛﾝ缶),$ｻﾝﾎﾜｲ,缶,0
18110299,ｼﾘｺｰﾝ前処理剤　Ｐ　8kg,$ｼﾘｺｰﾝ,,0
18110300,ｼﾘｺｰﾝ前処理剤　Ｐ4　8kg,$ｼﾘｺｰﾝ,,0
18110301,ﾊﾞｳｸﾘｰﾅｰ　SW　15kg,$ﾊﾞｳｸﾘ,箱,0
18110302,ﾊﾞｳｸﾘｰﾅｰ　LN　5kg,$ﾊﾞｳｸﾘ,缶,0
18110303,ﾊﾞｳﾒﾀﾉﾝ　S　5kg,$ﾊﾞｳﾒﾀ,缶,0
18110304,ｿﾌﾚｰﾀｰ　SW-30　5kg,$ｿﾌﾚｰ,缶,0
18110305,ﾊﾞｳﾉﾝｶﾗｰ　P　5kg,$ﾊﾞｳﾉﾝ,缶,0
18110306,ｲﾛﾄｰﾙｽ　A　5kg(紅三→nk chemical,$ｲﾛﾄｰ,缶,0
18110307,ﾐﾗｸﾙﾌｨｯｸｽ　5kg,$ﾐﾗｸﾙ,缶,0
18110308,PC (過炭酸ｿｰﾀﾞ)　25kg　　(紅三),$ｶﾀﾝｻﾝ,袋,0
18110309,ﾊﾞｳｸﾘｰﾅｰ　OA　20kg,$ﾊﾞｳｸﾘ,箱,0
18110310,ﾊﾞｳｸﾘｰﾅｰ　LN　16kg,$ﾊﾞｳｸﾘ,缶,0
18110311,ｿﾌﾅｰ　1　16kg,$ｿﾌﾅｰ,缶,0
18110312,ﾋﾞﾆｽﾀｰﾁ　Ag+　17kg,$ﾋﾞﾆｽﾀ,缶,0
18110313,ﾊﾞｳｶﾞｰﾄﾞ　EX　5kg,$ﾊﾞｳｶﾞ,缶,0
18110314,ﾊﾞｳﾒﾀﾉﾝ　S　16kg,$ﾊﾞｳﾒﾀ,缶,0
18110315,ﾊﾞｳｼﾘｺﾝ　F　17kg,$ﾊﾞｳｼﾘ,缶,0
18110316,ｱﾐﾉｼﾙｸ　F-80　5kg,$ｱﾐﾉｼ,缶,0
18110317,(食)ｸｴﾝ酸　　500g　　(恵美須),$ｸｴﾝｻﾝ,,0
18110318,折り目加工剤 ｴｸｼﾘﾝ 2L詰替用(ｾｰﾙ特価),$ｵﾘﾒ,ケ,0
18110320,ｹﾞﾝﾌﾞ赤ﾏｰｸ針状石鹸　15kg　(恵美須),$ｹﾞﾝﾌﾞ,,0
18110321,ｹﾞﾝﾌﾞｿﾌﾀｰｴｲﾄﾌﾟﾗｽ(2Lx6)　　(恵美須),$ｹﾞﾝﾌﾞ,,0
18110322,ｸﾘｽﾀﾙ　JUN-2　5KG入,$ｸﾘｽﾀﾙ,,0
18110323,ﾊﾞｳﾉﾝｶﾗｰ　P　16kg,$ﾊﾞｳﾉﾝ,缶,0
18110324,ﾄﾞﾗｲｽﾀｰ５　15kg入,$ﾄﾞﾗｲｽ,缶,0
18110325,ﾊｲｿﾌﾄ　20kg入　(ﾄﾞﾗｲ機溶剤/ﾊﾔｶﾜ),$ﾊｲｿﾌﾄ,個,0
18110326,ｴｺｿﾙﾄ　20kg入り,$ｴｺｿﾙﾄ,,0
18110327,ﾆｭｰﾊﾞｲｵｽｰﾊﾟｰS　16kg入,$ﾆｭｰ,個,0
18110328,ｵｻﾞﾜ　わく&ﾜﾄｰﾙ　　(小山ﾐｼﾝ),$ｵｻﾞﾜ,,0
18110329,ﾐﾗｸﾙﾌｨｯｸｽ　16kg,$ﾐﾗｸﾙ,缶,0
18110330,精製水　18kg　(福研),$ｾｲｾｲ,ｹｰｽ,0
18110331,ﾗｳﾞﾘｰﾜﾝ　　15kg入　　(日華),$ﾗｳﾞﾘｰ,ｹｰｽ,0
18110332,UN缶　角缶　18L　　(福研),$UNｶﾝ,缶,0
18110333,UN缶　角缶　4L　　　(福研),$UNｶﾝ,缶,0
18110334,ｹﾞﾝﾌﾞｼﾘｺﾝｿｰﾌﾟS　15kg　　(恵美須),$ｼﾘｺﾝ,,0
18110335,ﾄﾞﾗｲﾊﾞﾘｶﾞｰﾄﾞ35　0.6kg缶　(日華),$ﾄﾞﾗｲ,kg,0
18110336,ｿﾌｼﾙ　10kg入り　　(日華),$ｿﾌｼﾙ,ﾀﾌﾃﾅ,0
18110337,ｻﾝﾏﾘﾅｰ　S-88　18kg,$ｻﾝﾏﾘﾅ,,0
18110338,酢酸ｲｿｱﾐﾙ　500ml,$ｻｸｻﾝ,,0
18110339,ﾐｽﾄﾗﾙ500ｽﾍﾟｼｬﾙ　1kg　(有償ｻﾝﾌﾟﾙ),$ﾐｽﾄﾗﾙ,,0
18110340,ﾀﾌﾀｰﾁ　480ml　<定価500>佐川@500/,$ﾀﾌﾀｰﾁ,,0
18110341,酸性染料　濃紺　(ｻﾙﾌｫﾝｻｲﾔﾆﾝSR)100g,$ｻﾝｾｲｾ,,0
18110342,ｿﾌﾚｰﾀｰ　SW-30　18kg　(紅三),$ｿﾌﾚｰﾀ,缶,0
18110343,ｱｲｿｰﾙｿﾌﾄ(出光)　　200L/DM,$ｱｲｿｰﾙ,L,0
18110344,(工)精製水(ｷｭｰﾋﾞｰ入)　18L　(恵美須),$ｾｲｾｲｽ,個,0
18110345,ﾅｳﾃﾞｨ  ST-880　15kg,$ﾅｳﾃﾞｨ,個,0
18110346,ﾌﾞﾙｰﾓｱ　16kg,$ﾌﾞﾙｰﾓ,個,0
18110347,ﾅｳﾃﾞｨ　HP-25　15kg(ｻﾝﾚｯｸｽ→ﾊﾔｶﾜへ,$ﾅｳﾃﾞｨ,個,0
18110348,ﾆｯｶｳﾙﾄﾗﾋﾞﾙﾀﾞｰ　10kg,$ﾆｯｶｳﾙ,個,0
18110349,×ﾄﾞﾗｲｽﾀｰ　DX-5　15kg(DX5→5へ)　使,$ﾄﾞﾗｲｽ,個,0
18110351,ｱｲｿｰﾙｴｰｽ(出光)200L/DM,$ｱｲｿｰﾙ,L,0
18110352,ｴｺｽﾏｲﾙ　PO-8　10kg,$ｴｺｽﾏｲ,,0
18110353,PP30ｵｰﾊﾞﾙ容器ｾｯﾄ　運賃付　(石田容器),$PP30,,0
18110354,ﾀｯｸｵﾌ(粘着防止剤ｽﾌﾟﾚｰ),$ﾀｯｸｵﾌ,,0
18110355,ｶﾞｰﾄﾞｽﾙｰS(防水除去剤)　　吉岡謹,$ｶﾞｰﾄﾞ,,0
18110356,ｽﾎﾟｯﾄｾﾞﾘｰＭ１　250ml　(ﾐｽﾞﾎ),$ｽﾎﾟｯﾄ,,0
18110357,ｽﾎﾟｯﾄｾﾞﾘｰＭ２　250ml　(ﾐｽﾞﾎ),$ｽﾎﾟｯﾄ,,0
18110358,ﾄﾘｸﾚﾝＳ　22kg　　(幸成),$ﾄﾘｸﾚﾝ,缶,0
18110359,ﾋｭｰｽﾞｱｳﾄ　420ml　　(ﾐｽﾞﾎ),$ﾋｭｰｽﾞ,,0
18110360,HFC-365mfc　22kg　　(幸成),$HFC,kg,0
18110361,HFC-365mfc　240kg/DM(SOLKANE/FRANCE),$HFC,kg,0
18110362,石油用撥水加工剤ｺﾞｰﾙﾄﾞ　1L　(佐川),$ｾｷﾕﾖｳ,缶,0
18110363,ｴﾈﾛｸﾘｰﾝ　　　(恵美須→ﾊﾔｶﾜ,$ｴﾈﾛ,,0
18110365,ｱｻﾋﾄﾘｸﾛｰﾙAL　290kg/DM,$ｱｻﾋﾄﾘ,KG,0
18110366,ｲﾝｸｷﾗｰ　250ml,$ｲﾝｸ,本,0
18110367,ﾌﾛﾝﾃｰｼﾞ　NF-365　15ｋｇ,$ﾌﾛﾝ,,0
18110368,ﾄﾘｸﾚﾝ　290kg　(幸成),$ﾄﾘｸﾚ,KG,0
18110369,ｱｾｽﾊﾟｯﾄ　4L(ﾐｽﾞﾎ),$ｱｾｽ,,0
18110370,石油系ｴﾋﾞｽｶﾞｰﾄﾞ(N)　2L,$ｴﾋﾞｽ,,0
18110371,ﾄﾘｸﾚﾝR　25Kg（又四郎）,$ﾄﾘｸ,,0
18110372,ｴﾈﾛｺｰﾝ　(ﾊﾔｶﾜ),$ｴﾈﾛｺ,,0
18110373,ﾗｲﾝﾍﾙﾊﾟｰ　420ｍｌ　ﾐｽﾞﾎ,$ﾗｲﾝ,,0
18110374,UNﾍﾟｰﾙ缶　ﾈｼﾞ口用・外ﾌﾞﾀのみ(恵美須),$ﾍﾟｰﾙ,,0
18110376,ﾗﾝﾄﾞﾘｰﾏｯｸｽ　20㎏袋　ﾂｰｴﾑ,$ﾗﾝﾄﾞﾘｰ,,0
18110377,ｼﾞﾒﾁﾙﾎﾙﾑｱﾐﾄﾞ(DMF)　15㎏,$ｼﾞﾒﾁﾙ,,0
18110378,万能洗択　10㎏(恵美須,$ﾊﾞﾝ,,0
18110379,ﾒﾁﾙｴﾁﾙｹﾄﾝ(MEK),$ﾒﾁﾙ,,0
18110380,ｱﾝｺﾞﾗﾒｲﾄｽﾌﾟﾚｰ420ml×12本入,$ｱﾝｺﾞﾗ,,0
18110381,ﾆﾝｼﾞｬｳｪｯﾄ　16㎏ﾀﾌ　(ﾂｰｴﾑ),$ﾆﾝｼﾞｬ,,0
18110382,ﾌﾟﾚ･ﾆﾝｼﾞｬ　4Kgﾎﾟﾘ　(ﾂｰｴﾑ),$ﾌﾟﾚ,,0
18110383,湯洗ｽﾄﾛﾝｶﾞｰ(18Lﾀﾌ)(洗剤),$ﾕｾﾝ,,0
18110384,ﾊﾟﾜﾌﾙｶﾞｰﾄﾞ(14Kgﾎﾟﾘ)撥水剤,$ﾊﾟﾜﾌﾙ,,0
18110385,ｸｴﾝ酸　25Kg,$ｸｴ,,0
18110386,ｿﾙﾍﾞﾝﾄﾎﾞｰｲ　16L(ﾂｰｴﾑ,$ｿﾙ,,0
18110387,ｽｰﾊﾟｰｻﾝﾋﾟﾝ蛍光抜　吉岡謹,$ｽｰﾊﾟｰ,,0
18110388,ｴﾇｹｰｶﾗｰP　16㎏(nk　chemical,$ｴﾇ,,0
18110389,ﾒﾁﾚﾝｸﾛﾗｲﾄﾞ　A-10　又四郎,$ﾒﾁﾚﾝ,,0
18110390,ﾈｵﾌｨｯｸｽRP-70　ﾊﾔｶﾜ,$ﾈｵ,,0
18110391,ｻﾝﾌﾚﾝﾄﾞPR　ﾊﾔｶﾜ,$ｻﾝ,,0
18110392,STﾜｯｸｽ　100g(ﾐｽﾞﾎｹﾐｶﾙ,$ST,,0
18110393,ｳｪｯﾄMIG,$ｳｪｯﾄ,,0
18110394,(劇物)ﾄﾙｴﾝ　500ml,$ﾄﾙ,,0
18110395,ﾊｲｽﾎﾟｯﾄAceⅡ　ｴﾋﾞｽ,$ﾊｲｽ,,0
18110396,輪じみｸﾘｰﾝ　420ml,$ﾜｼﾞﾐ,,0
18110397,ｱﾌﾟﾘｹｰﾀｰSS　0.8㎜ﾄﾝｶﾞﾘｷｬｯﾌﾟ,$ｱﾌﾟﾘ,,0
18110398,ﾘﾎﾟ漂白ED　ﾊﾔｶﾜ@5000/佐川@4600,$ﾘﾎﾟ,,0
18110399,ｶｾｿﾞｰﾙAV-15　18㎏(ﾊﾔｶﾜ),$ｶｾ,,0
18110400,ﾄﾞﾗｲｿﾙ　ﾊｲｿﾌﾄ　18L(栄月),$ﾄﾞﾗｲ,,0
18110401,ｿﾙﾍﾞﾝ4500　(村上産業),$ｿﾙ,,0
18110402,こじろう　4㎏,$ｺｼﾞ,,0
18110403,ｼﾙｸｽﾀｰﾁ306WS 1kg,$ｼﾙｸ,,0
18110404,ｱｲｿｿﾞｰﾙ200　栄月,$ｱｲｿ,,0
18110405,ｸﾞﾗﾝﾄﾞﾏｯｸｽ15kg,$ｸﾞﾗ,,0
18110406,ZAT-TBK25　原液,$ZA,,0
18110407,ﾘﾎﾟ漂白　VL-1000　25㎏,$ﾘﾎﾟ,,0
18110408,18色染料筆ﾍﾟﾝ,$18 ,,0
18110409,ﾏﾙﾁﾎﾞﾄﾙ300ｍｌ,$ﾏﾙﾁ,,0
18110410,Aﾍﾞﾝ　50ml,$Aﾍﾞﾝ,,0
18110411,ﾃﾄﾗﾋﾄﾛﾞﾌﾗﾝ　99.5％(GR)佐川商事,*ﾃﾄﾗ,本,0
18110412,TK DRYSOAP Z,$TK,CS,0
18110413,岩田製作所ｷｬｯﾌﾟ(100入)HLDP60-B,$ｲﾜﾀ,袋,0
18110414,SFﾊﾟｯｷﾝ 22×16×2,$SF,,0
18110415,ｻﾞｲﾂ補充液 1kg(青)ｸｲｯｸｺｰﾙ,$ｻﾞｲﾂ,,0
18120001,ﾆｭｰR2000α ｼｰﾙ (2000枚@35､1000枚@40),$ｼｰﾙ,枚,0
18120002,ﾗﾛｰｻﾞRｾｯﾄ容器中栓　(新木),$ﾗﾛｰｻﾞ,個,0
18120003,ﾗﾛｰｻﾞRｾｯﾄ容器ﾉｽﾞﾙｷｬｯﾌﾟ(新木),$ﾗﾛｰｻﾞ,個,0
18120004,ﾗﾛｰｻﾞ ﾆｭｰR2000 ﾍﾟｰﾙ缶･20Kg入(恵美須),$ﾗﾛｰｻﾞ,Kg,0
18120005,NET20Kg　シール,$ｼｰﾙ,枚,0
18120006,ﾄﾞﾗｲ用柔軟剤DSｰ1 14Kg･同ﾄﾞﾗｲｿﾌﾄDCｺﾝｸ,$ﾄﾞﾗｲ,缶,0
18120007,ｼｰﾙRarosa33×72(角)ﾐﾗﾄｲｼ用PP R1ｰR4,$ｼｰﾙ,枚,0
18120008,ﾗﾛｰｻﾞβ21　190kg(D/M)   幸成,$ﾗﾛｰｻﾞ,DM,0
18120009,ﾗﾛｰｻﾞβ21　190kg(D/M･中身のみ)  幸成,$ﾗﾛｰｻﾞ,DM,0
18120010,NET 18Kg ｼｰﾙ,$ｼｰﾙ,枚,0
18120011,ＭＴα　　14Kg入り,$MTｱﾙﾌ,Ｋｇ,0
18120012,ﾗﾛｰｻﾞﾍﾞｰﾀ　18kg　(ﾏﾙｿｰ),$ﾗﾛｰｻﾞ,缶,0
18120013,ﾗﾛｰｻﾞｼｸﾞﾏ21-16　16kg　(ﾏﾙｿｰ),$ﾗﾛｰｻﾞ,缶,0
18120014,ﾗﾛｰｻﾞ β21 ｼｰﾙ ﾗﾐ加工 70*120:だ円,$ｼｰﾙ,枚,0
18120015,ﾗﾛｰｻﾞ Σ21 70*120:楕円  ｼｰﾙ ﾗﾐ加工,$ｼｰﾙ,枚,0
18120017,ﾗﾛｰｻﾞβΣ21 注意書ﾗﾍﾞﾙ(Lot/3000)幸成,$ﾗﾛ,枚,0
18120018,"ﾗﾛｰｻﾞβ21,Σ21 注意書ｼｰﾙ(Lot/3000枚)",$ｼｰﾙ,枚,0
18120020,ﾗﾛｰｻﾞ Σ21  17kg入り　(恵美須),$ﾗﾛｰｻﾞ,缶,0
18120021,ﾗﾛｰｻﾞ  β21  18Kg入り  (恵美須),$ﾗﾛｰｻﾞ,缶,0
18120022,SS200Tﾊﾟｯｷﾝ　22-13　(RDｾｯﾄ容器ﾊﾟｯｷﾝ),$ﾊﾟｯｷﾝ,,0
18120023,ｼｰﾙ  ﾀﾞｲﾌﾞﾛｯﾄ D1ｰD3 (ﾛｯﾄ 各1500枚),$ｼｰﾙ,枚,0
18120024,ﾗﾛｰｻﾞΣ21　190kg/DM　　(幸成),$ﾗﾛｰｻﾞ,DM,0
18120025,ﾗﾛｰｻﾞβ21 16kg/UN缶 <@随時>　(幸成),$ﾗﾛｰｻﾞ,缶,0
18120026,ﾗﾛｰｻﾞΣ21  190kg/DM  (恵美須),$ﾗﾛｰｻﾞ,kg,0
18120027,ﾗﾛｰｻﾞ β21  180kg/DM  (幸成),$ﾗﾛｰｻﾞ,DM,0
18120028,ﾗﾛｰｻﾞβ21 190Kg/DM(中身)@随時　ｴﾋﾞｽ,$ﾗﾛｰｻﾞ,Kg,0
18120029,ﾗﾛｰｻﾞβ21　180kg/DM　送料込 (恵美須),$ﾗﾛｰｻﾞ,kg,0
18120030,ﾗﾛｰｻﾞR1 5L,$ﾗﾛｰｻﾞ,,0
18120031,"ﾗﾛｰｻﾞR1,R2,R3相当品  4L (輸出用)",$ﾗﾛｰｻﾞ,,0
18120032,ｲﾝｸｶｯﾄ(水性･低粘度型)  4L,$ｲﾝｸ,,0
18120033,ﾗﾛｰｻﾞＲ１　18L　(輸出用) @数量ﾆﾖﾙ,$ﾗﾛｰｻﾞ,缶,0
18120034,ﾗﾛｰｻﾞΣ21 190Kg/DM(中身)    恵美須,$ﾗﾛｰｻﾞ,Kg,0
18120035,ﾗﾛｰｻﾞＲ４　18L　(輸出用) @数量ﾆﾖﾙ,$ﾗﾛｰｻﾞ,,0
18120036,ﾗﾛｰｻﾞΣ21 注意書ﾗﾍﾞﾙ (Lot3000) 幸成,$ﾗﾍﾞﾙ,枚,0
18120037,AK-55　14kg入り　(日華),$AK55,kg,0
18120038,ﾗﾛｰｻﾞＲ２､Ｒ３ 18L (輸出用)@数量ﾆﾖﾙ,$ﾗﾛｰｻﾞ,缶,0
18120039,ﾗﾛｰｻﾞR2･R3 5L,$ﾗﾛｰｻﾞ,,0
18120040,AK35-16L　　(ﾏﾙｿｰ),$AK35,缶,0
18120041,ﾗﾛｰｻﾞ　ﾍﾞｰﾀ21-16　16kg入り(ﾏﾙｿｰ),$ﾗﾛｰｻﾞ,缶,0
18120042,ﾗﾛｰｻﾞβ21　16kg　(幸成)　直送時@随時,$ﾗﾛｰｻﾞ,缶,0
18120043,AK-38　16L　　(幸成),$AK38,缶,0
18120044,ﾗﾛｰｻﾞ∑21(新)16L(幸成)直送時@随時,$ﾗﾛｰｻﾞ,缶,0
18120045,AK-35　16L　　(幸成),$AK35,缶,0
18120046,ﾗﾛｰｻﾞR1　5L(10L用UN缶使用)　輸出用,$ﾗﾛｰｻﾞ,,0
18120047,ﾗﾛｰｻﾞR4　5L(10L用UN缶使用)　輸出用,$ﾗﾛｰｻﾞ,,0
18120048,Rｾｯﾄ容器(安達ﾌﾞﾛｰ,$Rｾｯﾄ,,0
18120049,SFﾊﾟｯｷﾝ　24×3×1,$SF,,0
18200001,送料　仕入れ,$ｿｳﾘｮｳ,,0
18200002,荷造材料費　仕入れ,$ﾆﾂﾞｸﾘ,,0
18200003,搬入費・試運転費,$ﾊﾝﾆｭｳ,,0
18200861,平台網　120ﾀｲﾌﾟ　ｽﾃﾝ　直本,$ﾋﾗﾀﾞｲ,,0
18209999,仕入れ　その他,$ｿﾉﾀ,,0
18210001,PE白10L規格広口C/P(8ｹ1ｹｰｽ) @運賃込,$10L,個,0
18210002,ﾆｯｺｰ 3L 広口丸型ﾎﾟﾘ     (福研),$3Lﾋﾛ,個,0
18210003,東芝　C3419,$ﾄｰｼﾊﾞ,個,0
18210004,東芝　K530　4E,$ﾄｰｼﾊﾞ,個,0
18210005,ﾃｸﾉﾌﾚｯｸｽTX-6.5M　10X6.5　(ｴｱｰｶﾞﾝﾎ,$ﾃｸﾉ,m,0
18210006,糸巻ﾌﾞﾗｼ　本毛　小　(ﾂｰｴﾑ),$ｲﾄﾏｷﾌ,,0
18210007,ﾋﾗｶﾊﾞｰ　FB120　Z120/1200/1100,$ﾋﾗｶﾊﾞ,,0
18210008,ＤＶ継手  125 DS,$DV,ケ,0
18210009,ｷｰﾒｲﾄ･ﾏｽｸ,$ｷｰﾒｲﾄ,枚,0
18210010,VCTF　2X4C,$VCTF,ｍ,0
18210011,毛巻ﾌﾞﾗｼ　ﾊﾟｷﾝ大   (ﾂｰｴﾑ),$ｹﾏｷﾌﾞ,,0
18210012,毛巻ﾌﾞﾗｼ　ﾊﾟｷﾝ小   (ﾂｰｴﾑ),$ｹﾏｷﾌﾞ,,0
18210013,UP-300　(ｱｲﾛﾝ仕上げﾏｯﾄ)　恵美須,$UP300,枚,0
18210014,絹べら(牛骨製)　12cm　(吉岡謹),$ｷﾇﾍﾞﾗ,,0
18210015,ｽﾎﾟﾝｼﾞ　15m/m厚　(1袋5枚入り),$ｽﾎﾟﾝｼ,枚,0
18210016,Yｰ47　化粧　(１本/箱),$Y-47,箱,0
18210017,"泥ﾊﾈﾌﾞﾗｼ　特大　(両毛,白毛)",$ﾄﾞﾛﾊﾈ,,0
18210018,"泥ﾊﾈﾌﾞﾗｼ　中　(両毛,白毛)",$ﾄﾞﾛﾊﾈ,,0
18210019,糸巻ﾌﾞﾗｼ　本毛　大　(ﾂｰｴﾑ),$ｲﾄﾏｷ,,0
18210020,さし刷毛　3分,$ｻｼﾊｹ,本,0
18210021,DCｷｬｯﾌﾟ  150,$DC,ケ,0
18210022,ﾋﾗｶﾊﾞｰ　　150ﾀｲﾌﾟ,$ﾋﾗｶﾊﾞ,,0
18210023,さし刷毛  6分,$ｻｼﾊｹ,,0
18210024,ｵｰﾄﾌﾛﾝﾎｰｽ(ｱｲﾛﾝﾎｰｽ) 2.5m　(ﾊﾔｶﾜ),$ｵｰﾄﾌﾛ,本,0
18210025,Uﾏｯﾄ　600X1800切　　(恵美須),$Uﾏｯﾄ,枚,0
18210026,平ｶﾊﾞｰ　180ﾀｲﾌﾟ (3枚ﾛｯﾄ@8820),$ﾋﾗｶﾊﾞ,,0
18210027,ﾏｰﾘｰｽｷﾝ　(小)　70g,$ﾏｰﾘｰｽ,,0
18210028,ｶﾗｰｷｬｯﾌﾟ付洗浄ﾋﾞﾝ 100ml 細口ｸﾞﾘｰﾝ,$ｶﾗｰ,個,0
18210029,Ｕﾏｯﾄ　750X1800切(180S)　恵美須,$Uﾏｯﾄ,枚,0
18210030,Ｕﾏｯﾄｶﾊﾞｰ(750X1800直本ひも通し)#5123,$Uﾏｯﾄ,枚,0
18210031,ｸﾘｰﾝｽｰﾊﾟｰﾎﾞﾄﾙ　(福井油脂),$ｸﾘｰﾝ,ケ,0
18210032,ｾﾞﾝｼﾝ ﾕﾆｵﾝ付ﾌﾚｷ 1/2X500L,$ｾﾞﾝｼﾝ,Ｐ,0
18210033,UP-100 900X1200切15m/mｱｲﾛﾝﾏｯﾄ 恵美須,$UP100,枚,0
18210034,ｽﾎﾟﾝｼﾞ  10m/m厚 (1袋5枚入り),$ｽﾎﾟﾝｼ,枚,0
18210035,ｺﾙﾄ ﾉｽﾞﾙ,$ｺﾙﾄﾉｽ,,0
18210036,ｺﾙﾄ ﾎﾟﾝﾌﾟｼﾘﾝﾀﾞｰ,$ｺﾙﾄﾎﾟ,,0
18210037,ｲﾝﾅｰﾁｭｰﾌﾞ 5.0ｍ (直本ｱｲﾛﾝﾎｰｽ用),$ｲﾝﾅｰﾁ,本,0
18210038,紅葉面相筆　大,$ﾓﾐｼﾞ,本,0
18210039,ｶﾗｰﾈｯﾄ　(L)　白,$ｶﾗｰﾈｯ,枚,0
18210040,ﾎﾟﾘ広 10Ｌ  (又四郎),$10L,個,0
18210041,T259　800X1400　ｱｲﾛﾝﾏｯﾄｶﾊﾞｰ(恵美須),$T259,,0
18210042,UPｰ100　800X1400　ｱｲﾛﾝﾏｯﾄ　(恵美須),$UP100,,0
18210043,ｺﾙﾄ　ﾎｰｽﾎﾙﾀﾞｰ,$ｺﾙﾄ,個,0
18210044,ｺﾙﾄ　本体ｹｰｽ,$ｺﾙﾄ,個,0
18210045,ｺﾙﾄ　可動鉄芯,$ｺﾙﾄ,個,0
18210046,ｺﾙﾄ　ﾎﾟﾝﾌﾟｽﾌﾟﾘﾝｸﾞ,$ｺﾙﾄ,個,0
18210047,Yｰ34　化粧　(１本/箱),$Y-34,本,0
18210048,ﾅｼｮﾅﾙ　引掛けｷｬｯﾌﾟ WF6430,$ﾅｼｮ,,0
18210049,UP-100ｶﾊﾞｰ　1350X2410切Ｐ　(恵美須),$UP100,枚,0
18210050,梅皿　12cm,$ｳﾒｻﾞﾗ,枚,0
18210051,白鷺DC (10LX2),$ｼﾗｻｷﾞ,,0
18210052,白鷺ｴﾚﾒﾝﾄ DCEｰ470　1PC/Case,$ｼﾗｻｷﾞ,箱,0
18210053,ｴﾚﾒﾝﾄ S450D,$ｴﾚﾒﾝﾄ,本,0
18210054,活性炭　粒状白鷺　DCｰ3(10LX2／箱),$ﾂﾌﾞ,箱,0
18210055,活性炭　粒状白鷺　DC　(添付品),$ﾂﾌﾞ,箱,0
18210056,ﾎﾟﾘ袋(無地)　260X300ｍ　(3本入/箱),$ﾎﾟﾘﾌﾞ,本,0
18210057,ﾍﾞｽﾄﾄﾚｯｻｰ,$ﾍﾞｽﾄ,個,0
18210058,ｱｾｰﾇ箱入り(10P)　　(恵美須),$ｱｾｰﾇ,,0
18210059,とるとる75,$ﾄﾙﾄﾙ,,0
18210060,PE 5L 1ｹ口 C/P (角)　　(石田容器),$5L,ケ,0
18210061,ﾄｰｼﾊﾞ　2SK2662　(岡本),$ﾄｰｼﾊﾞ,,0
18210062,圧着端子　2-5M,$ｱｯﾁｬｸ,,0
18210063,ﾋﾀﾁSS  HA17901P,$ﾋﾀﾁ,,0
18210064,ＴＳ継手  30VS,$TSﾂｷﾞ,ケ,0
18210065,DCｷｬｯﾌﾟ  100,$DCｷｬ,ケ,0
18210066,KITZ　３方ﾎﾞｰﾙＶ　T4L　1,$KITZ,P,0
18210067,UP-100 ｺﾃ寸600X1200 ｱｲﾛﾝﾏｯﾄ 恵美須,$UP100,枚,0
18210068,C ｺﾃ寸 600X1200 ﾏｯﾄｶﾊﾞｰ  恵美須,$C,枚,0
18210069,ｽﾎﾟﾝｼﾞ  10m/m厚X1m,$ｽﾎﾟﾝｼ,枚,0
18210070,軟水樹脂HSｰ2C用  2L(丸山製),$ﾅﾝｽｲ,,0
18210071,ｲﾝﾅｰﾁｭｰﾌﾞ　3.0M,$ｲﾝﾅｰ,,0
18210072,ｼﾞｬﾝｸｼｮﾝ一式　　　　直本,$ｼﾞｬﾝｸ,,0
18210073,ｸﾘｰﾝｽｰﾊﾟｰ用　鉄芯,$ｸﾘｰﾝ,ケ,0
18210074,ｸﾘｰﾝｽｰﾊﾟｰ用　ﾎﾟﾝﾌﾟｽﾌﾟﾘﾝｸﾞ,$ｸﾘｰﾝ,,0
18210075,ｸﾘｰﾝｽｰﾊﾟｰ用　ｻｸｼｮﾝ金具,$ｸﾘｰﾝ,,0
18210076,ｸﾘｰﾝｽｰﾊﾟｰ用　Ｂ型ﾎﾙﾀﾞｰ,$ｸﾘｰﾝ,,0
18210077,ｸﾘｰﾝｽｰﾊﾟｰ用　Ｚ型ﾎﾙﾀﾞｰ,$ｸﾘｰﾝ,,0
18210078,ｶﾗｰﾈｯﾄ 白 1000X1500H(ﾛｰﾌﾟ式･F付)水洗,$ｶﾗｰﾈｯ,枚,0
18210079,ＴＳ継手  65  CAP     (ｼﾊﾞﾀ),$TSﾂｷﾞ,ケ,0
18210080,ﾅｲﾛﾝ面相筆　白毛,$ﾅｲﾛﾝ,本,0
18210081,"ｸﾘｰﾝｽｰﾊﾟｰ用 ﾊﾞｯﾌｧﾂﾏﾐ(Ｂ型,Ｚ型)",$ｸﾘｰﾝ,ケ,0
18210082,ｼﾘｺｰﾝ　ｼｰﾗﾝﾄ　ｸﾘｱｰ　KE4588,$ｼﾘｺｰﾝ,P,0
18210083,ｽﾅｯﾌﾟﾘﾝｸﾞ(軸用)　S1010,$ｽﾅｯﾌﾟ,P,0
18210084,二八皿(とき皿)　8.5cm,$ﾆﾊﾁ,枚,0
18210085,ﾆﾎﾝﾋﾟｽｺ  ﾀｯﾁｼﾞｮｲﾝﾄ(ﾕﾆｵﾝY) PYｰ6,$ﾆﾎﾝﾋﾟ,P,0
18210086,ﾆﾎﾝﾋﾟｽｺ  ﾀｯﾁｼﾞｮｲﾝﾄ(ﾕﾆｵﾝY) PYｰ10,$ﾆﾎﾝﾋﾟ,P,0
18210087,ﾆﾎﾝﾋﾟｽｺ  ﾀｯﾁｼﾞｮｲﾝﾄ(ﾕﾆｵﾝY) PYｰ8,$ﾆﾎﾝﾋﾟ,P,0
18210088,ﾆｭｰﾀﾞｲﾔ ﾎﾞﾄﾙﾎﾙﾀﾞｰ   (ｷﾀｼﾞﾏ),$ﾆｭｰﾀﾞ,,0
18210089,ｶｰﾄﾘｯｼﾞﾌｨﾙﾀｰ Cｰ450 化粧  (共立),$C450,本,0
18210090,ﾆﾎﾝﾋﾟｽｺ  ﾀｯﾁｼﾞｮｲﾝﾄ(ｽﾄﾚｰﾄ)  PC6ｰ02,$ﾆﾎﾝﾋﾟ,P,0
18210091,ﾋﾟｽｺ  ﾀｯﾁｼﾞｮｲﾝﾄ(ｽﾄﾚｰﾄ)  PC8ｰ02,$ﾋﾟｽｺ,P,0
18210092,ﾅｲﾛﾝ(ｼﾞｭﾝﾛﾝ) AS1  10X7.5  黒,$ﾅｲﾛﾝ,ｍ,0
18210093,ﾅｼｮﾅﾙ　WH4715TWP,$ﾅｼｮﾅﾙ,,0
18210094,ﾅｼｮﾅﾙ　DZM110H,$ﾅｼｮﾅﾙ,,0
18210095,ﾅｼｮﾅﾙ　DZM120H,$ﾅｼｮﾅﾙ,,0
18210096,PEｼｰﾄ　10tX1000X1000,$PEｼｰﾄ,枚,0
18210097,ｼﾙｷｰﾈｯﾄ 各色 1000X1500H F付 (恵美須),$ｼﾙｷｰ,枚,0
18210098,Tｰ163 ﾊｯﾄｶﾊﾞｰ(A)Assy (ﾉｰﾒｯｸｽ),$T-163,個,0
18210099,ﾃｶﾘｰﾉﾝ  38X80cm (10枚ﾛｯﾄ/@2200) ﾐｽﾞﾎ,$ﾃｶﾘｰﾉ,枚,0
18210100,ﾆﾎﾝﾋﾟｽｺ　ﾀｯﾁｼﾞｮｲﾝﾄ(ｽﾄﾚｰﾄ)　PC8ｰ03,$ﾆﾎﾝﾋﾟ,P,0
18210101,ﾆﾎﾝﾋﾟｽｺ　ﾀｯﾁｼﾞｮｲﾝﾄ(ｽﾄﾚｰﾄ)　PC6ｰ03,$ﾆﾎﾝﾋﾟ,P,0
18210102,ﾆﾎﾝﾋﾟｽｺ　ﾀｯﾁｼﾞｮｲﾝﾄ(ｽﾄﾚｰﾄ)PC10ｰ02,$ﾆﾎﾝﾋﾟ,P,0
18210103,ﾆﾎﾝﾋﾟｽｺ　ﾀｯﾁｼﾞｮｲﾝﾄ(ｽﾄﾚｰﾄ)PC10ｰ03,$ﾆﾎﾝﾋﾟ,P,0
18210104,竹ｻｻﾗ　1号(軟らかめ),$ｻｻﾗ,,0
18210105,ﾀﾞｸﾄｶﾌｽ　125,$ﾀﾞｸﾄｶ,ケ,0
18210106,窓枠ﾊﾟﾈﾙ　CASMS　　もりた,$ﾏﾄﾞﾜｸ,,0
18210107,ｿﾉﾌﾗｯｼｭSFｰ106用ｽｲｯﾁ一式,$ｿﾉﾌﾗｯ,,0
18210108,ｶﾗｰｷｬｯﾌﾟ付洗浄ﾋﾞﾝ 100ml 細口ﾚﾓﾝｲｴﾛｰ,$ｶﾗｰ,個,0
18210109,ｶﾗｰｷｬｯﾌﾟ付洗浄ﾋﾞﾝ 100ml 細口ﾚｯﾄﾞ,$ｶﾗｰ,個,0
18210110,ｶﾗｰｷｬｯﾌﾟ付洗浄ﾋﾞﾝ 100ml 細口ｺﾊﾞﾙﾄﾌﾞﾙ,$ｶﾗｰ,個,0
18210111,竹ﾖｰｼﾞﾌﾞﾗｼ　2列　　(ﾂｰｴﾑ),$ﾀｹﾖｰｼ,本,0
18210112,小判型ﾌﾞﾗｼ　本毛　4寸　(ﾂｰｴﾑ),$ｺﾊﾞﾝ,,0
18210113,EKﾎﾞﾝﾄﾞ  15kg,$EKﾎﾞﾝ,個,0
18210114,UP-100  950X1300X20 (ｱｲﾛﾝﾏｯﾄ),$UP100,枚,0
18210115,UP-100  700X1500X20 (ｱｲﾛﾝﾏｯﾄ),$UP100,枚,0
18210116,UP-100  500X900X20t (ｱｲﾛﾝﾏｯﾄ),$UP100,枚,0
18210117,ＤＶ継手　65 DS,$DVﾂｷﾞ,,0
18210118,ＤＶ継手  65 DT,$DVﾂｷﾞ,,0
18210119,10Ｌ角広口ﾎﾟﾘ(ｺｯｸ付) 又四郎,$10Lｶｸ,個,0
18210120,P100ﾏﾙﾁ ﾋﾝﾁﾞCAP付 (ｱｲﾛﾝ滑り剤用),$P100,,0
18210121,ｸﾘｰﾝｽｰﾊﾟｰ用　ﾄﾞﾚﾝｽｸﾘｭｰ,$ｸﾘｰﾝ,,0
18210122,ﾀﾞｸﾄｶﾌｽ　75,$ﾀﾞｸﾄ,ケ,0
18210123,ﾄﾗｲﾄﾞﾝﾊﾞﾝﾄﾞ　HS　48,$ﾄﾗｲﾄﾞ,ケ,0
18210124,ｶｰﾄﾘｯｼﾞﾌｲﾙﾀｰ　Cｰ470　化粧　(1本/箱),$C470,本,0
18210125,ｶｰﾄﾘｯｼﾞﾌｲﾙﾀｰ　Cｰ340　化粧　(1本/箱),$C340,本,0
18210126,Cｰ4310　(白ﾈｵｽﾎﾟ)　30TX60X70,$ﾈｵｽﾎﾟ,ケ,0
18210127,ｿﾉﾌﾗｯｼｭSFｰ106､SFｰ357用ｶﾞﾝｹｰｽ(送料込),$ｿﾉﾌﾗｯ,,0
18210128,地わら 馬毛 NO.6 (糸巻ﾌﾞﾗｼ 18m/m),$ｼﾞﾜﾗ,,0
18210129,ｲﾝﾅｰﾁｭｰﾌﾞ  4.5M,$ｲﾝﾅｰ,本,0
18210130,ＴＳ継手　40CAP,$TSﾂｷﾞ,ケ,0
18210131,ＴＳ継手　100　CAP,$TSﾂｷﾞ,ケ,0
18210132,ＤＶ継手　100X65　IN,$DVﾂｷﾞ,ケ,0
18210133,AV接着剤 100g 旭有機材工業  (ｼﾊﾞﾀ),$ｾｯﾁｬｸ,ケ,0
18210134,Cｰ451ｰ6  化粧 (2本/箱),$C451,本,0
18210135,ｸﾘｰﾝｽｰﾊﾟｰ用　本体ｹｰｽ,$ｸﾘｰﾝｽ,組,0
18210136,ﾎｰｽｶﾊﾞｰ 700L　 (大阪電機),$ﾎｰｽｶ,枚,0
18210137,切わら馬毛(黒毛) NO.10 (ｻｻﾗﾌﾞﾗｼ),$ｻｻﾗﾌﾞ,,0
18210138,ﾃﾞｵﾄﾞﾗｲｸ　1Kg,$ﾃﾞｵﾄﾞ,缶,0
18210139,"UP-100　500(505)X900(880,895)X15t",$UP100,枚,0
18210140,仕上機 CN551用 ﾎﾞﾃﾞｨｶﾊﾞｰ  (三幸社),$CN551,,0
18210141,仕上機 CN551用 ﾎﾞﾃﾞｨﾈﾙ  (三幸社),$CN551,,0
18210142,"仕上機 CN551用 後押えｶﾊﾞｰ,ﾈﾙ(三幸社)",$CN551,,0
18210143,仕上機 CN551用 ｽｿﾈﾙ  (三幸社),$CN551,,0
18210144,"仕上機 CN551用 ﾀｯｸｶﾊﾞｰ,ﾈﾙ (三幸社)",$CN551,,0
18210145,仕上機 CN550用 ｽﾗｲﾄﾞｼﾘﾝﾀﾞｰ (三幸社),$CN550,,0
18210146,UP-100  750X1250,$UP100,枚,0
18210147,UP-100ｶﾊﾞｰ  P切750X1250C,$UP100,枚,0
18210148,UP-100  700X1200切X15　ｱｲﾛﾝﾏｯﾄ,$UP100,枚,0
18210149,UPｰ100ｶﾊﾞｰ  P切700X1200C,$UP100,枚,0
18210150,UP-100  700X1050切,$UP100,枚,0
18210151,UP-100ｶﾊﾞｰ  P切700X1050C,$UP100,枚,0
18210152,UP-100  650X1120切,$UP100,枚,0
18210153,UP-100ｶﾊﾞｰ  P切650X1120C,$UP100,枚,0
18210154,ﾌﾛﾝ　22　ﾎﾞﾝﾍﾞ　(冷却機用冷媒),$ﾌﾛﾝ,K,0
18210155,C-365-4　化粧　(４本/１箱),$C-365,本,0
18210156,KｰαｰS (5.8ﾘｯﾄﾙX3) 化粧,$K-,箱,0
18210157,竹ﾖｰｼﾞﾌﾞﾗｼ  4列  (ﾂｰｴﾑ),$ﾀｹﾖｰｼ,,0
18210158,白鷺ｴﾚﾒﾝﾄ  DCｰ360  4PCS/Case,$ｼﾗｻｷﾞ,箱,0
18210159,ﾁｬｺ消し 水性･油性 14ml(72本/箱)ｴﾋﾞｽ,$ﾁｬｺ,本,0
18210160,ｲﾝﾅｰﾁｭｰﾌﾞ　2.5M,$ｲﾝﾅｰ,本,0
18210161,SDIｰ10　ｽﾁｰﾑﾄﾗｯﾌﾟ　配管用　(直本),$SDI,,0
18210162,ＤＶ継手  40Y,$DVﾂｷﾞ,ケ,0
18210163,５Ｌ角容器　　(又四郎),$5Lｶｸ,個,0
18210164,10Ｌ丸ﾀﾝｸ　ｺｯｸ付　　(又四郎),$10Lﾏﾙ,個,0
18210165,地球印  握り玉(金具入) HKｰ40,$ﾁｷｭｳ,P,0
18210166,和服ﾊﾝｶﾞｰ Ｆ　(恵美須),$ﾊﾝｶﾞｰ,,0
18210167,CKD　AB31-01ｰ2ｰF　AC100V,$CKD,P,0
18210168,高級皮手,$ｶﾜﾃﾌﾞ,組,0
18210169,ﾀｯﾁｽｲｯﾁ一式  (直本),$ﾀｯﾁｽｲ,,0
18210170,UPｰ100 1000X1300X20,$UP100,枚,0
18210171,耐熱手袋  T6ｰ940ｰ01J 270MM,$ﾀｲﾈﾂ,対,0
18210172,ｲﾝﾅｰﾁｭｰﾌﾞ止めﾊﾞﾈ,$ｲﾝﾅｰ,,0
18210173,温度ﾋｭｰｽﾞ(SWNﾁｪﾝﾊﾞｰ),$ｵﾝﾄﾞ,,0
18210175,ｲﾝﾅｰﾁｭｰﾌﾞ先端ﾊﾟｲﾌﾟBSBM  (直本),$ｲﾝﾅｰ,,0
18210176,ｲﾝﾅｰﾁｭｰﾌﾞ 4.0M,$ｲﾝﾅｰ,,0
18210177,UP-100　500X700X15P　　(恵美須),$UP100,枚,0
18210178,UP-100　500X600X15P　　(恵美須),$UP100,枚,0
18210179,ﾊﾞﾎﾟﾚﾗｱｲﾛﾝ台用　布ｶﾊﾞｰ,$ﾊﾞﾎﾟﾚ,,0
18210180,HI-TS継手  20 KFS,$HI-TS,ケ,0
18210181,HI-TS継手  50X20 S,$HI-TS,ケ,0
18210182,SK-1R　化粧　(4本入り/箱)　　共立,$SK-IR,本,0
18210183,KITZ　TN　1,$KITZ,P,0
18210184,SKｰ450ND (2本/箱)　共立,$SK450,本,0
18210185,ｼﾙｷｰﾈｯﾄ 各色(ﾛｰﾌﾟ式)1000X1500H ｴﾋﾞｽ,$ｼﾙｷｰ,枚,0
18210186,Kｰ100  平台ｶﾊﾞｰ  (金子),$K-100,枚,0
18210187,Ｔ型平板式脚(ｷｬｽﾀｰ式)　CNｰ50,$Tｶﾞﾀ,台,0
18210188,Ｕﾏｯﾄ　130S　　　恵美須,$Uﾏｯﾄ,枚,0
18210189,Ｕﾏｯﾄｶﾊﾞｰ　130S　C#5123　　恵美須,$Uﾏｯﾄ,枚,0
18210190,滑車ｺﾛ    (直本),$ｶｯｼｬ,,0
18210191,SFOR3B42 (ｿﾉﾌﾗｯｼｭ修理用部品),$SFOR,,0
18210192,片口ﾎｰｽﾕﾆｵﾝ  8X1/4,$ｶﾀｸﾁ,P,0
18210193,ＴＳ継手  50X20 S,$TS,ケ,0
18210194,ﾎｰﾑ缶 10L 汚栓付,$ﾎｰﾑｶﾝ,ケ,0
18210195,ﾎｰﾑ缶 20L 汚栓付,$ﾎｰﾑｶﾝ,ケ,0
18210196,Uﾏｯﾄｶﾊﾞｰ  180S 900X1800C #5123,$Uﾏｯﾄ,枚,0
18210197,ｴﾙﾎﾞ(ﾎﾟﾘｱﾐﾄﾞ) 3/8 排水用  (直本),$ｴﾙﾎﾞ,,0
18210198,ﾃﾌﾛﾝﾈｯﾄ(紐付) 500X750  (ﾂｰｴﾑ),$ﾃﾌﾛﾝ,,0
18210199,ﾅｲﾛﾝ筆　白毛大,$ﾅｲﾛﾝ,本,0
18210200,ｶﾗｰﾈｯﾄ(白)800X1200 Ｆ付 水洗用 恵美,$ｶﾗｰ,枚,0
18210201,ｶﾗｰﾈｯﾄ(白)750X1000 Ｆ付 水洗用 恵美,$ｶﾗｰ,枚,0
18210202,ｶﾗｰﾈｯﾄ(白)600X800 Ｆ付 水洗用 恵美須,$ｶﾗｰ,枚,0
18210203,NBR 145πX107πX3t(ｸﾘｰﾝｴｰｽｽﾄﾚｰﾅﾊﾟｯｷﾝ,$NBR,,0
18210204,ｸﾘｰﾝｽｰﾊﾟｰ用 ｽﾎﾟｯﾄﾘﾝｸﾞ,$ｸﾘｰﾝ,ケ,0
18210205,ＴＳ継手  30S,$TS,ケ,0
18210206,ﾎｰｽｶﾊﾞｰ　　　(直本),$ﾎｰｽ,,0
18210207,ﾍﾞｰｽﾊﾟｯｷﾝ  HYSｰ410(ｽﾁｰﾑｱｲﾛﾝ)用,$ﾍﾞｰｽ,,0
18210208,ﾌﾟﾛﾃｸﾀｰ(中)内径10  (HYSｰ410用),$ﾌﾟﾛﾃｸ,,0
18210209,ﾁｪﾝﾊﾞｰ誘導ﾎﾞﾙﾄ 33L (HYSｰ510用),$ﾁｪﾝﾊﾞ,,0
18210210,温度ﾋｭｰｽﾞ 115L (HYSｰ510用),$ｵﾝﾄﾞ,,0
18210212,塩ﾋﾞ板ｸﾞﾚｰ　5tX100X200　　　(ｼﾊﾞﾀ),$ｴﾝﾋﾞ,枚,0
18210213,NO.1790 製品検査ﾙｰﾍﾟ(ｽﾀﾝﾄﾞ式ﾙｰﾍﾟ),$ﾙｰﾍﾟ,台,0
18210214,NO.BMｰ110 ﾋﾞﾉｷｭﾗｰ(ﾒｶﾞﾈ式ﾙｰﾍﾟ) ﾏｼﾞｶ,$ﾙｰﾍﾟ,台,0
18210215,平ｶﾊﾞｰ  120ﾀｲﾌﾟ,$ﾋﾗｶﾊﾞ,,0
18210216,白狸面相　中　　　　色素ｵｵﾀ,$ｼﾛﾀﾇｷ,本,0
18210217,ﾀｰﾅｰ　ｱｸﾘﾘｯｸｽ　12色ｾｯﾄ　　色素ｵｵﾀ,$ﾀｰﾅｰ,個,0
18210218,ｶﾞﾗｽﾋﾞｰｶｰ　500cc　　　　色素ｵｵﾀ,$ｶﾞﾗｽ,個,0
18210219,ﾊﾝﾏｰｷｬｽﾀｰ  420GｰR  50,$ﾊﾝﾏｰ,P,0
18210220,ﾊﾝﾏｰｷｬｽﾀｰ  415E-R  50,$ﾊﾝﾏｰ,P,0
18210221,ﾆｭｰﾀﾞｲﾔ  ﾎﾞﾄﾙﾎﾙﾀﾞｰ一式  (北日本),$ﾆｭｰﾀﾞ,個,0
18210222,ﾀｷｹﾞﾝ  丸棒取手 A-1042ｰCｰ5,$ﾀｷｹﾞﾝ,P,0
18210223,三洋ﾌﾟﾚｽ機 SCIｰ158AS 用 下ｺﾞﾃ布ｶﾊﾞｰ,$SCI,S,0
18210224,三洋ﾌﾟﾚｽ機 SCIｰ158AS 用 ｸﾚﾛｯｸ,$SCI,S,0
18210225,三洋ﾌﾟﾚｽ機 SCIｰ158AS 用 ｺｲﾛﾝ,$SCI,S,0
18210226,ｼﾙｷｰﾈｯﾄ 800X1200H(F付)白   恵美須,$ｼﾙｷｰ,枚,0
18210227,ｼﾙｷｰﾈｯﾄ(L)白 F付き　950X670(目安),$ｼﾙｷｰ,枚,0
18210229,UPｰ100 660X110X20t (ｱｲﾛﾝﾏｯﾄ),$UP100,枚,0
18210230,UP-100 710X1020X15t (ｱｲﾛﾝﾏｯﾄ),$UP100,枚,0
18210231,UP100 710X1200X15t (ｱｲﾛﾝﾏｯﾄ),$UP100,枚,0
18210232,不織布  180ﾀｲﾌﾟ  (3枚ﾛｯﾄ@2760),$ﾌｼｮｸﾌ,,0
18210233,ｽｺｯﾄﾌｨﾙﾀｰ  180ﾀｲﾌﾟ  (3枚ﾛｯﾄ@3930),$ｽｺｯﾄ,,0
18210234,URﾏｯﾄ 180ﾀｲﾌﾟ10X950X1850(3枚ﾛｯﾄ@9600,$URﾏｯﾄ,,0
18210235,ﾀｷｹﾞﾝ  丸棒取手  Aｰ1042ｰCｰ4,$ﾀｷｹﾞﾝ,P,0
18210236,ﾆﾄﾘﾙｸﾞﾛｰﾌﾞ(M)　　100枚入/箱,$ﾆﾄﾘﾙ,箱,0
18210237,ｵﾘﾝﾎﾟｽ ｺﾝﾌﾟﾚｯｻｰ　TCｰ65 12,$ｵﾘﾝﾎﾟ,P,0
18210238,ｵﾘﾝﾎﾟｽ ｱﾀｯﾁﾒﾝﾄ,$ｵﾘﾝﾎﾟ,P,0
18210239,VSｰC　耐油　75　　　(ｼﾊﾞﾀ),$VS,ｍ,0
18210240,ﾅｲﾛﾝ(ｼﾞｭﾝﾛﾝ)  AS1  6X4.5 黒,$ﾅｲﾛﾝ,ｍ,0
18210241,ｵﾘﾝﾎﾟｽ ｴｱｰｶﾝ 500L,$ｵﾘﾝﾎﾟ,P,0
18210242,ｵﾘﾝﾎﾟｽ HPｰPC102B,$ｵﾘﾝﾎﾟ,P,0
18210243,ｵﾘﾝﾎﾟｽ AH-1020,$ｵﾘﾝﾎﾟ,P,0
18210244,白　ﾌﾟﾗｸﾞ　1/2,$ｼﾛﾌﾟﾗ,P,0
18210245,ｵｰﾄﾌﾛﾝﾎｰｽ  4.0m,$ｵｰﾄﾌﾛ,本,0
18210246,ｿﾉﾌﾗｯｼｭSFｰ36用ｶﾞﾝｹｰｽ   (多賀電気),$ｿﾉﾌﾗ,一式,0
18210247,ｿﾉﾌﾗｯｼｭSFｰ36用ﾄﾘｶﾞｰｽﾌﾟﾘﾝｸﾞ  (ｽﾎﾟｯﾄ),$ｿﾉﾌﾗ,ケ,0
18210248,ｽｶｰﾄﾊﾝｶﾞｰPP(ｸﾛ) (200本/箱),$ｽｶｰﾄ,本,0
18210249,ﾋﾟｽｺ　PL4ｰM5M　　(ｿﾉﾌﾗｯｼｭ修理用),$ﾆﾎﾝﾋﾟ,P,0
18210250,DCｷｬｯﾌﾟ　65,$DC,ケ,0
18210251,ｸﾛﾊﾞｰ  ﾚｰｽ針  #41-008 No.8,$ｸﾛﾊﾞｰ,本,0
18210252,ＴＳ継手  100S,$TS,ケ,0
18210253,ﾄﾗｲﾄﾞﾝﾊﾞﾝﾄﾞ  HSｰ96,$ﾄﾗｲﾄﾞ,ケ,0
18210254,ﾀﾞｸﾄEE型  125φ,$ﾀﾞｸﾄ,ｍ,0
18210255,ＤＶ継手  150X125 DT,$DV,ケ,0
18210256,ＴＳ継手  125T,$TS,ケ,0
18210257,DCｷｬｯﾌﾟ  125,$DC,ケ,0
18210258,UPｰ100  730X1030X15t (ｱｲﾛﾝﾏｯﾄ),$UP100,枚,0
18210259,洋布団袋  大６  04X900X1200,$ﾖｳﾌﾄﾝ,枚,0
18210260,減圧弁  KRｰ20ME 20A 2K   (三浦),$ｹﾞﾝｱﾂ,,0
18210261,ｷｬﾆｵﾝ直結式(耐油),$ｷｬﾆｵﾝ,,0
18210262,新)ｷｬﾆｵﾝｽﾌﾟﾚｰ　ﾎﾞﾄﾙ付,$ｷｬﾆｵﾝ,,0
18210263,ﾊﾛｰ (液体顔料<ｱｸﾘﾙ樹脂+顔料>) 30ml,$ﾊﾛｰ,本,0
18210264,着物ﾊﾝｶﾞｰ(NK),$ｷﾓﾉ,本,0
18210265,電源ｺｰﾄﾞ 100V1P NBC1150,$ﾃﾞﾝｹﾞ,,0
18210266,圧力ｽｲｯﾁ 1KG/CM2 SNS-102 (直本),$ｱﾂﾘｮｸ,,0
18210267,ｻｰﾓｽﾀｯﾄ(ｼﾝｻｰﾓ)   (直本),$ｻｰﾓ,,0
18210268,電磁弁本体一式   (直本),$ﾃﾞﾝｼﾞ,,0
18210269,×Hi Junior ﾎﾞｰﾙﾍﾟﾝ(CL用) 12本入/箱ﾛ,$ﾊｲ,本,0
18210270,ｽｲｯﾁ基板 TS-2E/TSIｰNO1   (直本),$ｽｲｯﾁ,,0
18210271,電源ｺｰﾄﾞ Gｹﾞﾙ線    (直本),$ﾃﾞﾝｹﾞ,,0
18210272,布団用 04X900X1500 <ﾛｰｾﾞﾝ仕様> ｱｿﾎﾟﾘ,$ﾌﾄﾝ,枚,0
18210273,ﾍﾞｰｽﾊﾟｯｷﾝ 64X3T (HYSｰ510用),$ﾍﾞｰｽ,,0
18210274,Ｕﾏｯﾄ 900X1800切      恵美須,$Uﾏｯﾄ,,0
18210275,Ｕﾏｯﾄ 750X1200切      恵美須,$Uﾏｯﾄ,,0
18210276,山本DO1ｰ16C 59D005･ﾀﾞｽﾄﾌｨﾙﾀｰ保持ﾘﾝｸﾞ,$ﾔﾏﾓﾄ,,0
18210277,山本DO1-16C 59D005･ﾀﾞｽﾄﾌｨﾙﾀｰｽﾌﾟﾘﾝｸﾞ,$ﾔﾏﾓﾄ,,0
18210278,山本DO1-16C 59D005･ｶｰﾄﾘｯｼﾞﾌｨﾙﾀｰﾌﾀﾊﾟｯ,$ﾔﾏﾓﾄ,,0
18210279,山本DO1-16C 59D005･ｶｰﾎﾞﾝﾀﾝｸﾌﾀﾊﾟｯｷﾝ,$ﾔﾏﾓﾄ,,0
18210280,山本DO1-16C 59D005･ﾀﾞｽﾄﾌｨﾙﾀｰﾌﾀﾊﾟｯｷﾝ,$ﾔﾏﾓﾄ,,0
18210281,ｿﾉﾌﾗｯｼｭSFｰ76用 ｶﾞﾝｹｰｽ一式,$ｿﾉﾌﾗ,,0
18210282,ﾊﾝｶﾞｰ掛 ﾎﾜｲﾄ 1200巾   (ｵﾘﾀﾆ),$ﾊﾝｶﾞｰ,台,0
18210283,ﾚﾍﾞﾙﾊﾞﾝﾄﾞD型S-1 15A～25A 100H(S1433),$ﾚﾍﾞﾙ,P,0
18210284,ﾗｲﾄﾏｽｸ  Kｰ401 10枚入り,$ﾗｲﾄ,箱,0
18210285,Mistral 純正部品 ﾎﾟﾝﾌﾟ一式,$ﾐｽﾄﾗﾙ,ｾｯﾄ,0
18210286,Mistral 純正部品 ﾌﾛﾝﾄﾎﾞﾃﾞｨ,$ﾐｽﾄﾗﾙ,個,0
18210287,Mistral 純正部品 ﾌﾟｯｼｭﾛｰﾄﾞ,$ﾐｽﾄﾗﾙ,本,0
18210288,Mistral 純正部品 ｽｲｯﾁ,$ﾐｽﾄﾗﾙ,個,0
18210289,SK-1R   4本入/1箱    (共立),$SK1R,本,0
18210290,ﾃﾌﾛﾝﾁｭｰﾌﾞ 3X5　　　(ｼﾊﾞﾀ),$ﾃﾌﾛﾝ,ｍ,0
18210291,ｺﾝﾊﾟｸﾄﾎﾞｰﾙﾊﾞﾙﾌﾞ TSｰ30,$ｺﾝﾊﾟｸ,ケ,0
18210292,無地 LL018X280X300ｍ   (ｱｿﾎﾟﾘ),$LL,本,0
18210293,A7-02 2C LL紙管巻018X280X300mｸｻﾘ柄,$LL,本,0
18210294,Ｕﾏｯﾄ　720X1320X20t,$Uﾏｯﾄ,枚,0
18210295,Ｕﾏｯﾄ　710X1450X20t,$Uﾏｯﾄ,枚,0
18210296,SUS304　ﾈｼﾞ込S(ﾃｰﾊﾟｰﾈｼﾞ)3/8 or (10),$SUS,P,0
18210297,SUS　NI　1/8,$SUS,P,0
18210298,温度ｻｰﾓ　　　　　　(直本),$ｵﾝﾄﾞ,,0
18210299,平ｶﾊﾞｰ　100ﾀｲﾌﾟ　(5枚ﾛｯﾄ/@2880),$ﾋﾗｶﾊﾞ,,0
18210300,不織布　100ﾀｲﾌﾟ (5枚-@1180),$ﾌｼｮｸﾌ,,0
18210301,ｽｺｯﾄﾌｨﾙﾀｰ 100ﾀｲﾌﾟ (5枚-@1780),$ｽｺｯﾄ,枚,0
18210302,URﾏｯﾄ 100ﾀｲﾌﾟ 10x660x1020(5枚-@3560),$URﾏｯﾄ,,0
18210303,TOR-10-1  ﾄﾙﾏﾘﾝ/ﾏｲﾅｽｲｵﾝﾎﾞｰﾙ10ｺ,$TOR,袋,0
18210304,UP-100ｶﾊﾞｰ　P切600X1200C,$UP100,枚,0
18210305,ＴＳ継手　30　CAP,$TS,ヶ,0
18210306,No.7552 ﾏｼﾞｶﾙｰﾍﾟ　6倍Wﾚﾝｽﾞ,$ﾙｰﾍﾟ,個,0
18210307,No.76111 ﾊﾞｰﾘﾝｸﾞｱｲｱﾝ(ﾋﾟﾝｾｯﾄ) ﾏｼﾞｶ,$ﾊﾞｰ,本,0
18210308,ｱｸﾘﾘｯｸｽ　12色　ｽｸｰﾙｾｯﾄ,$ｱｸﾘ,C/S,0
18210309,ｽﾜﾝ　ｽﾀﾋﾞﾛ　水彩鉛筆(黒),$ｽﾜﾝ,本,0
18210310,ｹﾞｰｼﾞｶﾞﾗｽ　EB-5F 249mm   (大阪電機),$ｹﾞｰｼﾞ,本,0
18210311,ｶﾞﾗｽﾊﾟｯｷﾝ　16mm  (大阪電機),$ｶﾞﾗｽ,個,0
18210312,電源ｺｰﾄﾞ　100V  (JSNｰ10),$ﾃﾞﾝｹﾞ,,0
18210313,白鷺ｴﾚﾒﾝﾄ　DC-340 1PC/Case,$ｼﾗｻｷﾞ,箱,0
18210314,ﾀﾞｲﾛｰﾌﾞ手袋　223(ｻｲｽﾞＳ/Ｍ/L),$ﾀﾞｲﾛｰ,双,0
18210315,Oﾘﾝｸﾞ　G370 ﾊﾞｲﾄﾝ,$Oﾘﾝｸﾞ,,0
18210316,酸価測定液　10ｺ入/箱,$ｻﾝｶ,箱,0
18210317,ｼﾙｷｰﾈｯﾄ　750X1000H(白)Ｆ付　　恵美須,$ｼﾙｷｰ,枚,0
18210318,ﾄﾖｽﾞﾐ　2H302　　　(ﾆｯｺｰ),$ﾄﾖｽﾞﾐ,,0
18210319,ﾋﾞﾆｶ黒　200Wx10M     (福研),$ﾋﾞﾆｶ,,0
18210320,SUS304 ﾈｼﾞ込BU 3/8X1/4 (10×8),$SUS,P,0
18210321,T-163 ﾊｯﾄｶﾊﾞｰ(B)Assy(ﾉｰﾒｯｸｽ),$T-163,個,0
18210322,T-163 吊りﾏｳﾝﾄ ﾗｯｷｰｽﾀｰNo.15変更新,$T-163,個,0
18210323,SMC 電磁弁　VDW11-6G-2-M5 DC12V,$SMC,P,0
18210324,保護ｶﾊﾞｰ　EB-5 36X40X270L (大阪電機),$ﾎｺﾞ,個,0
18210325,ｹﾞｰｼﾞｶﾞﾗｽ EB-300 π16-125mm(大阪電機,$ｹﾞｰｼﾞ,本,0
18210326,ｹﾞｰｼﾞｶﾞﾗｽﾊﾟｯｷﾝ　π16　(大阪電機),$ｹﾞｰｼﾞ,個,0
18210327,ﾀｷｹﾞﾝ　蝶番　B-1078-11,$ﾀｷｹﾞﾝ,P,0
18210328,UP-100 710X1450X20t,$UP100,枚,0
18210329,ﾅｼｮﾅﾙ　引掛ｷｬｯﾌﾟ　WF6330  (福研),$ﾅｼｮﾅﾙ,,0
18210330,ｳﾚﾀﾝﾊﾟｯﾄﾞ　TR5015H 500X1000,$ｳﾚﾀﾝ,枚,0
18210331,白　SGP ﾈｼﾞﾅｼ　20AX4.0M (半分切り),$ｼﾛSGP,P,0
18210332,SUS304 ｹｼｮｳP #400 1.5X27.2 4.0M,$SUS,P,0
18210333,ｺﾀﾞﾏ　AT-800,$ｺﾀﾞﾏ,P,0
18210334,ｷｮｳｾｲ ｴﾛﾌｧﾝﾊﾟｲﾌﾟ SGP25AX19X6.35X1000,$ｷｮｳｾｲ,P,0
18210335,ﾍﾞｱﾘﾝｸﾞｹｰｼﾝｸﾞAssy(Z-3ﾀｲﾌﾟ)   東静,$ﾍﾞｱﾘﾝ,個,0
18210336,ﾆﾎﾝﾋﾟｽｺ　ﾀｯﾁｼﾞｮｲﾝﾄ(ｴﾙﾎﾞ) PL6-02,$ﾆﾎﾝﾋﾟ,P,0
18210337,ｵｲﾙﾀﾝｸ　壁付　AS-95,$ｵｲﾙ,P,0
18210338,WDN-35D用　ｵｲﾙｼｰﾙ SC150.180.14,$WDN,,0
18210339,WDN-35D用　ｵｲﾙｼｰﾙ TC80.105.13,$WDN,,0
18210340,WDN-35D用 ﾆﾛｽﾘﾝｸﾞ 6320JV,$WDN,,0
18210341,WDN-35D用　VS-35S ﾘﾄﾌｨﾙﾀｰ袋,$WDN,,0
18210342,WDN-35D用　VS-22S ﾘﾝﾄﾌｨﾙﾀｰ袋,$WDN,,0
18210343,角･丸 ｸﾗﾝﾌﾟ50X3/4　　(恵美須),$ｸﾗﾝﾌﾟ,,0
18210344,Tｸﾗﾝﾌﾟ　3/4X3/4  (恵美須),$Tｸﾗﾝﾌ,,0
18210345,ﾚｰﾙｻﾎﾟｰﾄ　　　(恵美須),$ﾚｰﾙ,,0
18210346,DV継手　150X125 IN,$DV,ケ,0
18210347,DV継手　150DT,$DV,ケ,0
18210348,なまし銅管　8X1.0,$ﾅﾏｼ,M,0
18210349,白　ﾕﾆｵﾝ(P)　1/2(or 15A),$ｼﾛﾕﾆｵ,P,0
18210350,Oﾘﾝｸﾞ　P-375　ﾊﾞｲﾄﾝ 374.5*8.4,$Oﾘﾝｸﾞ,本,0
18210351,白　NI 3/4X3,$ｼﾛ,P,0
18210352,白  NI　3/4X4”,$ｼﾛNI,P,0
18210353,立管ﾊﾞﾝﾄﾞ　1/2,$ﾀﾁｶﾝ,P,0
18210354,立管ﾊﾞﾝﾄﾞ　3/4,$ﾀﾁｶﾝ,P,0
18210355,ﾀｯﾋﾟﾝｸﾞ　4X40,$ﾀｯﾋﾟﾝ,C,0
18210356,立管ﾊﾞﾝﾄﾞ　1 1/4,$ﾀﾁｶﾝ,P,0
18210357,立管ﾊﾞﾝﾄﾞ　1,$ﾀﾁ,P,0
18210358,ﾕﾆｵﾝ付ﾌﾚｷ　3/4X1M,$ﾕﾆｵﾝ,P,0
18210359,×ﾎﾞｲﾗﾒｲﾄ　IM-201 11Kg　三浦工業/佐,$ﾎﾞｲﾗ,,0
18210360,ﾃﾌﾛﾝﾃｰﾌﾟ　0.13*38*10   (福研),$ﾃﾌﾛﾝ,巻,0
18210361,ｽﾄｯｸﾊﾞｰ　　(送料別途)　　恵美須,$ｽﾄｯｸ,,0
18210362,別注 PE03X1100X2800 40MMｾﾝﾀｰｼｰﾙﾇｷ(ｱｿ,$ﾎﾟﾘﾌﾞ,枚,0
18210363,ﾊｲｿﾌﾄﾌﾞﾚｰﾄﾞﾎｰｽ　25X33,$ﾊｲｿﾌﾄ,ｍ,0
18210364,ｹﾐﾌﾚｯｸｽ　38X45,$ｹﾐﾌﾚ,ｍ,0
18210365,ﾊﾞﾙﾌﾞﾄﾞﾚﾝﾆｯﾎﾟｰﾙ1203J(WI-401用),$ﾊﾞﾙﾌﾞ,個,0
18210366,ﾎｰｽﾊﾞﾝﾄﾞ HM52(ﾏﾘｰｸﾗﾝﾌﾟ)  (東静),$ﾎｰｽ,個,0
18210367,ｼｰﾙｺﾞﾑ(白) NBR8X(東静)ﾄﾞﾗｲ機ﾄﾞｱﾊﾟｯｷﾝ,$ｼｰﾙ,個,0
18210368,ﾚｰﾙｻﾎﾟｰﾄ　3/4,$ﾚｰﾙ,,0
18210369,白 BU 2×1 1/4,$ｼﾛ,P,0
18210370,白　BU  1 1/4X3/4,$ｼﾛBU,P,0
18210371,白　ﾈｼﾞ込ｴﾙﾎﾞ　1 1/4X1,$ｼﾛ,P,0
18210372,白　ﾌﾟﾗｸﾞ　3/4(20A),$ｼﾛﾌﾟﾗ,P,0
18210373,吊ﾊﾞﾝﾄﾞ　3/4,$ﾂﾘﾊﾞﾝ,P,0
18210374,Ｔ字足　25X80,$Tｼﾞｱｼ,P,0
18210375,KITZ  ﾎﾞｰﾙV  T-400  3/8,$KITZ,P,0
18210376,白　SGP ﾈｼﾞ付　20AX4.0M,$ｼﾛSGP,P,0
18210377,白　ﾈｼﾞ込ｿｹｯﾄ　3/4(20A),$ｼﾛﾈｼﾞ,P,0
18210378,ｱﾙﾐｸﾗﾌﾄﾃｰﾌﾟ,$ｱﾙﾐ,C,0
18210379,宮脇　ｽﾁｰﾑﾄﾗｯﾌﾟ　S31N　3/4(or 20A),$ﾐﾔﾜｷ,P,0
18210380,倉敷　空気ﾊﾞﾈ　PSB-1-145P,$ｸﾗｼｷ,P,0
18210381,RM-8 圧迫ﾛｰﾙｶﾊﾞｰ　　(山本製作所),$RM-8,,0
18210382,ﾕﾆｵﾝﾊﾟｯｷﾝ　1/2,$ﾕﾆｵﾝ,P,0
18210383,ｾﾞﾝｼﾝ　ﾕﾆｵﾝ付ﾌﾚｷ　3/4X500L,$ｾﾞﾝｼﾝ,P,0
18210384,日立　ｼﾞｸﾞｿｰﾌﾞﾚｰﾄﾞ No.96(5ﾏｲ),$ﾋﾀﾁ,C,0
18210385,白　ﾌﾟﾗｸﾞ　1 1/4,$ｼﾛﾌﾟﾗ,P,0
18210386,白 ﾌﾟﾗｸﾞ 1(25A),$ｼﾛ,P,0
18210387,白　ﾈｼﾞ込ｷｬｯﾌﾟ　1,$ｼﾛ,P,0
18210388,積水　ＤＶ排水ｷｬｯﾌﾟ　65,$ｾｷｽｲ,P,0
18210389,積水　ＤＶ排水ｷｬｯﾌﾟ　75,$ｾｷｽｲ,P,0
18210390,ｱｲﾛﾝの友　　　　　　(直本),$ｱｲﾛﾝ,,0
18210391,UP-100　900X3000X20,$UP100,枚,0
18210392,UP-100 ｱｲﾛﾝﾏｯﾄ　800X1500X20　恵美須,$UP100,枚,0
18210393,UP-100ｶﾊﾞｰ　上り800X1500C,$UP100,枚,0
18210394,ﾄﾞﾚｽｱｯﾌﾟ　390S　(100本入),$ﾊﾝｶﾞｰ,本,0
18210395,ｼﾛ　ﾈｼﾞ込ｴﾙﾎﾞ　3/4　(or 20A),$ｼﾛﾈｼﾞ,P,0
18210396,精密ｶﾞﾗｽ噴霧機　　　(吉岡謹),$ｶﾞﾗｽ,,0
18210397,三栄 単式 ﾎﾞｰﾙﾀｯﾌﾟ ﾎﾟﾘ玉付 3/4,$ｻﾝｴｲ,P,0
18210398,ﾕﾆｵﾝﾊﾟｯｷﾝ　3/4,$ﾕﾆｵﾝ,P,0
18210399,ｼﾛ　NI  3/4(20A),$ｼﾛNI,P,0
18210400,ﾕﾆｵﾝﾊﾟｯｷﾝ(ﾃﾌﾛﾝ)  3/4,$ﾕﾆｵﾝ,P,0
18210401,TOK  ﾍﾞｱﾘﾝｸﾞ　DR-22-B2-5.5,$TOK,P,0
18210402,TOK　ﾍﾞｱﾘﾝｸﾞ　DR-22-B3-10.5,$TOK,P,0
18210403,ﾗｯｷｰﾎﾞｰｲ詰替え　1kg*4袋/箱,$ﾗｯｷｰ,袋,0
18210404,SK-340  (1本/箱)     (共立),$SK340,箱,0
18210405,白　ﾈｼﾞ込ｿｹｯﾄ　1'X1/2,$ｼﾛﾈｼﾞ,P,0
18210406,白　ﾈｼﾞ込ｴﾙﾎﾞ　1'X3/4,$ｼﾛﾈｼﾞ,P,0
18210407,白　ﾆｯﾌﾟﾙ　1/2,$ｼﾛNI,P,0
18210408,UP-100　500X600X20　　　(恵美須),$UP100,枚,0
18210409,UP-100 700X1050X15  (恵美須),$UP100,枚,0
18210410,UP-100  730X1160X15   (恵美須),$UP100,枚,0
18210411,UP-100　680X1100X20　(恵美須),$UP100,枚,0
18210412,UP-100　800X1100X20　　(恵美須),$UP100,枚,0
18210413,特上へら(木綿用)    (吉岡謹),$ﾍﾗ,本,0
18210414,白  BU  3/4X1/2(20AX15A),$ｼﾛBU,P,0
18210415,白　NI　1/2X4',$ｼﾛNI,P,0
18210416,白　NI　1/2X8',$ｼﾛNI,P,0
18210417,URﾏｯﾄ　120ﾀｲﾌﾟ　10x660x1220,$URﾏｯﾄ,,0
18210418,ｽｺｯﾄﾌｨﾙﾀｰ　120ﾀｲﾌﾟ,$ｽｺｯﾄ,,0
18210419,不織布　120ﾀｲﾌﾟ,$ﾌｼｮｸﾌ,,0
18210420,Ｕﾏｯﾄ　900X1100X20　　　(恵美須),$Uﾏｯﾄ,,0
18210421,白　異径ﾆｯﾌﾟﾙ　1'X1/2,$ｼﾛｲｹｲ,P,0
18210422,ｾﾞﾝｼﾝ　ﾕﾆｵﾝ付ﾌﾚｷ　1/2X300L,$ｾﾞﾝｼﾝ,P,0
18210423,SMC　ﾊﾟｲﾛｯﾄ弁　SF4-2G-50,$SMC,P,0
18210424,UP-100ｶﾊﾞｰ(ｶ)上り900X1800 P切C　ﾍﾞﾀC,$UP100,枚,0
18210425,ｵﾘﾝﾎﾟｽ ﾋﾟｰｽｶﾞﾝ HP-102B,$ｵﾘﾝﾎﾟ,P,0
18210426,丸型ｱｯﾌﾟｺﾝｾﾝﾄ DU5142P,$ｱｯﾌﾟ,,0
18210427,無地 LLﾛｰﾙ　06X600X300ｍ　(ｱｿﾎﾟﾘ),$LL,本,0
18210428,18Kﾜｯｸｽ　(ｼｰﾂﾛｰﾙ用)　　(恵美須),$ﾜｯｸｽ,缶,0
18210429,TS継手　50X30　S,$TS,ケ,0
18210430,DV継手　65X40　IN,$DV,ケ,0
18210431,DV継手　40X30　IN,$DV,ケ,0
18210432,胴馬　　　　(金子),$ﾄﾞｳｳﾏ,台,0
18210433,中袖馬　　　　(金子),$ﾅｶｿﾃﾞ,,0
18210434,運搬車(大)本体のみ　　　ｵﾘﾀﾆ,$ｳﾝﾊﾟﾝ,台,0
18210435,運搬車(大)綿ｶﾊﾞｰ　　　　　ｵﾘﾀﾆ,$ｳﾝﾊﾟﾝ,枚,0
18210436,PCAD-710用　ｶﾊﾞｰ　　　(山本製作所),$PCAD,,0
18210437,大馬　　　　(金子),$ｵｵｳﾏ,台,0
18210438,長袖　　　　　(金子),$ﾅｶﾞｿﾃ,,0
18210439,肩　　　　　　(金子),$ｶﾀ,,0
18210440,ﾄﾝﾈﾙｸﾘｯﾌﾟ　　　(ｵﾘﾀﾆ),$ﾄﾝﾈﾙ,本,0
18210441,ﾄﾝﾈﾙｸﾘｯﾌﾟ ﾜｲﾄﾞ　　　　(ｵﾘﾀﾆ),$ﾄﾝﾈﾙ,本,0
18210442,MD-1  ﾄﾞﾗｲ用ｿｰﾌﾟ(ｶﾁｵﾝ)15kg,$MD,,0
18210443,MC-301  ﾄﾞﾚｽ用加工のり10L,$MC,,0
18210444,MC-302 ﾄﾞﾚｽ仕上剤H2 ぬめり 10L ﾛｯﾄ/2,$MC,缶,0
18210445,MW-101 ｳｪｯﾄ用前処理剤　4L　ﾛｯﾄ/4ケ,$MW,ケ,0
18210446,MD-4 ﾄﾞﾗｲ前処理剤(改良版) 10L,$MD,,0
18210447,MD-501 抗菌剤D(ﾄﾞﾗｲ用)500ml　ﾛｯﾄ/4ケ,$MD,ケ,0
18210448,ML-502　抗菌剤L(ｳｪｯﾄ用)500ml,$ML,,0
18210449,MNｰ503　抗菌剤N(香りなし)500ml,$MN,,0
18210450,MP-201 粉洗剤AR蛍光剤ﾅｼ 15kg ﾛｯﾄ/4箱,$MP,箱,0
18210451,MP-202　低温過炭酸ｿｰﾀﾞPC-Q,$MP,,0
18210452,MD-4 ﾄﾞﾗｲ用前処理　ｱﾆｵﾝ 15L　ﾛｯﾄ/2缶,$MD,缶,0
18210453,ﾎｰｽｶﾊﾞｰ　　(ｼﾞｭｰｷ),$ﾎｰｽ,,0
18210454,WDN-35D電磁弁 APK11-10A 200A PCAD710,$WDN,,0
18210455,WDN-35D用駆動ｴｱｰ電磁弁 4KA-320-08,$WDN,,0
18210456,WDN-35D用加圧ｴｱｰ電磁弁 4KA-310-08,$WDN,,0
18210457,WDN-35D用加圧ｴｱｰ電磁弁 4KA-330-08,$WDN,,0
18210458,WDN-35D用ｴｱｰ電磁弁組立一式,$WDN,,0
18210459,ｻﾝｴｲ　ﾀﾝｸ取付金具　H35-25　　(ｼﾊﾞﾀ),$ｻﾝｴｲ,ｹ,0
18210460,ﾃﾌﾛﾝ胸前掛　Ｍ　(日東電工 NTF-5600),$ﾃﾌﾛﾝ,枚,0
18210461,NSK　ﾍﾞｱﾘﾝｸﾞ　6204,$NSK,P,0
18210462,ﾃﾌﾛﾝﾁｭｰﾌﾞ　4X6,$ﾃﾌﾛﾝ,ｍ,0
18210463,ｼﾘｺﾝﾁｭｰﾌﾞ　5X7,$ｼﾘｺﾝ,ｍ,0
18210464,ｼﾛ　ﾈｼﾞ込ｿｹｯﾄ　3/8(10A）,$ｼﾛﾈｼﾞ,P,0
18210465,×ﾎﾞｲﾗﾒｲﾄ　IM-102　11kg使用×,$ﾎﾞｲ,,0
18210466,SCL-2090 ﾄﾞﾚﾝﾎｰｽ　　　(ﾁﾊﾞｺｰ),$SCL,,0
18210467,ｼﾙｷｰﾈｯﾄ(M) 白　500X750　F,$ｼﾙｷｰ,枚,0
18210468,RM-8　ﾛｰﾙｶﾊﾞｰ　　　(山本製作所),$RM,,0
18210469,日立　ﾐﾆﾎﾞｰﾙＶ　MB-2　1/2(15A),$ﾋﾀﾁ,P,0
18210470,ｼﾛ　ﾈｼﾞ込ｴﾙﾎﾞ　1/2,$ｼﾛﾈｼﾞ,P,0
18210471,ｼﾛ　ﾆｯﾌﾟﾙ　1/2X10’,$ｼﾛNI,P,0
18210472,平ｶﾊﾞｰ FB60/70/100A(S),$ﾋﾗｶﾊﾞ,,0
18210473,ｼﾞｭﾝﾛﾝ軟質ﾅｲﾛﾝﾁｭｰﾌﾞAS1-70-06-BK6x4.5,$ｼﾞｭﾝﾛ,ｍ,0
18210474,ﾆﾎﾝﾋﾟｽｺ　ﾀｯﾁｼﾞｮｲﾝﾄ(ｽﾄﾚｰﾄ) PC6-01,$ﾆﾎﾝﾋﾟ,P,0
18210475,ｼﾞｭﾝﾛﾝ軟質ﾅｲﾛﾝﾁｭｰﾌﾞ AS1-70-08-BK8X6,$ｼﾞｭﾝﾛ,ｍ,0
18210476,塩ビ排水ｷｬｯﾌﾟ　100,$ｴﾝﾋﾞ,ケ,0
18210477,ＴＳｴﾙﾎﾞ　30,$TS,ケ,0
18210478,塩ビ接着剤　ﾊｹ付　100g,$ｴﾝﾋﾞ,缶,0
18210479,５Ｌﾎﾟﾘ容器　　　(ﾐｽﾞﾎ)送料別途,$5L,個,0
18210480,白鷺ｴﾚﾒﾝﾄ　DC-300　1PC/Case,$ｼﾗｻｷﾞ,箱,0
18210481,白 ﾕﾆｵﾝ(P) 3/4(20A),$ｼﾛﾕﾆ,P,0
18210482,無地 LLﾛｰﾙ　03X900/600X300m(20本ﾛｯﾄ),$LL,本,0
18210483,白　ﾕﾆｵﾝ(P) 1’,$ｼﾛﾕﾆ,P,0
18210484,NL耐油ﾎｰｽ　25X2B,$NLﾀｲﾕ,ｍ,0
18210485,ﾊﾝﾄﾞﾗｯﾌﾟ　200ml　　(ﾎｸｻﾝ),$ﾊﾝﾄﾞ,個,0
18210486,RM-8 (H6) ﾛｰﾀﾘｰｼﾞｮｲﾝﾄ　(山本製作所),$RM,,0
18210487,RM-8(H6)ﾛｰﾀﾘｰｼﾞｮｲﾝﾄ付属部品一式,$RM,,0
18210488,TSｿｹｯﾄ　30,$TS,ケ,0
18210489,ＴＳｿｹｯﾄ　65X50,$TS,ケ,0
18210490,ＴＳｿｹｯﾄ　50X30,$TS,ケ,0
18210491,硬度指示薬　30ml,$ｺｳﾄﾞ,本,0
18210492,ｻﾆｸﾘﾝﾄﾞﾗｲ のみ 4L入り(抗菌剤) 恵美須,$ｻﾆｸﾘﾝ,,0
18210493,PCAD-710 ﾌﾚｷﾎｰｽ 1/2X1000L （山本),$PCAD,,0
18210494,VS-22S 温度計　　　　(山本),$VS,,0
18210495,ｱｸﾘﾘｯｸｽ　20cc,$ｱｸﾘ,本,0
18210496,固着剤　P　小,$ｺﾁｬｸ,,0
18210497,洋金粉　50g,$ﾖｳｷﾝ,,0
18210498,ﾗﾝﾄﾞﾘｰﾊﾞｯｸ用ﾄﾞﾗｲ袋　ﾌﾞﾙｰのみ　(ｵﾘﾀﾆ),$ﾗﾝﾄﾞﾘ,枚,0
18210499,ｱﾙﾐ粉　No.90　15g,$ｱﾙﾐｺﾅ,,0
18210500,K-23　平台ｶﾊﾞｰ　　(金子),$ｶﾈｺ,枚,0
18210501,SUS304　単NI　1/2,$SUS,P,0
18210502,KITZ 　ﾎﾞｰﾙＶ　TK-600　1/2,$KITZ,P,0
18210503,ｻﾆｸﾘｰﾝﾄﾞﾗｲのみ　2L,$ｻﾆｸﾘ,,0
18210504,SUS304　ﾈｼﾞ込Ｌ 1/2　15,$SUS,P,0
18210505,ﾃﾞﾙﾘﾝﾍﾞｱﾘﾝｸﾞ　DR-22-B3-10.5,$ﾃﾞﾙﾘﾝ,P,0
18210506,ﾀｶﾁ　MB-23,$ﾀｶﾁ,,0
18210507,ｸﾘｰﾝﾉｰﾙ手袋 NO.20(耐溶剤用)S･M･L,$ﾃﾌﾞｸﾛ,双,0
18210508,ﾋﾟｰｽｶﾞﾝ布巻ｴｱｰﾎｰｽ 2m･Lｼﾞｮｲﾝﾄ+Sｼﾞｮｲﾝﾄ,$ﾋﾟｰｽ,本,0
18210509,塩ビﾊﾟｲﾌﾟ　VP-100　200L,$ｴﾝﾋﾞ,本,0
18210510,SUS304　径違いﾈｼﾞ込S　1/4X1/8,$SUS,P,0
18210511,SUS304　ﾈｼﾞ込L　1/8,$SUS,P,0
18210512,SUS304　両長NI　10Ax250L,$SUS,P,0
18210513,SUS304　両長NI　6Ax100L,$SUS,P,0
18210514,SUS304　両長NI　6Ax200L,$SUS,P,0
18210515,UP-100　ｶﾈｼ産業 600X900切　　(恵美須,$UP100,枚,0
18210516,UP-100　ｶﾈｼ産業 720X1300切　(恵美須),$UP100,枚,0
18210517,ｼﾛ　NI　15A,$ｼﾛNI,P,0
18210518,ＴＳ　ｴﾙﾎﾞ　50,$TS,ケ,0
18210519,TRUSCO　ｸﾞﾘｰｽｶﾞﾝ(直入専用)　PK-32,$TRU,P,0
18210520,URﾏｯﾄ　FB-8S,$URﾏｯﾄ,,0
18210521,平ｶﾊﾞｰ　FB-8S,$ﾋﾗ,,0
18210522,ｱﾙﾊﾞﾆｱ　NO.2　2.5K　(ｸﾞﾘｰｽ),$ｱﾙﾊﾞﾆ,P,0
18210523,ﾎﾟﾘ広口瓶　10L　目盛付　(ﾎｸｻﾝ),$10L,個,0
18210524,ﾒｯｷ　Uﾎﾞｰﾄ　3/8X1 1/4,$ﾒｯｷ,P,0
18210525,KITZ　ﾎﾞｰﾙV　TK-600　1/8 or 6A,$KITZ,P,0
18210526,WDN-35D(H7）ｻｲﾚﾝｻｰﾌﾗﾝｼﾞ(SUS)65A,$WDN,,0
18210527,WDN-35D(H7) ﾌﾗﾝｼﾞﾊﾟｯｷﾝ　65A,$WDN,,0
18210528,SUS304　化粧P　#400 1.5X27.2  6.0M,$SUS,P,0
18210529,SUS304　ｼﾞｮｲﾝﾄﾊﾟｲﾌﾟ　27.2X1.5用,$SUS,P,0
18210530,Oﾘﾝｸﾞ　P-2　(ﾊﾞｲﾄﾝ),$Oﾘﾝｸﾞ,,0
18210531,和服用ﾊﾝｶﾞｰ　ﾌﾞﾙｰ　10本/箱　(ｵﾘﾀﾆ),$ﾊﾝｶﾞｰ,本,0
18210532,ﾒｯｷ　寸切ﾎﾞﾙﾄ　3/8x1000,$ﾒｯｷｽﾞ,P,0
18210533,ｼﾞｬﾝｸｼｮﾝ,$ｼﾞｬﾝｸ,,0
18210534,運搬車(中)本体のみ　　　(ｵﾘﾀﾆ),$ｳﾝﾊﾟﾝ,台,0
18210535,運搬車(中)綿ｶﾊﾞｰ,$ｳﾝﾊﾟﾝ,枚,0
18210537,ｻﾄﾞﾙﾊﾞﾝﾄﾞ　R60-40mm(ｻﾝｴｲ)　(ｼﾊﾞﾀ),$ｻﾄﾞﾙ,ケ,0
18210538,SBG用ﾎﾟﾝﾌﾟ先端逆止弁部Oﾘﾝｸﾞ(S-3),$SBG,個,0
18210539,SBG　ﾄﾞﾚﾝ止めOﾘﾝｸﾞ(M-4),$SBG,個,0
18210540,ｼﾛ　BU　25Ax20A(1x3/4),$ｼﾛBU,P,0
18210541,ｵｻﾞﾜ　SFｵｲﾙ　18㍑　(ﾐｼﾝｵｲﾙ)　(小山),$ｵｻﾞﾜ,,0
18210542,塩ビﾊﾟｲﾌﾟ　VP-50x4M,$ｴﾝﾋﾞ,本,0
18210543,ｼﾛ　ﾕﾆｵﾝ(P)　10A,$ｼﾛﾕﾆ,P,0
18210544,SMC 電磁弁 VPS2135-032C,$SMC,P,0
18210545,ｵｰﾙSUS304 片方ﾕﾆｵﾝ/片方ﾒﾈｼﾞ1/2x1000L,$ｵｰﾙ,P,0
18210546,URﾏｯﾄ　F-1720　万能馬用,$URﾏｯﾄ,,0
18210547,ｽｺｯﾄﾌｨﾙﾀｰ　M-1720/F-1720,$ｽｺｯﾄ,,0
18210548,馬不織布　M-1720/F-1720,$ﾌｼｮｸﾌ,,0
18210549,ｶﾊﾞｰ(ｺｰﾈｯｸｽ)F-1720　万能馬,$ｶﾊﾞｰ,,0
18210550,日立　HM10K　SD　1 1/4,$ﾋﾀﾁ,P,0
18210551,ｼﾘｺﾝｽﾎﾟﾝｼﾞ　6X15X720　　(ﾆﾌｽｺ),$ｼﾘｺﾝ,,0
18210552,組ﾌﾗﾝｼﾞﾊﾟｯｷﾝ　1 1/4,$ｸﾐﾌﾗﾝ,P,0
18210553,UP-200 ｶﾈｼ産業 3200X700X10 ｱｲﾛﾝﾏｯﾄ,$UP,枚,0
18210554,ｼﾘｺﾝｺﾞﾑ(硬度60°)2ｔx25x1000　(ﾆﾌｽｺ),$ｼﾘｺﾝ,,0
18210555,TS　CAP　75,$TS,ケ,0
18210556,ﾆﾄﾌﾛﾝ　ｶﾞﾗｽｺｰﾃｨﾝｸﾞ粘着ﾃｰﾌﾟ　124-6933,$ﾆﾄﾌﾛﾝ,P,0
18210557,分配用ｸﾘｯﾌﾟ　②　　(ｵﾘﾀﾆ),$ﾌﾞﾝﾊﾟ,本,0
18210558,ﾗﾊﾞﾀﾝｽﾎﾟﾝｼﾞ　10x1800x900　(大阪電機),$ﾗﾊﾞﾀﾝ,枚,0
18210559,平台ｶﾊﾞｰ(TZ)　1800x900　(大阪電機),$ﾋﾗﾀﾞｲ,枚,0
18210560,ﾊﾝﾏｰｷｬｽﾀｰ　420G-N　65,$ﾊﾝﾏｰ,P,0
18210561,白鷺ｴﾚﾒﾝﾄ　DC-450L　2PC/Case,$ｼﾗｻｷﾞ,箱,0
18210562,ﾀﾞｲﾗｲﾄ Y3000　Y型ﾛｰﾀﾘｰﾀﾝｸ 3000L,$ﾀﾞｲﾗｲ,P,0
18210563,KITZ　ｹﾞｰﾄV　FH-125　3/4,$KITZ,P,0
18210564,ｸﾛﾊﾞｰ　ﾚｰｽ針　ﾍﾟﾝE　No.6　41-606,$ｸﾛﾊﾞｰ,,0
18210565,ﾃﾌﾛﾝ胸前掛　NO.296 L,$ﾃﾌﾛﾝ,枚,0
18210566,ｸﾛﾊﾞｰ　ﾚｰｽ針ﾍﾟﾝE　No.8　(41-608),$ｸﾛﾊﾞｰ,,0
18210567,SK-470　(1本/箱)　　　(共立),$SK,箱,0
18210568,ｵｻﾞﾜ　SFｵｲﾙ　4㍑　　　(小山ﾐｼﾝ),$ｵｻﾞﾜ,,0
18210569,SUS　BT　8X35,$SUS,P,0
18210570,KITZ　ｽｨﾝｸﾞﾁｬｯｷV　R-125　1/2(15A),$KITZ,P,0
18210571,白　ﾈｼﾞ込ｴﾙﾎﾞ　10A,$ｼﾛﾈｼﾞ,P,0
18210572,白　ﾈｼﾞ込ｿｹｯﾄ　15AX10A,$ｼﾛﾈｼﾞ,P,0
18210573,白　ﾈｼﾞ込ｴﾙﾎﾞ　15A,$ｼﾛﾈｼﾞ,P,0
18210574,白　ﾌﾟﾗｸﾞ　15A,$ｼﾛﾌﾟﾗ,P,0
18210575,白　ﾈｼﾞ込ｷｬｯﾌﾟ　15A,$ｼﾛﾈｼﾞ,P,0
18210576,日ﾌﾟﾚ　251A型　ﾄﾞﾗｲ機ｶｰﾄﾘｯｼﾞ(ｼｰｴﾙ),$ﾆｯﾌﾟﾚ,本,0
18210577,ﾚｸﾀｰｸｲｯｸﾃｰﾌﾟ　QT-2,$ﾚｸﾀｰ,P,0
18210578,×(I)ﾃﾞｨｱﾊｰﾄ指示ﾀｸﾞ60X120白　(ｱｿﾎﾟﾘ),$ﾀｸﾞ,点,0
18210579,チャコ消し 16cc (1c/s 6本入)　(袖山),$ﾁｬｺ,本,0
18210580,SK-451ND　(2本入/箱),$SK,本,0
18210581,塩ビ排水ｷｬｯﾌﾟ　125,$ｴﾝﾋﾞ,ケ,0
18210582,ﾊﾝﾏｰｷｬｽﾀｰ　413S-N50,$ﾊﾝﾏｰ,P,0
18210583,UP-100　690X1120切(15t),$UP100,枚,0
18210584,UP-100　1000X1600切(20t),$UP100,枚,0
18210585,ｻﾄﾞﾙﾊﾞﾝﾄﾞ　R60-30mm(ｻﾝｴｲ)　　ｼﾊﾞﾀ,$ｻﾄﾞﾙ,ケ,0
18210586,塩ビｷｬｯﾌﾟ　VP-4,$ｴﾝﾋﾞ,,0
18210587,VS-22S　ﾘﾝﾄﾌｨﾙﾀｰ　　(山本),$VS,,0
18210588,VS-35S　ﾘﾝﾄﾌｨﾘﾀｰ　　(山本),$VS,,0
18210589,三和化成　ｲﾝｸ消し　16ml　　(恵美須),$ｲﾝｸ,本,0
18210590,ﾊﾞﾎﾟﾚﾗ ｲﾉｯｸｯｽ1000　ﾎﾞｲﾗｰﾊﾟｯｷﾝ,$ﾊﾞﾎﾟﾚ,個,0
18210591,SUS304　ﾈｼﾞ込P　6　or　8,$SUS,P,0
18210592,×CKD電磁弁　AB41-03-3-C4A-AC100V×,$CKD,P,0
18210593,ﾕﾆｽｰﾊﾟｰ　Ｏﾘﾝｸﾞ　　(三立電機),$ﾕﾆ,個,0
18210594,ﾕﾆｽｰﾊﾟｰ　ﾃﾌﾛﾝ大　　(三立電機),$ﾕﾆ,個,0
18210595,A&D　ﾃﾞｼﾞﾀﾙはかり　FG-150KAL,$A&D,P,0
18210596,ｼﾛ　NI　10Ax200,$ｼﾛNI,P,0
18210597,SUS304　長NI　10X150,$SUS,P,0
18210598,ｻﾝﾎﾞｯｸｽ　40　OR　　(ﾎｸｻﾝ),$ｻﾝ,個,0
18210599,ｻﾝﾎﾞｯｸｽ　40用フタ　OR　　(ﾎｸｻﾝ),$ｻﾝ,枚,0
18210600,白　SGP　ﾈｼﾞﾅｼ　15Ax4.0m,$ｼﾛSGP,P,0
18210601,荏原　ﾌﾚｯｼｬｰﾐﾆ　200V　32HPN6.4,$ｴﾊﾞﾗ,P,0
18210602,白　BU　40AX20A,$ｼﾛBU,P,0
18210603,塩ビ　排水ｷｬｯﾌﾟ　75,$ｴﾝﾋﾞ,ｹ,0
18210604,ﾌﾟﾗｽﾁｯｸﾌﾟﾚｰﾄ　WN6054W,$ﾌﾟﾗｽ,,0
18210605,ﾅｼｮﾅﾙ 引掛埋込ｺﾝｾﾝﾄ WF2331B 30A 250V,$ﾅｼｮ,個,0
18210606,ﾅｼｮﾅﾙ 引掛ｺﾝｾﾝﾄ WK2331B 30A 250V,$ﾅｼｮ,個,0
18210607,VS-22S　ﾌｧﾝﾓｰﾀｰのみ　4P-0.75KW,$VS,,0
18210608,三菱　NV50KC　2P　30A　30mA,$ﾐﾂﾋﾞｼ,,0
18210609,ｷｬﾆｵﾝｽﾌﾟﾚｰ　　(ﾂｰｴﾑ),$ｷｬﾆｵﾝ,,0
18210610,ﾉﾝｱｽ　ﾕﾆｵﾝﾊﾟｯｷﾝ　T/#1995  1/2,$ﾉﾝｱｽ,P,0
18210611,ﾉﾝｱｽ　ﾕﾆｵﾝﾊﾟｯｷﾝ　T/#1995　3/4,$ﾉﾝｱｽ,P,0
18210612,ｶﾞﾗｽﾃﾌﾛﾝ接着無 100-3 0.07tX1000X1000,$ｶﾞﾗｽ,枚,0
18210613,ﾋｰﾀｰ線　t0.2x10x1200　　(東静),$ﾋｰﾀｰ,個,0
18210614,5ﾐﾘﾋｰﾀｰ線 A-755 B-727 C-20 D-5用･ｼｶﾞ,$ﾋｰﾀｰ,,0
18210615,ﾐﾔﾜｷ 蒸気用減圧弁 RE2型 3/8 or 10A,$ﾐﾔﾜｷ,P,0
18210616,A7-03 2C LL紙管巻018X360X300m柄入り,$LL,本,0
18210617,白　ﾈｼﾞ込ｿｹｯﾄ　10A,$ｼﾛﾈｼﾞ,P,0
18210618,ｸﾞﾗｽｳｰﾙ　ｱﾙﾐ付　10X25m/m,$ｸﾞﾗｽ,P,0
18210619,白　ﾈｼﾞ込T　8A(1/4),$ｼﾛ,P,0
18210620,ﾎｰｽﾆｯﾌﾟﾙ　7X1/4,$ﾎｰｽ,P,0
18210621,ﾕﾆｽｰﾊﾟｰ　ﾎｰｽﾎﾙﾀﾞｰ　(三立電機),$ﾕﾆ,個,0
18210622,ﾕﾆｽｰﾊﾟｰ　ﾎﾞﾄﾙﾎﾙﾀﾞｰ　(三立電機),$ﾕﾆ,個,0
18210623,ｽﾃｨｯｸｴｰｽ　(ｱｲﾛﾝｸﾘｰﾅｰ) 10本/箱  ﾐｽﾞﾎ,$ｽﾃｨｯｸ,本,0
18210624,ｱｾｰﾇ　10ｾｯﾄ入　(汗取りﾊﾟｯﾄ)ﾏﾙｿｰｸﾘｴｲﾄ,$ｱｾｰﾇ,箱,0
18210625,ｽﾄｯｸﾊﾞｰ　　(送料込)　　ﾏﾙｿｰｸﾘｴｲﾄ,$ｽﾄｯｸ,本,0
18210626,保管用ﾌｯｸ,$ﾎｶﾝ,本,0
18210627,ﾀﾞｸﾄEE型　90φ,$ﾀﾞｸﾄ,m,0
18210628,ﾄﾗｲﾄﾞﾝﾊﾞﾝﾄﾞ　HS-56,$ﾄﾗｲﾄﾞ,ケ,0
18210629,真鍮丸ﾊﾟｲﾌﾟ　8X2.0X300,$ｼﾝﾁｭｳ,P,0
18210630,日立　ﾐﾆﾎﾞｰﾙV　MB-2　3/8(10A),$ﾋﾀﾁ,P,0
18210631,TS ｴﾙﾎﾞ　16,$TS,ｹ,0
18210632,TS　ﾁｰｽﾞ　16,$TS,ｹ,0
18210633,ﾎｰｽﾆｯﾌﾟﾙ　14X1/2,$ﾎｰｽ,P,0
18210634,ｼﾝﾌﾟﾙﾘｰﾄﾞHﾛﾝｸﾞｸﾛ新型(ﾊﾝｶﾞｰ)520本/ｹｰｽ,$ｼﾝﾌﾟﾙ,本,0
18210635,UP-100(ｶﾈｼ)　700X1140切,$UP100,枚,0
18210636,不織布　150ﾀｲﾌﾟ,$ﾌｼｮｸ,,0
18210637,KITZ　ﾎﾞｰﾙV　T-400　1/2,$KITZ,P,0
18210638,ｼﾞｭﾋﾞﾘｰﾊﾞﾝﾄﾞ　000,$ｼﾞｭﾋﾞ,P,0
18210639,無地 PP 03X600/500X300m  (ｱｿﾎﾟﾘ),$PP,本,0
18210640,VS-22S　ﾋｰﾀｰ,$VS,,0
18210641,VS-22S　ﾋｰﾀｰ前中ﾌﾀﾊﾟｯｷﾝ,$VS,,0
18210642,ﾄﾗｲﾄﾞﾝﾊﾞﾝﾄﾞ(ｽﾀﾝﾀﾞｰﾄﾞ) HS-24,$ﾄﾗｲﾄﾞ,ケ,0
18210643,岩田　重量式ｶｯﾌﾟ　PC-5,$ｲﾜﾀ,P,0
18210644,ひとまとめくん　ﾋﾟﾝﾁ付　　(ｵﾘﾀﾆ),$ﾋﾄﾏﾄﾒ,本,0
18210645,ｶﾗｰﾎｰﾏｰ　YAA-002,$ｶﾗｰ,,0
18210646,ﾎﾞﾀﾝ掛け,$ﾎﾞﾀﾝ,,0
18210647,ｻｷﾞﾉﾐﾔ 圧力ｽｲｯﾁ　6KG　SNS-106 200V,$ｻｷﾞﾉﾐ,P,0
18210648,ﾜｲｼｬﾂﾊﾝｶﾞｰR1ｸﾛ　(960本/ｹｰｽ),$ﾜｲｼｬﾂ,本,0
18210649,ﾋﾟﾝﾁﾊﾝｶﾞｰ黒　(480本入)　　ﾏﾙｿｰ,$ﾋﾟﾝﾁ,ｹｰｽ,0
18210650,×ﾈｸﾀｲｸﾘｯﾌﾟ 新　(5000本/ｹｰｽ)　使用×,$ﾈｸﾀｲ,本,0
18210651,白　ﾈｼﾞ込Ｔ　20A,$ｼﾛﾈｼﾞ,P,0
18210652,掛棒　　②　　　(ｵﾘﾀﾆ),$ｶｹﾎﾞｳ,本,0
18210653,ﾍﾞﾝ　電磁弁　PS-12-W　3/4,$ﾍﾞﾝ,P,0
18210654,三菱　有圧換気扇　EF35CTB1,$ﾐﾂﾋﾞｼ,P,0
18210655,ｲﾝﾅｰﾁｭｰﾌﾞ 3.5M,$ｲﾝﾅｰ,本,0
18210656,ﾋｰﾀｰ　585*840*245　　(ｸﾞｯﾄﾞﾆｰｽﾞ),$ﾋｰﾀｰ,器,0
18210657,ﾜｲｼｬﾂｽﾀﾝﾄﾞＨ型,$ﾜｲｼｬﾂ,台,0
18210658,ﾘﾝｸﾞﾌｫｰﾏｰＬ　　(ｵﾘﾀﾆ),$ﾘﾝｸﾞ,本,0
18210659,HS440ｸﾘｽﾀﾙ(名入れ)　200本/箱,$HS440,本,0
18210660,ﾃﾞﾘﾊﾞﾘｰﾎﾞｯｸｽ　ﾌﾞﾙｰ(台板),$ﾃﾞﾘﾊﾞ,枚,0
18210661,台五郎　(付属品/ｺﾞﾑﾍﾞﾙﾄ金具付),$ﾀﾞｲｺﾞ,台,0
18210662,台五郎用立体用ﾊﾟｲﾌﾟ 2本ｾｯﾄ,$ﾀﾞｲｺﾞ,本,0
18210663,ﾋｰﾀｰ線　0.2tX10X3ｍ　　(東静),$ﾋｰﾀｰ,個,0
18210664,ﾆﾄﾌﾛﾝｶﾞﾗｽｺｰﾃｨﾝｸﾞ粘着ﾃｰﾌﾟNO.973UL13mm,$ﾆﾄﾌﾛﾝ,P,0
18210665,ﾆﾄﾌﾛﾝｶﾞﾗｽｺｰﾃｨﾝｸﾞ粘着ﾃｰﾌﾟNO.973UL30mm,$ﾆﾄﾌﾛﾝ,P,0
18210666,ﾋｰﾀｰ　100V-1000W　J-88　(大阪電機),$ﾋｰﾀｰ,枚,0
18210667,ﾅｼｮﾅﾙ　蛍光灯　FSA42001F　VPN9,$ﾅｼｮ,本,0
18210668,ｽｲｺｰ　K型大型容器620L　K-620,$ｽｲｺｰ,P,0
18210669,OPPﾈｸﾀｲ袋(ﾋﾓ付)　100枚入り　(ｱｿﾎﾟﾘ),$OPPﾈｸ,,0
18210670,ｻﾝｺｳ ﾊﾝﾃﾞｨ検針器 TY-30K 金属探知器,$ｻﾝｺｳ,,0
18210671,SUS304　ﾈｼﾞ込P　10,$SUS,P,0
18210672,CKD 蒸気用電磁弁 APK11-15A-C4A-AC200,$CKD,P,0
18210673,CKD 蒸気用電磁弁 APK11-20A-C4A-AC200,$CKD,P,0
18210674,CKD 水用電磁弁 J240-141-WV-15A200V,$CKD,P,0
18210675,風管　p75X750NR　　(東静),$ﾌｳｶﾝ,個,0
18210676,ﾊﾞﾙﾌﾞﾄﾞﾚﾝﾆｯﾎﾟｰﾙ 1203J 硬度60度(D-221,$ﾊﾞﾙﾌﾞ,個,0
18210677,無地　PP　025X600X500ｍ　(ｱｿﾎﾟﾘ),$PP,本,0
18210678,ｱﾈｽﾄ岩田　ﾎﾞｳﾙｸﾐﾀﾃ　1137-BOWL,$ｱﾈｽﾄ,P,0
18210679,日立　ﾐﾆﾎﾞｰﾙV　MB-2　20A,$ﾋﾀﾁ,P,0
18210680,SUS304　ﾈｼﾞ込L　20,$SUS,P,0
18210681,SUS304　長NI　20X150,$SUS,P,0
18210683,SUS304　単NI　20,$SUS,P,0
18210684,RM-8用　Vﾍﾞﾙﾄ　A-27,$RM-8,,0
18210685,RM-8用　Vﾍﾞﾙﾄ　A-44,$RM-8,,0
18210686,三菱　有圧換気扇　EF-30BTB1,$ﾐﾂﾋﾞｼ,P,0
18210687,CT-2A(10F001)　ﾛﾑ VS935-21,$CT-2A,個,0
18210688,URﾏｯﾄ　150ﾀｲﾌﾟ　10X950X1550,$URﾏｯﾄ,,0
18210689,ｽｺｯﾄﾌｨﾙﾀｰ　150ﾀｲﾌﾟ,$ｽｺｯﾄ,,0
18210690,防毒ﾏｽｸ　GM76-V2　Ｍ,$ﾎﾞｳﾄﾞ,個,0
18210691,吸収缶　CA-104NⅡ/OV,$ｷｭｳｼｭ,個,0
18210692,薬液飛沫防止ｺﾞｰｸﾞﾙ FG-32,$ﾔｸｴｷ,個,0
18210693,×OPPﾈｸﾀｲ袋(ﾋﾓ付き)500枚入　　　ｱｿﾎﾟ,$OPPﾈｸ,袋,0
18210694,ｲﾝﾅｰﾁｭｰﾌﾞ　2.0ｍ,$ｲﾝﾅｰ,,0
18210695,無地PP 025X600/500X300m 20本次回値上,$PP,本,0
18210696,無地LL 025X900/600X300m(20P単価)次UP,$LL,本,0
18210697,ｼﾞｬﾝﾎﾞ毛玉取りDX,$ｼﾞｬﾝ,,0
18210698,ｽﾘﾑｸﾘｯﾌﾟ　黒　(1000個入),$ｽﾘﾑｸﾘ,ｹｰｽ,0
18210699,PCAD-710 ﾍﾟﾙﾌﾚｯｸｽﾎｰｽ 12φX12m(山本),$PCAD,,0
18210700,PCAD-710 ﾍﾟﾙﾌﾚｯｸｽﾎｰｽ 4φX2m(山本),$PCAD,,0
18210701,TSｿｹｯﾄ　50,$TS,ケ,0
18210702,CKD　ﾚｷﾞｭﾚﾀｰ　R3000-10,$CKD,P,0
18210703,CKD　ﾚｷﾞｭﾚﾀｰ　W3000-10F,$CKD,P,0
18210704,CKD　ｴｱ電磁弁　4KA310-L　200V,$CKD,P,0
18210705,CKD　ｴｱ電磁弁　4KA330-L　200V,$CKD,P,0
18210706,CKD　ｴｱ電磁弁　4KA320-L　200V,$CKD,P,0
18210707,TAIYO　ｽﾋﾟｺﾝﾏﾌﾗｰ　SM102,$TAIYO,P,0
18210708,SW-90-W　　(岡本),$SW,PCS,0
18210709,ｲﾜﾀ　ｺﾝﾌﾟﾚｯｻｰｵｲﾙ　1L,$ｲﾜﾀ,P,0
18210710,PE　TC-30ｾｯﾄ,$PETC,,0
18210711,ﾄﾗｲﾄﾞﾝﾊﾞﾝﾄﾞ(ｽﾀﾝﾀﾞｰﾄﾞ)　HS-12,$ﾄﾗｲﾄﾞ,ケ,0
18210712,ｱﾈｽﾄ岩田　SP-07CPB用部品　逆止弁,$ｱﾈｽﾄ,P,0
18210713,ﾄﾖｽﾌﾟﾘﾝｸﾞﾎｰｽ　19x26　　　(ｼﾊﾞﾀ),$ﾄﾖ,ｍ,0
18210714,ﾆｯﾄｳNO.973UL(0.13x30x10m)ﾆﾄﾌﾛﾝｶﾞﾗｽ･･,$ﾆｯﾄｳ,P,0
18210715,ｱﾈｽﾄ岩田 ﾚﾘｰｽﾊﾞﾙﾌﾞLV-6B(SP-07CPB用),$ｱﾈｽﾄ,P,0
18210716,ｱﾈｽﾄ岩田 安全弁SVB-2B-108(SP-07CPB用,$ｱﾈｽﾄ,P,0
18210717,白　ﾈｼﾞ込ｴﾙﾎﾞ　15AX10A,$ｼﾛﾈｼﾞ,P,0
18210718,ｱﾙﾐ付ﾏｲｸﾛｳｰﾙ　10AX20t,$ｱﾙﾐﾂｷ,P,0
18210719,白　NI　3/8X3000,$ｼﾛNI,P,0
18210720,白　NI　3/8X1000,$ｼﾛNI,P,0
18210721,白　ﾈｼﾞ込ｿｹｯﾄ　20AX15A,$ｼﾛﾈｼﾞ,P,0
18210722,Ｔ字足　25X60,$Tｼﾞｱｼ,P,0
18210723,吊ﾊﾞﾝﾄﾞ　15,$ﾂﾘﾊﾞﾝ,P,0
18210724,(ｶ)UP-100　600X1300切　P(ｱｲﾛﾝﾏｯﾄ),$ｶ,,0
18210725,(ｶ)UP-100　上り1000X1700C#259,$ｶ,,0
18210726,ｼﾘｺﾝﾃｰﾌﾟ　　(ﾀﾆｸﾞﾁ ｼｽﾃﾑ),$ｼﾘｺﾝﾃ,,0
18210727,小ﾊﾟｯﾄ　(ﾊﾟﾌ･小手)　(広洋化学),$ﾊﾟｯﾄ,,0
18210728,ﾀｷｹﾞﾝ　ﾊﾟｯｷﾝ　FC-781-1　2.5ｍ,$ﾀｷｹﾞﾝ,本,0
18210729,白 ﾈｼﾞ込T 20AX15A,$ｼﾛﾈｼﾞ,P,0
18210730,白 ﾈｼﾞ込T 25AX15A,$ｼﾛﾈｼﾞ,P,0
18210731,白 ﾈｼﾞ込T 25AX20A,$ｼﾛﾈｼﾞ,P,0
18210732,KITZ ﾎﾞｰﾙV Z-600 15A,$KITZ,P,0
18210733,白 NI 20A,$ｼﾛNI,P,0
18210734,白 NI 20AX50,$ｼﾛNI,P,0
18210735,白 NI 15AX50,$ｼﾛNI,P,0
18210736,白 NI 15AX65,$ｼﾛNI,P,0
18210737,白 NI 15AX75,$ｼﾛNI,P,0
18210738,ﾏｲｸﾛｳｰﾙ(ｱﾙﾐ)　15AX20,$ﾏｲｸﾛｳ,P,0
18210739,ﾏｲｸﾛｳｰﾙ(ｱﾙﾐ)　25AX20,$ﾏｲｸﾛｳ,P,0
18210740,KITZ　ﾘﾌﾄﾁｬｯｷV　F-150　15A,$KITZ,P,0
18210741,KITZ　ｽｨﾝｸﾞﾁｬｯｷV　R-125　20A,$KITZ,P,0
18210742,まもる君Jr用ﾉｽﾞﾙ,$ﾏﾓﾙｸﾝ,,0
18210743,まもる君Jr片穴ﾌﾞﾗｹｯﾄ,$ﾏﾓﾙｸﾝ,,0
18210744,CKD 電磁弁 ADK11-25A-P2C AC200V,$CKDﾃﾞ,P,0
18210745,SMC　電磁弁VXZ2360-10-2GR1 AC200V,$SMC,P,0
18210746,Ｕﾊﾝｶﾞｰ440EXｸﾛ(240本入)　ﾏﾙｿｰ,$ﾊﾝｶﾞｰ,本,0
18210747,ﾀｯｸ押え布ｶﾊﾞｰ　YST-051A　(YAC),$ﾀｯｸ,個,0
18210748,下鏝布ｶﾊﾞｰ　YST-4241　　(YAC),$ｼﾀｺﾞﾃ,個,0
18210749,下鏝ｸﾚﾛｯｸ　　(YAC),$ｼﾀｺﾞﾃ,個,0
18210750,下鏝ｼﾘｺﾝﾊﾟｯﾄ　　(YAC),$ｼﾀｺﾞﾃ,個,0
18210751,上鏝布ｶﾊﾞｰ縫い込みﾊﾟｯﾄ　(YAC),$ｳﾜｺﾞﾃ,個,0
18210752,下鏝布ｶﾊﾞｰ縫い込みﾊﾟｯﾄ　(YAC),$ｼﾀｺﾞﾃ,個,0
18210753,下鏝布ｶﾊﾞｰ　YST-4510　(YAC),$ｼﾀｺﾞﾃ,個,0
18210754,ｳｪｲﾄｸﾘｯﾌﾟ 100g(2個ｾｯﾄ)　　(ｵﾘﾀﾆ),$ｳｪｲﾄ,ｾｯﾄ,0
18210755,ﾍﾞﾝﾂｸﾘｯﾌﾟ　　　　(ｵﾘﾀﾆ),$ﾍﾞﾝﾂ,本,0
18210756,上下ｼﾘｺﾝﾊﾟｯﾄﾞ(YST-4510用)　(YAC),$ｼﾞｮｳｹ,個,0
18210757,上下ｸﾚﾛｯｸﾊﾟｯﾄ　　(YAC),$ｼﾞｮｳｹ,個,0
18210758,ﾊﾟﾝﾂ布ｶﾊﾞｰ(YST-051用)　　(YAC),$ﾊﾟﾝﾂ,個,0
18210759,ﾊﾟﾝﾂﾊﾟｯﾄ　　　(YAC),$ﾊﾟﾝﾂ,個,0
18210760,SMC　電磁弁　VXP2140S-04-2G,$SMC,P,0
18210761,白　NI　15Ax150,$ｼﾛNI,P,0
18210762,ﾉﾝｱｽ 蒸気用ﾕﾆｵﾝﾊﾟｯｷﾝ T/#1120 15,$ﾉﾝｱｽ,P,0
18210763,CKD　電磁弁　APK11-25A-C4A　200V,$CKD,P,0
18210764,中鏝布ｶﾊﾞｰ　YST-4510用,$ﾅｶｺﾞﾃ,個,0
18210765,中鏝縫い込みﾊﾟｯﾄ,$ﾅｶｺﾞﾃ,個,0
18210766,ﾌﾘｰﾊﾞｯｸ５段　　　(ｵﾘﾀﾆ),$ﾌﾘｰﾊﾞ,枚,0
18210767,ﾉﾝｱｽ　蒸気用ﾕﾆｵﾝﾊﾟｯｷﾝ　T/#1120  25,$ﾉﾝｱｽ,P,0
18210768,ｵﾑﾛﾝ　WLNJ　　(ｳｨﾌﾞﾃｯｸ),$ｵﾑﾛﾝ,,0
18210769,ﾆﾎﾝﾋﾟｽｺ　違径ﾕﾆｵﾝﾃｨｰ　PEG12-10,$ﾆﾎﾝﾋﾟ,P,0
18210770,ﾆﾎﾝﾋﾟｽｺ　ﾚﾃﾞｭｰｻｰ　PGJ10-8,$ﾆﾎﾝﾋﾟ,P,0
18210771,TSｿｹｯﾄ　20,$TSｿｹｯ,ケ,0
18210772,ﾉﾝｱｽ 蒸気用ﾕﾆｵﾝﾊﾟｯｷﾝ T/#1120  20,$ﾉﾝｱｽ,P,0
18210773,ｻｷﾞﾉﾐﾔ　圧力ｽｲｯﾁ　SNS-C103,$ｻｷﾞﾉﾐ,P,0
18210774,SMC　電磁弁　VXS2230S-03-2GR1,$SMC,P,0
18210775,ｱﾀﾃｶﾄｰﾙﾘｷｯﾄﾞ専用ﾌﾞﾗｼ　　(袖山),$ｱﾀﾃｶ,個,0
18210776,胴立てｶﾊﾞｰ布　　　(YAC),$ﾄﾞｳﾀﾃ,個,0
18210777,ｶﾌｽｶﾊﾞｰ布　　　(YAC),$ｶﾌｽ,個,0
18210778,ｽﾃﾝﾚｽﾎﾞｰﾙ　3.5mm,$ｽﾃﾝﾚｽ,P,0
18210779,ｼﾘｺﾝﾁｭｰﾌﾞ　5X9　　(ｼﾊﾞﾀ),$ｼﾘｺﾝ,ｍ,0
18210780,ｱｲﾛﾝの友　450ml　　(ﾐｽﾞﾎ),$ｱｲ,,0
18210781,ｼﾘｺﾝｽﾎﾟﾝｼﾞひも 角型 6X10　(ﾎｸｻﾝ),$ｼﾘｺﾝ,ｍ,0
18210782,運搬車(大)用 ﾅｲﾛﾝｶﾊﾞｰ ﾌﾞﾙｰ ⑤ (ｵﾘﾀﾆ),$ｳﾝﾊﾟﾝ,枚,0
18210783,CKD 電磁弁 APK11-15A-C2C AC200V,$CKD,P,0
18210784,CKD 電磁弁 APK11-25A-02C AC200V,$CKD,P,0
18210785,肩腰ﾊﾟﾌ用　ｶﾊﾞｰ･ｽﾎﾟﾝｼﾞ　(広洋),$ｶﾀｺｼ,ｾｯﾄ,0
18210786,ｼﾛ　NI　25Ax100,$ｼﾛ NI,P,0
18210787,ｼﾛ　ﾈｼﾞ込45°Ｌ　25A,$ｼﾛﾈｼﾞ,P,0
18210788,岩谷電機製作所 WPS-252 ﾊﾞｲﾄﾝ仕様,$ｲﾜﾔ,台,0
18210789,上鏝縫込みﾊﾟｯﾄｶﾊﾞｰ(ｾｯﾄ)　1009810,$ｳﾜｺﾞﾃ,ｾｯﾄ,0
18210790,下鏝縫込みﾊﾟｯﾄｶﾊﾞｰ(ｾｯﾄ)　1009811,$ｼﾀｺﾞﾃ,ｾｯﾄ,0
18210791,ｼﾛ　NI　15Ax100,$ｼﾛNI,P,0
18210792,SUS304　ﾈｼﾞ込L　15,$SUS,P,0
18210793,ｼﾛ　ﾆｯﾌﾟﾙ　15Ax125,$ｼﾛNI,P,0
18210794,ｲﾝｸ消し　16ml　　(袖山),$ｲﾝｸ,本,0
18210795,ﾉﾝｱｽ　ﾕﾆｵﾝﾊﾟｯｷﾝ　T/#1995　20,$ﾉﾝｱｽ,P,0
18210796,FEP熱収縮ﾁｭｰﾌﾞ NF-070 内7φ*0.2t 1m,$FEPﾈﾂ,本,0
18210797,KITZ ｴｺﾎﾞｰﾙ ZS-400 15A,$KITZ,P,0
18210798,SUS304　単NI　15,$SUS,P,0
18210799,SUS304　長NI　6Ax50,$SUS,P,0
18210800,KKKﾊﾞﾗﾝｽ型ﾎﾞｰﾙﾀｯﾌﾟ(FW)ｻｵ･玉ｽﾃﾝ 25A,$KKK,P,0
18210801,×K-100型 平台ｶﾊﾞｰ(N)　　(金子制作),$ﾋﾗﾀﾞｲ,枚,0
18210802,ｳﾚﾀﾝ板　TR5015H　500X850,$ｳﾚﾀﾝ,枚,0
18210803,ﾆｯﾄｳ NO.973UL-S(0.13x13x10m)ﾆﾄﾌﾛﾝｶﾞﾗ,$ﾆｯﾄｳ,P,0
18210804,ｴｱｰﾎｰｽ　6X2S　　　(ｼﾊﾞﾀ),$ｴｱｰ,ｍ,0
18210805,SK-470N　1本入　(共立),$SK,箱,0
18210806,ｶﾊﾞｰ　TZ　1800X900　　(大阪電機),$ｶﾊﾞｰ,枚,0
18210807,大ﾊﾟｯﾄ　　(広洋化学),$ﾀﾞｲﾊﾟ,,0
18210808,TSｴﾙﾎﾞ　65　　(ｼﾊﾞﾀ),$TSｴﾙ,ヶ,0
18210809,無地 PP 025X600/500X300m(30本単価)ｱｿ,$PP,本,0
18210810,SYﾊﾞﾝﾄﾞ　SY-131(鉄),$SY,ヶ,0
18210811,ｼﾘｺﾝｼｰﾄ ﾃｰﾌﾟ付　　(ﾀﾆｸﾞﾁｼｽﾃﾑ),$ｼﾘｺﾝ,,0
18210812,ｸﾗﾝﾌﾟ布ｶﾊﾞｰ　　(ﾜｲｴｲｼｲ),$ｸﾗﾝﾌﾟ,個,0
18210813,ｼﾘｺﾝﾁｭｰﾌﾞ　20X28　　(ｼﾊﾞﾀ),$ｼﾘｺﾝ,ｍ,0
18210814,SMC　電磁弁　VXP2150S-06-2G　AC200V,$SMC,P,0
18210815,八光 ｻｰﾓﾝｾﾒﾝﾄ T-3 TSS0301 1kg,$ﾊｯｺｳ,缶,0
18210816,FTF-S215　10A　　(岡本),$FTF,PCS,0
18210817,ネオ丸紐　上質　4,$ﾈｵ,ｍ,0
18210818,KKK 単式ﾎﾞｰﾙﾀｯﾌﾟ(SL)ﾎﾟﾘ玉付 20,$KKK,P,0
18210819,西村電気㈱ﾌﾘｸｼｮﾝﾌﾞﾛｱｰFB2000用ﾓﾙﾄﾌﾟﾚﾝ,$ﾆｼﾑﾗ,P,0
18210820,西村電気㈱ﾌﾘｸｼｮﾝﾌﾞﾛｱｰFB2000用金網,$ﾆｼﾑﾗ,P,0
18210821,KITZ　ｴｺﾎﾞｰﾙ　ZS-400　20A,$KITZ,P,0
18210822,KITZ　ﾎﾞｰﾙV　T-400　20A,$KITZ,P,0
18210823,ﾎｰｽﾆｯﾌﾟﾙ　20.5X3/4,$ﾎｰｽNI,P,0
18210824,ﾊﾟﾅｿﾆｯｸ　ｷｬｯﾌﾟ　WF5322,$ﾊﾟﾅ,個,0
18210825,SMC　電磁弁　VXR2260-10-2G,$SMC,P,0
18210826,DV継手　DV-IN　50X40,$DV,ヶ,0
18210827,SUS304　化粧P＃400　2.0×42.7　4ｍ,$SUS,P,0
18210828,SUS304　化粧P#400　2.0×27.2　4ｍ,$SUS,P,0
18210829,無地LL0.25×900/600×300M（30本ﾛｯﾄ）,$ﾑｼﾞLL,本,0
18210830,三菱　有圧換気扇用不燃枠　PS-30FW,$ﾐﾂﾋﾞｼ,P,0
18210831,BCW　3301　ｻｰｷｯﾄﾌﾞﾚｰｶｰ,$BCW33,,0
18210832,ｴﾊﾞﾗ　ﾌﾚｯｼｬｰﾐﾆ三相200V25HPA6.25,$ｴﾊﾞﾗ,P,0
18210833,KITO　ED06S　1速100V押しﾎﾞﾀﾝｺｰﾄﾞ3M仕,$KITO,P,0
18210834,KKK　ﾊﾞﾗﾝｽ型ﾎﾞｰﾙﾀｯﾌﾟ(FW)ﾎﾟﾘ玉付13,$KKK,P,0
18210835,ﾒｯｷ　寸切BT　3/8×3000,$ﾒｯｷ,P,0
18210836,KN446-1　N/N　UN　別送CAPN,$KN446,,0
18210837,ｾﾞﾝｼﾝ　ﾜﾝﾀﾞｰﾁｭｰﾌﾞ　Z-101　400mm,$ｾﾞﾝｼﾝ,P,0
18210838,ｾﾞﾝｼﾝ ﾆｯﾌﾟﾙ(ｵｽ×ｵｽ)Z401M(C-3604BD),$ｾﾞﾝｼﾝ,P,0
18210839,白鷺ｴﾚﾒﾝﾄ　DC-470　1PC/Case,$ｼﾗｻｷﾞ,箱,0
18210840,白鷺ｴﾚﾒﾝﾄ DC-470L 1PC/Case(濾紙のみ),$ｼﾗｻｷﾞ,箱,0
18210841,SUS304　ﾈｼﾞ込S（ﾃｰﾊﾟｰﾈｼﾞ）8,$SUS,P,0
18210842,OSG EX-SUS-SFT M4.0×0.7,$OSG,Ｐ,0
18210843,ﾊﾝﾄﾞﾘｰﾏ4.03,$ﾊﾝﾄﾞ,P,0
18210844,ﾅｲﾛﾝﾊﾟｯｷﾝ(ｳﾉｻﾝｿ),$ﾅｲﾛﾝ,枚,0
18210845,SUS304　六角ﾆｯﾌﾟﾙ10,$SUS,P,0
18210846,胸あて付ｴﾌﾟﾛﾝ（前掛）ﾖｼｵｶｷﾝ,$ｴﾌﾟﾛﾝ,枚,0
18210847,ｱｸﾃｨﾍﾞｲﾄL-40(10K)佐＠3300/ﾊﾔｶﾜ＠3570,$ｱｸﾃｨ,箱,0
18210848,ｽｰﾊﾟｰﾜﾝﾀﾞｰｽﾀｰﾁ(10K)　佐川@4000/ﾊﾔｶﾜ@,$ｽｰﾊﾟｰ,箱,0
18210849,花王ﾆｭｰ吸水ｿﾌﾀｰ(10K)佐川＠5820/ﾊﾔｶﾜ,$ｶｵｳ,コ,0
18210850,ﾊﾝﾄﾞﾗｯﾌﾟ　500ｍｌ(ﾎｸｻﾝ）,$ﾊﾝﾄﾞ,,0
18210851,SUS304　引抜丸棒切り10φ×420,$SUS,,0
18210852,SU304引抜き丸棒切り15φ×160,$SUS,,0
18210853,白鷺ｴﾚﾒﾝﾄ　DCE-470L　1PC/Case,$ｼﾗｻｷﾞ,,0
18210854,URﾏｯﾄ　FBZ-SE用　1200×700(直本),$URﾏｯﾄ,,0
18210855,ｽｺｯﾄﾌｨﾙﾀｰ　700×1200(直本),$ｽｺｯﾄ,,0
18210856,不織布　700×1200（直本）,$ﾌｼｮｸ,,0
18210857,ﾜﾝﾀｯﾁ継手M-PLBMｴﾙﾎﾞ　PLBM-4-PT1/8,$ﾜﾝﾀｯﾁ,,0
18210858,ﾀｷｹﾞﾝ　強力ﾗﾊﾞｰﾏｸﾞﾈｯﾄ　C-200-6,$ﾀｷｹﾞﾝ,,0
18210859,ﾎｰｽﾆｯﾌﾟﾙ　20.5×3/4,$ﾎｰｽﾆｯ,,0
18210860,白鷺ｴﾚﾒﾝﾄ　DC-360SC　4PCS/Case,$ｼﾗｻｷﾞ,,0
18210861,ｽﾐﾁｭｰﾌﾞ　C　φ4　黒　1M（福研,$ｽﾐﾁｭｰ,,0
18210862,TRUSCO　PPﾊﾞﾝﾄﾞ　TPP-155Y,$TRU,,0
18210863,LLｶﾞｾﾞｯﾄ袋PE25μ×800GZ　800mm×2300,$LLｶﾞｾ,,0
18210864,TSｿｹｯﾄ　75×50,$TS,,0
18210865,ﾀﾞｸﾄｶﾌｽ　38,$ﾀﾞｸﾄ,,0
18210866,URﾏｯﾄ　80ﾀｲﾌﾟ　10×500×850,$UR,,0
18210867,ｽｺｯﾄﾌｨﾙﾀｰ　80ﾀｲﾌﾟ,$ｽｺｯﾄ,,0
18210868,不織布　80ﾀｲﾌﾟ,$ﾌｼｮｸ,,0
18210869,平ｶﾊﾞｰ　80Wﾀｲﾌﾟ,$ﾋﾗｶﾊﾞ,,0
18210870,ｶｰﾄﾝ光学　ﾗｲﾄ付拡大鏡　M1243,$ｶｰﾄﾝ,,0
18210871,瑞穂　広口瓶　0093,$ﾐｽﾞﾎ,,0
18210872,手作りﾊﾝｶﾞｰ和服用　50本入ﾎﾜｲﾄ,$ﾃﾂﾞｸﾘ,,0
18210873,TSﾁｰｽﾞ　30,$TS,,0
18210874,塩ﾋﾞ接着剤　ﾊｹ付　100g,$ｴﾝﾋﾞ,,0
18210875,UP-100　600×1200切,$UP,,0
18210876,×鷺宮　圧力ｽｲｯﾁ　SNS-C-103　使用×,$ｻｷﾞﾉﾐﾔ,,0
18210877,ｴｱｰ継手(KQ2LO6-03)　ﾜｲｴｲｼｲ,$ｴｱｰ,,0
18210878,KITZ ｸﾞﾛｰﾌﾞV　C-150　20A,$KITZ,,0
18210879,ｼﾛ　ﾆｯﾌﾟﾙ　20A(3/4)×75,$ｼﾛ,,0
18210880,さし刷毛1寸2分,$ｻｼ,,0
18210881,ｴﾚﾊﾝﾄｶﾌｽ　75,$ｴﾚ,,0
18210882,ﾎﾜｲﾄ1200巾　2ｾﾝﾁ付(ｵﾘﾀﾆ),$ﾎﾜｲﾄ,,0
18210883,SPOT　PP･紙ﾊﾞﾝﾄﾞ用結束ｼｰﾙ,$SPOT,,0
18210884,ｻﾄﾞﾙﾊﾞﾝﾄﾞ　R60-20㎜(ｼﾊﾞﾀ),$ｻﾄﾞﾙ,,0
18210886,ﾌﾞﾗﾚｰﾙﾁｪｰﾝ(HPU203-R30　15ﾘﾝｸ),$ﾌﾞﾗ,,0
18210887,ｽｰﾊﾟｰﾌﾞﾘｰﾁP(10K),$ｽｰﾊﾟ,,0
18210888,KK137　ｸﾞﾚｰ　UN　CAPｸﾞﾚｰ(ｺﾀﾞﾏ,$KK,,0
18210889,ｸﾞﾚｰ　ﾜﾝﾀ密栓式,$ｸﾞﾚ,,0
18210890,ﾘﾝｸﾞﾌｫｰﾏｰL　2本ｾｯﾄ,$ﾘﾝｸﾞ,,0
18210891,ﾎﾞﾄﾑﾜｺﾞﾝ　LONG　専用ﾏｯﾄ付,$ﾎﾞﾄﾑ,,0
18210892,Z型組立(ｲﾝﾛｳ式)　Φ75ｷｬｽﾀｰ,$Z,,0
18210893,ﾏｲﾗｰﾃｰﾌﾟ　＃25×25×30　8巻,$ﾏｲ,,0
18210894,ｼｰﾙｺﾞﾑ(ｸﾞﾚｰ)　EPDM8×15L,$ｼｰﾙ,,0
18210895,花王ｿﾌﾀｰE　15Kg,$ｶｵｳ,,0
18210896,ｿﾌﾀｰ1/3　ﾊﾔｶﾜ,$ｿﾌ,,0
18210898,ｽﾐﾁｭｰﾌﾞ　Φ5　黒　1000L,$ｽﾐ,,0
18210899,(ｶ)ＵＰ200　900×2150切(ｱｲﾛﾝﾏｯﾄ),$ｶ,,0
18210900,ﾏｰｸ消し　20ml(恵美須),$ﾏｰｸ,,0
18210901,ｼﾙｷｰﾈｯﾄ(ﾛｰﾌﾟ付)黄(ｶ)1500×2000H,$ｼﾙｷ,,0
18210902,(ｶ)ｼﾙｷｰﾈｯﾄ　750×1400H　F付　白,$ｼﾙｷ,,0
18210903,無地ｺｰﾄPP018×600×300(1250),$ﾑｼﾞ,本,0
18220001,ｺﾙﾄ　Aﾋﾟｽﾄﾝ　(佐々木)＠随時,$ｺﾙﾄ,,0
18220002,ﾀﾞｲﾔ  ﾋﾟｽﾄﾝB  (佐々木),$ﾀﾞｲﾔ,,0
18220003,塩ﾋﾞｸﾞﾚｰ排気用逆止弁取付板,$ｴﾝﾋﾞ,,0
18220004,塩ﾋﾞｸﾞﾚｰ 排気ﾌﾗﾝｼﾞ　(ﾌﾟﾗｽﾃｨｯｸｽ),$ｴﾝﾋﾞ,,0
18220005,ｽﾁｰﾑﾌﾞﾗｼﾜｺﾞﾝ用ﾊﾟｲﾌﾟ脚,$ｽﾁｰﾑ,,0
18220006,ｽﾁｰﾑﾌﾞﾗｼﾜｺﾞﾝ用ﾊﾟｲﾌﾟ脚ふた,$ｽﾁｰﾑ,,0
18220007,ﾃｰﾌﾞﾙ  355X380X14 (ｽﾁｰﾑﾌﾞﾗｼﾜｺﾞﾝ用),$ﾃｰﾌﾞﾙ,組,0
18220008,排気ﾊﾟﾈﾙ用ﾌﾞｯｼｭ (別注品),$ﾊｲｷﾊﾟ,ケ,0
18220009,塩ﾋﾞ透明円盤  5tX160π,$ｴﾝﾋﾞ,枚,0
18220010,ﾛｯｷﾝｸﾞﾊﾝｶﾞｰ,$ﾛｯｷﾝｸ,ケ,0
18220011,ﾛｯｷﾝｸﾞﾊﾝｶﾞｰ用ｲﾝﾅｰﾊﾟｰﾂ,$ﾛｯｷﾝｸ,ケ,0
18220012,ﾊﾞｷｭｰﾑ排気逆止弁取付金具  (山内),$ﾊｲｷ,,0
18220013,BSｱﾙﾐﾎﾞｰﾄﾞ/A2判,$BSｱﾙﾐ,台,0
18220014,BSｼﾐ抜きﾎﾟｽﾀｰ/A2判,$BSｼﾐ,枚,0
18220015,BSﾒｯｾｰｼﾞﾎﾞｰﾄﾞA(A4折ﾀﾀﾐ掲示板),$BSﾒｯｾ,台,0
18220016,BSｲｰｾﾞﾙ (POP掲示三脚台),$BSｲｰ,台,0
18220017,排気ﾊﾟﾈﾙ(塩ﾋﾞ)　別注品　(日本海企画),$ﾊｲｷ,,0
18220018,ﾊﾞｷｭｰﾑ排気ﾊﾞﾙﾌﾞ取付金具(特注)　ﾏｴﾀﾞ,$ﾊｲｷ,,0
18220019,ｱｲﾛﾝ台排気ﾄﾗｯﾌﾟ　　(山内),$ｱｲﾛﾝ,,0
18220020,ｱｲﾛﾝ台ﾄﾗｯﾌﾟ取付板　　　　(山内),$ｱｲﾛﾝ,,0
18220021,塩ﾋﾞﾊﾟｲﾌﾟ　VP150 140L ｸﾞﾚｰ　(日本海),$ｴﾝﾋﾞ,個,0
18220022,ﾄﾞﾚｽ用ｾｰﾋﾞｯｸｽ　97x625x1850,$ｾｰﾋﾞｯ,,0
18220023,文鎮　(特注品),$ﾌﾞﾝﾁﾝ,,0
18220024,直本仕上台ｽﾄｯﾊﾟｰ38φX19φX10T材支給,$ﾅｵﾓﾄ,個,0
18220025,ｺﾙﾄﾉｽﾞﾙ用　11φ袋ﾅｯﾄ　　　(佐々木）,$ｺﾙﾄ,,0
18220026,排気用ｱﾀﾞﾌﾟﾀｰ(塩ビ加工･特注)　野村,$ﾊｲｷ,,0
18220027,排気ﾊﾟﾈﾙ　(別注品)　　　(山内),$ﾊｲｷ,,0
18220028,ｱｲﾛﾝ台ｼﾞｮｰｺﾞ,$ｱｲﾛﾝ,,0
18220029,ｱｲﾛﾝ台,$ｱｲﾛﾝ,,0
18220030,ｱｸﾘﾙ加工品　(別注)　　(日本海),$ｱｸﾘﾙ,,0
18220031,A式ｹｰｽ　900X450X500,$Aｼｷ,枚,0
18220032,特注加工品,$ﾄｸﾁｭｳ,,0
18220033,ﾋｰﾀｰ　0.5tX10X770L　材料支給(ﾜﾀﾍﾞ分),$ﾋｰﾀｰ,,0
18220034,ﾃｰﾌﾞﾙ　ｱｲﾛﾝ台用,$ﾃｰﾌﾞﾙ,,0
18220035,A式ｹｰｽ　(KI-B外箱),$Aｼｷ,枚,0
18220036,排気ﾊﾟﾈﾙ(ﾒﾄﾛﾎﾟﾘﾀﾝ長野)　ﾏｴﾀﾞ,$ﾊｲｷ,,0
18230001,SUS  ｻﾗﾋﾞｽ  6X30,$SUS,P,0
18230002,SUS　ﾅﾍﾞﾋﾞｽ　4X120,$SUS,P,0
18230003,SUS　蝶ﾎﾞﾙﾄ　5X15,$SUS,P,0
18230004,ﾒｯｷ　寸切　12X45,$ﾒｯｷｽﾞ,P,0
18230005,SUS  ｻﾗﾋﾞｽ  6X40,$SUS,P,0
18230006,ﾒｯｷ　寸切　12X50,$ﾒｯｷ,P,0
18230007,ﾒｯｷ　BT  6X50 (8P/SET),$ﾒｯｷBT,SET,0
18230008,ﾒｯｷ　押ﾈｼﾞ　10X30,$ﾒｯｷｵｼ,P,0
18230009,SUS　ｻﾗﾋﾞｽ　5X50,$SUS,P,0
18230010,ﾒｯｷ　ﾅﾍﾞﾋﾞｽ(+)　8X30,$ﾒｯｷ,P,0
18230011,ﾒｯｷ　丸座(平ﾜｯｼｬｰ)　8,$ﾒｯｷ,P,0
18230012,ﾒｯｷ　SW(ｽﾌﾟﾘﾝｸﾞﾜｯｼｬｰ)　8,$ﾒｯｷ,P,0
18230013,ﾒｯｷ　NT　8,$ﾒｯｷNT,P,0
18230014,ﾒｯｷ　ﾅﾍﾞﾋﾞｽ(+)　8X20,$ﾒｯｷﾅﾍ,P,0
18230015,SUS　ｻﾗﾋﾞｽ　4X20,$SUS,P,0
18230016,SUS　ﾅﾍﾞﾋﾞｽ　4X65,$SUS,P,0
18230017,SUS　ﾅﾍﾞﾋﾞｽ　2X12,$SUS,P,0
18250001,工事関係,$ｺｳｼﾞ,,0
19210001,LLD単袋 ｾﾝﾀｰｴｱｰ抜き 03*1100*2500,$LLD,枚,0
20000001,修正品，手直し品,#ｼｭｳｾｲ,,0
20140001,KIﾊﾞｯﾌｧｾｯﾄ　ｸﾛｰﾑ白上　(ｼﾐｽﾞ),#KIﾊﾞｯ,組,0
20140002,K.Iﾉｽﾞﾙ･本体  ﾊﾞﾌｸﾛｰﾑ　(ｼﾐｽﾞ),#KIﾉｽﾞ,個,0
20140003,K.Iﾉｽﾞﾙｷｬｯﾌﾟ ｸﾛｰﾑﾒｯｷ  (ｼﾐｽﾞ),#KIﾉｽﾞ,個,0
20140005,K･I直ﾉｽﾞﾙ用ﾍｯﾄﾞ　ｸﾛｰﾑ白上　(ｼﾐｽﾞ),#KIﾁｮｸ,ケ,0
20140010,KIﾉｽﾞﾙｾｯﾄ　ｸﾛｰﾑﾒｯｷ　(ｼﾐｽﾞ),#KIﾉｽﾞ,組,0
20140011,KIｻｸｼｮﾝｽｸﾘｭｰ(B型)　ｸﾛｰﾑ白上　(ｼﾐｽﾞ),#KIｻｸｼ,ケ,0
20140012,KIﾉｽﾞﾙﾍｯﾄﾞ　ｸﾛｰﾑﾒｯｷ　(ｼﾐｽﾞ),#KIﾉｽﾞ,ケ,0
20140013,KI直ﾉｽﾞﾙｾｯﾄ ﾊﾞﾌｸﾛﾑ　(ｼﾐｽﾞ),#KIﾁｮｸ,組,0
20140015,KI袋ﾅｯﾄ　ｸﾛｰﾑ　　(ｼﾐｽﾞ),#KIﾌｸﾛ,ケ,0
20140016,KIﾊﾞｯﾌｧﾂﾏﾐ　ｸﾛｰﾑ白上　　(ｼﾐｽﾞ),#KIﾊﾞｯ,ケ,0
20140017,KIﾊﾞｯﾌｧﾈｼﾞｶﾗｰ　ｸﾛｰﾑ白上　(ｼﾐｽﾞ),#KIﾊﾞｯ,ケ,0
20140018,KIﾄﾞﾚﾝｽｸﾘｭｰ　ｸﾛｰﾑ白上　(ｼﾐｽﾞ),#KIﾄﾞﾚ,,0
20140019,KIｻｸｼｮﾝｽｸﾘｭｰ(LS型)　ｸﾛｰﾑ白上　(ｼﾐｽﾞ),#KIｻｸｼ,ケ,0
20140020,KIﾎｰﾙﾄﾞｽｸﾘｭｰ　ｸﾛｰﾑ白上　(ｼﾐｽﾞ),#KIﾎｰ,ケ,0
20140021,KIﾉｽﾞﾙｽﾋﾟﾝﾅｰ　ﾊﾞﾌｸﾛｰﾑ　(ｼﾐｽﾞ),#KIﾉｽﾞ,ケ,0
20140022,KIﾉｽﾞﾙﾈｼﾞｶﾗｰ　ｸﾛｰﾑ白上　(ｼﾐｽﾞ),#KIﾉｽﾞ,ケ,0
20240003,EX.BLﾉｽﾞﾙ　ｸﾛｰﾑﾒｯｷ (ｼﾐｽﾞ),#EXBLﾉ,本,0
20240004,EX.BLﾉｽﾞﾙｷｬｯﾌﾟ　ｸﾛｰﾑ白上 (ｼﾐｽﾞ),#EXBLﾉ,個,0
20240005,EXﾊﾞﾙﾌﾞﾈｼﾞｶﾗｰ  ｸﾛｰﾑ白上　(ｼﾐｽﾞ),#EXﾊﾞﾙ,個,0
20240006,電磁弁ｹｰｽ加工組立(ﾅｽｺ仕様),#ﾃﾞﾝｼﾞ,,0
20240014,ｽﾎﾟｯﾄﾘﾝｸﾞ　ｸﾛｰﾑ白上　(ｼﾐｽﾞ),#ｽﾎﾟｯﾄ,ケ,0
20240015,EX袋ﾅｯﾄ　ｸﾛｰﾑ,#EXﾌｸﾛ,ケ,0
20240016,BLｻｸｼｮﾝｽｸﾘｭｰ　ｸﾛｰﾑ白上　(ｼﾐｽﾞ),#BLｻｸｼ,ケ,0
20240017,EXﾊﾞｯﾌｧﾂﾏﾐ  ｸﾛｰﾑ白上  (ｼﾐｽﾞ),#EXﾊﾞｯ,ケ,0
20240018,EXﾊﾞｯﾌｧﾈｼﾞｶﾗｰ ｸﾛｰﾑ白上  (ｼﾐｽﾞ),#EXﾊﾞｯ,ケ,0
20240019,EXﾉｽﾞﾙｽﾋﾟﾝﾅｰ(標準)　ﾊﾞﾌｸﾛﾑ　　(ｼﾐｽﾞ),#EXﾉｽﾞ,ケ,0
20240020,EXﾉｽﾞﾙﾈｼﾞｶﾗｰ　ﾊﾞﾌｸﾛﾑ　(ｼﾐｽﾞ),#EXﾉｽﾞ,ケ,0
20240021,EXﾉｽﾞﾙ 袋ﾅｯﾄ 　ﾊﾞﾌｸﾛﾑ (ｼﾐｽﾞ),#EXﾉｽﾞ,ケ,0
20240022,EXｽﾎﾟｯﾄﾘﾝｸﾞ　ｸﾛｰﾑ白上　(ｼﾐｽﾞ),#EX,ケ,0
20240023,EXｽｲｯﾁｶﾗｰ　ﾕﾆｸﾛ　　(ｼﾐｽﾞ),#EXｽｲｯ,ケ,0
20240024,φ4ｽﾋﾟﾝﾄﾞﾙ(超硬ﾋﾟﾝ研磨代)　　ｱｲｹｲｵｰ,#4ﾊﾟｲ,,0
20240025,EXｽﾄｯﾌﾟﾊﾞﾙﾌﾞﾌﾀ　ｸﾛｰﾑ白上,#EXｽﾄｯ,ヶ,0
20240026,ﾊﾞﾌ無電解ﾆｯｹﾙ　EXﾉｽﾞﾙ,#ﾊﾞﾌ,,0
20240027,無電解ﾆｯｹﾙ　ﾎﾟﾝﾌﾟﾊｳｼﾞﾝｸﾞ,#ﾑﾃﾞﾝ,,0
20240028,ｸﾛﾑ白上　ｾｯﾄﾘﾝｸﾞ,#ｸﾛﾑ,,0
20240029,EXﾉｽﾞﾙ　ﾊﾞﾌｸﾛﾑ,#EX,,0
20340001,超硬ﾋﾟﾝ長さ修正加工　3ﾊﾟｲX18L,#ﾁｮｳｺｳ,本,0
20340002,超硬ﾋﾟﾝ長さ修正加工　4ﾊﾟｲX17L,#ﾁｮｳｺｳ,本,0
20340004,ﾌﾟﾗﾝｼﾞｬｰﾒﾀﾙ  4π  長さ修正加工(日新),#ﾌﾟﾗﾝｼ,,0
20340005,ﾌﾟﾗﾝｼﾞｬｰﾒﾀﾙ　4π　長さ修正加工(ﾂﾁﾔ),#ﾌﾟﾗﾝｼ,,0
20540001,ｸﾛﾑ白上　ECORZAｽﾋﾟﾝﾅー,#ｸﾛﾑ,,0
20540002,ECORZA ﾉｽﾞﾙﾈｼﾞｶﾗｰ　ｸﾛﾑ白上,#ECORZA,,0
20540003,ECORZA　ﾉｽﾞﾙﾍｯﾄﾞﾊｳｼﾞﾝｸﾞ　ｸﾛﾑ白上,#ECORZA,,0
20540004,ECORZA　ｼｰﾙﾄﾞｷｬｯﾌﾟ　ﾕﾆｸﾛ　ｼﾐｽﾞ,#ECORZA,,0
20540005,ECORZA　ﾊﾞｯﾌｧｽｸﾘｭｰ　ﾆｯｹﾙ白上,#ECORZA,,0
20540006,ECORZA　ﾊﾞｯﾌｧﾈｼﾞｶﾗｰ　ｸﾛﾑ白上,#ECORZA,,0
20540007,ﾊﾞﾌｸﾛﾑ　ECORZA　袋ﾅｯﾄ,#ECOR,,0
20540008,ｽﾋﾟﾝﾅー　ECORZA　ﾊﾞﾌｸﾛﾑ,#ｽﾋﾟ,,0
20540009,ECORZAｺﾝﾄﾛｰﾙﾉﾌﾞｽｸﾘｭｰ　ｸﾛﾑ白上,#ｴｺ,,0
20840001,ﾏｼﾞｶﾉｽﾞﾙ 袋ﾅｯﾄorﾉｽﾞﾙｽﾋﾟﾝﾅｰ  ﾊﾞﾌｸﾛﾑ,#ﾏｼﾞｶ,ケ,0
20840003,ｺﾙﾄ用ﾉｽﾞﾙ 本体  ｸﾛｰﾑ白上　(ｼﾐｽﾞ),#ｺﾙﾄﾉｽ,ケ,0
20840004,ｺﾙﾄ用ﾍｯﾄﾞ ｸﾛｰﾑ白上  (ｼﾐｽﾞ),#ｺﾙﾄ,ケ,0
20840005,ﾐｽﾄﾗﾙﾉｽﾞﾙｽﾋﾟﾝﾅｰ　 ｸﾛｰﾑ白上　(ｼﾐｽﾞ),#ﾐｽﾄﾗﾙ,ケ,0
20840006,ﾐｽﾄﾗﾙﾉｽﾞﾙﾌｸﾛﾅｯﾄ　 ｸﾛｰﾑ白上　 (ｼﾐｽﾞ),#ﾐｽﾄﾗﾙ,ケ,0
20840007,ﾐｽﾄﾗﾙ ｽﾄｯﾌﾟﾊﾞﾙﾌﾞﾈｼﾞｶﾗｰ ｸﾛｰﾑ白上 ｼﾐｽﾞ,#ﾐｽﾄﾗﾙ,ケ,0
20840008,ｺﾙﾄﾉｽﾞﾙ用　袋ﾅｯﾄ　ｸﾛｰﾑ白上　　(ｼﾐｽﾞ),#ｺﾙﾄ,ケ,0
20840009,ﾛﾝｸﾞﾉｽﾞﾙ用　袋ﾅｯﾄ　ﾊﾞﾌｸﾛｰﾑ　(ｼﾐｽﾞ),#ﾛﾝｸﾞ,ヶ,0
20840010,ｺﾙﾄ用ﾉｽﾞﾙ袋ﾅｯﾄ　ﾊﾞﾌｸﾛｰﾑ　(ｼﾐｽﾞ),#ｺﾙﾄ,ケ,0
20840011,ｸﾛﾑ白上　ECORZA　ｽﾋﾟﾝﾅー,#ｸﾛﾑ,,0
20940001,EXｻｸｼｮﾝｽｸﾘｭｰ　ｸﾛｰﾑ白上　(ｼﾐｽﾞ),#EXｻｸｼ,個,0
20940003,EXｼﾞｮｲﾝﾄ　ｸﾛｰﾑ白上  (ｼﾐｽﾞ),#EXｼﾞｮ,個,0
20940004,EXﾉｽﾞﾙ(本体/袋NTﾈｼﾞｶﾗ-ｽﾋﾟﾝﾅｰ)ﾊﾞﾌｸﾛｰﾑ,#EXﾉｽﾞ,個,0
20940006,EXﾄﾞﾚﾝｽｸﾘｭｰ　ｸﾛｰﾑ白上　(ｼﾐｽﾞ),#EXﾄﾞﾚ,個,0
20940010,EXﾉｽﾞﾙﾍｯﾄﾞ　ｸﾛｰﾑ白上 (ｼﾐｽﾞ),#EXﾉｽﾞ,ケ,0
20940011,EXﾉｽﾞﾙﾍｯﾄﾞﾊｳｼﾞﾝｸﾞ ｸﾛｰﾑ白上 (ｼﾐｽﾞ),#EXﾉｽﾞ,個,0
20940012,ﾎｰﾙﾄﾞｽｸﾘｭｰ　ｸﾛｰﾑ白上　(ｼﾐｽﾞ),#ﾎｰﾙﾄﾞ,ケ,0
20940015,EX　ｽﾄｯﾌﾟﾊﾞﾙﾌﾞ　ｸﾛｰﾑ白上　(ｼﾐｽﾞ),#EXｽﾄｯ,ケ,0
20940017,広角ﾉｽﾞﾙﾍｯﾄﾞﾊｳｼﾞﾝｸﾞ　ｸﾛｰﾑ白上(ｼﾐｽﾞ),#ｺｳｶｸ,,0
20940018,EXﾉｽﾞﾙﾈｼﾞｶﾗｰ　ｸﾛｰﾑ白上　　　(ｼﾐｽﾞ),#EXﾉｽﾞ,ケ,0
20940019,EXﾉｽﾞﾙ(ｽﾋﾟﾝﾅｰのみ)ﾊﾞﾌｸﾛﾑ　ｼﾐｽﾞ,#EXﾉｽﾞ,個,0
21240001,超音波BOX塗装  大  上下ｾｯﾄ (海外用),#ﾁｮｳｵﾝ,ｾｯﾄ,0
21730001,液量調整ﾌﾀ(CUBEE) ｸﾛｰﾑ白上　　(ｼﾐｽﾞ),#ｴｷﾘｮｳ,ケ,0
21730002,液量調整つまみ(CUBEE)ｸﾛｰﾑ白上 (ｼﾐｽﾞ),#ｴｷﾘｮｳ,ケ,0
21740001,超音波BOX塗装 (CUBEE･上下ｾｯﾄ),#ﾁｮｳｵﾝ,ｾｯﾄ,0
21740002,超音波BOX塗装(CUBEE･上) 72-70L,#ﾁｮｳｵﾝ,,0
21740003,超音波BOX塗装(CUBEE･下) 25-90B,#ﾁｮｳｵﾝ,,0
21940001,ｽﾄﾚｰﾅｰｼﾞｮｲﾝﾄ(ｵｽ)TY用 ｸﾛｰﾑ白上(ｼﾐｽﾞ),#ｽﾄﾚｰﾅ,ケ,0
21940002,超音波BOX塗装(TYｰ･上下ｾｯﾄ)<ｷｽﾞｱﾘ@700,#ﾁｮｳｵﾝ,ｾｯﾄ,0
21940003,超音波口出し金具　ｸﾛｰﾑ白上　(ｼﾐｽﾞ),#ｸﾁﾀﾞｼ,個,0
21940004,M8ﾅｯﾄ　ﾒｯｷ　(ｼﾐｽﾞ),#M8ﾅｯﾄ,個,0
21940005,液量調整ﾈｼﾞ(超音波)3点の内 ﾈｼﾞ (ｻﾝﾜ),#ｴｷﾘｮｳ,,0
21940006,液量調整ﾈｼﾞ(超音波)3点の内ｽｸﾘｭｰ(ｻﾝﾜ),#ｴｷﾘｮｳ,,0
21940007,液量調整ﾈｼﾞ(超音波)3点の内 ﾅｯﾄ (ｻﾝﾜ),#ｴｷﾘｮｳ,,0
21940008,超音波ｽﾄｯﾌﾟﾊﾞﾙﾌﾞｹｰｽ ﾒｯｷ (三和),#ﾁｮｳｵﾝ,個,0
21940009,超音波ｽﾄｯﾌﾟﾊﾞﾙﾌﾞﾈｼﾞｶﾗｰ ﾒｯｷ (三和),#ﾁｮｳｵﾝ,個,0
21940010,超音波口出し金具　白上　(三和),#ｸﾁﾀﾞｼ,ケ,0
21940011,M8ﾅｯﾄ　白上　(三和),#M8ﾅｯﾄ,ケ,0
21940012,ｼﾞｮｲﾝﾄ金具(超音波)2点ｾｯﾄ<1>　ｻﾝﾜ,#ｼﾞｮｲﾝ,ケ,0
21940013,ｼﾞｮｲﾝﾄ金具(超音波)2点ｾｯﾄ<2>　ｻﾝﾜ,#ｼﾞｮｲﾝ,ケ,0
21940014,液量調整ﾈｼﾞ(超音波)3点ｾｯﾄﾒｯｷ　(ｼﾐｽﾞ),#ｴｷﾘｮｳ,,0
21940015,超音波ｽﾄｯﾌﾟﾊﾞﾙﾌﾞｹｰｽ ﾒｯｷ (ｼﾐｽﾞ),#ﾁｮｳｵﾝ,ケ,0
21940016,超音波ｽﾄｯﾌﾟﾊﾞﾙﾌﾞﾈｼﾞｶﾗｰ ﾒｯｷ (ｼﾐｽﾞ),#ﾁｮｳｵﾝ,ケ,0
21940017,液量調整ﾈｼﾞ(超音波)ﾋﾟﾝ    (ｼﾐｽﾞ),#ｴｷﾘｮｳ,ケ,0
21940018,液量調整ﾈｼﾞ(超音波)ﾎﾙﾀﾞｰ   (ｼﾐｽﾞ),#ｴｷﾘｮｳ,ケ,0
21940019,液量調整ﾈｼﾞ(超音波)ﾅｯﾄ   (ｼﾐｽﾞ),#ｴｷﾘｮｳ,ケ,0
21940020,"超音波BOX塗装　(TYｰ･上のみ,下のみ)",#ﾁｮｳｵﾝ,,0
21940021,ｽﾄﾚｰﾅｰｼﾞｮｲﾝﾄ(ﾒｽ)ｸﾛｰﾑ白上（ｼﾐｽﾞ）,#ｽﾄﾚｰ,,0
22040001,ｱｼﾞｬｽﾀｰ台座･軸･ﾌﾗﾝｼﾞ　ﾕﾆｸﾛ　(三和),#ｱｼﾞｬｽ,ｾｯﾄ,0
22040002,ﾃｰﾌﾞﾙｽﾀﾝﾄﾞ取付用ﾌﾗﾝｼﾞ　ﾕﾆｸﾛ（三和）,#ﾃｰﾌﾞﾙ,,0
22040003,"BOX 大 一式 ﾊﾟｰﾌﾟﾙ,ﾋﾟﾝｸ(RV101)塗装",#BOXﾀﾞ,ｾｯﾄ,0
22040005,棚取付ﾌﾗﾝｼﾞ ﾕﾆｸﾛ (三和) 20ｹ以下@未定,#ﾀﾅﾄﾘﾂ,ケ,0
22040006,扉(大)　塗装,#ﾄﾋﾞﾗ,枚,0
22040007,ｼﾞｬｯｷ受け金具(101)塗装,#ｼﾞｬｯｷ,,0
22040008,101ﾃｰﾌﾞﾙｽﾀﾝﾄﾞ取付金具台座  ﾕﾆｸﾛ (ｼﾐｽ,#ﾄﾘﾂ,ケ,0
22040009,ｱｼﾞｬｽﾀｰ台座･軸　ﾕﾆｸﾛﾒｯｷ　ｼﾐｽﾞ,#ｱｼﾞｬｽ,式,0
22040010,ｱｼﾞｬｽﾀｰ台座･軸･取付金具各2個ﾕﾆｸﾛ,#ｱｼﾞｬ,式,0
22040011,ﾕﾆｸﾛ　一式　ﾌﾟﾚｰﾃｨﾝｸﾞ,#ﾕﾆ,,0
22140001,扉(小)　塗装,#ﾄﾋﾞﾗ,枚,0
22140002,ｱｼﾞｬｽﾀｰ台座　　ﾕﾆｸﾛﾒｯｷ　　(ｼﾐｽﾞ),#ｱｼﾞｬｽ,ケ,0
22140003,ｱｼﾞｬｽﾀｰ軸　　ﾕﾆｸﾛﾒｯｷ　　(ｼﾐｽﾞ),#ｱｼﾞｬｽ,ケ,0
22140004,ｱｼﾞｬｽﾀｰ取付金具　ﾕﾆｸﾛﾒｯｷ　(ｼﾐｽﾞ),#ｱｼﾞｬｽ,ケ,0
22140007,ﾕﾆｸﾛ　ﾎﾞｲﾗｰｱｰﾑ(ｼﾐｽﾞ),#ﾕﾆｸﾛ,,0
22440001,SB-101一式(BOX､扉､電気ﾕﾆｯﾄ)ﾋﾟﾝｸ塗装,#BOX,ｾｯﾄ,0
22440002,BOX ﾊﾟｰﾌﾟﾙ (SBｰ101用) 塗装,#BOXﾊﾟ,ｾｯﾄ,0
22440003,ｼﾞｬｯｷｽｸﾘｭｰ　ﾒｯｷ　(三和),#ｼﾞｬｯｷ,個,0
22440004,ｼﾞｬｯｷｽｸﾘｭｰﾌﾗﾝｼﾞ　ﾒｯｷ　(三和),#ｼﾞｬｯｷ,個,0
22440005,ｼﾞｬｯｷﾊﾝﾄﾞﾙ軸　ﾒｯｷ　(三和),#ｼﾞｬｯｷ,個,0
22440006,ｼﾞｬｯｷｸﾗﾝｸ　ﾒｯｷ　(三和),#ｼﾞｬｯｷ,個,0
22740001,ｸﾘｱﾒｲﾄ 組立点検一式,#ｸﾘｱﾒｲ,,0
22940001,黒染,#ｸﾛｿﾞﾒ,,0
22940002,検反機ﾊﾞｷｭｰﾑ部品メッキ(三和),#ｹﾝﾀﾝｷ,,0
22940003,検反機ﾊﾞｷｭｰﾑ用ﾌﾚｰﾑ塗装　価格随時,#ｹﾝﾀﾝｷ,台,0
22940004,検反機ﾊﾞｷｭｰﾑ用部品塗装,#ｹﾝﾀﾝｷ,,0
22940005,検反機ﾊﾞｷｭｰﾑ部品ﾒｯｷ (ｼﾐｽﾞ),#ｹﾝﾀﾝｷ,式,0
23040001,押え金具(ﾌﾚｷｼﾌﾞﾙﾄﾞﾗｲﾔｰ)ﾕﾆｸﾛﾒｯｷ(三和),#ﾄﾞﾗｲﾔ,ケ,0
23040002,ﾄﾞﾗｲﾔｰｸﾗﾝﾌﾟ押え金具　ﾕﾆｸﾛ　(ｼﾐｽﾞ),#ﾄﾞﾗｲﾔ,ケ,0
23040003,ﾄﾞﾗｲﾔｰ押え金具　ﾕﾆｸﾛ　　　(ｼﾐｽﾞ),#ﾄﾞﾗｲﾔ,ケ,0
23040004,ﾄﾞﾗｲﾔｰｸﾗﾝﾌﾟ押え金具　ﾕﾆｸﾛ　　(三和),#ﾄﾞﾗｲﾔ,,0
23040005,ﾌﾚｷｼﾌﾞﾙﾄﾞﾗｲﾔｰ特注部品ﾒｯｷ　　(ｼﾐｽﾞ),#ﾌﾚｷｼﾌ,,0
23140001,棚取付ﾌﾗﾝｼﾞ(RSｰ221用)ﾕﾆｸﾛﾒｯｷ　(三和),#ﾀﾅﾄﾘﾂ,ケ,0
23140002,脚取付ﾌﾗﾝｼﾞ(RSｰ221用) ﾕﾆｸﾛﾒｯｷ (三和),#ｱｼﾄﾘﾂ,ケ,0
23140003,電気ﾕﾆｯﾄBOX(RSｰ221用)塗装(ｶﾔﾊﾞ､ﾅﾆﾜ),#ﾃﾞﾝｷﾕ,,0
23140004,ﾊﾟｲﾌﾟﾌﾗﾝｼﾞ(RS-221用)　ﾕﾆｸﾛ　(三和),#ﾊﾟｲﾌﾟ,ケ,0
23840001,板カット (中林木工所),#ｲﾀｶｯﾄ,,0
23840002,ｽﾃﾝ棚用ｸﾗﾝﾌﾟ本体ﾒｯｷ,#ｽﾃﾝﾀﾅ,ケ,0
23840003,ﾊﾟｲﾌﾟ(前処理台用) 塗装,#ﾊﾟｲﾌﾟ,,0
23840004,ｻｽﾍﾟﾝﾀﾞｰ固定金具　ﾕﾆｸﾛ　(ｼﾐｽﾞ),#ｻｽﾍﾟﾝ,ケ,0
23840005,特注品塗装　　　　(ｶﾔﾊﾞ),#ﾄｸﾁｭｳ,,0
23940001,棚取付ﾌﾗﾝｼﾞ(ｱﾀﾞﾌﾟﾀｰ)三和20ｹ以下@未定,#ﾀﾅﾄﾘﾂ,個,0
23940002,ｱｰﾑｼﾞｮｰｺﾞｽﾀﾝﾄﾞ用ｲﾝｻｰﾄ　ﾒｯｷ　(ｼﾐｽﾞ),#ｱｰﾑｼﾞ,個,0
23940003,ﾊﾞｷｭｰﾑ100VｱﾀﾞﾌﾟﾀｰBOX塗装,#BOX,,0
23940004,"BOX　小　ﾊﾟｰﾌﾟﾙ,ﾋﾟﾝｸ,白　塗装",#BOXﾊﾟ,ｾｯﾄ,0
23940005,ｸﾗﾝﾌﾟ用押え金具　ﾕﾆｸﾛ　(三和),#ｸﾗﾝﾌﾟ,ケ,0
23940006,ｱｰﾑｼﾞｮｰｺﾞｽﾀﾝﾄﾞﾍﾘｻｰﾄ  ｸﾛｰﾑﾒｯｷ  (ｼﾐｽﾞ),#ｱｰﾑｼﾞ,ケ,0
23940007,ｱｰﾑｼﾞｮｰｺﾞﾍﾘｻｰﾄ　白上ﾒｯｷ　(三和),#ｱｰﾑｼﾞ,ケ,0
23940008,RV-202 BOX(本体･扉･電気BOX)塗装 ﾋﾟﾝｸ,#BOX,ｾｯﾄ,0
23940009,ｽﾀﾝﾄﾞ用ﾈｼﾞ(ﾍﾘｻｰﾄ)　ｸﾛｰﾑ白上  (ｼﾐｽﾞ),#ｽﾀﾝﾄﾞ,,0
23940010,袖馬ｶｰﾄﾘｯｼﾞU　ｴﾝﾄﾞﾐﾙ加工代,#ｿﾃﾞｳﾏ,,0
23940011,ｱｰﾑｼﾞｰｺﾞｽﾀﾝﾄﾞ用ﾍﾘｻｰﾄ　ｸﾛﾑ白上,#ｱｰﾑ,,0
24040001,ﾀﾞｲﾌﾞﾛｯﾄBOXフタのみ　塗装,#ﾀﾞｲﾌﾞ,個,0
24040002,ﾀﾞｲﾌﾞﾛｯﾄBOX塗装(セット),#ﾀﾞｲﾌﾞ,ｾｯﾄ,0
24040003,ﾀﾞｲﾌﾞﾛｯﾄ　Ti電極棒　Ti Pt ﾒｯｷ(ｱｲﾃｯｸ),#ﾀﾞｲﾌﾞ,,0
24540001,S&Aﾕﾆｯﾄ本体BOX塗装　ﾊﾟｰﾌﾟﾙ､ﾋﾟﾝｸ,#S&Aﾕﾆ,,0
24540002,S&Aﾕﾆｯﾄ部品取付金具塗装,#S&A,ケ,0
24540003,S&Aﾕﾆｯﾄ 221用取付ﾊﾟﾈﾙ ﾊﾟｰﾌﾟﾙ塗装,#S&A,ケ,0
24540004,S･Aﾕﾆｯﾄ用ﾊﾟﾈﾙ  塗装  ﾋﾟﾝｸ,#SAﾕﾆｯ,,0
24640001,電気ｺﾃ先  ｸﾛｰﾑ白上   (ｼﾐｽﾞ),#ﾃﾞﾝｷｺ,ケ,0
24840002,ｸﾘｽﾀﾙﾊﾞﾘｭｰ洗浄ﾀﾝｸ 塗装　(ｶﾔﾊﾞ),#ｸﾘｽﾀﾙ,ｾｯﾄ,0
24840003,ｾﾝﾀｰｱｰﾑ6･ｱｰﾑ主軸ﾈｼﾞ6･ｼﾞｮｲﾝﾄﾎﾞﾙﾄｶﾗｰ12,#ｸﾘｽﾀﾙ,一式,0
24840004,ﾊﾞﾘｭｰｽﾄﾚｰﾅｰ ｾﾝﾀｰｱｰﾑ主軸ﾈｼﾞ(ﾊﾝﾄﾞﾙ軸),#ｸﾘｽﾀﾙ,ケ,0
24840005,ｸﾘｽﾀﾙﾊﾞﾘｭｰｽﾄﾚｰﾅｰ ｾﾝﾀｰｱｰﾑ  ﾕﾆｸﾛ(ｼﾐｽﾞ),#ｸﾘｽﾀﾙ,ケ,0
24840006,ﾊﾞﾘｭｰｽﾄﾚｰﾅｰｼﾞｮｲﾝﾄﾎﾞﾙﾄｶﾗｰ(ｽﾍﾟｰｻｰ)ﾕﾆｸﾛ,#ｸﾘｽﾀﾙ,ケ,0
24840007,ｸﾘｽﾀﾙﾊﾞﾘｭｰ(ｶﾊﾞｰ･目皿含)耐油性青(ｶﾔﾊﾞ,#ｸﾘｽﾀﾙ,一式,0
24840008,ｸﾘｽﾀﾙﾊﾞﾘｭｰ一式 塗装 KIﾌﾞﾙｰ  (ﾅﾆﾜ),#ｸﾘｽﾀﾙ,SET,0
26040001,牛若ｺﾝﾄﾛｰﾙﾉﾌﾞﾈｼﾞｶﾗｰ　白上　(三和),#ｳｼﾜｶｺ,ケ,0
26240001,4ﾊﾟｲ　ﾌﾟﾗﾝｼﾞｬﾒﾀﾙ加工,#4ﾊﾟｲﾌ,,0
26740001,"ｽﾀﾝﾄﾞ取付ﾌﾗﾝｼﾞX8,棚取付ﾌﾗﾝｼﾞX4 ﾒｯｷ",#ｽﾀﾝﾄﾞ,一式,0
28040001,直本ｽﾁｰﾑﾌﾞﾗｼﾎﾞｲﾗｰ用脚 ﾕﾆｸﾛﾒｯｷ(ｼﾐｽﾞ),#ﾅｵﾓﾄ,本,0
28040002,冷却機用ｾﾝﾀｰｱｰﾑ軸　ﾕﾆｸﾛ　　　(ｼﾐｽﾞ),#ﾚｲｷｬｸ,ケ,0
28040003,ﾅｵﾓﾄｽﾁｰﾑﾌﾞﾗｼ用ﾎﾞｲﾗｰｱｰﾑ ﾕﾆｸﾛ　(三和),#ﾅｵﾓﾄ,,0
28040004,ﾕﾆｸﾛ　ｽﾀﾝﾄﾞ用取付ﾌﾗﾝｼﾞ,#ﾕﾆｸﾛ,,0
28240001,その他　ﾒｯｷ　　　　(ｼﾐｽﾞ),#ｿﾉﾀ,,0
28240002,外注加工(その他),#ｿﾉﾀ,,0
30210001,ｴｷｽﾊﾟｰﾄｶﾞﾝ 部品試作･ｻﾝﾌﾟﾙ,%ｴｷｽﾊﾟ,,0
30210002,ｴｷｽﾊﾟｰﾄｶﾞﾝ試作部品　　(岡本),%ｴｷｽ,,0
30220001,ｼｮｯｸ止ｺﾞﾑ　3tX10X24(硬度70')ｻﾝﾌﾟﾙ,%ｼｮｯｸ,ケ,0
30220002,ｴｷｽﾊﾟｰﾄｶﾞﾝ試作  (新木ﾌﾟﾗｽﾁｯｸ),%ｴｷｽﾊﾟ,,0
30220003,EXガン部品試作　　野村,%EX,,0
30220004,EXｶﾞﾝ部品試作　　　(佐々木),%EX,,0
30220005,EXｶﾞﾝ試作部品　　(山内),%EX,,0
30220006,EXｶﾞﾝ　試作部品　　　(ｱｲｹｲｵｰ),%EX,,0
30220007,EXｶﾞﾝ　試作費用,%EX,,0
30240001,ｶﾞﾝ試作部品ﾒｯｷ　　(ｼﾐｽﾞ),%ｼｻｸ,,0
30310001,しみぬきくん　試作部品　(ﾆﾌｽｺ),%ｼﾐﾇｷｸ,,0
30310002,しみぬきくん試作部品　　(吉岡幸),%ｼﾐﾇｷｸ,,0
30310003,しみぬきくん試作部品　　(淀川化成),%ｼﾐﾇｷｸ,,0
30320001,しみぬきくん部品試作　野村,%ｼﾐﾇｷｸ,,0
30320002,しみぬきくん部品試作(ﾏｴﾀﾞ工業),%ｼﾐﾇｷｸ,,0
30320003,しみぬきくん部品試作　(佐々木),%ｼﾐﾇｷｸ,,0
30320004,しみぬきくん部品試作　(淀川化成),%ｼﾐﾇｷｸ,,0
30340001,しみぬきくん試作部品　メッキ,%ｼﾐﾇｷｸ,,0
30340002,しみぬきくん試作部品加工　(日新),%ｼﾐﾇｷｸ,,0
30410001,EASZA  試作研究用部品,%ｲｰｻﾞ,,0
30420001,EASZA  試作部品,%ｲｰｻﾞ,,0
30440001,EASZA試作部品　ﾒｯｷ,%EASZA,,0
30500000,HSG　試作(ﾔﾏｳﾁ),%HSG,,0
30500001,ECORZA試作　野村,%ECORZA,,0
30500002,試作部品　(吉岡幸,%ECORZA,,0
30500003,HSG　試作部品,%HSG,,0
30810001,試作部品，ｻﾝﾌﾟﾙ部品,%ｼｻｸ,,0
30820001,試作部品(佐々木),%ｼｻｸ,,0
30820002,部品試作　　　(新木ﾌﾟﾗｽﾁｯｸ),%ｼｻｸ,,0
30840001,試作部品ﾒｯｷ　　(三和),%ｼｻｸﾌﾞ,,0
30840002,試作部品ﾒｯｷ　　　(ｼﾐｽﾞ),%ｼｻｸ,,0
30920001,試作部品   研究用部品,%ｼｻｸ,,0
30940001,ｽﾌﾟﾚｰｶﾞﾝ　試作塗装　　(ｶﾔﾊﾞ),%ｽﾌﾟﾚｶ,,0
30940002,ｽﾌﾟﾚｰｶﾞﾝ　試作メッキ,%ｽﾌﾟﾚｰ,,0
31020001,TYｰ70　試作部品　　(ﾌﾟﾗｽﾃｨｯｸｽ),%TY70,,0
31020002,TYｰ70型 試作･研究用材料,%TY70,,0
31040001,超音波試作塗装,%ﾁｮｳｵﾝ,,0
31120001,TYｰ100型  試作･研究用   (野村),%TY100,,0
31220001,輸出用超音波開発･研究費,%ﾕｼｭﾂ,,0
31520001,CUBEE 試作部品,%CUBEE,,0
31520002,超音波シミ抜き機用開発費,%ﾁｮｳｵﾝ,,0
31720001,CUBEE試作部品,%CUBEE,,0
31740001,新型超音波塗装試作,%ﾁｮｳｵﾝ,,0
31910001,超音波部品ｻﾝﾌﾟﾙ,%ﾁｮｳｵﾝ,,0
31920001,超音波試作・研究用部品,%ﾁｮｳｵﾝ,,0
31920002,超音波シミ抜き機(試作),%ﾁｮｳｵﾝ,,0
32020001,RVｰ101用試作部品　　(野村),%RV101,,0
32020002,RV-101用試作部品　　(山内),%RV101,,0
32120001,RVｰ201用試作部品　　(ﾅｽｺ),%RV201,,0
32120002,RVｰ201試作用部品  (ﾌﾟﾗｽﾃｨｯｸｽ),%RV201,,0
32420001,SBｰ101部品試作  (ﾏｴﾀﾞ工業),%SB101,,0
32910001,検反機ﾊﾞｷｭｰﾑ試作部品　(吉岡),%ｹﾝﾀﾝｷ,P,0
32920001,検反機ﾊﾞｷｭｰﾑ部品試作　　(野村),%ｹﾝﾀﾝｷ,,0
32920002,検反機ﾊﾞｷｭｰﾑ部品試作　(ﾏｴﾀﾞ),%ｹﾝﾀﾝｷ,,0
32940001,検反機ﾊﾞｷｭｰﾑ用部品メッキ試作(ｼﾐｽﾞ),%ｹﾝﾀﾝｷ,,0
33010001,ﾌﾚｷｼﾌﾞﾙﾄﾞﾗｲﾔｰ用試作材料　(吉岡),%ﾌﾚｷｼﾌ,P,0
33010002,ﾌﾚｷｼﾌﾞﾙﾄﾞﾗｲﾔｰ試作用,%ﾌﾚｷｼ,,0
33020001,ﾌﾚｷｼﾌﾞﾙｵｰﾄﾄﾞﾗｲﾔｰ部品試作,%ﾌﾚｷｼ,,0
33110001,RSｰ221用試作部品   (福研),%RS221,,0
33110002,RSｰ221 試作材料 (ｼﾊﾞﾀ),%RS221,,0
33120001,RSｰ221　部品試作　(佐々木),%RS221,,0
33120002,RSｰ221用　試作部品　(ﾅｽｺ),%RS221,,0
33120003,RSｰ221用　部品試作　(山内),%RS221,,0
33120004,RS-221 試作部品　(野村),%RS221,,0
33120005,RS-221試作部品　　　(ﾏｴﾀﾞ),%RS221,,0
33140001,試作部品ﾒｯｷ,%ｼｻｸ,,0
33140002,試作部品塗装,%ｼｻｸ,,0
33810001,ﾊﾞｷｭｰﾑその他 試作部品,%ﾊﾞｷｭｰ,,0
33810002,ﾊﾞｷｭｰﾑその他 試作材料費(ﾆﾌｽｺ),%ﾊﾞｷｭｰ,,0
33810003,ﾊﾞｷｭｰﾑその他試作材料 (吉岡),%ﾊﾞｷｭｰ,,0
33820001,ﾊﾞｷｭｰﾑその他　試作 (山内),%ﾊﾞｷｭｰ,,0
33820002,ﾊﾞｷｭｰﾑその他　試作　(野村鉄工所),%ﾊﾞｷｭｰ,,0
33820003,ﾊﾞｷｭｰﾑその他試作(ﾏｴﾀﾞ),%ﾊﾞｷｭｰ,,0
33820004,ﾊﾞｷｭｰﾑその他試作　(ﾅｽｺ),%ﾊﾞｷｭｰ,,0
33820005,ﾊﾞｷｭｰﾑ試作関係　　(ﾌﾟﾗｽﾃｨｯｸｽ),%ﾊﾞｷｭｰ,,0
33820006,ﾊﾞｷｭｰﾑその他試作 (佐々木),%ﾊﾞｷｭｰ,,0
33820007,ﾊﾞｷｭｰﾑその他試作　　　(三興電機),%ﾊﾞｷｭｰ,,0
33820008,ﾊﾞｷｭｰﾑその他試作　　(野村産業),%ﾊﾞｷｭｰ,,0
33840001,ﾊﾞｷｭｰﾑ試作塗装,%ﾊﾞｷｭｰ,,0
33910001,ﾊﾞｷｭｰﾑ関係試作部品　(吉岡幸),%ﾊﾞｷｭｰ,,0
33910002,ﾊﾞｷｭｰﾑ関係試作部品代　（福研),%ﾊﾞｷｭｰ,,0
33920001,ｽｰﾊﾟｰﾊﾞｷｭｰﾑｱｰﾑｼﾞｮｰｺﾞ蓋本体試作,%ｽｰﾊﾟｰ,,0
33920002,ﾌﾗﾝｼﾞ試作　　(近江化工),%ﾌﾗﾝｼﾞ,,0
33920003,ﾊﾞｷｭｰﾑ関係部品試作　(ﾏｴﾀﾞ),%ﾊﾞｷｭｰ,,0
33920004,ﾊﾞｷｭｰﾑ関係部品試作,%ﾊﾞｷｭｰ,,0
34010001,ﾀﾞｲﾌﾞﾛｯﾄ研究部品,%ﾀﾞｲﾌﾞ,,0
34010002,ﾀﾞｲﾌﾞﾛｯﾄ新型試作部品　(福研),%ﾀﾞｲﾌﾞ,,0
34010003,ﾀﾞｲﾌﾞﾛｯﾄ研究部品　　(ﾆﾌｽｺ),%ﾀﾞｲﾌﾞ,,0
34010004,ﾀﾞｲﾌﾞﾛｯﾄ試作部品　(ｵﾘｴﾝﾄ),%ﾀﾞｲﾌﾞ,,0
34010005,"試作部品, 研究用部品  (吉岡)",%ｼｻｸ,,0
34020001,ﾀﾞｲﾌﾞﾛｯﾄ 試作部品 (山内SP),%ﾀﾞｲﾌﾞ,,0
34020002,ﾀﾞｲﾌﾞﾛｯﾄｴｰｽ本体ﾍﾞｰｽ  試作 (山内SP),%ﾀﾞｲﾌﾞ,,0
34020003,ﾀﾞｲﾌﾞﾛｯﾄ部品試作  (野村),%ﾀﾞｲﾌﾞ,,0
34020004,ﾀﾞｲﾌﾞﾛｯﾄ部品試作  (ﾏｴﾀﾞ),%ﾀﾞｲﾌﾞ,,0
34020005,ﾀﾞｲﾌﾞﾛｯﾄ試作　　　(近江化工),%ﾀﾞｲﾌﾞ,,0
34040001,ﾀﾞｲﾌﾞﾛｯﾄ試作研究部品ﾒｯｷ  (ｱｲﾃｯｸ),%ﾀﾞｲﾌﾞ,,0
34510001,ｼﾛ　ﾆｯﾌﾟﾙ　3/8X4,%ｼﾛ,,0
34510002,KITZ　ｽｲﾝｸﾞﾁｬｯｷＶ　Rｰ125　3/8(10A),%KITZ,Ｐ,0
34510003,KITZ　ﾘﾌﾄﾁｬｯｷＶ　Fｰ150　3/8,%KITZﾘ,Ｐ,0
34510004,S&Aﾕﾆｯﾄ試作部品   (吉岡),%S&A,P,0
34510005,ｽﾁｰﾑﾍｯﾀﾞｰ  SHｰ1    大阪電機,%ｽﾁｰﾑ,台,0
34510006,SAﾕﾆｯﾄ試作用材料,%SA,,0
34510007,ｴｱｰｶﾞﾝ試作部品,%ｴｱｰ,,0
34520001,試作部品  (山内),%ｼｻｸ,,0
34520002,S&Aﾕﾆｯﾄ部品試作　(ﾏｴﾀﾞ工業),%S&Aﾕﾆ,,0
34520003,S&Aﾕﾆｯﾄ試作,%S&A,,0
34530001,ｽﾁｰﾑｶﾞﾝ試作,%ｽﾁｰﾑ,,0
34540001,ｽﾁｰﾑｶﾞﾝ試作部品,%ｽﾁｰﾑ,,0
34710001,前処理台用試作部品  (福井電機),%ﾏｴｼｮﾘ,,0
34710002,前処理台試作部品　(吉岡幸),%ﾏｴｼｮﾘ,,0
34710003,前処理台試作部品　　(福研),%ﾏｴｼｮﾘ,,0
34710004,前処理台試作部品　　(ﾆﾌｽｺ),%ﾏｴｼｮﾘ,,0
34710005,前処理台試作部品　(ｼﾊﾞﾀ),%ﾏｴｼｮﾘ,,0
34720001,前処理台用部品試作　(ﾌﾟﾗｽﾃｨｯｸｽ),%ﾏｴｼｮﾘ,,0
34720002,前処理台用部品試作　(ﾏｴﾀﾞ),%ﾏｴｼｮﾘ,,0
34720003,前処理台用試作部品　　(中林),%ﾏｴｼｮﾘ,,0
34720004,前処理台試作材料　(ﾅｽｺ),%ﾏｴｼｮﾘ,,0
34720005,前処理台試作部品　(野村),%ﾏｴｼｮﾘ,,0
34720006,前処理台部品試作　　(佐々木),%ﾏｴｼｮﾘ,,0
34720007,前処理台部品試作,%ﾏｴｼｮﾘ,,0
34740001,前処理台試作部品ﾒｯｷ   (ｼﾐｽﾞ),%ﾏｴｼｮﾘ,,0
34740002,前処理台試作部品塗装  (ｶﾔﾊﾞ),%ﾏｴｼｮﾘ,,0
34810001,ｸﾘｽﾀﾙﾊﾞﾘｭｰ　試作部品　　(吉岡),%ｸﾘｽﾀﾙ,,0
34810002,ｸﾘｽﾀﾙﾊﾞﾘｭｰ試作部品　　(福井電機),%ｸﾘｽﾀﾙ,,0
34810003,ｸﾘｽﾀﾙﾊﾞﾘｭｰ試作部品　　(朝日),%ｸﾘｽﾀﾙ,,0
34810004,ｸﾘｽﾀﾙﾊﾞﾘｭｰ試作部品　　(ｼﾊﾞﾀ),%ｸﾘｽﾀﾙ,,0
34810005,ｸﾘｽﾀﾙﾊﾞﾘｭｰ試作部品    (福研),%ｸﾘｽﾀﾙ,,0
34810006,ｸﾘｽﾀﾙﾊﾞﾘｭｰ試作研究部品　(ﾆﾌｽｺ),%ｸﾘｽﾀﾙ,,0
34810007,ｸﾘｽﾀﾙﾊﾞﾘｭｰ試作部品  (二葉),%ｸﾘｽﾀﾙ,,0
34810008,ｸﾘｽﾀﾙﾊﾞﾘｭｰ試作部品 (岡本),%ｸﾘｽﾀﾙ,,0
34820001,ｸﾘｽﾀﾙﾊﾞﾘｭｰ　試作　(YABU),%ｸﾘｽﾀﾙ,,0
34820002,ｸﾘｽﾀﾙﾊﾞﾘｭｰ試作部品  (ﾌﾟﾗｽﾃｨｯｸｽ),%ｸﾘｽﾀﾙ,,0
34820003,ｸﾘｽﾀﾙﾊﾞﾘｭｰ試作     (ﾏｴﾀﾞ),%ｸﾘｽﾀﾙ,,0
34820004,ｸﾘｽﾀﾙﾊﾞﾘｭｰ試作    (野村),%ｸﾘｽﾀﾙ,,0
34820005,ｸﾘｽﾀﾙﾊﾞﾘｭｰ部品試作 (FRP工房),%ｸﾘｽﾀﾙ,,0
34840001,ｸﾘｽﾀﾙﾊﾞﾘｭｰ試作用部品塗装,%ｸﾘｽﾀﾙ,,0
34840002,ｸﾘｽﾀﾙﾊﾞﾘｭｰ試作部品ﾒｯｷ　(ｼﾐｽﾞ),%ｸﾘｽﾀﾙ,,0
36710003,ﾊｲｽﾎﾟｯﾄﾐﾆ　試作用部品　(福研),%ﾊｲｽﾎﾟ,,0
36720001,ﾊｲｽﾎﾟｯﾄ　ﾐﾆ　部品試作　(ﾌﾟﾗｽﾃｨｯｸｽ),%ﾊｲｽﾎﾟ,,0
36720002,ﾊｲｽﾎﾟｯﾄﾐﾆ　部品試作　(中林),%ﾊｲｽﾎﾟ,,0
36720003,ﾊｲｽﾎﾟｯﾄﾐﾆ　部品試作　(岡田）,%ﾊｲｽﾎﾟ,,0
36720004,ﾊｲｽﾎﾟｯﾄﾐﾆ　部品試作　(佐々木),%ﾊｲｽﾎﾟ,,0
36720005,ﾊｲｽﾎﾟｯﾄﾐﾆ　部品試作　(野村),%ﾊｲｽﾎﾟ,,0
38010001,遠藤　ﾂｰﾙﾊﾞﾗﾝｻｰ　ERP-1　(ｱｵorｼﾛ),%ﾊﾞﾗﾝｻ,Ｐ,0
38020001,ﾐﾆｼﾞｪﾈ防熱ｶﾊﾞｰSUS1.0t×220×200×150,%ﾐﾆ,,0
38110001,×ｼﾙｸｽﾀｰﾁ　305H　　16Kg入り　使用×,%ｼﾙｸｽﾀ,缶,0
38110002,生なり修正剤 250ml  (恵美須),%ｷﾅﾘｼｭ,本,0
38110003,研究用薬品ｻﾝﾌﾟﾙ　　　恵美須,%ｹﾝｷｭｳ,,0
38110004,ﾒﾀｹｲｻﾝｿｰﾀﾞ  25kg入り,%ﾒﾀｹｲｻ,袋,0
38110005,試験用　しみぬき溶剤･洗剤,%ｼｹﾝﾖｳ,,0
38210001,特級　水酸化ﾅﾄﾘｳﾑ　500g,%ｽｲｻﾝｶ,本,0
38210002,PH試験紙　1ｰ11,%PHｼｹﾝ,箱,0
38210003,接着剤 試験用ｻﾝﾌﾟﾙ,%ｾｯﾁｬｸ,,0
38210004,研究用材料(その他)　吉岡幸,%ｹﾝｷｭｳ,,0
38210005,試作材料(その他),%ｿﾉﾀ,,0
38210006,サンプル品,$ｻﾝﾌﾟﾙ,,0
38220001,ｸﾘｰﾝｴｰｽ試作部品　　(ﾆﾌｽｺ),%ｸﾘｰﾝ,,0
38220002,電動ｻｻﾗﾌﾞﾗｼｱﾀｯﾁﾒﾝﾄ 試作,%ﾃﾞﾝﾄﾞ,ケ,0
38220003,ﾄﾞﾚﾝ回収ﾀﾝｸ　試作,%ﾄﾞﾚﾝ,,0
38220004,ﾊﾝｶﾞｰﾊﾝｸﾞｱｯﾌﾟ機 試作,%ﾊﾝｶﾞｰ,,0
38220005,試作品(その他),%ｼｻｸ,,0
39820001,宮城工場　試験研究費用,%ﾐﾔｷﾞ,,0
40210001,ﾍﾞﾙﾄﾎﾟﾝﾁ　48mm,&ﾍﾞﾙﾄ,P,0
40210002,ﾏｯｸｴｲﾄ　PCX-1　(ﾋﾟﾝ挿入用工具),&ﾏｯｸ,,0
40210003,ﾏｯｸｴｲﾄ　P-2　(PCX-1とｾｯﾄで使用),&ﾏｯｸ,個,0
40220001,ｴｷｽﾊﾟｰﾄｶﾞﾝ用修正治具,&ｴｷｽﾊﾟ,ケ,0
40310001,信越 ｼﾘｺﾝｸﾞﾘｰｽ G40ｰ100 硬さＭ,&ｼﾘｺﾝ,Ｐ,0
40320001,ｷｬｯﾌﾟ穴明け治具,&ｷｬｯﾌﾟ,個,0
40320002,しみぬき君本体用反リ修正治具,&ｼﾐﾇｷｸ,ケ,0
40320003,ｸﾗﾝｸ軸圧入治具,&ｸﾗﾝｸ,ケ,0
40910001,ｽﾘｰﾎﾞﾝﾄﾞ(赤)　1401C,&ｽﾘｰﾎﾞ,P,0
41910001,ﾛｯｸﾀｲﾄ　３２６　50CC　(中部工営),&ﾛｯｸﾀｲ,本,0
41910002,ﾛｯｸﾀｲﾄ　ﾌﾟﾗｲﾏｰ　7649　(180CCｽﾌﾟﾚｰ),&ﾌﾟﾗｲﾏ,本,0
41910003,ﾛｯｸﾀｲﾄ ﾌﾟﾗｲﾏｰ　7649　160ccｽﾌﾟﾚｰ,&ﾌﾟﾗｲﾏ,本,0
43910001,ﾐﾔﾅｶﾞ　ﾎﾙｿｰ278　50π,&ﾐﾔﾅｶﾞ,P,0
43910002,ﾐﾔﾅｶﾞ　ﾎﾙｿｰ278　82π,&ﾐﾔﾅｶﾞ,P,0
43910003,ﾐﾔﾅｶﾞ　ﾎﾙｿｰ278　105π,&ﾐﾔﾅｶﾞ,P,0
43910004,ﾐﾔﾅｶﾞ　ﾎﾙｿｰ278　60π,&ﾐﾔﾅｶﾞ,P,0
43910005,ﾐﾔﾅｶﾞ　ﾎﾙｿｰ　278ｰP　28,&ﾐﾔﾅｶﾞ,P,0
43910006,ﾐﾔﾅｶﾞ  ﾎﾙｿｰ278  40π,&ﾐﾔﾅｶﾞ,P,0
43910007,ﾐﾔﾅｶﾞ　ﾎﾙｿｰ278　30,&ﾐﾔﾅｶﾞ,P,0
43920001,治具　　(新木),&ｼﾞｸﾞ,ケ,0
43920002,治具　　(近江化工),&ｼﾞｸﾞ,ケ,0
43920003,治具　　(ﾌﾟﾗｽﾃｨｯｸｽ),&ｼﾞｸﾞ,ケ,0
43920004,治具     (ﾏｴﾀﾞ工業),&ｼﾞｸﾞ,ケ,0
43920005,治具　　(野村),&ｼﾞｸﾞ,,0
43920006,治具　　　(山内),&ｼﾞｸﾞ,,0
43940001,ﾆﾎﾝｺｳｻﾞｲ　ﾊｲｸﾞﾘｽ　300ML(吉岡幸),&ﾆﾎﾝ,P,0
43940002,治具メッキ代,&ｼﾞｸﾞ,ケ,0
44020001,治具代　　(近江化工),&ｼﾞｸﾞ,,0
44810001,ﾛｯｸﾀｲﾄ　243-50,&ﾛｯｸﾀｲ,本,0
48010001,ｵﾘﾑﾎﾟｽ  ﾋﾟｰｽｶﾞﾝ  PBｰ303ｾｯﾄ,&ﾋﾟｰｽｶ,C/S,0
48010002,ﾘｯﾁｶﾞﾝ  RSｰ507N         吉岡謹,&ﾘｯﾁｶﾞ,,0
48010003,ﾘｯﾁｶﾞﾝ用 ﾜﾝﾀｯﾁｼﾞｮｲﾝﾄ 雄･大   吉岡謹,&ﾘｯﾁｶﾞ,,0
48010004,ｴｱｰﾎｰｽ用ﾜﾝﾀｯﾁｼﾞｮｲﾝﾄ  雌      吉岡謹,&ﾘｯﾁｶﾞ,,0
48010005,ﾋﾟｰｽｶﾞﾝ用 ﾜﾝﾀｯﾁｼﾞｮｲﾝﾄ 雄･小   吉岡謹,&ﾋﾟｰｽｶ,,0
48010006,布巻ｴｱｰﾎｰｽ                 吉岡謹,&ﾇﾉﾏｷ,ｍ,0
48010007,布巻ｴｱｰﾎｰｽ用 ｼﾞｮｲﾝﾄＬ        吉岡謹,&ﾇﾉﾏｷ,,0
48010008,×ｼｰﾙｺﾞﾑ(白)NBR ﾄﾞﾗｲ機ﾄﾞｱﾊﾟｯｷﾝ　(東,&ｼｰﾙｺﾞ,個,0
48010009,日東電工ﾆﾄﾌﾛﾝﾃｰﾌﾟNO.973UL0.18X19X10m,&ﾆｯﾄｳ,巻,0
48010010,CKD 電磁弁 APK11-10A-02C AC200V,&CKD,P,0
48010011,CKD　電磁弁　1KB319-00-L-AC200V,&CKD,P,0
48120001,"Ｒ容器治具(ｼﾘﾝﾀﾞｰ加工具,ﾉｽﾞﾙﾀﾞｲｽ)",&Rﾖｳｷ,組,0
48209997,ﾄﾞﾚｽ　販売,ﾄﾞﾚｽ,枚,0
48209999,その他　販売促進,ｿﾉﾀ,式,0
48210001,蛍光灯　FLｰ40EX2,&ｹｲｺｳﾄ,本,0
48210002,ﾃﾞﾝｺｳ　TF503,&ﾃﾞﾝｺｳ,台,0
48210003,ﾏｲﾍﾟｰﾊﾟｰ　PPC　A4　ﾊﾟｯｸ,&ﾏｲﾍﾟｰ,ｹｰｽ,0
48210004,ﾀｯｸﾌｫｰﾑ　24面　15X10,&ﾀｯｸﾌｫ,ｹｰｽ,0
48210005,"納品書(A4 3分割) 3000/@16,5000/@12.4",&ﾉｳﾋﾝｼ,枚,0
48210006,PB　６角棒ﾚﾝﾁ　NO.210　2.0mm,&ﾛｯｶｸ,Ｐ,0
48210007,YMK　S型ﾎﾙｿｰ　18,&YMKSｶ,Ｐ,0
48210008,ﾈｰﾑﾗﾝﾄﾞ XRｰ6BUﾌﾞﾙｰﾃｰﾌﾟ/ｸﾛｲﾝｸ 6mm巾,&ﾈｰﾑﾗﾝ,,0
48210009,ﾔｽﾘ　5本組ｾｯﾄ,&ﾔｽﾘ5ﾎ,,0
48210010,丸ﾔｽﾘ　3ﾊﾟｲ,&ﾏﾙﾔｽﾘ,,0
48210011,VESSEL　BOXﾄﾞﾗｲﾊﾞｰNO.110　5.5X115,&VESSE,,0
48210012,ｴﾊﾞｰｸﾞﾘｯﾌﾟ　(瞬間接着剤),&ｴﾊﾞｰｸ,,0
48210013,保守料金(KM-3035ｺﾋﾟｰ機)　(ﾅﾚｯｼﾞｳｪｱ),&ﾎｼｭ,ｶｳﾝﾄ,0
48210014,OSG　EXｽﾊﾟｲﾗﾙﾀｯﾌﾟ　M3.0X0.5,&OSGEX,P,0
48210015,ﾅﾁ　ｺﾊﾞﾙﾄS.D　2.5,&ﾅﾁｺﾊﾞ,P,0
48210016,SK　ﾛﾝｸﾞｴﾝﾄﾞﾐﾙ　4X3X2枚歯,&SKﾛﾝｸ,P,0
48210017,ﾏｲﾍﾟｰﾊﾟｰ　PPC　B5　(2500枚),&ﾏｲﾍﾟｰ,箱,0
48210018,ﾅﾁ　S.D　1.9,&ﾅﾁSD1,P,0
48210019,ﾅｲｷ KCM508ｰNG 部品棚,&ﾅｲｷKC,,0
48210020,ﾛｯｸﾀｲﾄ 638 50ML　(吉岡幸),&ﾛｯｸﾀｲ,本,0
48210021,ﾛｯｸﾀｲﾄ　603　50ML　(中部工営),&ﾛｯｸﾀｲ,本,0
48210022,FPﾂｰﾙ ﾚｰｻﾞｰﾃｰﾊﾟｰﾋﾟﾝﾘｰﾏ 0.3M/M,&FPﾂｰﾙ,P,0
48210023,日立研削砥石  GC (120H) 125X13X12.7,&ｹﾝｻｸﾄ,P,0
48210024,色上質ｱｻｷﾞ　200X200m,&ｲﾛｼﾞｮ,巻,0
48210025,ｸﾞﾘｰﾝﾏｯﾄ 1.5x915x20m  (ｼﾊﾞﾀ),&ｸﾞﾘｰﾝ,ｍ,0
48210026,ｻｶｴ　作業台　KTｰ703F,&ｻｶｴ,,0
48210027,日立　ｼﾞｮｳｷｮｳｽｲｯﾁｸﾐ,&ﾋﾀﾁ,,0
48210028,望月電機　半田ｺﾞﾃSA-4･30W用ﾋｰﾀｰ　Hｰ4,&ﾓﾁﾂﾞｷ,本,0
48210029,ﾋｻｺﾞ　ﾌﾟﾘﾝﾀｰ用紙　LB56G,&ﾋｻｺﾞ,箱,0
48210030,PPCﾄﾅｰ　ﾀｲﾌﾟ350,&PPCﾄﾅ,,0
48210031,ﾅﾁ　S･D　5.0,&ﾅﾁSD5,P,0
48210032,ﾅﾁ　S.D　8.8,&ﾅﾁSD,P,0
48210033,0SG　H.T　SKS3級　#2　M4.0X0.7,&OSGHT,P,0
48210034,RYOBI ﾊﾟﾜﾌﾙﾀﾞｲﾔ DTｰ101J,&RYOBI,P,0
48210035,ﾋｻｺﾞ　ﾌﾟﾘﾝﾀｰ用紙　GB394請求書,&ﾋｻｺﾞ,箱,0
48210036,ｲｼｻﾞｷﾃﾞﾝｷ ﾌﾟﾗｼﾞｪｯﾄ PJ-206A,&ｲｼｻﾞｷ,,0
48210037,ﾅﾁ  S･D  1.2,&ﾅﾁSD,P,0
48210038,ﾅﾁ  S･D  1.6,&ﾅﾁSD,P,0
48210039,OSG EX-SUS-SFT M4.0X0.7 (ﾀｯﾌﾟ),&OSGEX,P,0
48210040,ﾅﾁ  S･D  4.5,&ﾅﾁSD,P,0
48210041,ﾅﾁ　Ｇ　S･D　12.0,&ﾅﾁG,Ｐ,0
48210042,ﾅﾁ　Ｇ　S･D　9.5,&ﾅﾁG,Ｐ,0
48210043,ﾅﾁ　Ｇ　S･D　6.0,&ﾅﾁG,Ｐ,0
48210044,ﾅﾁ　Ｇ　S･D　4.0,&ﾅﾁG,Ｐ,0
48210045,ﾊｯｺｳ　808-12　ﾊﾝﾀﾞ吸い取り器,&ﾊｯｺｳ,,0
48210046,ﾊｯｺｳ　C1100　ﾊﾝﾀﾞ吸い取り器部品,&ﾊｯｺｳ,,0
48210047,ﾊｯｺｳ　B1087　ﾊﾝﾀﾞ吸い取り器部品,&ﾊｯｺｳ,,0
48210048,ｳﾚﾀﾝ板  2tX1000WX2000L,&ｳﾚﾀﾝ,,0
48210049,ｼﾞｭﾗｺﾝ（黒） 200πX35t,&ｼﾞｭﾗｺ,,0
48210050,ｼﾞｭﾗｺﾝ  200πX200L,&ｼﾞｭﾗｺ,,0
48210051,ﾅﾁ　ｺﾊﾞﾙﾄS･D  3.0,&ﾅﾁｺﾊﾞ,P,0
48210052,ﾅﾁ　ｺﾊﾞﾙﾄS･D　6.0,&ﾅﾁｺﾊﾞ,P,0
48210053,ﾎｰｻﾞﾝ ｽﾎﾟﾝｼﾞ Hｰ108,&ﾎｰｻﾞﾝ,P,0
48210054,ﾎｰｻﾞﾝ ｾﾗﾐｯｸﾄﾞﾗｲﾊﾞｰ Dｰ271 -1.3X0.4,&ﾎｰｻﾞﾝ,P,0
48210055,ﾎｰｻﾞﾝ ｾﾗﾐｯｸﾄﾞﾗｲﾊﾞｰ Dｰ275 +NO.0,&ﾎｰｻﾞﾝ,P,0
48210056,ﾎｰｻﾞﾝ Bｰ40用仕切板ﾊﾞｰ Bｰ325,&ﾎｰｻﾞﾝ,C,0
48210057,ﾎｰｻﾞﾝ ﾐﾆﾁｭｱﾆｯﾊﾟｰ Nｰ32,&ﾎｰｻﾞﾝ,C,0
48210058,ﾎｰｻﾞﾝ ﾏｲﾅｽﾄﾞﾗｲﾊﾞｰ Dｰ240ｰ100,&ﾎｰｻﾞﾝ,P,0
48210059,ﾎｰｻﾞﾝ ﾏｲﾅｽﾄﾞﾗｲﾊﾞｰ Dｰ230ｰ100,&ﾎｰｻﾞﾝ,P,0
48210060,ﾎｰｻﾞﾝ ﾌﾟﾗｽﾄﾞﾗｲﾊﾞｰ Dｰ130ｰ75,&ﾎｰｻﾞﾝ,P,0
48210061,ﾎｰｻﾞﾝ ﾏｲﾅｽﾄﾞﾗｲﾊﾞｰ Dｰ255ｰ100,&ﾎｰｻﾞﾝ,P,0
48210062,ﾎｰｻﾞﾝ ﾏｲﾅｽﾄﾞﾗｲﾊﾞｰ Dｰ250ｰ100,&ﾎｰｻﾞﾝ,P,0
48210063,ﾎｰｻﾞﾝ ｸﾞﾘｯﾌﾟﾄﾞﾗｲﾊﾞｰ + Dｰ587ｰ300,&ﾎｰｻﾞﾝ,P,0
48210064,ﾎｰｻﾞﾝ ｸﾞﾘｯﾌﾟﾄﾞﾗｲﾊﾞｰ ｰ Dｰ583ｰ300,&ﾎｰｻﾞﾝ,P,0
48210065,ﾎｰｻﾞﾝ ｿｹｯﾄﾚﾝﾁｾｯﾄ Wｰ510,&ﾎｰｻﾞﾝ,P,0
48210066,ﾎｰｻﾞﾝ ﾌﾟﾗｽﾄﾞﾗｲﾊﾞｰ Dｰ155ｰ100,&ﾎｰｻﾞﾝ,P,0
48210067,ﾎｰｻﾞﾝ ﾌﾟﾗｽﾄﾞﾗｲﾊﾞｰ Dｰ150ｰ100,&ﾎｰｻﾞﾝ,P,0
48210068,ﾎｰｻﾞﾝ ﾌﾟﾗｽﾄﾞﾗｲﾊﾞｰ Dｰ140ｰ100,&ﾎｰｻﾞﾝ,P,0
48210069,ﾎｰｻﾞﾝ ﾋﾞｯﾄ Hｰ233 (吉岡),&ﾎｰｻﾞﾝ,P,0
48210070,ﾎｰｻﾞﾝ ｽﾀﾋﾞｰﾌﾟﾗｽﾄﾞﾗｲﾊﾞｰ Dｰ65P,&ﾎｰｻﾞﾝ,P,0
48210071,ﾎｰｻﾞﾝ 圧着ﾍﾟﾝﾁ Pｰ73,&ﾎｰｻﾞﾝ,P,0
48210072,ﾎｰｻﾞﾝ ﾗｼﾞｵﾍﾟﾝﾁ Pｰ15 150M/M,&ﾎｰｻﾞﾝ,P,0
48210073,ﾎｰｻﾞﾝ ﾆｯﾊﾟ Nｰ12,&ﾎｰｻﾞﾝ,P,0
48210074,ﾎｰｻﾞﾝ ﾋﾟﾝｾｯﾄ Pｰ87,&ﾎｰｻﾞﾝ,P,0
48210075,ﾎｰｻﾞﾝ ﾜｲﾔｰｽﾄﾘｯﾊﾟｰ P-90-A,&ﾎｰｻﾞﾝ,P,0
48210076,ﾎｰｻﾞﾝ 圧着ﾍﾟﾝﾁ Pｰ732  (吉岡),&ﾎｰｻﾞﾝ,P,0
48210077,ﾎｰｻﾞﾝ ﾌﾟﾗｲﾔｰ Pｰ211Zｰ200,&ﾎｰｻﾞﾝ,P,0
48210078,ﾎｰｻﾞﾝ ﾍﾟﾝﾁ Pｰ43ｰ200,&ﾎｰｻﾞﾝ,P,0
48210079,ﾎｰｻﾞﾝ ﾋｯﾄｺﾝﾄﾛｰﾗｰ Hｰ5,&ﾎｰｻﾞﾝ,P,0
48210080,ﾎｰｻﾞﾝ 電気半田ｺﾞﾃ Hｰ30,&ﾎｰｻﾞﾝ,P,0
48210081,ﾎｰｻﾞﾝ ﾂｰﾙﾌﾘｰ Bｰ21,&ﾎｰｻﾞﾝ,P,0
48210082,ﾎｰｻﾞﾝ 工具ｾｯﾄ Sｰ34,&ﾎｰｻﾞﾝ,P,0
48210083,ﾎｰｻﾞﾝ ｸﾞﾘｯﾌﾟ付ﾔｽﾘ Kｰ161,&ﾎｰｻﾞﾝ,P,0
48210084,ﾎｰｻﾞﾝ 部品整理箱卓上 Bｰ103,&ﾎｰｻﾞﾝ,P,0
48210085,ﾎｰｻﾞﾝ ﾊﾟｰﾂｹｰｽBｰ44用内箱 Bｰ315,&ﾎｰｻﾞﾝ,P,0
48210086,ﾎｰｻﾞﾝ ﾎﾞｰﾙﾎﾟｲﾝﾄﾚﾝﾁｾｯﾄ Wｰ110,&ﾎｰｻﾞﾝ,P,0
48210087,耐水ﾍﾟｰﾊﾟｰ　#1000,&ﾀｲｽｲ,P,0
48210088,ﾎｰｻﾞﾝ  Zｰ341,&ﾎｰｻﾞﾝ,,0
48210089,ﾎｰｻﾞﾝ  Wｰ521,&ﾎｰｻﾞﾝ,,0
48210090,ﾎｰｻﾞﾝ　ﾀｯﾌﾟﾊﾝﾄﾞﾙ  K-437A,&ﾎｰｻﾞﾝ,P,0
48210091,ﾎｰｻﾞﾝ  Kｰ170,&ﾎｰｻﾞﾝ,,0
48210092,ﾎｰｻﾞﾝ  Kｰ171,&ﾎｰｻﾞﾝ,,0
48210093,ﾎｰｻﾞﾝ  Dｰ855ｰ5.5,&ﾎｰｻﾞﾝ,,0
48210094,ﾎｰｻﾞﾝ  Dｰ857ｰ7,&ﾎｰｻﾞﾝ,,0
48210095,ﾎｰｻﾞﾝ  Dｰ2,&ﾎｰｻﾞﾝ,,0
48210096,ﾎｰｻﾞﾝ  Pｰ732,&ﾎｰｻﾞﾝ,,0
48210097,ｻﾝﾜｹｲｷ  CｰCP  ﾃｽﾀｰｶﾊﾞｰ,&ｻﾝﾜｹｲ,,0
48210098,ｻﾝﾜｹｲｷ  CPｰ7D  ﾃｽﾀｰ,&ｻﾝﾜｹｲ,,0
48210099,ｱﾗﾙﾀﾞｲﾄ ﾗﾋﾟｯﾄﾞ  30CC,&ｱﾗﾙﾀﾞ,P,0
48210100,NTｶｯﾀｰ用替え刃 Lｰ150 BLｰ6P 6枚入,&NTｶｯﾀ,P,0
48210101,ﾎｰｻﾞﾝ  耐蝕Ｅﾋﾞｯﾄ Hｰ234(Hｰ30用)吉岡,&ﾎｰｻﾞﾝ,Ｐ,0
48210102,研削砥石  ＧＣ (120H) 125X13X12.7,&ｹﾝｻｸﾄ,Ｐ,0
48210103,ｴﾚﾊﾝﾄﾎｰｽ　150,&ｴﾚﾊﾝﾄ,ｍ,0
48210104,ｴﾚﾊﾝﾄｶﾌｽ　150,&ｴﾚﾊﾝﾄ,ケ,0
48210105,ﾄﾗｲﾄﾞﾝﾊﾞﾝﾄﾞ　HS　96,&ﾄﾗｲﾄﾞ,ケ,0
48210106,ｽﾃﾝﾄﾗｲﾄﾞﾝ　HAS　128,&ﾄﾗｲﾄﾞ,ケ,0
48210107,ﾐﾔﾅｶﾞ 振動用 ｺｱﾄﾞﾘﾙｾｯﾄ PCSW38R,&ﾐﾔﾅｶﾞ,ｾｯﾄ,0
48210108,日本精密 軸付電着ﾀﾞｲﾔﾓﾝﾄﾞ砥石 D1009,&ﾆﾎﾝ,本,0
48210109,ﾅﾁ  S･D　0.3,&ﾅﾁSD,P,0
48210110,金森　SD　0.3,&ｶﾅﾓﾘ,P,0
48210111,ﾅﾁ　S･D　1.0,&ﾅﾁSD,P,0
48210112,ﾏｼﾝｵｰｶﾞｰ　22.0,&ﾏｼﾝｵｰ,P,0
48210113,ﾊｯｺｳ　B1303,&ﾊｯｺｳ,,0
48210114,ﾊｯｺｳ　A1002  ﾊﾝﾀﾞ除去器部品,&ﾊｯｺｳ,,0
48210115,ﾊｯｺｳ　A1228　ﾊﾝﾀﾞ除去器ﾋｰﾀｰ,&ﾊｯｺｳ,,0
48210116,ﾊｯｺｳ　B1215,&ﾊｯｺｳ,,0
48210117,OSG　HT　#2　M3.0X0.5,&OSGHT,Ｐ,0
48210118,OSG EXﾛﾝｸﾞｼｬﾝｸﾎﾟｲﾝﾄﾀｯﾌﾟ M5.0X0.8X150,&OSGEX,P,0
48210119,ｻｶｴ　保管ﾗｯｸ,&ｻｶｴ,P,0
48210120,ｻｶｴ　ｽﾁｰﾙ棚,&ｻｶｴ,P,0
48210121,ｾﾒﾀﾞｲﾝ　EP-138　1KG入り,&ｾﾒﾀﾞｲ,Ｐ,0
48210122,NOGA　ﾉｶﾞﾊﾞｰ　NBｰ3000,&NOGA,Ｐ,0
48210123,ﾅﾁ　S･D　12.0,&ﾅﾁSD,Ｐ,0
48210124,PB　六角棒ﾛﾝｸﾞﾚﾝﾁ　2.5,&ﾛｯｶｸﾎ,P,0
48210125,ﾅﾁ　S･D　2.0,&ﾅﾁSD,P,0
48210126,ﾊﾝﾄﾞﾘｰﾏ　3.0,&ﾊﾝﾄﾞ,P,0
48210127,H･R　2.0,&HR,Ｐ,0
48210128,ﾅﾁ　S･D　12.6,&ﾅﾁSD,P,0
48210129,喰い切り　240,&ｸｲｷﾘ,P,0
48210130,ﾅﾁ　ｽﾃﾝ手ﾉｺ刃　0.64X250X24,&ﾅﾁﾃﾉｺ,P,0
48210131,ﾅﾁ　S･D　7.8,&ﾅﾁSD,P,0
48210132,ﾊﾟﾚｯﾄ(ﾌﾟﾗｽﾁｯｸ) D4ｰ1111ｰ3,&ﾊﾟﾚｯﾄ,枚,0
48210133,ASH　両口ｽﾊﾟﾅ(SW)　12X14,&ASH,P,0
48210134,ﾊｯｺｳ  B1743 ﾊﾝﾀﾞ除去器部品 (朝日),&ﾊｯｺｳ,,0
48210135,ﾊｯｺｳ　A1007　ﾊﾝﾀﾞ除去器ｺﾃ先,&ﾊｯｺｳ,,0
48210136,ﾊｯｺｳ　B1724  ﾊﾝﾀﾞ除去器用部品,&ﾊｯｺｳ,,0
48210137,ﾅﾁ　S･D　3.5,&ﾅﾁSD,P,0
48210138,ﾅﾁ　S･D　5.2,&ﾅﾁSD,P,0
48210139,ﾅﾁ　S･D　10.0,&ﾅﾁSD,P,0
48210140,OSG　H･T　SKS３級　#2　M8X1.25,&OSGHT,P,0
48210141,ｵｶｻﾞｷ　H･R　12.0,&HR,P,0
48210142,ｸﾞｯﾄﾞ  Rｰ48B  ﾊﾝﾀﾞｺﾃ先,&ｸﾞｯﾄﾞ,,0
48210143,千住　ﾊﾝﾀﾞ　H60A/1A2N/F2/1.0/B,&ｾﾝｼﾞｭ,,0
48210144,OSG ﾊﾝﾄﾞﾀｯﾌﾟ SKS3級 #2 M16.0X2.0,&OSGHT,P,0
48210145,ﾅﾁ ﾉｽﾄﾞﾘﾙ  3/8 ｼﾔﾝｸ  14.0,&ﾅﾁﾉｽ,P,0
48210146,ﾎｰｻﾞﾝ　ｾﾝﾀｰﾎﾟﾝﾁ　K-116ｰS,&ﾎｰｻﾞﾝ,P,0
48210147,ﾎｰｻﾞﾝ　ﾋﾟﾝﾊﾞｲｽ　PVｰ3,&ﾎｰｻﾞﾝ,P,0
48210148,ﾎｰｻﾞﾝ　ﾐﾆﾁｭｱﾆｯﾊﾟｰ　N-35　125m/m,&ﾎｰｻﾞﾝ,P,0
48210149,NTﾂｰﾙ ﾒﾝﾄﾘﾄﾞﾘﾙ ｽﾄﾚｰﾄｼｬﾝｸ 06-ST6-90',&NTﾂｰﾙ,P,0
48210150,ﾋﾟﾝｹﾞｰｼﾞ　4.003M/M,&ﾋﾟﾝｹﾞ,P,0
48210151,ｼｰﾘﾝｸﾞﾏｼﾝ  15.5,&ｼｰﾘﾝｸ,P,0
48210152,ﾅﾁ  S･D  1.7,&ﾅﾁSD,P,0
48210153,ﾅﾍﾞﾔ ﾄｸﾞﾙﾀﾞｳﾝ ｸﾗﾝﾌﾟCｶﾀ 6803ｰ1C,&ﾅﾍﾞﾔ,P,0
48210154,ﾀﾅｶﾂｰﾙ　H･R  4.01,&HR,P,0
48210155,OSG  HT  7/16ｰ20UNF 2#,&OSGHT,P,0
48210156,ﾅﾁ　S･D　1.4,&ﾅﾁSD,P,0
48210157,ﾎｰｻﾞﾝ  5本組ﾔｽﾘｾｯﾄ  Kｰ155S,&ﾎｰｻﾞﾝ,P,0
48210158,ﾎｰｻﾞﾝ  ﾊﾝﾀﾞｺﾞﾃ用ﾋｰﾀｰ  H231,&ﾎｰｻﾞﾝ,P,0
48210159,ﾎｰｻﾞﾝ  ﾊﾝﾀﾞ吸取線  NO.3737,&ﾎｰｻﾞﾝ,P,0
48210160,ﾎｰｻﾞﾝ  ｿﾙﾀﾞｰｽﾀﾝﾄﾞ  Hｰ6,&ﾎｰｻﾞﾝ,P,0
48210161,ﾊﾞﾝﾗｯｸ　ﾊﾝﾄﾞﾘﾌﾀｰ　HLFｰ120,&ﾊﾞﾝﾗｯ,P,0
48210162,ｻﾝﾜｹｲｷ　AX-313TR　ﾃｽﾀｰ,&ｻﾝﾜｹｲ,,0
48210163,ｻﾝﾜｹｲｷ　C-CA　ﾃｽﾀｰｹｰｽ,&ｻﾝﾜｹｲ,,0
48210164,ﾅﾁ　S･D　4.2,&ﾅﾁSD,P,0
48210165,OSG　H･T　SKS3級　#2　M8.0X1.0,&OSGHT,P,0
48210166,ﾋﾟﾝｹﾞｰｼﾞ　3.003m/m,&ﾋﾟﾝｹﾞ,P,0
48210167,ﾍﾞﾙﾄﾎﾟﾝﾁ　60,&ﾍﾞﾙﾄ,P,0
48210168,金菱<180> A-3  (名刺用ﾌﾟﾘﾝﾀｰ用紙),&ｷﾝﾘｮｳ,枚,0
48210169,ﾅﾁ　S･D　3.2,&ﾅﾁSD,P,0
48210170,ﾅﾁ　S･D　5.5,&ﾅﾁSD,P,0
48210171,ｻｶｴ　備品,&ｻｶｴ,P,0
48210172,鋸づる(糸ﾉｺ本体)　250mm,&ﾉｺｷﾞﾘ,P,0
48210173,OSG  ﾀﾞｲｽ  25ｹｲ  M4X0.5,&OSGﾀﾞ,P,0
48210174,AC　ﾃｸﾉｼﾞｽｸ　100　#100,&AC,P,0
48210175,ﾅｼｮﾅﾙ EZT160L2507(電ﾄﾞﾗ用ﾊﾞｯﾃﾘｰ)吉岡,&ﾅｼｮﾅﾙ,P,0
48210176,ｻｶｴ  ﾍﾟｰﾊﾟｰｶｯﾀｰ  PKｰ013,&ｻｶｴ,P,0
48210177,ﾅﾁ　S･D　8.0,&ﾅﾁSD,P,0
48210178,ﾐﾔﾅｶﾞ　Aﾄﾞﾘﾙ　6.0,&ﾐﾔﾅｶﾞ,P,0
48210179,ﾅﾁ  S･D  4.0X200,&ﾅﾁSD,P,0
48210180,YMK  S型ﾎﾙｿｰ  16,&YMK,P,0
48210181,PB　6角棒ﾚﾝﾁ　NO.210　10.0mm,&ﾛｯｶｸﾎ,P,0
48210182,ﾀｯｸﾌｨﾙﾑ透明  A4,&ﾀｯｸﾌｨ,箱,0
48210183,PTﾀｯﾌﾟ　1,&PT,P,0
48210184,PEAK  ﾙｰﾍﾟ  1961,&PEAK,P,0
48210185,ﾅﾁ  S･D  7.0,&ﾅﾁSD,P,0
48210186,ﾅﾁ  S･ﾛﾝｸﾞD  5.2X150,&ﾅﾁSLD,P,0
48210187,ﾅｼｮﾅﾙ ﾊﾞｯﾃﾘｰ(EZ6060用)NO.19 7.2V,&ﾅｼｮﾅﾙ,P,0
48210188,PB ﾛｯｶｸﾎﾞｳﾚﾝﾁ  210-14mm,&ﾛｯｶｸﾎ,P,0
48210189,ﾅﾁ  S･D  2.6,&ﾅﾁSD,P,0
48210190,G&J  T型ﾀｯﾌﾟﾎﾙﾀﾞｰ  TTR-10,&G&J,P,0
48210191,ﾎｰｻﾞﾝ  ﾋﾟﾝﾊﾞｲｽ  PV-5A,&ﾎｰｻﾞﾝ,P,0
48210192,ﾅﾁ　S･D　4.0,&ﾅﾁSD,P,0
48210193,VESSEL　ﾌﾟﾗｽﾁｯｸﾊﾝﾏｰ　NO.70　1/2,&VESSE,P,0
48210194,VESSEL　BOXﾄﾞﾗｲﾊﾞｰ　NO.110　7X125,&VESSE,P,0
48210195,VESSEL　BOXﾄﾞﾗｲﾊﾞｰ　NO.110　8X125,&VESSE,P,0
48210196,VESSEL　BOXﾄﾞﾗｲﾊﾞｰ　NO.110　10X125,&VESSE,P,0
48210197,VESSEL　BOXﾄﾞﾗｲﾊﾞｰ　NO.110　12X150,&VESSE,P,0
48210198,VESSEL　BOXﾄﾞﾗｲﾊﾞｰ　NO.110　14X150,&VESSE,P,0
48210199,ﾅｼｮﾅﾙ  充電式ﾄﾞﾗｲﾊﾞｰ EZ6061B(吉岡幸),&ﾅｼｮﾅﾙ,P,0
48210200,ﾅﾁ  S･D  6.0X150,&ﾅﾁSD,P,0
48210201,耐水ﾍﾟｰﾊﾟｰ　#800,&ﾀｲｽｲ,P,0
48210202,OLFA　万能ｶｯﾀｰＬ型　NO.11B,&OLFA,P,0
48210203,ﾎｰｻﾞﾝ　ﾓﾝｷｰﾚﾝﾁ　Wｰ210ｰ150,&ﾎｰｻﾞﾝ,P,0
48210204,SKH　HT　#2　M14X1.0,&SKH,P,0
48210205,ﾅﾁ　S･D　8.2,&ﾅﾁSD,P,0
48210206,金森  S･D  0.35,&ｶﾅﾓﾘ,P,0
48210207,ﾘｭｰﾀｰ　軸付砥石　D1009,&ﾘｭｰﾀｰ,P,0
48210208,KITZ　ｽｲﾝｸﾞﾁｬｯｷＶ　Rｰ125　1/2(15A),&KITZ,P,0
48210209,KITZ　ﾎﾞｰﾙＶ　TKｰ600　1/2,&KITZ,P,0
48210210,ｽｰﾊﾟｰ　ｽﾄﾚｰﾄﾊﾟｲﾌﾟﾚﾝﾁ　300MM,&ｽｰﾊﾟｰ,P,0
48210211,ﾐﾔﾅｶﾞ  ﾎﾙｿｰ278  45π,&ﾐﾔﾅｶﾞ,P,0
48210212,日立　電気ﾄﾞﾘﾙ　D10V2　　(吉岡),&ﾋﾀﾁ,P,0
48210213,10Ｌ広口 ｺｯｸ付,&10L,,0
48210214,中尾 ﾀﾞｲﾔﾓﾝﾄﾞﾍﾟｰｽﾄ Mｰ25 12ｰ25ﾐｸﾛﾝ,&ﾅｶｵ,P,0
48210215,ﾅﾁ　S･D　2.2,&ﾅﾁSD,P,0
48210216,ﾊｯｺｳ A1217 ﾊﾝﾀﾞ除去器ﾌﾛﾝﾄﾎﾙﾀﾞｰ(岡本),&ﾊｯｺｳ,,0
48210217,ｶｼｵ　ｶｰﾄﾘｯｼﾞﾃｰﾌﾟ　KR-6WE,&ｶｼｵ,,0
48210218,PEAK  ｱｲﾙｰﾍﾟ  AW2044,&PEAK,P,0
48210219,前田ｼｪﾙ AD-24 (ｺﾝﾌﾟﾚｯｻｰ用水分分離機),&ﾏｴﾀﾞ,P,0
48210220,OSG　H･T　SKS３級　#2　M6.0X1.0,&OSGHT,P,0
48210221,六角棒ﾛﾝｸﾞﾚﾝﾁ　2m/m,&ﾛｯｶｸ,P,0
48210222,弥満和　N-PO P3 M14X1.5 ﾎﾟｲﾝﾄﾀｯﾌﾟ,&ﾔﾏﾜ,P,0
48210223,ﾊｯｺｳ　B1723,&ﾊｯｺｳ,,0
48210224,ﾊｯｺｳ　A1033,&ﾊｯｺｳ,,0
48210225,革手袋　外ヌメ,&ｶﾜﾃﾌﾞ,C,0
48210226,H･T  M12X1  #2,&HT,P,0
48210227,ｱﾙﾐ箔ﾃｰﾌﾟ  50,&ｱﾙﾐﾊｸ,P,0
48210228,VESSEL　電動ﾄﾞﾗｲﾊﾞｰ用ﾋﾞｯﾄ　2X150,&VESSE,P,0
48210229,日圧　工具　YCｰ022,&ﾆﾁｱﾂ,,0
48210230,"特殊ﾏｽﾀｰﾘﾝｸﾞ　3.966　ｰ0,+0.002",&ﾄｸｼｭ,P,0
48210231,ﾎｰｻﾞﾝ　ﾓﾝｷｰﾚﾝﾁ　Wｰ210ｰ250,&ﾎｰｻﾞﾝ,P,0
48210232,日圧　工具　LEJｰ20,&ﾆﾁｱﾂ,,0
48210233,ﾏｲﾍﾟｰﾊﾟｰ  PPC  A3 ﾊﾟｯｸ,&ﾏｲﾍﾟｰ,冊,0
48210234,ﾏﾆﾎｰﾙﾄﾞｹﾞｰｼﾞ　　(冷媒充填用工具),&ﾏﾆﾎｰﾙ,P,0
48210235,ﾐﾂﾄﾖ　CD-10CP　ﾉｷﾞｽ,&ﾐﾂﾄﾖ,P,0
48210236,OSG 管用ﾃｰﾊﾟｰﾀｯﾌﾟ SKS 3級 PT 1/4ｰ19,&OSGｶﾝ,P,0
48210237,ﾁｬｰｼﾞﾛｯｸ,&ﾁｬｰｼﾞ,P,0
48210238,ﾅﾁ  S･D  3.0,&ﾅﾁSD,P,0
48210239,ｽﾘｰﾎﾞﾝﾄﾞ　TBｰ2082B　200G,&ｽﾘｰﾎﾞ,P,0
48210240,日立ﾂｰﾙ  面取りｶｯﾀｰ 10,&ﾋﾀﾁ,P,0
48210241,OSG  ﾈｼﾞｷﾘ丸ﾀﾞｲｽ SKS 50ｹｲ M24.0X3.0,&OSGﾈｼ,P,0
48210242,ﾈｼﾞﾛｯｸ　1401C 200g,&ﾈｼﾞﾛｯ,P,0
48210243,和服ﾊﾝｶﾞｰＦ      恵美須,&ﾜﾌｸ,,0
48210244,和服仕上台ｶﾊﾞｰ   (金子),&ﾜﾌｸ,,0
48210245,ﾅﾁ  S･D  9.0,&ﾅﾁSD,P,0
48210246,HLｰHT  3X0.5  #2,&HLHT,P,0
48210247,ﾍﾘｻｰﾄ挿入工具  M3,&ﾍﾘｻｰﾄ,P,0
48210248,ﾎｰｻﾞﾝ　ﾆｯﾊﾟｰ　Nｰ35,&ﾎｰｻﾞﾝ,P,0
48210249,ﾀﾅｶﾂｰﾙ　H･R  4.03,&HR,P,0
48210250,CHAｰ2CｰJ(KLｰ1000用)ﾗﾍﾞﾙﾗｲﾀｰ用ｱﾀﾞﾌﾟﾀｰ,&CHA,,0
48210251,日圧  YCｰ202  圧着工具,&ﾆﾁｱﾂ,,0
48210252,KITZ  ｸﾞﾛｰﾌﾞＶ  A-100  1,&KITZ,P,0
48210253,ﾌﾗｯｼｭｽﾀﾝﾄﾞ,&ﾌﾗｯｼｭ,,0
48210254,とるとるローラー100(ｾｯﾄ),&ﾄﾙﾄﾙ,ｾｯﾄ,0
48210255,SS-0110(SS-5702用) ｵｼﾛｽｺｰﾌﾟ用,&SS,,0
48210256,ﾊｯｺｳ B1739 ﾊﾝﾀﾞ除去器ﾎﾟﾝﾌﾟｶﾊﾞｰ(朝日),&ﾊｯｺｳ,,0
48210257,ﾊｯｺｳ ﾊﾝﾀﾞ除去器ﾋｰﾀｰA1228用 ﾈｼﾞ,&ﾊｯｺｳ,,0
48210258,ﾊｯｺｳ A1217 ﾊﾝﾀﾞ除去器ﾌﾛﾝﾄﾎﾙﾀﾞｰ(朝日),&ﾊｯｺｳ,,0
48210259,日立　ｸﾞﾗｲﾝﾀﾞｰ　PDAｰ100F,&ﾋﾀﾁ,P,0
48210260,ﾅﾁ　S･D　6.9,&ﾅﾁSD,P,0
48210261,ﾘｺｰPPCﾄﾅｰﾀｲﾌﾟ350  285G,&ﾘｺｰ,本,0
48210262,ﾗｯｷｰﾎﾞｰｲ 詰替用　1kg,&ﾗｯｷｰ,袋,0
48210263,ﾆｭｰﾗｯｷｰﾎﾞｰｲS　ｶｰﾄﾘｯｼﾞ　　(吉岡),&ﾗｯｷｰ,P,0
48210264,ﾍﾞﾙﾄﾎﾟﾝﾁ　8MM,&ﾍﾞﾙﾄ,P,0
48210265,ﾀﾞｲﾛｰﾌﾞ手袋  5500 S(or M)    福研,&ﾃﾌﾞｸﾛ,双,0
48210266,ﾀﾞｲﾛｰﾌﾞ手袋  223S(L),&ﾀﾞｲﾛｰ,双,0
48210267,ｱﾛﾝｱﾙﾌｧ  2G  (瞬間接着剤)  吉岡幸,&ｱﾛﾝ,P,0
48210268,ｱﾛﾝｱﾙﾌｧ  20G  (瞬間接着剤) 吉岡幸,&ｱﾛﾝ,P,0
48210269,液体酸性顔料 (10ml) 12色入り,&ｴｷﾀｲ,C/S,0
48210270,ﾊﾛｰ(液体顔料) ｱｸﾘﾙ樹脂+顔料 30ml,&ﾊﾛｰ,,0
48210271,ﾅﾁ  ｺﾊﾞﾙﾄS･D  3.5,&ﾅﾁｺﾊﾞ,P,0
48210272,ﾀｲﾎｰｺｰｻﾞｲ ｽﾃﾝｶｯﾄ300ml切削潤滑剤ｽﾌﾟﾚｰ,&ﾀｲﾎｰ,P,0
48210273,日立ﾂｰﾙ  面取りｶｯﾀｰ NMG16,&ﾋﾀﾁ,P,0
48210274,ﾆﾁｱﾂ　YC-110R(圧着工具),&ﾆﾁｱﾂ,,0
48210275,ﾃﾌﾛﾝ胸前掛　NO.296 M,&ﾃﾌﾛﾝ,枚,0
48210276,ﾚｰｻﾞｰﾃｰﾊﾟｰﾋﾟﾝﾘｰﾏ　0.4,&ﾚｰｻﾞｰ,P,0
48210277,ﾅﾁ　NHｴﾝﾄﾞﾐﾙｽｰﾊﾟｰﾊｰﾄﾞ 10.0X10 S2,&ﾅﾁNH,P,0
48210278,日立　WH12VB 5M (100Vｲﾝﾊﾟｸﾄﾄﾞﾗｲﾊﾞｰ),&ﾋﾀﾁ,P,0
48210279,日立　ﾄﾞﾘﾙﾁｬｯｸｱﾀﾞﾌﾟﾀｾｯﾄ No.996193,&ﾋﾀﾁ,S,0
48210280,OSG　ﾈｼﾞｷﾘ丸ﾀﾞｲｽ　SKS 25ｹｲ M5.0X0.8,&OSGﾈｼ,P,0
48210281,ﾀﾞｲｽﾎﾙﾀﾞｰ　25MM,&ﾀﾞｲｽ,P,0
48210282,JICO　ﾀﾞｲﾔﾓﾝﾄﾞﾊﾞｰ　T3-531M,&JIKO,P,0
48210283,ﾛｯｸﾀｲﾄ　630　50ML　(吉岡幸),&ﾛｯｸ,P,0
48210284,ﾐﾔﾅｶﾞ　ﾎﾙｿｰ278　48,&ﾐﾔﾅｶﾞ,P,0
48210285,ﾅﾁ　S･D  12.9,&ﾅﾁSD,P,0
48210286,REX RBﾁｭｰﾌﾞｶｯﾀ42用替刃 424233薄肉SUS,&REX,P,0
48210287,REX　軽ｶｯﾀｰ(RBﾁｭｰﾌﾞｶｯﾀｰ)　Model42,&REX,P,0
48210288,ﾅﾁ　ﾊﾝﾄﾞｿｰ(HSS)刃 250X0.64X32t,&ﾅﾁﾊﾝ,P,0
48210289,ｽｰﾊﾟｰ　ｽﾄﾚｰﾄﾊﾟｲﾌﾟﾚﾝﾁ　450mm,&ｽｰﾊﾟｰ,P,0
48210290,ﾎｰｻﾞﾝ　H-234　　(岡本),&ﾎｰｻﾞﾝ,個,0
48210291,ﾎｰｻﾞﾝ　H-233   (岡本),&ﾎｰｻﾞﾝ,個,0
48210292,NSK 真鍮筒型ﾌﾞﾗｼ　S-139,&NSK,P,0
48210293,花岡　ﾗｲﾄｶｰ　DML(台車),&ﾊﾅｵｶ,P,0
48210294,ﾏｲﾍﾟｰﾊﾟｰPPC B4 500枚ﾊﾟｯｸ,&ﾏｲﾍﾟｰ,ﾊﾟｯｸ,0
48210295,ﾅﾁ　S･D　6.0,&ﾅﾁSD,P,0
48210296,OSG　H･T　M10X1.0　1.5P,&OSGHT,P,0
48210297,ﾘｮｰﾋﾞ　ﾄﾞﾗｲﾊﾞｰﾄﾞﾘﾙ　FDD-1000,&ﾘｮｰﾋﾞ,P,0
48210298,ｼｭｱｰ　PJ-208A　　(工具),&ｼｭｱｰ,,0
48210299,T型ﾀｯﾌﾟﾎﾙﾀﾞｰ　NO.88,&Tｶﾞﾀ,P,0
48210300,ﾅﾁ　S･D　6.2,&ﾅﾁSD,P,0
48210301,ﾐﾔﾅｶﾞ　ﾎﾙｿｰ278　33φ,&ﾐﾔﾅｶﾞ,P,0
48210302,ｻﾝｼﾞｪｯﾄ　P555　白　(研磨剤/ 3本ｾｯﾄ),&ｻﾝｼﾞｪ,本,0
48210303,ﾅﾁ　S･D　2.7,&ﾅﾁSD,P,0
48210304,ﾅﾁ　S･D　2.8,&ﾅﾁSD,P,0
48210305,OSG H･T SKS3級 #2 M10X1.25,&OSGHT,P,0
48210306,ﾏｲｸﾛｳｰﾙ(ｱﾙﾐ) 15AX20 (蒸気配管保温材),&ﾏｲｸﾛ,P,0
48210307,PR-L2900C-19ﾌﾞﾗｯｸ6.5K,&PR,箱,0
48210308,ｶｰﾄﾝ　ﾊﾟｿｺﾝUSBﾏｲｸﾛｽｺｰﾌﾟ XR9510,&ｶｰﾄﾝ,P,0
48210309,ﾐﾔﾅｶﾞﾊﾞｲﾒﾀﾙﾎﾙｿ+ｼｬﾝｸSDS SLBI038+SLSKR,&ﾐﾔﾅｶﾞ,ｾｯﾄ,0
48210310,OSG EXｽﾊﾟｲﾗﾙﾀｯﾌﾟ　M5.0X0.8,&OSGEX,P,0
48210311,蛍光灯　FHT-41107NKPM9,&ｹｲｺｳ,本,0
48210312,蛍光灯　FHT-42631PM9,&ｹｲｺｳ,本,0
48210313,OSG　EXｽﾊﾟｲﾗﾙﾀｯﾌﾟ　M6.0X1.0,&OSGEX,P,0
48210314,ﾎｰｻﾞﾝ　ｿﾌﾄｸﾞﾘｯﾌﾟﾄﾞﾗｲﾊﾞｰ D-332-100,&ﾎｰｻﾞﾝ,P,0
48210315,ﾎｰｻﾞﾝ　ﾅｯﾄ回し　D-860-10,&ﾎｰｻﾞﾝ,P,0
48210316,ﾅｼｮﾅﾙ　充電ﾄﾞﾗｲﾊﾞｰ　EZ6225C15,&ﾅｼｮﾅﾙ,P,0
48210317,理研　布ﾍﾟｰﾊﾟｰ　#60,&ﾘｹﾝ,P,0
48210318,H･R(ｽﾊﾟｲﾗﾙ)　9.96m/m,&HR,P,0
48210319,千住金属 ｽﾊﾟｰｸﾙﾊﾝﾀﾞ RH60-1.0-B 1kg,&ｾﾝｼﾞｭ,P,0
48210320,耐水ﾍﾟｰﾊﾟｰ　#1500,&ﾀｲｽｲ,P,0
48210321,ﾐﾔﾅｶﾞ　ﾎﾙｿｰ278　15,&ﾐﾔﾅｶﾞ,P,0
48210322,OSG　EXｽﾊﾟｲﾗﾙﾀｯﾌﾟ　M4.0X0.7,&OSGEX,P,0
48210323,三和　ｽﾃｨｯｸﾊﾝﾀﾞ(ﾔﾆ入)　STH-2,&ｻﾝﾜ,P,0
48210324,白　ﾈｼﾞ込T　10Ax6A(3/8x1/8),&ｼﾛﾈｼﾞ,P,0
48210325,OSG　H･T SKS3級 #2 M7.0x1.0,&OSGHT,P,0
48210326,ｵﾙﾌｧ　鉄の爪　OF-T25,&ｵﾙﾌｧ,P,0
48210327,保守料(ｶﾗｰﾌﾟﾘﾝﾀML-9600PS)　(沖電気),&ﾎｼｭ,式,0
48210328,耐水ﾍﾟｰﾊﾟｰ　#400,&ﾀｲｽｲ,P,0
48210329,巻線治具　JG/5047920　　(田中),&ﾏｷｾﾝ,,0
48210330,治具芯(大)　JG/5047923　　(田中),&ｼﾞｸﾞ,,0
48210331,ｴﾋﾞ　ﾊｲﾌﾞﾘｯﾄﾓﾝｷｰ　UM24,&ｴﾋﾞ,P,0
48210332,六角棒ﾚﾝﾁ　1.5,&ﾛｯｶｸ,P,0
48210333,ﾛｯｸﾀｲﾄ　603 50ml はめあい用(吉岡幸),&ﾛｯｸ,P,0
48210334,OSG VPﾆｭｰﾛｰﾙﾀｯﾌﾟ VP-NRT  M10X1,&OSGVP,P,0
48210335,中島銅工　ｺﾃﾗｲｻﾞｰｵｰﾄﾐﾆ　91A,&ﾅｶｼﾞﾏ,P,0
48210336,中島銅工　ｺﾃﾗｲｻﾞｰｶﾞｽﾎﾞﾝﾍﾞ　70-60,&ﾅｶｼﾞﾏ,P,0
48210337,ﾅｼｮﾅﾙ　充電ﾊﾞｯﾃﾘｰ(EZ6061用),&ﾅｼｮﾅﾙ,P,0
48210338,ｲｽﾞﾐ　圧着工具　214A,&ｲｽﾞﾐ,P,0
48210339,ﾋﾀﾁ　ｲﾝﾊﾟｸﾄﾄﾞﾗｲﾊﾞｰ　WH14DW(2LCK),&ﾋﾀﾁ,P,0
48210340,ﾋﾀﾁ　ｿｹｯﾄｱﾀﾞﾌﾟﾀｰ　0030-5070,&ﾋﾀﾁ,P,0
48210341,ﾋﾀﾁ　両頭ﾋﾞｯﾄ　983011,&ﾋﾀﾁ,P,0
48210342,軸付ﾌﾗｯﾌﾟﾎｲﾙ　50X25　100#,&ｼﾞｸﾂｷ,P,0
48210343,ｲﾁｸﾞﾁ　ﾃｸﾉﾃﾞｨｽｸ-Z　100φ　100#,&ｲﾁｸﾞﾁ,P,0
48210344,ﾋﾀﾁ　ｼﾞｸﾞｿｰﾌﾞﾚｰﾄﾞ　No.95(10枚),&ﾋﾀﾁ,ｹｰｽ,0
48210345,三菱　ｺﾊﾞﾙﾄﾄﾞﾘﾙ　5.2(176-3601）,&ﾐﾂﾋﾞｼ,P,0
48210346,ML98/96用ｲﾒｰｼﾞﾄﾞﾗﾑ　ﾌﾞﾗｯｸ,&ML,箱,0
48210347,ﾎｰｻﾞﾝ　ﾊﾝﾀﾞｺﾞﾃ　H-100,&ﾎｰｻﾞﾝ,P,0
48210348,OSG ﾈｼﾞｷﾘ丸ﾀﾞｲｽ SKS 25ｹｲ M4.0X0.7,&OSGﾈｼ,P,0
48210349,ﾅﾁ　S･D　9.6,&ﾅﾁSD,P,0
48210350,ﾎｰｻﾞﾝ　耐蝕Ｅﾋﾞｯﾄ　H-294,&ﾎｰｻﾞﾝ,P,0
48210351,ﾎｰｻﾞﾝ　耐蝕Ｅﾋﾞｯﾄ　H-834,&ﾎｰｻﾞﾝ,P,0
48210352,ﾎｰｻﾞﾝ　ﾋﾞｯﾄ　H-823,&ﾎｰｻﾞﾝ,P,0
48210353,ﾅﾁ　S･D　11.0,&ﾅﾁSD,P,0
48210354,ﾊｯｺｳ　A1003　　(岡本),&ﾊｯｺｳ,P,0
48210355,ﾊｯｺｳ　A1230,&ﾊｯｺｳ,P,0
48210356,ﾊｯｺｳ　A1231,&ﾊｯｺｳ,P,0
48210357,TONE　ｴｷｽﾃﾝｼｮﾝﾊﾞｰ320,&TONE,P,0
48210358,TRUSCO　ﾛﾝｸﾞﾉｰｽﾞｸﾞﾘｯﾌﾟﾌﾟﾗｲﾔ　VPL-150,&TRU,P,0
48210359,TRUSCO　ﾒｶﾆｯｸｸﾞﾛｰﾌﾞ　2091-NV-M,&TRU,P,0
48210360,OSG　EXｽﾊﾟｲﾗﾙﾀｯﾌﾟ　M2.0X0.4,&OSGEX,P,0
48210361,ﾅｼｮﾅﾙ　両頭ﾌﾟﾗｽﾋﾞｯﾄ　EZ9823,&ﾅｼｮﾅﾙ,P,0
48210362,PB　六角棒ﾚﾝﾁ　NO.210　0.89mm,&ﾛｯｶｸ,P,0
48210363,ﾅｼｮﾅﾙ　ﾌﾟﾗｽﾋﾞｯﾄ　EZ9805　#2,&ﾅｼｮ,P,0
48210364,ﾅｲｷ　備品　　(吉岡),&ﾅｲｷ,P,0
48210365,ﾛｯｸﾀｲﾄ　603　50ml　　(吉岡幸),&ﾛｯｸﾀｲ,P,0
48210366,NO.981ﾆﾄﾘﾙﾓﾃﾞﾙ使い切手袋 粉付S 100枚,&ﾃﾌﾞｸﾛ,P,0
48210367,BIG　ｺﾚｯﾄ　NBC10-6AA　(NC旋盤用),&BIG,P,0
48210368,MCﾄﾞﾘﾙ　3.4　　(NC旋盤用),&MCﾄﾞﾘ,P,0
48210369,ｴｸｿﾝﾓｰﾋﾞﾙ ﾒｯﾄ 423 20kg/缶(切削油),&ｴｸｿﾝ,缶,0
48210370,×ﾀｰﾋﾞﾝｵｲﾙ TO-TA-N(1L缶) 390-9751使,&ﾀｰﾋﾞﾝ,P,0
48210371,PEACOCK　ﾋﾟｯｸﾃｽﾄ　PC-1B,&ﾋﾟｰｺ,P,0
48210372,ﾔﾏﾜ ｺｰﾃｨﾝｸﾞﾛﾝｸﾞｾﾝﾀｰﾄﾞﾘﾙ CE-SL-V2X100,&ﾔﾏﾜ,P,0
48210373,ﾅﾁ ｺﾊﾞﾙﾄｽﾄﾚｰﾄｼｬﾝｸﾛﾝｸﾞﾄﾞﾘﾙ2.5X100X50,&ﾅﾁｺﾊﾞ,P,0
48210374,京ｾﾗ　GVFL100-005AA　KW10,&ｷｮｳｾﾗ,P,0
48210375,ｵﾙﾌｧ　ｶｯﾀｰ　OF-LBN,&ｵﾙﾌｧ,P,0
48210376,ﾅﾁ　ｺﾊﾞﾙﾄS･D　4.0,&ﾅﾁｺﾊﾞ,P,0
48210377,ﾅﾁ　ｺﾊﾞﾙﾄS･D　4.5,&ﾅﾁｺﾊﾞ,P,0
48210378,ﾅﾁ　ｺﾊﾞﾙﾄS･D　5.0,&ﾅﾁｺﾊﾞ,P,0
48210379,ﾅﾁ　ｺﾊﾞﾙﾄS･D　8.0,&ﾅﾁｺﾊﾞ,P,0
48210380,ﾋﾟｰｺｯｸ　ﾏｸﾞﾈﾁｯｸｽﾀﾝﾄﾞ　YM-3,&ﾋﾟｰｺ,P,0
48210381,OSG H･T 2# M11 P-1.0 No.822,&OSGHT,P,0
48210382,OSG ﾈｼﾞｷﾘ丸ﾀﾞｲｽ M11 P-1.0 38ｹｲ,&OSGﾈｼ,P,0
48210383,PR-L2900C-13　ｼｱﾝ3K,&PR,P,0
48210384,PR-L2900C-18　ｼｱﾝ6.5K,&PR,P,0
48210385,京ｾﾗ　ﾎﾙﾀﾞｰ　KGML　1616H-3,&ｷｮｳｾﾗ,P,0
48210386,京ｾﾗ　ﾎﾙﾀﾞｰ　KGML　1616M-2-150,&ｷｮｳｾﾗ,P,0
48210387,京ｾﾗ ﾁｯﾌﾟ GMM2020L-MT15D：KW10,&ｷｮｳｾﾗ,P,0
48210388,OSG ﾈｼﾞｷﾘ丸ﾀﾞｲｽ SKS 38ｹｲ M8.0X1.0,&OSGﾈｼ,P,0
48210389,BIG　NBC10-2.5AA,&BIG,P,0
48210390,ﾅﾁ　ｺﾊﾞﾙﾄS･D　2.4,&ﾅﾁｺﾊﾞ,P,0
48210391,ﾅﾁ　ｺﾊﾞﾙﾄS･D　2.0,&ﾅﾁｺﾊﾞ,P,0
48210392,京ｾﾗ　ﾊﾞｲﾄ　PSBR0404-60S　PR930,&ｷｮｳｾﾗ,P,0
48210393,BIG　NBC10-4AA･4.5AA･5AA･8AA(各),&BIG,P,0
48210394,京ｾﾗ　ﾁｯﾌﾟ　DCMT11T304GK:TN6020,&ｷｮｳｾﾗ,P,0
48210395,京ｾﾗ　ﾎﾙﾀﾞｰ　PH0416-80,&ｷｮｳｾﾗ,P,0
48210396,ｹﾅﾒﾀﾙ　ﾊﾞｲﾄ　KM16SDJCL11,&ｹﾅﾒﾀﾙ,P,0
48210397,TOP　薄型軽量ﾜｲﾄﾞﾓﾝｷﾚﾝﾁ　HY-30,&TOP,P,0
48210398,ﾔﾏﾜ ｺｰﾃｨﾝｸﾞﾛﾝｸﾞｾﾝﾀｰﾄﾞﾘﾙ CE-SL-V1X100,&ﾔﾏﾜ,P,0
48210399,ﾑﾗｷ ｶｳﾝﾀｰｼﾝｸ 6277-16.5(真鍮用面取り),&ﾑﾗｷ,P,0
48210400,ﾑﾗｷ ｶｳﾝﾀｰｼﾝｸ 6277TG-6.3(SUS用面取り),&ﾑﾗｷ,P,0
48210401,ﾑﾗｷ ｶｳﾝﾀｰｼﾝｸ 6277TG-16.5(SUS用面取り,&ﾑﾗｷ,P,0
48210402,京ｾﾗ　ﾁｯﾌﾟ　TNN081R60007:PR930,&ｷｮｳｾﾗ,P,0
48210403,VESSEL　ﾌﾟﾗｽﾁｯｸﾊﾝﾏｰNO.70替頭　1/2,&VESSE,P,0
48210404,富士 切断砥石(EX-つるぎ)355x3.0x25.4,&ｾﾂﾀﾞﾝ,P,0
48210405,ｱﾙﾌﾟｽﾂｰﾙ　AR20-2.5,&ｱﾙﾌﾟｽ,P,0
48210406,ｱﾙﾌﾟｽﾂｰﾙ　AR20-4.0,&ｱﾙﾌﾟｽ,P,0
48210407,ｱﾙﾌﾟｽﾂｰﾙ　AR20-4.5,&ｱﾙﾌﾟｽ,P,0
48210408,ｱﾙﾌﾟｽﾂｰﾙ　AR20-5.0,&ｱﾙﾌﾟｽ,P,0
48210409,ｱﾙﾌﾟｽﾂｰﾙ　AR20-8.0,&ｱﾙﾌﾟｽ,P,0
48210410,缶切り　EA912HF-1C,&ｶﾝｷﾘ,P,0
48210411,TRUSCO　ﾅｲｽﾒﾝG　NMG-16,&TRUSC,P,0
48210412,NTｶｯﾀｰ用替刃　BL-150P,&NT,P,0
48210413,OSG　H･T　SKH(ﾊｲｽ)2#　M4.0X0.5,&OSGHT,P,0
48210414,三菱　ｴﾝﾄﾞﾐﾙ　MS2JSD0050,&ﾐﾂﾋﾞｼ,P,0
48210415,ｱﾙﾌﾟｽﾂｰﾙ　ﾀｯﾌﾟﾎﾙﾀﾞｰ　SST25-ECH10-70,&ｱﾙﾌﾟｽ,P,0
48210416,ｱﾙﾌﾟｽﾂｰﾙ　ﾁｬｯｸｺﾚｯﾄ　AR16-5(M4用),&ｱﾙﾌﾟｽ,P,0
48210417,ｱﾙﾌﾟｽﾂｰﾙ　ｽﾊﾟﾅ　FK-4,&ｱﾙﾌﾟｽ,P,0
48210418,京ｾﾗ　ﾊﾞｲﾄ　KTKFR1616M-12,&ｷｮｳｾﾗ,P,0
48210419,京ｾﾗ　ﾁｯﾌﾟ　TKF12R050-S:KW10,&ｷｮｳｾﾗ,P,0
48210420,京ｾﾗ　ﾁｯﾌﾟ　TKF12R050-S:PR930,&ｷｮｳｾﾗ,P,0
48210421,ﾅﾁ　ｺﾊﾞﾙﾄS･D　10.0,&ﾅﾁｺﾊﾞ,P,0
48210422,OSG　H･T　SKS3級　#2　M12.0X1.75,&OSGHT,P,0
48210423,ｱﾙﾌﾟｽﾂｰﾙ　ﾁｬｯｸｺﾚｯﾄ　AR16-4,&ｱﾙﾌﾟｽ,P,0
48210424,OSG H･T SKH3級 #2 M4.0x0.5,&OSGHT,P,0
48210425,IPS  ｿﾌﾄﾀｯﾁ ｺﾝﾋﾞ　PH-165,&IPS,P,0
48210426,京ｾﾗ　ﾁｯﾌﾟ　PR930　GMM2420-02,&ｷｮｳｾﾗ,P,0
48210427,京ｾﾗ ﾁｯﾌﾟ PR930 GMM2020L(orR)-MT-15D,&ｷｮｳｾﾗ,P,0
48210428,ﾔﾏﾜ　ｽﾊﾟｲﾗﾙﾀｯﾌﾟ　N-SP-M4x0.5,&ﾔﾏﾜ,P,0
48210429,TONE　ﾛﾝｸﾞﾎﾞｰﾙﾎﾟｲﾝﾄＬ型ﾚﾝﾁ　BL-06S,&TONE,P,0
48210431,京ｾﾗ　ﾊﾞｲﾄ　PSBR0505-70S　PR930,&ｷｮｳｾﾗ,P,0
48210432,TONE　ﾛﾝｸﾞﾎﾞｰﾙﾎﾟｲﾝﾄＬ型ﾚﾝﾁ　BL-08S,&TONE,P,0
48210433,TRUSCO　ｸｰﾗﾝﾄﾗｲﾅｰ　CL-4H01S,&TRUSC,ｾｯﾄ,0
48210434,OSG　EXｽﾊﾟｲﾗﾙﾀｯﾌﾟ　M8.0X1.0,&OSGEX,P,0
48210435,TONE　ﾛﾝｸﾞﾎﾞｰﾙﾎﾟｲﾝﾄＬ型ﾚﾝﾁ　BL-04S,&TONE,P,0
48210436,京ｾﾗ 内径ねじ切りﾎﾙﾀﾞ SINR0612S-06E,&ｷｮｳｾﾗ,P,0
48210437,京ｾﾗ 内径ねじ切ﾁｯﾌﾟ 061R 60005 PR930,&ｷｮｳｾﾗ,P,0
48210438,Ｔ型ﾀｯﾌﾟﾎﾙﾀﾞｰ　NO.89,&Tｶﾞﾀ,P,0
48210439,PB　ｼｮｰﾄﾍｯﾄﾞ ﾍｸｽﾛｰﾌﾞ ﾚﾝﾁ 2411H/6-25,&PB,P,0
48210440,SANDVIK　円筒ｽﾘｰﾌﾞ　132L-2512-B,&SAND,P,0
48210441,OSG ﾈｼﾞｷﾘ丸ﾀﾞｲｽ SKS 38ｹｲ M5.0X0.8,&OSGﾈｼ,P,0
48210442,OSG　ｴﾝﾄﾞﾐﾙ　FX-ZDS　6.5,&OSGｴﾝ,P,0
48210443,OSG　ｽﾊﾟｲﾗﾙﾀｯﾌﾟ　M9X1.0,&OSGｽﾊ,P,0
48210444,OSG　丸ﾀﾞｲｽ　38径　M9X1.0,&OSGﾏﾙ,P,0
48210445,ｵｶﾓﾄ 755ﾆﾄﾘﾙﾊﾟｳﾀﾞｰﾎﾜｲﾄ(粉付き) 755S,&ｵｶﾓﾄ,小箱,0
48210446,京ｾﾗ　ﾁｯﾌﾟ　GMM2020NB:KW10,&ｷｮｳｾﾗ,P,0
48210447,京ｾﾗ　ﾁｯﾌﾟ　GMM2420-02:KW10,&ｷｮｳｾﾗ,P,0
48210448,ｱﾙﾌﾟｽﾂｰﾙ　ﾁｬｯｸｺﾚｯﾄ　AR16-3,&ｱﾙﾌﾟｽ,P,0
48210449,ｱﾙﾌﾟｽﾂｰﾙ　ﾁｬｯｸｺﾚｯﾄ　AR16-6,&ｱﾙﾌﾟｽ,P,0
48210450,ﾅﾁ　ｽﾄﾚｰﾄｼｬﾝｸﾛﾝｸﾞﾄﾞﾘﾙ LSD 2.5X125X65,&ﾅﾁｽﾄ,本,0
48210451,ﾅﾁ　ｽﾄﾚｰﾄｼｬﾝｸﾛﾝｸﾞﾄﾞﾘﾙ LSD 4.0X100X60,&ﾅﾁｽﾄ,本,0
48210452,三菱　ｴﾝﾄﾞﾐﾙ　MS2JSD0070,&ﾐﾂﾋﾞｼ,P,0
48210453,ﾅﾁ GS MILL ﾛﾝｸﾞﾈｯｸ2枚刃 GSN200800804,&ﾅﾁGS,本,0
48210454,TRUSCO ﾗｲﾄ付点検鏡　TT-M,&TRUSC,P,0
48210455,OSG ｽﾊﾟｲﾗﾙﾀｯﾌﾟ EX-SFT M12X0.75,&OSGｽﾊ,P,0
48210456,OSG 丸ﾀﾞｲｽ 38径 M12X0.75,&OSGﾏﾙ,P,0
48210457,ﾅﾁ ｽﾄﾚｰﾄｼｬﾝｸﾛﾝｸﾞﾄﾞﾘﾙ LSD 2.0X125X65,&ﾅﾁｽﾄ,本,0
48210458,ﾅﾁ ｽﾄﾚｰﾄｼｬﾝｸﾛﾝｸﾞﾄﾞﾘﾙ LSD 3.0X125X70,&ﾅﾁｽﾄ,本,0
48210459,OSG ｽﾊﾟｲﾗﾙﾀｯﾌﾟ M10XP1.0,&OSGｽﾊ,P,0
48210460,OSG ﾀﾞｲｽ M10XP1.0  38径,&OSGﾀﾞ,P,0
48210461,三菱 ﾐﾗｸﾙﾐﾆｽﾀｰﾄﾞﾘﾙ MSE0030SB,&ﾐﾂﾋﾞｼ,本,0
48210462,三菱 ｽﾀｰﾃｨﾝｸﾞﾄﾞﾘﾙ MSP0300SB,&ﾐﾂﾋﾞｼ,本,0
48210463,TRUSCO　ﾀｰﾋﾞﾝｵｲﾙ　TO-TA(VG32),&TRU,P,0
48210464,京ｾﾗ　PSGR0620-70S  KW10,&ｷｮｳｾﾗ,P,0
48210465,三菱　ﾄﾞﾘﾙ　EPSSD0200,&ﾐﾂﾋﾞｼ,P,0
48210466,ｱﾙﾌﾟｽﾂｰﾙ　ｺﾚｯﾄ　AR20-3,&ｱﾙﾌﾟｽ,P,0
48210468,ﾅﾁ　MCﾄﾞﾘﾙ　MCD 3.5 ｼｬﾝｸφ6,&ﾅﾁMC,P,0
48210469,京ｾﾗ　CCMT09T304GK　TN6020,&ｷｮｳｾﾗ,P,0
48210470,ｻﾝﾄﾞﾋﾞｯｸﾞ　MACR3　200-L　1025,&ｻﾝﾄﾞ,P,0
48210471,京ｾﾗ　KTTXR1616M-16F,&ｷｮｳｾﾗ,P,0
48210472,京ｾﾗ　S16F-KLTTXL16,&ｷｮｳｾﾗ,P,0
48210473,京ｾﾗ　TIX32R60005　KW10,&ｷｮｳｾﾗ,P,0
48210474,京ｾﾗ　TTX32R60005　PR930,&ｷｮｳｾﾗ,P,0
48210475,京ｾﾗ ﾊﾞｲﾄ PSBR0505-70S KW10,&ｷｮｳｾﾗ,P,0
48210476,ﾅﾁ ｺﾊﾞﾙﾄｽﾄﾚｰﾄｼｬﾝｸﾛﾝｸﾞﾄﾞﾘﾙ2.0x150x75,&ﾅﾁｺﾊﾞ,P,0
48210477,ﾅﾁ ｺﾊﾞﾙﾄｽﾄﾚｰﾄｼｬﾝｸﾛﾝｸﾞﾄﾞﾘﾙ2.5x200x150,&ﾅﾁｺﾊﾞ,P,0
48210478,ﾅﾁ ｺﾊﾞﾙﾄｽﾄﾚｰﾄｼｬﾝｸﾛﾝｸﾞﾄﾞﾘﾙ2.0x100x40,&ﾅﾁｺﾊﾞ,P,0
48210479,ﾄﾞﾗｺﾞﾝｸｰﾗﾝﾄ ｼﾞｮｲﾝﾄﾌﾟﾗｲﾔ DCP-4,&ﾄﾞﾗｺﾞ,P,0
48210480,OSG　ﾈｼﾞｷﾘ丸ﾀﾞｲｽ SKS 38径 M12.0X1.75,&OSGﾈｼ,P,0
48210481,TRUSCO　ﾀｰﾋﾞﾝｵｲﾙ　1L　TO-TA-N,&TRUSC,P,0
48210482,京ｾﾗ　CCMT09T302GK:PR1125 1ｹｰｽ,&ｷｮｳｾﾗ,P,0
48210483,京ｾﾗ　CCGT09T301MF:PR1025　1ｹｰｽ,&ｷｮｳｾﾗ,P,0
48210484,ﾅﾁ　ｽﾄﾚｰﾄｼｬﾝｸﾛﾝｸﾞﾄﾞﾘﾙ　LSD2.0X150X60,&ﾅﾁｽﾄ,P,0
48210485,京ｾﾗ　ｽｸﾘｭｰ　SE-50125TR,&ｷｮｳｾﾗ,P,0
48210486,ﾅﾁ　GSﾐﾙ　ﾛﾝｸﾞﾈｯｸ2枚刃　GSN200500804,&ﾅﾁGS,P,0
48210487,ｹﾅﾒﾀﾙ　KM16SCLCR0920,&ｹﾅﾒﾀ,P,0
48210488,BIG　ｺﾚｯﾄ　NBC10-3.0AA,&BIG,P,0
48210489,京ｾﾗ　ｽｸﾘｭｰ　SB-2050TR,&ｷｮｳｾﾗ,P,0
48210490,京ｾﾗ　ﾚﾝﾁ　FT-6,&ｷｮｳｾﾗ,P,0
48210491,BIG　ｺﾚｯﾄ　NBC10-5.0AA,&BIG,P,0
48210492,大和　上皿自動はかり特大型　SD-30,&ﾔﾏﾄ,P,0
48210493,OSG　ｴﾝﾄﾞﾐﾙ　FX-ZDS　10.0,&OSGｴﾝ,P,0
48210494,OSG　ｴﾝﾄﾞﾐﾙ　FX-ZDS　8.2,&OSGｴﾝ,P,0
48210495,ﾅﾁ　NLSD　2.0X100X60,&ﾅﾁNL,P,0
48210496,OSG　ｴﾝﾄﾞﾐﾙ  FX-ZDS　4.2,&OSGｴﾝ,P,0
48210497,OSG　ｴﾝﾄﾞﾐﾙ　FX-MG-EDS　4.2,&OSGｴﾝ,P,0
48210498,京ｾﾗ　ﾊﾞｲﾄ　PSBR0303-50S:KW10,&ｷｮｳｾﾗ,P,0
48210499,京ｾﾗ　ｽﾘｰﾌﾞEZH03016HP-100,&ｷｮｳｾﾗ,P,0
48210500,京ｾﾗ　ｽｸﾘｭｰ　HS3X4,&ｷｮｳｾﾗ,P,0
48210501,京ｾﾗ　ｽｸﾘｭｰ　HS4X4,&ｷｮｳｾﾗ,P,0
48210502,A1359　　ﾊﾝﾀﾞｺﾞﾃのｺﾃ先,&A1359,PCS,0
48210503,OSG　H･T　SKS3級　#2　M2.0X0.4,&OSGHT,P,0
48210504,六角棒ﾚﾝﾁ　0.89,&ﾛｯｶｸ,P,0
48210505,PB　六角棒ﾚﾝﾁ　NO.210　1.5mm,&ﾛｯｶｸ,P,0
48210506,ﾊｯｺｳ　A1353　ﾊﾝﾃﾞｨﾊﾝﾀﾞｺﾞﾃﾋｰﾀｰ,&A1353,PCS,0
48210507,OSG　EX-SUS-SFT　M3.0X0.5,&OSGEX,P,0
48210508,OSG　EX-SUS-SFT　M5.0X0.8,&OSGEX,P,0
48210509,罫書き針　K型　2027015001,&ｹｲｶｷ,P,0
48210510,ﾅｼｮﾅﾙ　EZ6061B用ｽｲｯﾁ　EZ6060D2008,&ﾅｼｮ,P,0
48210511,ﾅﾁ　MCﾄﾞﾘﾙ　MCD3.4　ｼｬﾝｸ6,&ﾅﾁMC,P,0
48210512,ﾊﾟﾅｿﾆｯｸ　電池ﾊﾟｯｸ　EZ9025,&ﾊﾟﾅｿﾆ,P,0
48210513,ﾅﾁ　Gｼｮｰﾄﾄﾞﾘﾙ　GSS　2.5,&ﾅﾁGS,P,0
48210514,ﾅﾁ　Gｼｮｰﾄﾄﾞﾘﾙ　GSS　3.3,&ﾅﾁGS,P,0
48210515,ﾅﾁ　Gｼｮｰﾄﾄﾞﾘﾙ　GSS　4.2,&ﾅﾁGS,P,0
48210516,京ｾﾗ　TTX32R60001　KW10,&ｷｮｳｾﾗ,P,0
48210517,ﾅﾁ　GLD　2.0X100X50,&ﾅﾁGL,P,0
48210518,OSG EXｺﾞｰﾙﾄﾞﾄﾞﾘﾙ EX-SUS-GDR 2.0,&OSGEX,P,0
48210519,ﾅﾁ　COLSD　2.0X100X40,&ﾅﾁCO,P,0
48210520,TRUSCO　面取ｶｯﾀｰ　NMG-16,&TRUSC,P,0
48210521,ﾅﾁ　MCﾄﾞﾘﾙ　MCD　11.0,&ﾅﾁMC,P,0
48210522,京ｾﾗ ﾁｯﾌﾟｸﾗﾝﾋﾟﾝｸﾞｽｸﾘｭｰ SB-4070TRW,&ｷｮｳｾﾗ,P,0
48210523,京ｾﾗ　ﾚﾝﾁ　FT-8,&ｷｮｳｾﾗ,P,0
48210524,ﾅﾁ　ｺﾊﾞﾙﾄS･D　9.6,&ﾅﾁｺﾊﾞ,P,0
48210525,ﾅﾁ　ｺﾊﾞﾙﾄS･D　12.0,&ﾅﾁｺﾊﾞ,P,0
48210526,ﾅﾁ　DLCﾄﾞﾘﾙﾚｷﾞｭﾗ　DLCDR　12.0,&ﾅﾁDLC,P,0
48210527,ﾅﾁ ｽﾛｯﾄﾛﾝｸﾞｼｬﾝｸｴﾝﾄﾞﾐﾙ DLCSLTLS 11,&ﾅﾁｽﾛ,P,0
48210528,ﾅﾁ ｱﾙﾐ用ｴﾝﾄﾞﾐﾙ 2DLCM 3.0,&ﾅﾁｴﾝ,P,0
48210529,ﾅﾁ DLCﾄﾞﾘﾙﾚｷﾞｭﾗ DLCDR 3.8,&ﾅﾁDLC,P,0
48210530,ﾅﾁ DLCﾄﾞﾘﾙﾚｷﾞｭﾗ DLCDR 11.8,&ﾅﾁDLC,P,0
48210531,第一ﾂｰﾙ ｽﾊﾟｲﾗﾙﾊﾝﾄﾞﾘｰﾏ SPHR 12.0,&ﾀﾞｲｲﾁ,P,0
48210532,OSG　EXｺﾞｰﾙﾄﾞﾄﾞﾘﾙ　EX-SUS-GDN　1.0,&OSGEX,P,0
48210533,ﾅﾁ ﾉﾝｽﾃｯﾌﾟﾛﾝｸﾞﾄﾞﾘﾙ NLSD 2.0x100x60,&ﾅﾁﾉﾝ,P,0
48210534,石崎電機 PJ-208A用部品 ﾋｰﾀｰPJ-206H,&ｲｼｻﾞｷ,P,0
48210535,石崎電機 PJ-208A用絶縁ﾏｲｶｾｯﾄ/ｳﾝﾓ.ｲｼﾜ,&ｲｼｻﾞｷ,P,0
48210536,京ｾﾗ　PSTR0604-60S:KW10,&ｷｮｳｾﾗ,P,0
48210537,OSG　ｴﾝﾄﾞﾐﾙ　FX-MG-EDS　10.0,&OSGｴﾝ,P,0
48210538,OSG　EXｽﾊﾟｲﾗﾙﾀｯﾌﾟ　M10.0X1.5,&OSGEX,P,0
48210539,OSG ﾈｼﾞｷﾘ丸ﾀﾞｲｽ SKS 38ｹｲ M10.0X1.5,&OSGﾈｼ,P,0
48210540,ﾅﾁ　ｺﾊﾞﾙﾄS･D　8.5,&ﾅﾁｺﾊﾞ,P,0
48210541,京ｾﾗ　TTX32R6001:PR930,&ｷｮｳｾﾗ,P,0
48210542,京ｾﾗ　TKF12R150-NB　KW10,&ｷｮｳｾﾗ,P,0
48210543,京ｾﾗ　081R60007:PR930,&ｷｮｳｾﾗ,P,0
48210544,OSG　丸ﾀﾞｲｽ　38径　M12　P＝1.0,&OSGﾏﾙ,P,0
48210545,NTK　ZM3TBMH32150R05-22,&NTK,P,0
48210546,京ｾﾗ　ﾁｯﾌﾟ　GMM2420-020MW　PR930,&ｷｮｳｾﾗ,P,0
48210547,ﾅﾁ　ｺﾊﾞﾙﾄS･D　10.8,&ﾅﾁｺﾊﾞ,P,0
48210548,ﾅﾁ　ｺﾊﾞﾙﾄS･D　5.1,&ﾅﾁｺﾊﾞ,P,0
48210549,ﾅﾁ　AGﾐﾙ　2AGE　3.1,&ﾅﾁAG,P,0
48210550,ﾅﾁ　ｽﾄﾚｰﾄｼｬﾝｸﾄﾞﾘﾙ　3.95X51X79,&ﾅﾁｽﾄ,P,0
48210551,京ｾﾗ　PSFGR0830-20S　KW10,&ｷｮｳｾﾗ,P,0
48210552,KDS　S16-55N　巻尺,&KDS,P,0
48210553,ﾅﾁ　ｺﾊﾞﾙﾄS･D　2.6,&ﾅﾁｺﾊﾞ,P,0
48210554,京ｾﾗ　CCMT09T304GK：PR1125,&ｷｮｳｾﾗ,P,0
48210555,京ｾﾗ　PSBR0707-80S　KW10,&ｷｮｳｾﾗ,P,0
48210556,PB　六角棒ﾚﾝﾁ　213-3/32,&ﾛｯｶｸ,P,0
48210557,京ｾﾗ　CCGT09T304AH　KW10,&ｷｮｳｾﾗ,P,0
48210558,ﾅﾁ　ｱﾙﾐ用ｴﾝﾄﾞﾐﾙ　2DLCM　3.1,&ﾅﾁｴﾝ,P,0
48210559,ﾅﾁ　ｺﾊﾞﾙﾄS･D　9.0,&ﾅﾁｺﾊﾞ,P,0
48210560,ﾅﾁ ｽﾄﾚｰﾄｼｬﾝｸﾛﾝｸﾞﾄﾞﾘﾙ LSD4.05X125X75,&ﾅﾁｽﾄ,P,0
48210561,ﾅﾁ ｽﾄﾚｰﾄｼｬﾝｸﾛﾝｸﾞﾄﾞﾘﾙ LSD4.1X125X75,&ﾅﾁｽﾄ,P,0
48210562,第一ﾂｰﾙ　ﾊﾝﾄﾞﾘｰﾏ　HR 12.0,&ﾀﾞｲｲﾁ,P,0
48210563,京ｾﾗ　081R5501:PR930,&ｷｮｳｾﾗ,P,0
48210564,ﾅﾁ　ｺﾊﾞﾙﾄS･D　11.0,&ﾅﾁｺﾊﾞ,P,0
48210565,ﾅﾁ　ｽﾄﾚｰﾄｼｬﾝｸﾛﾝｸﾞﾄﾞﾘﾙ　LSD4.2X125X75,&ﾅﾁｽﾄ,P,0
48210566,京ｾﾗ　ﾊﾞｲﾄ　PSTR0805-70S,&ｷｮｳｾﾗ,P,0
48210567,京ｾﾗ　ﾁｯﾌﾟ　TPGH090202L:KW10,&ｷｮｳｾﾗ,P,0
48210568,ﾅﾁｺﾊﾞﾙﾄSTｼｬﾝｸﾛﾝｸﾞﾄﾞﾘﾙCOLSD3.2X150X75,&ﾅﾁｺﾊﾞ,P,0
48210569,ﾅﾁ　ｺﾊﾞﾙﾄS･D　5.2,&ﾅﾁｺﾊﾞ,P,0
48210570,ﾅﾁ　ｺﾊﾞﾙﾄS･D　7.8,&ﾅﾁｺﾊﾞ,P,0
48210571,OSG　ｴﾝﾄﾞﾐﾙ　CA-RG-EDS　2.5,&OSGｴﾝ,P,0
48210572,OSG　ｴﾝﾄﾞﾐﾙ　CA-RG-EDS　5,&OSGｴﾝ,P,0
48210573,OSG　ｴﾝﾄﾞﾐﾙ　CA-RG-EDS　7,&OSGｴﾝ,P,0
48210574,京ｾﾗ　ﾁｯﾌﾟ　PSBR0303-50S:PR930,&ｷｮｳｾﾗ,P,0
48210575,OSG ﾄﾞﾘﾙﾀｯﾌﾟ NO.22519 DRT M5X0.8,&OSGﾄﾞ,P,0
48210576,OSG ｴﾝﾄﾞﾐﾙ NO.3016050 WX-PHS 5,&OSGｴﾝ,P,0
48210577,ﾅﾁ AG-SUSﾄﾞﾘﾙｼｮｰﾄ AGSUSS 7.8,&ﾅﾁAG,P,0
48210578,ﾅﾁ Gｺﾊﾞﾙﾄｽﾄﾚｰﾄｼｬﾝｸﾄﾞﾘﾙ GCOSD 2.95,&ﾅﾁGｺ,P,0
48210579,ﾅﾁ　ｺﾊﾞﾙﾄS･D　8.1,&ﾅﾁｺﾊﾞ,P,0
48210580,京ｾﾗ ﾁｯﾌﾟ CCGT0301003L-F：PR930,&ｷｮｳｾﾗ,P,0
48210581,OSG 小径SUS加工用超硬ﾄﾞﾘﾙMRS-GDL2.56,&OSGｼｮ,P,0
48210582,京ｾﾗ　CCGT030102L-F　KW10,&ｷｮｳｾﾗ,P,0
48210583,京ｾﾗ　CCGT030102L-F　PR930,&ｷｮｳｾﾗ,P,0
48210584,NKT　GTMX32043RT　QM3,&NKT,P,0
48210585,OSG　ｴﾝﾄﾞﾐﾙ　CU-EDS　2.0,&OSGｴﾝ,P,0
48210586,京ｾﾗ　TKF12R100-NB　KW10,&ｷｮｳｾﾗ,P,0
48210587,ﾅﾁ ﾉﾝｽﾃｯﾌﾟﾛﾝｸﾞﾄﾞﾘﾙ NLSD 2.5X100X60,&ﾅﾁﾉﾝ,P,0
48210588,SANDVIK ﾁｯﾌﾟ MACR3150-T:1025,&SANDV,P,0
48210589,京ｾﾗ　CCMT09T304GK:PR1025,&ｷｮｳｾﾗ,P,0
48210590,京ｾﾗ　GMM2020MT:PR915,&ｷｮｳｾﾗ,P,0
48210591,京ｾﾗ　ﾁｯﾌﾟ　PSBR0707-80S:PR930,&ｷｮｳｾﾗ,P,0
48210592,ﾅﾁ　ﾊﾝﾄﾞｿｰ(手鋸刃)　SKS　0.64x250x24,&ﾅﾁﾊﾝ,P,0
48210593,NTK　ﾁｯﾌﾟ　CCGW09T302H:KM1,&NTK,P,0
48210594,NTK　ﾁｯﾌﾟ　CCMT09T304ENAQD:ZM3,&NTK,P,0
48210595,ﾅﾁ　ｺﾊﾞﾙﾄS･D　3.1,&ﾅﾁｺﾊﾞ,P,0
48210596,OSG EXﾛﾝｸﾞｼｬﾝｸｽﾊﾟｲﾗﾙﾀｯﾌﾟM3.0x0.5x100,&OSGEX,P,0
48210597,OSG ﾐﾆﾁｭｱｴｷｽﾄﾗｸﾀｰ外径0.5FX-MG-EDLL-3,&OSGﾐﾆ,P,0
48210598,OSG　CRN-LN-EDS　1.5X15,&OSGCR,P,0
48210599,OSG NO.8317502VP-NRT M3X0.5 RH5 4P,&OSGVP,P,0
48210600,OSG　CA-RG-EDS　2.8,&OSGCA,P,0
48210601,PR-L2900C-16　ｲｴﾛｰ6.5K,&PR,箱,0
48210602,PR-L2900C-17　ﾏｾﾞﾝﾀﾞ6.5K,&PR,箱,0
48210603,PR-L2900C-31　ﾄﾞﾗﾑｶｰﾄﾘｯｼﾞ,&PR,箱,0
48210604,KDS　ｶｯﾀｰ替刃　SB-10H,&KDS,ｹｰｽ,0
48210605,ﾀｼﾞﾏﾂｰﾙ　ｶｯﾀｰ　LC521RBL,&ﾀｼﾞﾏ,P,0
48210606,ﾅﾁ　AGﾐﾙ　2AGE　4.2,&ﾅﾁAG,P,0
48210607,大和 上皿自動秤特大型SD-30用表示ｶﾊﾞｰ,&ﾔﾏﾄ,P,0
48210608,ﾅﾁ　MCﾄﾞﾘﾙ　MCD　12.0,&ﾅﾁMC,P,0
48210609,ﾊﾟﾅｿﾆｯｸ蛍光灯2灯　FSA42001FVPNP,&ｹｲｺｳﾄ,,0
48210610,ML98/96用 ﾍﾞﾙﾄﾕﾆｯﾄ,&ML98,箱,0
48210611,ﾅﾁ　MCﾄﾞﾘﾙ　MCD　7.0,&ﾅﾁMC,P,0
48210612,京ｾﾗ　TKF12R050-NB-20DR　KW10,&ｷｮｳｾﾗ,P,0
48210613,ﾅﾁ　ｺﾊﾞﾙﾄS･D　9.5,&ﾅﾁｺﾊﾞ,P,0
48210614,京ｾﾗ　ﾁｯﾌﾟ　TPGH090204L　PR930,&ｷｮｳｾﾗ,P,0
48210615,ﾅﾁ ﾉﾝｽﾃｯﾌﾟﾛﾝｸﾞﾄﾞﾘﾙ NLSD 9.0x200x150,&ﾅﾁﾉﾝ,本,0
48210616,ﾅﾁ　MCﾄﾞﾘﾙ　MCD　15.0,&ﾅﾁMC,本,0
48210617,ﾅﾁ　DLCﾊｲｽﾄﾞﾘﾙ　DLCHD　11.8,&ﾅﾁDL,P,0
48210618,HITACHIﾛｰﾀﾘｰﾊﾞﾝﾄﾞｿｰCB12VA2100V,&ﾋﾀﾁ,P,0
48210619,ﾅﾁ　MCﾄﾞﾘﾙ　MCD　11.8,&ﾅﾁMC,P,0
48210620,岡崎精工　ﾁｬｯｷﾝｸﾞﾘｰﾏ　CR140,&ｵｶｻﾞｷ,P,0
48210621,OSG　ｴﾝﾄﾞﾐﾙ　FX-ZDS　11.0,&OSGｴﾝ,P,0
48210622,ﾅﾁ　Gﾛﾝｸﾞﾄﾞﾘﾙ　GLSD　9.5X250X120,&ﾅﾁGLS,P,0
48210623,OSG　ｴﾝﾄﾞﾐﾙ　FX-ZDS　11.9,&OSGｴﾝ,P,0
48210624,ﾅﾁ　ｺﾊﾞﾙﾄS･D　3.8,&ﾅﾁｺﾊﾞ,P,0
48210625,ﾅﾁ　Gﾛﾝｸﾞﾄﾞﾘﾙ　GLSD 9.5x150x110,&ﾅﾁGﾛﾝ,本,0
48210626,保守料金(KM-1650 FAX)　(ﾅﾚｯｼﾞｳｪｱ),&ﾎｼｭ,ｶｳﾝﾄ,0
48210627,ﾅﾁ　ｺﾊﾞﾙﾄS･D　7.6,&ﾅﾁｺﾊﾞ,P,0
48210628,ﾅﾁ　ｺﾊﾞﾙﾄS･D　2.8,&ﾅﾁｺﾊﾞ,P,0
48210629,OSG EX-SC-SFT M8X1 ｼｮｰﾄﾁｬﾝﾌｧｰ形OH2,&OSGEX,P,0
48210630,SANDVIK　ﾁｯﾌﾟ　MACR3 100-R：1025,&SANDV,P,0
48210631,SANDVIK　ﾁｯﾌﾟ　MACR3　250-T：1025,&SANDV,P,0
48210632,第一ﾂｰﾙ　H･R　3.0,&ﾀﾞｲｲﾁ,P,0
48210633,ｴﾝG　ｴﾝﾄﾞﾐﾙ　FX-ZDS　6.4,&OSGｴﾝ,P,0
48210634,早坂精密(HTD)面取工具CD1 04 ST 4 90',&ﾊﾔｻｶ,P,0
48210635,OSG EXｺﾞｰﾙﾄﾞﾄﾞﾘﾙ EX-SUS-GDS 2.9,&OSGEX,P,0
48210636,京ｾﾗ ﾁｯﾌﾟ TNN061R 60005 PR930,&ｷｮｳｾﾗ,P,0
48210637,ﾅﾁ　SG-ESSﾄﾞﾘﾙ　SGESS　1.0,&ﾅﾁSG,P,0
48210638,ﾅﾁ　SG-FAXｴﾝﾄﾞﾐﾙ　2SGE　2.0,&ﾅﾁSG,P,0
48210639,OSG　EX-GDXL　2.0　NO.8590520,&OSGEX,P,0
48210640,OSG　EX-SUS-SFT　M3.5X0.6,&OSGEX,P,0
48210641,ﾅﾁ　AG-SUSﾄﾞﾘﾙ ｼｮｰﾄ　AGSUSS　2.9,&ﾅﾁAG,P,0
48210642,OSGｽﾊﾟｲﾗﾙﾀｯﾌﾟNO.18107 EX-SFT M8X0.75,&OSGｽﾊ,P,0
48210643,ﾅﾁ　DLCﾊﾟﾜｰﾛﾝｸﾞﾄﾞﾘﾙ　DLCPLSD　2.0X85,&ﾅﾁDLC,P,0
48210644,ﾅﾁ　ｺﾊﾞﾙﾄS･D　3.2,&ﾅﾁｺﾊﾞ,P,0
48210645,SANDVIK ｺﾛｶｯﾄXSﾁｯﾌﾟ MACR3100-T 1025,&SANDV,P,0
48210646,SANDVIK ｺﾛｶｯﾄXSﾁｯﾌﾟ MATR360-A 1025,&SANDV,P,0
48210647,ﾅﾁ　SG-ESSﾄﾞﾘﾙ　SG-ESS　4.0,&ﾅﾁSG,P,0
48210648,ﾅﾁ　SG-ESSﾄﾞﾘﾙ　SG-ESS　4.5,&ﾅﾁSG,P,0
48210649,ﾅﾁ　SG-ESSﾄﾞﾘﾙ　SG-ESS　8.1,&ﾅﾁSG,P,0
48210650,京ｾﾗ　PSBR0404-60S　KW10,&ｷｮｳｾﾗ,P,0
48210651,OSG　ｴﾝﾄﾞﾐﾙ　EDS　5.25,&OSGｴﾝ,P,0
48210652,OSG　MRS-GDL　2.56,&OSGMR,P,0
48210653,OSG 軟鋼深穴用S･T MS-DH-SFT M12X1.75,&OSGﾅﾝ,P,0
48210654,ﾅﾁ　MCﾄﾞﾘﾙ　MCD　10.0,&ﾅﾁMC,P,0
48210655,ﾉｶﾞ　ﾌﾞﾚｰﾄﾞ　BS1268,&ﾉｶﾞ,P,0
48210656,日立　ﾄﾞﾚｯｻｰ　NO.939120,&ﾋﾀﾁ,P,0
48210657,ﾅﾁ　MCﾄﾞﾘﾙ　MCD　13.8,&ﾅﾁMC,P,0
48210658,ﾎｰｻﾞﾝ　ﾊﾝﾀﾞｺﾞﾃ　H869,&ﾎｰｻﾞﾝ,P,0
48210659,ﾎｰｻﾞﾝ　耐食ﾋﾞｯﾄ　H-864,&ﾎｰｻﾞﾝ,P,0
48210660,ﾐﾔﾅｶﾞ　ｺﾝｸﾘｰﾄﾄﾞﾘﾙ　振動用　7.0S,&ﾐﾔﾅｶﾞ,P,0
48210661,東芝 照明器具 FHT42107K PM9,&ｹｲｺｳﾄ,P,0
48210662,PR201/87LA-01ﾘﾎﾞﾝｶｰﾄﾘｯｼﾞ　(NEC),&PR201,個,0
48210663,PPC用紙 SNOW WHITE A3 500枚X3冊 NEC,&PPC,ｹｰｽ,0
48210664,ﾃﾌﾛﾝ胸前掛　NO.296　L,&ﾃﾌﾛﾝ,枚,0
48210665,PR-L2900Cﾄﾅｰｶｰﾄﾘｯｼﾞ6.5K(ﾌﾞﾗｯｸ)2本ｾｯﾄ,&PR,ｾｯﾄ,0
48210666,白　SL　15A,&ｼﾛSL,P,0
48210667,胴ﾊﾟﾌ用ｶﾊﾞｰ,&ﾄﾞｳﾊﾟ,,0
48210668,OSG EXｺﾞｰﾙﾄﾞﾄﾞﾘﾙ EX-SUS-GDR 3.2,&OSG,P,0
48210669,積水　保温ﾁｭｰﾌﾞ　STQ　16,&ｾｷｽｲ,P,0
48210670,積水　保温ﾁｭｰﾌﾞ　STQ　30,&ｾｷｽｲ,P,0
48210671,OSG　ｴﾝﾄﾞﾐﾙ　EDS　1.5　ﾂｰﾙNO.80003,&OSGｴﾝ,P,0
48210672,OSG EXｺﾞｰﾙﾄﾞﾄﾞﾘﾙ EX-SUS-GDS　1.6,&OSGEX,P,0
48210673,NASKALUB(潤滑油ｽﾌﾟﾚｰ)420ml,&NASKA,本,0
48210674,OSG ｴﾝﾄﾞﾐﾙNO.3131306 WXL-LN-EDS0.3x3,&OSGｴﾝ,P,0
48210675,ﾔﾏﾜｺｰﾃｨﾝｸﾞｾﾝﾀｰD CE-SL-V1.5x60'x5x100,&ﾔﾏﾜ,本,0
48210676,京ｾﾗ　ﾁｯﾌﾟ　TTX32R5501:KW10,&ｷｮｳｾﾗ,P,0
48210677,ﾅﾁ　ｺﾊﾞﾙﾄS･D　5.8,&ﾅﾁｺﾊﾞ,P,0
48210678,ﾅﾁ　ｺﾊﾞﾙﾄS･D　7.0,&ﾅﾁｺﾊﾞ,P,0
48210679,ﾅﾁ　ｺﾊﾞﾙﾄS･D　4.8,&ﾅﾁｺﾊﾞ,P,0
48210680,ﾅﾁ ｽﾄﾚｰﾄｼｬﾝｸﾛﾝｸﾞﾄﾞﾘﾙ LSD 1.5X75X35,&ﾅﾁｽﾄ,P,0
48210681,ｵｶｻﾞｷ　H･R　16.0,&ｵｶｻﾞｷ,P,0
48210682,ﾅﾁ ｽﾄﾚｰﾄｼｬﾝｸﾛﾝｸﾞﾄﾞﾘﾙ LSD 1.8X75X35,&ﾅﾁｽﾄ,P,0
48210683,石崎電機　ﾌﾟﾗｼﾞｪｯﾄPJ-208A用ｽｲｯﾁ,&ｲｼｻﾞｷ,P,0
48210684,OSG　FX-ZDS　3.2,&OSG,P,0
48210685,ﾅﾁ　ﾊｲｽｴﾝﾄﾞﾐﾙ　2GE3.05,&ﾅﾁﾊｲｽ,P,0
48210686,ﾔﾏﾜ ﾎﾟｲﾝﾄﾄﾞﾘﾙ PE-Q-V PE-90°4,&ﾔﾏﾜ,P,0
48210687,ﾔﾏﾜ ﾛﾝｸﾞｼｬﾝｸPD PE-QL-V PE-90°10,&ﾔﾏﾜ,P,0
48210688,ﾅﾁ　AGﾐﾙ　3.0X6　S2,&ﾅﾁAG,P,0
48210689,SANDVIK ｺﾛｶｯﾄXSﾁｯﾌﾟ MATL360-C 1025,&SAND,P,0
48210690,ﾅﾁ　S･D　6.8,&ﾅﾁSD,P,0
48210691,ｵｶｻﾞｷ　H･R　7.0,&ｵｶｻﾞｷ,P,0
48210692,ｵｶｻﾞｷ　H･R　11.0,&ｵｶｻﾞｷ,P,0
48210693,ﾅﾁ　S･D　10.8,&ﾅﾁSD,P,0
48210694,OSG ｴﾝﾄﾞﾐﾙ WXL-2D-DE　3.3,&OSGｴﾝ,P,0
48210695,ｵｶｻﾞｷ　H･R　5.1,&ｵｶｻﾞｷ,P,0
48210696,OSG FX-ZDS 4.8 FXｺｰﾄ座ぐり用2刃ｼｮｰﾄ,&OSGFX,P,0
48210697,ASH 極薄ｽﾊﾟﾅ SNT-2223(116-1580),&ASH,P,0
48210698,ｵｶｻﾞｷ　ﾃｰﾊﾟｰﾋﾟﾝﾘｰﾏ　4.0,&ｵｶｻﾞｷ,P,0
48210699,保守料金（TASKalfa221）（ﾅﾚｯｼﾞｳｴｱ）,&ﾎｼｭ,ｶｳﾝﾄ,0
48210700,ﾅﾁ　ｴﾝﾄﾞﾐﾙ　2AGE2.2,&ﾅﾁ,P,0
48210701,日立　CB12FA2用帯のこ刃NO.9,&ﾋﾀﾁ,ｹｰｽ,0
48210702,日立　ｷﾞｱｵｲﾙ　＃150NO.998908,&ﾋﾀﾁ,P,0
48210703,REX RBﾁｭｰﾌﾞｶｯﾀ　RBN42S,&REX,P,0
48210704,ﾎｰｻﾞﾝ　N-35　ﾐﾆﾁｭｱﾆｯﾊﾟ,&N-35,個,0
48210705,蛍光灯　FHT-41107N-PM9,&ｹｲｺｳ,,0
48210706,反射板　R-4122N,&ﾊﾝｼｬ,,0
48210707,ﾅﾁ　MCDﾄﾞﾘﾙ　MCD　10.2,&ﾅﾁ,,0
48210708,石崎電機　PJ-206A用交換ﾋｰﾀｰPJH-1000,&ｲｼｻﾞｷ,,0
48210709,TOP　薄型軽量ﾜｲﾄﾞﾓﾝｷﾚﾝﾁ　HY-26,&TOP,,0
48210710,ｱﾙﾌﾟｽﾂｰﾙ　ﾀｯﾌﾟｺﾚｯﾄ　AR16GB-M6,&ｱﾙﾌﾟｽ,,0
48210711,SANDVIK　ｺﾛｶｯﾄXSﾁｯﾌﾟMATR360-N 1025,&SAND,,0
48210712,ｴｸﾞﾛ　ﾌｧﾝﾌｨﾙﾀｰ5枚1袋　(吉岡幸,&ｴｸﾞﾛ,,0
48210713,京ｾﾗ　ﾎﾙﾀﾞｰ　SCLCR1616H-09,&ｷｮｳｾﾗ,,0
48210714,P-15-150　ﾗｼﾞｵﾍﾟﾝﾁ　150MM　中部工営,&ﾗｼﾞ,,0
48210715,K-161 ﾔｽﾘ(半丸･重量25ｇ)中部工営,&ﾔｽﾘ,,0
48210716,K-171　ﾔｽﾘ(半丸･重量55g)中部工営,&ﾔｽﾘ,,0
48210717,H849　耐食ﾋﾞｯﾄ付ﾊﾝﾀﾞｺﾞﾃ(中部工営),&ﾀｲｼｮｸ,,0
48210718,H-834　耐食ﾋﾞｯﾄ（中部工営/吉岡幸）,&ﾀｲｼｮｸ,,0
48210719,N-18　ｹｰﾌﾞﾙｶｯﾀｰ(中部工営),&ｹｰﾌﾞﾙ,,0
48210720,ﾄﾞﾗｲﾊﾞｰD-587-300　－＋No2　全長421mm,&ﾄﾞﾗｲﾊ,,0
48210721,京ｾﾗ　ﾁｯﾌﾟ　TTX32R5501：PR1115,&ｷｮｳｾﾗ,,0
48210722,ﾅﾁ　ｺﾊﾞﾙﾄS・D　1.5,&ﾅﾁｺﾊﾞ,,0
48210723,京ｾﾗ　ﾁｯﾌﾟﾊﾞｰ　EZBR020020HP-008H,$ｷｮｳｾﾗ,,0
48210724,OSG　TIN-SFT　M6.0×0.75,&OSG,,0
48210725,保守料(ﾌﾟﾘﾝﾀｰML910PS-D)1年ﾊﾟｯｸ,&ﾎｼｭ,,0
48210726,OSGｴﾝﾄﾞﾐﾙFX-MG-EDLL-3　0.5×40×3.8,&OSG,,0
48210727,OSG EXｽﾊﾟｲﾗﾙﾀｯﾌﾟ　M7.0×0.75,&OSG,,0
48210728,ｵｶｻﾞｷ　H･R　3.0,&ｵｶｻﾞｷ,,0
48210729,ﾅﾁ　S･D　2.5,&ﾅﾁ,,0
48210730,ﾅﾁ　S･D　2.3,&ﾅﾁ,,0
48210731,OSG ﾄﾞﾘﾙ　EX-SUS-GDN　1.8,&OSG,,0
48210732,ﾅﾁ　ｺﾊﾞﾙﾄS・D　6.8,&ﾅﾁ,,0
48210733,京ｾﾗ　VNBR0420-02：KW10,&ｷｮｳ,,0
48210734,京ｾﾗ　VNBR0420-02：PR1225,&ｷｮｳ,,0
48210735,石崎電機　ﾌﾟﾗｼﾞｪｯﾄ　PJ-208A1,&ｲｼｻﾞｷ,,0
48210736,ﾗｯｷｰﾎﾞｰｲ詰替用1.2㎏　4袋1ｹｰｽ,&ﾗｯｷｰ,,0
48210737,ﾅﾁ　ｺﾊﾞﾙﾄＳ･Ｄ　4.1,&ﾅﾁ,,0
48210738,新富士　ﾊﾟﾜｰｶﾞｽ　RZ-850,&ｼﾝﾌ,P,0
48210756,ﾅﾁ　ﾄﾞﾘﾙ　SG-ESR　3.8,&ﾅﾁ,,0
48210757,ﾔｽﾘ　K-160(丸･重量15㎏)　中部工営,&ﾔｽﾘ,,0
48210758,ﾎｰｻﾞﾝ　ﾋｰﾀｰ　H-861,&ﾎｰｻﾞﾝ,,0
48210759,ﾌﾟﾗｲﾔｰ　P-211Z-150　中部工営,&ﾌﾟﾗｲﾔｰ,,0
48210760,ﾅﾁ　S･D　3.1,&ﾅﾁ,,0
48210761,京ｾﾗﾁｯﾌﾟﾊﾞｰPR1225EZBR050050HP-015H,&ｷｮｳｾﾗ,,0
48210762,ﾍﾞｯｾﾙﾒｶﾞﾄﾞﾗ貫通ﾄﾞﾗｲﾊﾞｰNo.930-2-100+,&ﾍﾞｯｾﾙ,,0
48210763,VESSEL　ｸｯｼｮﾝﾋﾞｯﾄAC142150,&VES,,0
48210764,TRUSCO段付きW溝ﾋﾞｯﾄ2×65TWB16-2065,&TRUS,,0
48210765,京ｾﾗ　PR1225　VNBR0311-003,&ｷｮｳ,,0
48210766,VESSEL　ﾌﾟﾗｽﾁｯｸﾊﾝﾏｰNo.70替頭　1,&VESSEL,,0
48210767,ﾅﾁ　ｺﾊﾞﾙﾄS･D　4.2,&ﾅﾁ,,0
48210768,OSG　EX-ｺﾞｰﾙﾄﾞﾄﾞﾘﾙEX-SUS-GDR2.0,&OSG,,0
48210769,京ｾﾗ　ﾁｯﾌﾟ　VNBR0311-02：KW10,&ｷｮｳ,,0
48210770,TRUSCO　鋸つる(ﾊﾝﾄﾞｿｰの柄)固定式250,&TRU,,0
48210771,ｾﾒﾀﾞｲﾝ　ｼｰﾗﾝﾄ8060ﾌﾟﾛ　SR-066,&ｾﾒ,,0
48210772,ｾﾒﾀﾞｲﾝ　ｼｰﾗﾝﾄ8060ﾌﾟﾛ　SR-072,&ｾﾒ,,0
48210773,京ｾﾗ　PR1225　VNBR0311-01,&ｷｮｳ,,0
48210774,BROWN　ﾅｯﾄﾄﾞﾗｲﾊﾞｰ　D-86-10(295-2947,&BRO,,0
48210775,SUPER　ｷﾞﾔｰﾌﾟｰﾗ　GL12,&ｽｰ,,0
48210776,TRUSCO TP-700HJ折り畳みﾊﾝﾄﾞﾙTP-700HJ,&TRU,,0
48210777,VESSEL ﾄﾞﾗｲﾊﾞｰNo.220(-)6×100,&VE,,0
48210778,第一ﾂｰﾙ　ﾊﾝﾄﾞﾘｰﾏ　HR12.15,&ﾀﾞｲｲﾁ,,0
48210779,ﾎｰｻﾞﾝ　ﾌﾟﾗｲﾔｰ　P-211Z-150,&ﾎｰｻﾞﾝ,,0
48210780,ﾎｰｻﾞﾝ　ﾆｯﾊﾟｰ　N-23,&ﾎｰｻﾞﾝ,,0
48210781,TK-1141(LS-1135MFP)　ﾅﾚｯｼﾞ,&TK,,0
48210782,日立ﾛｰﾀﾘｰﾊﾞﾝﾄﾞｿｰ帯のこ刃No:9,&ﾋﾀﾁ,,0
48210783,ﾅﾁ　ｺﾊﾞﾙﾄS･D　8.8,&ﾅﾁ,,0
48210784,ﾅﾁ　MCDﾄﾞﾘﾙ　10.8,&ﾅﾁ,,0
48210785,ﾋﾟｽｺ　ﾕﾆｵﾝﾃｨｰ　PE12,&ﾋﾟｽｺ,,0
48210786,出荷指示書,&ｼｭｯｶ,,0
48210900,SUS304　ﾈｼﾞ込BU 8×6,$SUS,P,0
48210901,ｼﾞｭﾝﾛﾝSUS継手ﾆｯﾌﾟﾙN-6×4-PT1/8-SUS,&ｼﾞｭﾝ,ヶ,0
48214075,ﾔｽﾘ　K-162(平･重量25㎏)中部工営,&ﾔｽﾘ,,0
48219002,ﾄﾞﾗｺﾞﾝｸｰﾗﾝﾄ ﾌﾚｱﾉｽﾞﾙ DCN-4FR114,&ﾄﾞﾗｺﾞ,P,0
48219003,ﾄﾞﾗｺﾞﾝｸｰﾗﾝﾄ ﾌﾚｱﾉｽﾞﾙ DCN-4FR134,&ﾄﾞﾗｺﾞ,P,0
48219004,ﾄﾞﾗｺﾞﾝｸｰﾗﾝﾄ 直角ﾉｽﾞﾙ DCN-4L14,&ﾄﾞﾗｺﾞ,P,0
48219005,ﾄﾞﾗｺﾞﾝｸｰﾗﾝﾄ 直角ﾉｽﾞﾙ DCN-4L38,&ﾄﾞﾗｺﾞ,P,0
48219006,ﾄﾞﾗｺﾞﾝｸｰﾗﾝﾄ 直角ｽﾌﾟﾚｰﾉｽﾞﾙ DCN-4LP,&ﾄﾞﾗｺﾞ,P,0
48219007,ﾄﾞﾗｺﾞﾝｸｰﾗﾝﾄ L型ﾌｨｯﾁﾝｸﾞ DCF-4L,&ﾄﾞﾗｺﾞ,P,0
48219008,ﾅｶﾆｼ　ｴｱｰﾓｰﾀｰ(ｱﾝｸﾞﾙﾀｲﾌﾟ)AM-3020RA,&ﾅｶﾆｼ,P,0
48219009,ﾅｶﾆｼ　ｽﾋﾟﾝﾄﾞﾙ　NR-3060S,&ﾅｶﾆｼ,P,0
48219010,ﾅｶﾆｼ　減速機　ARG-011E,&ﾅｶﾆｼ,P,0
48219011,ﾅｶﾆｼ　ｴｱｰﾗｲﾝｷｯﾄ　AL-0304,&ﾅｶﾆｼ,P,0
48219012,ﾅｶﾆｼ ｽﾋﾟﾝﾄﾞﾙNR-3060S用ｺﾚｯﾄﾁｬｯｸCHK2.5,&ﾅｶﾆｼ,P,0
48219013,ﾅｶﾆｼ ｽﾋﾟﾝﾄﾞﾙNR-3060S用ｺﾚｯﾄﾁｬｯｸCHK3.3,&ﾅｶﾆｼ,P,0
48219014,ﾅｶﾆｼ ｽﾋﾟﾝﾄﾞﾙNR-3060S用ｺﾚｯﾄﾁｬｯｸCHK4.2,&ﾅｶﾆｼ,P,0
48219015,BIG ﾀｯﾌﾟｺﾚｯﾄ NBC10-M3､M4､M5,&BIG,P,0
48219016,ｴｸﾞﾛ  10号ｺﾚｯﾄﾁｬｯｸ  15.0、16.0,&ｴｸﾞﾛ,P,0
48219017,ﾅｶﾆｼｽﾋﾟﾝﾄﾞﾙNR-3060S用ｺﾚｯﾄﾁｬｯｸCHK-3.0,&ﾅｶﾆｼ,P,0
48219018,京ｾﾗ　ｽｸﾘｭｰ　SB-2040TR,&ｷｮｳｾﾗ,P,0
48219019,ｴｸﾞﾛ　ﾊﾞｲﾄﾎﾙﾀﾞｰ,$ｴｸﾞﾛ,P,0
48219020,ｱﾙﾌﾟｽﾂｰﾙ　ｺﾚｯﾄ　AR20-12,&ｱﾙﾌﾟｽ,P,0
48219021,ｴｸﾞﾛ SANAX-10用段付ﾄﾞﾘﾙ B2155-MZ002,&ｴｸﾞﾛ,P,0
48219022,日研　超硬ﾐﾙﾘｰﾏ(底付)　FMS-9.5,&ﾆｯｹﾝ,P,0
48219023,日研 超硬ﾐﾙﾘｰﾏ(底付)　FMS-12.0,&ﾆｯｹﾝ,P,0
48219024,日研 超硬ﾐﾙﾘｰﾏ FMS-4.0,&ﾆｯｹﾝ,P,0
48219025,ﾅｶﾆｼ ｽﾋﾟﾝﾄﾞﾙNR-3060S用ｺﾚｯﾄﾁｬｯｸ CHK-6,&ﾅｶﾆｼ,P,0
48219026,京ｾﾗ　ｽｸﾘｭｰ　SB-4590TRWN,&ｷｮｳｾﾗ,P,0
48219027,OSG　EXｽﾊﾟｲﾗﾙﾀｯﾌﾟ　M12.0X1.0,$OSG,P,0
48219028,ｴｸﾞﾛ　10号ｺﾚｯﾄﾁｬｯｸ　9.0mm,&ｴｸﾞﾛ,P,0
48219029,ｴｸﾞﾛ　10号ｺﾚｯﾄﾁｬｯｸｽﾄｯﾊﾟｰ,&ｴｸﾞﾛ,P,0
48219030,ｴｸﾞﾛ　10号ｺﾚｯﾄﾁｬｯｸ　15.4mm,&ｴｸﾞﾛ,P,0
48219031,ｴｸﾞﾛ　10号ｺﾚｯﾄﾁｬｯｸ　17.4mm,&ｴｸﾞﾛ,P,0
48219032,ｴｸﾞﾛ　10号ｺﾚｯﾄﾁｬｯｸ　4.0mm,&ｴｸﾞﾛ,P,0
48219033,ｴｸﾞﾛ　10号6角ｺﾚｯﾄﾁｬｯｸ　H10.0mm,&ｴｸﾞﾛ,P,0
48219034,ｴｸﾞﾛ　10号6角ｺﾚｯﾄﾁｬｯｸ　H14.0mm,&ｴｸﾞﾛ,P,0
48219035,ｴｸﾞﾛ　10号6角ｺﾚｯﾄﾁｬｯｸ　H17.0mm,&ｴｸﾞﾛ,P,0
48219036,ｴｸﾞﾛ　10号ｺﾚｯﾄﾁｬｯｸ　10.0mm,&ｴｸﾞﾛ,P,0
48219037,ｴｸﾞﾛ　10号ｺﾚｯﾄﾁｬｯｸ　11.0mm,&ｴｸﾞﾛ,P,0
48219038,ｴｸﾞﾛ　10号ｺﾚｯﾄﾁｬｯｸ　20.0mm,&ｴｸﾞﾛ,P,0
48219039,ｴｸﾞﾛ　10号6角ｺﾚｯﾄﾁｬｯｸ　H12.0mm,&ｴｸﾞﾛ,P,0
48219040,ｴｸﾞﾛ　10号ｺﾚｯﾄﾁｬｯｸ　5.0,&ｴｸﾞﾛ,P,0
48219041,ｴｸﾞﾛ　10号ｺﾚｯﾄﾁｬｯｸ　8.0,&ｴｸﾞﾛ,P,0
48219042,ｴｸﾞﾛ　10号6角ｺﾚｯﾄﾁｬｯｸ　H19.0,&ｴｸﾞﾛ,P,0
48219043,ｴｸﾞﾛ　10号ｺﾚｯﾄﾁｬｯｸ　25.0,&ｴｸﾞﾛ,P,0
48219044,ｴｸﾞﾛ　10号6角ｺﾚｯﾄﾁｬｯｸ　18.0,&ｴｸﾞﾛ,P,0
48219045,ｱﾙﾌﾟｽﾂｰﾙ　ｺﾚｯﾄ　AR20-9,$ｱﾙﾌﾟｽ,P,0
48219046,ｴｸﾞﾛ　10号ｺﾚｯﾄﾁｬｯｸ　12.3mm,&ｴｸﾞﾛ,P,0
48219047,NTK　DS-GTTL　16X,&NTK,P,0
48219048,京ｾﾗ　PHO716-80,&ｷｮｳｾﾗ,P,0
48219049,ｱﾙﾌﾟｽﾂｰﾙ　ｺﾚｯﾄ　AR20-11,&ｱﾙﾌﾟｽ,P,0
48219050,岡崎精工　面取りｶｯﾀｰ　CS2S8-8,&ｵｶｻﾞｷ,P,0
48219051,京ｾﾗ　GFVTR1616H-08AA ﾊﾞｲﾄﾎﾙﾀﾞｰ,&ｷｮｳｾﾗ,P,0
48219052,ﾐﾂﾄﾖ　ﾉｷﾞｽ　N 30,&ﾐﾂﾄﾖ,P,0
48219053,京ｾﾗ　ﾎﾙﾀﾞｰ　SINR0816S-08E,&ｷｮｳｾﾗ,P,0
48219054,ｴｸﾞﾛ　ｺﾚｯﾄﾁｬｯｸ　10号　6.0mm,&ｴｸﾞﾛ,P,0
48219055,OSG ﾈｼﾞｷﾘ丸ﾀﾞｲｽ SKS 38径 M16.0X2.0,&OSGﾈｼ,P,0
48219056,ｱﾙﾌﾟｽﾂｰﾙ　ｺﾚｯﾄ　AR16-9,&ｱﾙﾌﾟｽ,P,0
48219057,SANDVIK　円筒ｽﾘｰﾌﾞ　132L-2510-B,&SAND,P,0
48219058,京ｾﾗ　ﾎﾞｰﾘﾝｸﾞﾊﾞｰ　C10X-STXPR09-11,&ｷｮｳｾﾗ,P,0
48219059,京ｾﾗ ﾎﾞｰﾘﾝｸﾞﾊﾞｰ CO4G-SCLCR03-05-AS,&ｷｮｳｾﾗ,P,0
48219060,京ｾﾗ　ﾎﾙﾀﾞｰ　KGML1616-2-150,&ｷｮｳｾﾗ,P,0
48219061,ﾍﾞｯｾﾙ ｳﾙﾄﾗﾍｯｸｽL型ﾛﾝｸﾞﾚﾝﾁNO.8600HX 5,&ﾍﾞｯｾﾙ,P,0
48219062,TRUSCO　回転ﾄﾞﾘﾙｽﾀﾝﾄﾞ　S-13C,&TRUSC,P,0
48219063,TRUSCO　ﾄｰｼｮﾝ六角棒ﾚﾝﾁ　TTX-60,&TRUSC,P,0
48219064,ﾂﾎﾞｻﾝ ﾀﾞｲﾔﾓﾝﾄﾞﾔｽﾘDSMA1220 TD-121 S12,&ﾂﾎﾞｻﾝ,P,0
48219065,TRUSCO　直尺　TSU-15,&TRUSC,P,0
48219066,SANDVIK ｺﾛｶｯﾄXSｼｬﾝｸﾊﾞｲﾄSMALR-1616K3,&SAND,P,0
48219067,NTK　ﾎﾙﾀﾞｰ　NO.5601711　16F-09,&NTK,P,0
48219068,ｱﾙﾌﾟｽﾂｰﾙ　ｺﾚｯﾄ　AR16-10,&ｱﾙﾌﾟｽ,P,0
48219069,ﾅｶﾆｼｽﾋﾟﾝﾄﾞﾙNR-3060S用ｺﾚｯﾄﾁｬｯｸCHK-4.0,&ﾅｶﾆｼ,P,0
48219070,TONE　ﾍｷｻｺﾞﾝｿｹｯﾄ　2H-04,&TONE,P,0
48219071,VESSEL　ﾄﾙｸｽL型ﾚﾝﾁ　N0.8500TXT10,&VESSE,本,0
48219072,OSG ﾈｼﾞｷﾘ丸ﾀﾞｲｽ SKS 38ｹｲ M6.0X1.0,&OSGﾈｼ,P,0
48219073,TRUSCO　F型ﾎﾞｰﾙ盤ﾊﾞｲｽ(ﾍﾞﾀﾊﾞｲｽ)FV-150,&TRU,P,0
48219074,京ｾﾗ ﾎﾞｰﾘﾝｸﾞﾊﾞｰ C10X-STXPR09-11,$ｷｮｳｾﾗ,P,0
48219075,ｴｸﾞﾛ　ｺﾚｯﾄﾁｬｯｸ10号　21.0,&ｴｸﾞﾛ,P,0
48219076,PB 六角棒ﾚﾝﾁ NO.211 ﾛﾝｸﾞ 12.0mm,&ﾛｯｶｸ,P,0
48219077,TONE ｲﾝﾊﾟｸﾄﾚﾝﾁ用ｿｹｯﾄ 12.7mm 4A-21,&TONE,P,0
48219078,ｱﾙﾌﾟｽﾂｰﾙ　ｺﾚｯﾄ　AR20-10,&ｱﾙﾌﾟｽ,P,0
48219079,ﾄﾞﾗｺﾞﾝｸｰﾗﾝﾄ　丸ﾉｽﾞﾙ　DCN-4M14,&ﾄﾞﾗｺﾞ,P,0
48219080,OSG SUS用丸ﾀﾞｲｽ 25径 SUS-SD M3.5X0.6,&OSGSU,P,0
48219081,OSG　丸ﾀﾞｲｽ　RD　25径　M8X0.75,&OSGﾏﾙ,P,0
48219082,TRUSCO 鉄工用ﾔｽﾘ 三角 荒目 TSA150-01,&TRUSC,P,0
48219083,ﾀﾞｲｽﾊﾝﾄﾞﾙ　25mm,&ﾀﾞｲｽﾊ,P,0
48219084,ﾀﾞｲｽﾊﾝﾄﾞﾙ　38mm,&ﾀﾞｲｽﾊ,P,0
48219085,OSG　EXｽﾊﾟｲﾗﾙﾀｯﾌﾟ　M6.0X0.75,&OSGEX,P,0
48219086,ﾐﾂﾄﾖ　ﾃﾞｼﾞﾏﾁｯｸｷｬﾘﾊﾟ　CD-15PSX,&ﾐﾂﾄﾖ,P,0
48219087,OSG ﾈｼﾞｷﾘ丸ﾀﾞｲｽ SKS 25ｹｲ M6.0X0.75,&OSGﾈｼ,P,0
48219088,BIG　ﾍﾞﾋﾞｰﾁｬｯｸ　NBC10-M6,&BIG,P,0
48219089,ｱﾙﾌﾟｽﾂｰﾙ　ｺﾚｯﾄ　AR16GB-M5,&ｱﾙﾌﾟｽ,P,0
48219090,ﾔﾏﾜ ｺｰﾃｨﾝｸﾞｾﾝﾀｰﾄﾞﾘﾙ1x60°x4x100CESLV,&ﾔﾏﾜ,本,0
48219091,OSG　ｴﾝﾄﾞﾐﾙ　CA-RG-EDS　4.2,&OSGｴﾝ,P,0
48219092,ﾉｶﾞ　ﾘｰﾀﾞｰ　NG3800,&ﾉｶﾞ,P,0
48219093,ｹﾅﾒﾀﾙ KM16SCLCR0920用ｼｰﾄ SKCP343,&ｹﾅﾒﾀﾙ,P,0
48219094,ｱﾙﾌﾟｽﾂｰﾙ　ｺﾚｯﾄ　AR20-3.5,&ｱﾙﾌﾟｽ,P,0
48219095,ｱﾙﾌﾟｽﾂｰﾙ　ｺﾚｯﾄ　AR20-2.0,&ｱﾙﾌﾟｽ,P,0
48219096,ｼﾝﾜ ｽﾃﾝﾚｽ ｼﾙﾊﾞｰ 曲尺 10421 300MM,&ｼﾝﾜ,P,0
48219097,ﾔﾏﾜ ﾎﾟｲﾝﾄﾄﾞﾘﾙ PE-Q-V 6x2 HSS+TiCN90',&ﾔﾏﾜ,P,0
48219098,NTK　GTMH32100RE05,&NTK,P,0
48219099,ｴｸﾞﾛ　10号ｺﾚｯﾄﾁｬｯｸ　3.0mm,&ｴｸﾞﾛ,P,0
48219100,OSG 超硬ｴﾝﾄﾞﾐﾙ WXL-3D-DE 1.0,&OSGﾁｮ,P,0
48219101,ｱﾙﾌﾟｽﾂｰﾙ ﾀｯﾌﾟｺﾚｯﾄ AR16GB-M8,&ｱﾙﾌﾟｽ,P,0
48219102,ｴｸﾞﾛ　10号ｺﾚｯﾄﾁｬｯｸ　11.6mm,&ｴｸﾞﾛ,P,0
48219103,SANDVIK ｺﾛｶｯﾄXSｼｬﾝｸﾊﾞｲﾄ SMALL1616K3,&SANDV,P,0
48219104,SANDVIK ｺﾛｶｯﾄXSﾁｯﾌﾟ MACR3 200-T:1025,&SAND,P,0
48219105,三和化成　ｻｰﾐｯｸｶｯﾄｴｰｽ　M423(NC切削油,&ｻﾝﾜ,缶,0
48219106,ﾅﾁ　DLCﾊｲｽﾄﾞﾘﾙ　DLCHD　9.3,&ﾅﾁDLC,P,0
48219107,ﾅﾁ　DLCﾊｲｽﾄﾞﾘﾙ　DLCHD　3.8,&ﾅﾁDL,P,0
48219108,SANDVIK　ｺﾛｶｯﾄXSﾁｯﾌﾟ,&SAN,P,0
48219109,ｴｸﾞﾛ　10号ｺﾚｯﾄﾁｬｯｸ　18.5ｍｍ,&ｴｸﾞﾛ,P,0
48219110,ｱﾙﾌﾟｽﾂｰﾙ　ﾀｯﾌﾟｺﾚｯﾄAR16GB-M10,&ｱﾙﾌﾟｽ,,0
48219111,ｱﾙﾌﾟｽﾂｰﾙ　ﾀｯﾌﾟｺﾚｯﾄAR16-7,&ｱﾙﾌﾟｽ,,0
48219112,ｱﾙﾌﾟｽﾂｰﾙ　ﾀｯﾌﾟｺﾚｯﾄAR16-8,&ｱﾙﾌﾟｽ,,0
48219113,ｴｸﾞﾛ　10号6角ｺﾚｯﾄﾁｬｯｸ　H8.0,&ｴｸﾞﾛ,,0
48219114,ｴｸﾞﾛ　10号6角ｺﾚｯﾄﾁｬｯｸ　H6.0,&ｴｸﾞﾛ,,0
48219115,ｴｸﾞﾛﾛｰﾀﾘｰｽｲｯﾁDPP03110S16R SANAX-10,&ｴｸﾞﾛ,P,0
48219116,ﾋﾟｽｺ ﾕﾆｵﾝｴﾙﾎﾞ PV-8,&ﾋﾟｽｺ,,0
48220001,"名刺(両面,二色刷り)200枚ﾛｯﾄ　創文堂",&ﾒｲｼ,枚,0
48220002,"長３窓明封筒 (2000枚@17,3000枚@15))",&ﾅｶﾞｻﾝ,枚,0
48220003,仕入先台帳  1000部,&ｼｲﾚｻｷ,ｾｯﾄ,0
48220006,角２封筒(500枚@24，1000枚@20),&ｶｸﾆﾌｳ,枚,0
48220007,長４封筒  (2000枚ﾛｯﾄ),&ﾅｶﾞﾖﾝ,枚,0
48220009,名刺　(両面二色刷)　小川印刷,&ﾒｲｼ,枚,0
48220010,ﾀﾞﾝﾎﾞｰﾙ　営業用ﾀﾝｸ収納　無地,&ﾀﾞﾝﾎﾞ,枚,0
48220011,領収証　2PX50頁　　(印刷ﾛｯﾄ20冊),&ﾘｮｳｼｭ,冊,0
48220013,請求明細書(社印あり)4000枚LOT,&ｾｲｷｭｳ,枚,0
48240001,ﾀﾝｸ加工治具　ﾒｯｷ,&ｼﾞｸﾞ,ケ,0
49410001,ﾃﾌﾛﾝﾈｯﾄ  大    (ﾂｰｴﾑ),&ﾃﾌﾛﾝﾈ,枚,0
49410002,大運搬車  ｶﾊﾞｰ付    (ﾂｰｴﾑ),&ｳﾝﾊﾟﾝ,台,0
49410003,大馬    (ﾂｰｴﾑ),&ｵｵｳﾏ,,0
49410004,大肩      (ﾂｰｴﾑ),&ｵｵｶﾀ,,0
49410005,長袖     (ﾂｰｴﾑ),&ﾅｶﾞｿﾃ,,0
49410006,小袖   (ﾂｰｴﾑ),&ｺｿﾃﾞ,,0
49410007,ﾋﾞﾆｰﾙﾊﾝｶﾞｰ(白) ｽｶｰﾄ用,&ﾋﾞﾆｰﾙ,本,0
49410008,大馬　　　(金子),&ｵｵｳﾏ,,0
49410009,胴馬　　　(金子),&ﾄﾞｳｳﾏ,,0
49410010,分配用ｸﾘｯﾌﾟ　⑩　(ｵﾘﾀﾆ),&ﾌﾞﾝﾊﾟ,本,0
49410011,富士ｲﾝﾊﾟﾙｽ FA450ｰ5用補修部品ｾｯﾄ,&ﾌｼﾞｲﾝ,P,0
49410012,ｼﾙｷｰﾈｯﾄ(白) 900X1200   恵美須,&ｼﾙｷｰ,枚,0
49410013,ｱｲﾛﾝ Sｰ6DL JA (001063),&ｱｲﾛﾝ,台,0
49410014,ｲﾝﾊﾟﾙｽ  PCｰ200  (脱酸素剤封入機),&ｲﾝﾊﾟﾙ,台,0
49410016,ｽﾁｰﾑﾌﾞﾗｼ用　ｾｯﾄﾌﾞﾗｼ　(直本),&ｽﾁｰﾑ,,0
49410017,KITO ED06S 1速100VｾﾚｸﾄED 60KG(S)X3.0,&KITO,台,0
49410018,ﾊﾝｶﾞｰ台車　LK-001　　（ｱｻﾋﾃｸﾆｸｽ）,&ﾊﾝｶﾞｰ,,0
49420001,作業台  ﾒﾗﾐﾝ貼り  (中林),&ｻｷﾞｮｳ,台,0
49420002,作業台(前処理用) 900X1800合板 (中林),&ｻｷﾞｮｳ,台,0
49420003,×ｱｲﾗｯﾌﾟ受注書(A5 3PX30部X300冊ﾛｯﾄ),&ｱｲﾗｯﾌ,Lot,0
49810001,竪型仕上台(45cm),&ﾀﾃｶﾞﾀ,,0
49810002,折りたたみ台車　LK-002,&ｵﾘﾀﾀﾐ,台,0
49810003,SR台帳A 4P①-⑩ﾛｯﾄ入り(10冊入) (佐川,&SRﾀﾞｲ,組,0
49810004,ﾃﾌﾛﾝ紙　250X500　平面用 (日本ｼｰﾘﾝｸﾞ),&ﾃﾌﾛﾝ,枚,0
49810005,×過酸化水素(三徳)容器　　(佐川商事),&ｶｻﾝｶ,缶,0
49819001,KITO ED06S 1速 100V 押ﾎﾞﾀﾝｺｰﾄﾞ5M仕様,&KITO,P,0
49819002,胴立てﾊﾟｯﾄﾞ　上　CPS30-623,&ﾄﾞｳﾀﾃ,個,0
49819003,胴立てﾊﾟｯﾄﾞ　下　CPS30-624,&ﾄﾞｳﾀﾃ,個,0
49819004,胴立てｶﾊﾞｰ布　上　CPS30-620,&ﾄﾞｳﾀﾃ,個,0
49819005,胴立てｶﾊﾞｰ布　下　CPS30-621,&ﾄﾞｳﾀﾃ,個,0
49819006,ｶﾗｰｶﾌｽﾌﾟﾚｽHG ｶﾗｰ布ｶﾊﾞｰ TPC-1113D,&ｶﾗｰ,個,0
49819007,ｶﾗｰｶﾌｽﾌﾟﾚｽHG ｶﾌｽ布ｶﾊﾞｰ TPD-1114C,&ｶﾌｽ,個,0
49819008,ｶﾗｰｶﾌｽHG ｶﾗｰﾊﾟｯﾄﾞ t16x340x560,&ｶﾗｰ,個,0
49819009,ｶﾗｰｶﾌｽHG ｶﾌｽﾊﾟｯﾄﾞ t16x290x290,&ｶﾗｰ,個,0
49910001,ﾋｰﾀｰ線 t0.2*10*1200(東静･真空包装機),&ﾋｰﾀｰ,個,0
49910002,絶縁布　3ｍ巻(東静･真空包装機),&ｾﾞﾂｴﾝ,個,0
49910003,絶縁布 AGF-100FR 0.13×50×10ｍ,&ｾﾞﾂｴﾝ,,0
50000001,輸出用Wｶｰﾄﾝ,!Wｶｰﾄﾝ,,0
50000002,  月分運賃,!ｳﾝﾁﾝ,,0
50000003,  月分運賃(課税対象外),!ｳﾝﾁﾝ,,0
50220001,Sｶｰﾄﾝ　270X250X270,!Sｶｰﾄﾝ,,0
50220002,Sｶｰﾄﾝ　310X280X300　BLｰ3,!Sｶｰﾄﾝ,,0
50220003,ﾀﾞﾝﾎﾞｰﾙ　EX-1　276X270X115,!ﾀﾞﾝﾎﾞ,枚,0
50220004,ﾀﾞﾝﾎﾞｰﾙ  EXｰ5  276X270X510,!ﾀﾞﾝﾎﾞ,枚,0
50220005,ﾀﾞﾝﾎﾞｰﾙ (EX3台入)270x270x260罫線無し,!ﾀﾞﾝﾎﾞ,,0
50820001,ﾀﾞﾝﾎﾞｰﾙ(輸出用)　　三星,!ﾀﾞﾝﾎﾞ,,0
50820002,ﾀﾞﾝﾎﾞｰﾙ(輸出用)1260X520X300　　三星,!ﾀﾞﾝﾎﾞ,,0
50920001,Sｶｰﾄﾝ　BL-1 290X270X110　(@ﾛｯﾄ50),!Sｶｰﾄﾝ,,0
50920002,Sｶｰﾄﾝ　EXVｰ3　270X250X290,!Sｶｰﾄﾝ,,0
50920003,Sｶｰﾄﾝ　ｹｰｱｲ1　280X400X120　(@ﾛｯﾄ30),!Sｶｰﾄﾝ,,0
50920004,Sｶｰﾄﾝ　EXV-6　290X500X270,!Sｶｰﾄﾝ,,0
50920005,Sｶｰﾄﾝ　Bｰ5　350X570X280,!Sｶｰﾄﾝ,,0
50920006,Sｶｰﾄﾝ　V6　290X500X270　(@ﾛｯﾄ30),!Sｶｰﾄﾝ,,0
50920007,ﾀﾞﾝﾎﾞｰﾙ  VHｰ3  278X278X270  三星,!ﾀﾞﾝﾎﾞ,枚,0
51020001,Sｶｰﾄﾝ　400X330X190 TYｰ70　(ﾛｯﾄ100),!Sｶｰﾄﾝ,,0
51020002,内ｹｰｽ(超音波)　210X290X180(ﾛｯﾄ100),!ﾀﾞﾝ,,0
51120001,Sｶｰﾄﾝ　400X330X190　TYｰ100　(ﾛｯﾄ50),!Sｶｰﾄﾝ,,0
51220001,Wｶｰﾄﾝ  750X750X800,!Wｶｰﾄﾝ,,0
51720001,ﾀﾞﾝﾎﾞｰﾙ 超音波CUBEEｹｰｽ 320X324X220,!ﾀﾞﾝﾎﾞ,,0
51720002,ﾀﾞﾝﾎﾞｰﾙ 超音波CUBEE内ｹｰｽ 302X165X190,!ﾀﾞﾝﾎﾞ,,0
51720003,ﾀﾞﾝﾎﾞｰﾙ　CUBEE2台入,!ﾀﾞﾝﾎﾞ,,0
51720004,ﾀﾞﾝﾎﾞｰﾙ　CUBEE4台入,!ﾀﾞﾝﾎﾞ,,0
51720005,ﾀﾞﾝﾎﾞｰﾙ　超音波CUBEEｹｰｽ 324X320X220,!ﾀﾞﾝﾎﾞ,枚,0
51910001,ﾎﾟﾘ袋　NO.14  0.05,!ﾎﾟﾘﾌｸ,枚,0
51920001,ﾀﾞﾝﾎﾞｰﾙ　TYｰ1　410X340X240　三星,!ﾀﾞﾝﾎﾞ,,0
51920002,Sｶｰﾄﾝ 410X340X480(500)  TYｰ2,!Sｶｰﾄﾝ,,0
51920004,超音波中箱　210X290X180  津田,!ﾁｮｳｵﾝ,,0
51920005,ﾀﾞﾝﾎﾞｰﾙ　TYｰ2　　三星,!ﾀﾞﾝﾎﾞ,,0
51920006,ﾀﾞﾝﾎﾞｰﾙ　TYｰ4 (ﾀﾞﾌﾞﾙ)　三星,!ﾀﾞﾝﾎﾞ,,0
51920007,ﾀﾞﾝﾎﾞｰﾙ　超音波内箱 302X220X190 三星,!ﾀﾞﾝﾎﾞ,,0
51920008,ﾀﾞﾝﾎﾞｰﾙ　超音波ﾀﾝｸ用　無地　　三星,!ﾀﾞﾝﾎﾞ,,0
51920009,ﾀﾞﾝﾎﾞｰﾙ　超音波ｹｰｽ　400X324X220 三星,!ﾀﾞﾝﾎﾞ,,0
51920010,ﾀﾞﾝﾎﾞｰﾙ  TYｰ2  W/F(輸出用Wｶｰﾄﾝ),!ﾀﾞﾝﾎﾞ,,0
51920011,ﾀﾞﾝﾎﾞｰﾙ　超音波内底板　270X180 三星,!ﾀﾞﾝﾎﾞ,枚,0
51920012,ﾀﾞﾝﾎﾞｰﾙ　TY-4 (ｼﾝｸﾞﾙ)   三星,!ﾀﾞﾝﾎﾞ,枚,0
51920013,超音波CuBee　海外用箱,!ﾀﾞﾝ,,0
52020001,Wｶｰﾄﾝ　720X800X1100　(101　上),!Wｶｰﾄﾝ,,0
52020002,Wｶｰﾄﾝ　710X790X200　(101　下),!Wｶｰﾄﾝ,,0
52020003,Wｶｰﾄﾝ 720X800X1010 (101 上),!Wｶｰﾄﾝ,,0
52020004,ﾀﾞﾝﾎﾞｰﾙ　RVｰ101　(上下ｾｯﾄ) 三星,!ﾀﾞﾝﾎﾞ,ｾｯﾄ,0
52120001,Wｶｰﾄﾝ　680X500X930,!Wｶｰﾄﾝ,,0
52120002,Wｶｰﾄﾝ　670X490X200,!Wｶｰﾄﾝ,,0
52120003,ﾀﾞﾝﾎﾞｰﾙ　RVｰ201C式(身蓋付)　三星,!ﾀﾞﾝﾎﾞ,ｾｯﾄ,0
52220001,Wｶｰﾄﾝ　600X560X200,!Wｶｰﾄﾝ,,0
52220002,Wｶｰﾄﾝ　610X570X940,!Wｶｰﾄﾝ,,0
52220003,Wｶｰﾄﾝ　600X630X970,!Wｶｰﾄﾝ,枚,0
52220004,ﾀﾞﾝﾎﾞｰﾙ　RVｰ202　　　　　　　三星,!ﾀﾞﾝﾎﾞ,,0
52720001,Wｶｰﾄﾝ 340X410X480,!Wｶｰﾄﾝ,枚,0
53120001,ﾀﾞﾝﾎﾞｰﾙ　RSｰ221　輸出用,!ﾀﾞﾝﾎﾞ,,0
53120002,Wｶｰﾄﾝ  1200X440X300,!Wｶｰﾄﾝ,,0
53120003,ﾀﾞﾝﾎﾞｰﾙ　RSｰ221 上下ｾｯﾄ　C式(身蓋付),!ﾀﾞﾝﾎﾞ,ｾｯﾄ,0
53220001,ﾀﾞﾝﾎﾞｰﾙ RSｰ121W/F 1370(1470X690X430,!ﾀﾞﾝﾎﾞ,枚,0
53820001,Wｶｰﾄﾝ 690X530X960,!Wｶｰﾄﾝ,,0
53920001,ﾐﾅﾊﾟｯｸ袋　#401　1050X1000,!ﾐﾅﾊﾟｯ,枚,0
54020001,Sｶｰﾄﾝ　350X330X330　ﾀﾞｲﾌﾞﾛｯﾄｴｰｽ,!Sｶｰﾄﾝ,,0
54020002,Sｶｰﾄﾝ 300X280X150(165) ﾀﾞｲﾌﾞﾛｯﾄｴｰｽ,!Sｶｰﾄﾝ,,0
54020003,Wｶｰﾄﾝ  640X350X690,!Wｶｰﾄﾝ,,0
54020004,Wｶｰﾄﾝ  940X310X520,!Wｶｰﾄﾝ,,0
54020005,Wｶｰﾄﾝ  320X600X850,!Wｶｰﾄﾝ,,0
54020006,Sｶｰﾄﾝ  300X280X160  ﾀﾞｲﾌﾞﾛｯﾄｴｰｽ,!Sｶｰﾄﾝ,,0
54020008,ﾀﾞﾝﾎﾞｰﾙｹｰｽ　薬品備品用 (三星),!ﾀﾞﾝﾎﾞ,,0
54020009,ﾀﾞﾝﾎﾞｰﾙ　DIEBLOT99 306X260X190 三星,!ﾀﾞﾝ,枚,0
56320001,Sｶｰﾄﾝ　400X330X190　UF-15　(ﾛｯﾄ100),!Sｶｰﾄﾝ,枚,0
56420001,Sｶｰﾄﾝ　400X330X190　UT-30　(ﾛｯﾄ100),!Sｶｰﾄﾝ,,0
56620001,Wｶｰﾄﾝ　700X420X500　(超音波4台入),!Wｶｰﾄﾝ,,0
56620002,Wｶｰﾄﾝ,!Wｶｰﾄﾝ,,0
58120001,Sｶｰﾄﾝ　ﾀﾞｲﾌﾞﾛｯﾄｺﾝﾋﾞ　200X140X210,!Sｶｰﾄﾝ,,0
58120002,Sｶｰﾄﾝ　ﾗﾛｰｻﾞDｾｯﾄ(4本入り)220X80X210,!Sｶｰﾄﾝ,,0
58120003,ｴｷｽﾊﾟｰﾄ　ﾑｼﾞ　(ﾆｭｰR2000),!ｴｷｽﾊﾟ,,0
58120004,段ﾎﾞｰﾙ　280X310X300   津田,!ﾀﾞﾝﾎﾞ,,0
58120006,ﾀﾞﾝﾎﾞｰﾙ　一斗缶　　　三星,!ﾀﾞﾝﾎﾞ,,0
58120007,ﾀﾞﾝﾎﾞｰﾙｹｰｽ　Ｒｾｯﾄ　240X75X190　(三星,!ﾀﾞﾝﾎﾞ,,0
58120008,ｽﾁﾛｰﾙ  235X130X10　(Rｾｯﾄ用),!ｽﾁﾛｰﾙ,個,0
58120009,ﾀﾞﾝﾎﾞｰﾙ　Ｒ補助剤１Ｌ用,!ﾀﾞﾝﾎﾞ,枚,0
58120010,ﾀﾞﾝﾎﾞｰﾙ　Rｾｯﾄ箱　230X75X225,!ﾀﾞﾝﾎﾞ,枚,0
58120011,NRｾｯﾄ箱(内120×120×150)三星,!ﾀﾞﾝ,枚,0
58210001,新布テープ  積水#760 50mmX50m 三星,!ﾇﾉﾃｰﾌ,個,0
58210002,ｴｱｰｷｬｯﾌﾟ(ﾐﾅﾊﾟｯｸ)#36 1000W*100m,!ｴｱｷｬｯ,巻,0
58210003,OK袋 NO.7 0.03X120X230 100枚入/袋,!OK,袋,0
58210004,OK袋 NO.12 0.05X230X340 100枚入/袋,!OK,袋,0
58210005,OK袋　NO.1 0.03X70X100 (Lot/1000枚),!OK,Lot,0
58210006,OK袋 NO.3 0.03X80X150　(Lot/1000枚),!OK,Lot,0
58210007,OK袋  NO.16  0.03X340X480　100枚入,!OK,袋,0
58210008,OK袋　NO.16  0.05X340X480,!OK,枚,0
58210009,OK袋　NO.18 0.05X380X530(Lot/1000枚),!OK,Lot,0
58210010,ｽﾁﾛｰﾙ　300X300X20(ﾊﾞｷｭｰﾑ用),!ｽﾁﾛｰﾙ,個,0
58210011,ｽﾁﾛｰﾙ　170X200X10(20),!ｽﾁﾛｰﾙ,個,0
58210012,×TRUSCO　PPﾊﾞﾝﾄﾞ　TPP-155Y　(吉岡幸,!TRUSC,巻,0
58210013,ｽﾄｯﾊﾟｰ  16m/m　(1000個入り)　津田,!ｽﾄｯﾊﾟ,箱,0
58210014,金具ｼ-ﾙ　15.5　1000ｹ／箱  (津田),!ｶﾅｸﾞｼ,箱,0
58210015,ﾐﾅﾊﾟｯｸ　　#404　　　(津田),!ﾐﾅﾊﾟｯ,巻,0
58210016,ｽﾁﾛｰﾙ  300X300X55　(ﾊﾞｷｭｰﾑ梱包用),!ｽﾁﾛｰﾙ,個,0
58210017,ﾎﾟﾘ袋 NO.8  0.03X130X250 @ｰ100枚単位,!ﾎﾟﾘﾌﾞ,袋,0
58210018,ｽﾁﾛｰﾙ　150X150X40,!ｽﾁﾛｰ,個,0
58210019,ﾐﾅﾊﾟｯｸ　#401　1450X1160,!ﾐﾅﾊﾟｯ,,0
58210020,ｴｱｰｷｬｯﾌﾟ  #36  1200X42M,!ｴｱｰｷｬ,巻,0
58210021,TRUSCO TPP-155Y用ｽﾄｯﾊﾟｰ(金具ｼｰﾙ)吉岡,!TRUSC,ｹｰｽ,0
58210022,ﾎﾟﾘ袋　NO.18　0.03,!ﾎﾟﾘﾌｸ,枚,0
58210023,ｴｱｰｷｬｯﾌﾟ #78  1200巾X70長さ,!ｴｱｰｷｬ,巻,0
58210024,OK袋  NO.9 0.03X150X250 (Lot/1000枚),!OK,Lot,0
58210025,ｽﾁﾛｰﾙ  200X170X18,!ｽﾁﾛｰﾙ,個,0
58210026,ｽﾁﾛｰﾙ  250X250X30,!ｽﾁﾛｰﾙ,個,0
58210027,ｽﾁﾛｰﾙ　255X255X27,!ｽﾁﾛｰﾙ,個,0
58210028,ｽﾁﾛｰﾙ　255X255X22(ﾎｰｽ式ｶﾞﾝ1台梱包用),!ｽﾁﾛ,個,0
58210029,ｲﾝｽﾀﾊﾟｯｸ900ｼｽﾃﾑ用A液(赤75kg),!ｲﾝｽﾀ,P,0
58210030,ｲﾝｽﾀﾊﾟｯｸ900ｼｽﾃﾑ用B液(赤58kg),!ｲﾝｽﾀ,P,0
58210031,ｲﾝｽﾀﾒｲﾄ ﾎﾟﾘﾌｨﾙﾑ ﾎﾜｲﾄ 0.02*900mm*500M,!ｲﾝｽﾀ,P,0
58210032,TRUSCO　PPﾊﾞﾝﾄﾞ用ｽﾄｯﾊﾟｰ　TSP-16,!TRUSC,袋,0
58210033,規格袋No.16厚さ0.03㎜500枚入（NEC）,!ﾎﾟﾘ,ｾｯﾄ,0
58210034,ｽﾁﾛｰﾙ　220×130×10,!ｽﾁ,,0
58210035,ｴｱｰｷｬｯﾌﾟ　#78　1000×70M巻,!ｴｱ,,0
58210036,TRUSCO　PPﾊﾞﾝﾄﾞ　TPP-155YD,!TR,,0
58220001,ﾀﾞﾝﾎﾞｰﾙＲ溶剤用　240X140X220    (三,!ﾀﾞﾝﾎﾞ,,0
58220002,木枠(梱包用)       前田製函,!ｷﾜｸ,,0
58220003,ﾀﾞﾝﾎﾞｰﾙ　ﾀﾝｸ収納用,!ﾀﾞﾝﾎﾞ,枚,0
58220004,ﾀﾞﾝﾎﾞｰﾙ　検反機　Wｶｰﾄﾝ 440X440X680,!ﾀﾞﾝﾎﾞ,ｹｰｽ,0
58220005,ﾀﾞﾝﾎﾞｰﾙ　検反機　Wｶｰﾄﾝ 430X430X200,!ﾀﾞﾝﾎﾞ,ｹｰｽ,0
58220006,ﾀﾞﾝﾎﾞｰﾙ　検反機　1740X440X300,!ﾀﾞﾝﾎﾞ,枚,0
58220007,ﾀﾞﾝﾎﾞｰﾙ　A式ｹｰｽ　ｻｲｽﾞ随時,!ﾀﾞﾝﾎﾞ,枚,0
58220008,梱包料､　熱処理料　(ﾆﾎﾝﾊﾟｯｹｰｼﾞ),!ｺﾝﾎﾟｳ,,0
58220009,RS-221　C式蓋のみ,!ｼｷﾌﾞ,枚,0
58220010,Ａ式5Ｌﾀﾝｸ　1個,!ﾀﾞﾝ,,0
58220011,Ａ式5Ｌﾀﾝｸ2個,!ﾀﾞﾝ,,0
58299999,ﾀﾞﾝﾎﾞｰﾙその他,!ﾀﾞﾝﾎﾞ,,0
59310002,ﾎﾟﾘ袋  0.03X400X700    (三星),!ﾎﾟﾘ,枚,0
59320001,ﾀﾞﾝﾎﾞｰﾙ ｱｲﾊﾟｯｸ用外箱 590X395X125  三,!ﾀﾞﾝﾎﾞ,ｾｯﾄ,0
59320002,ﾀﾞﾝﾎﾞｰﾙ ﾄﾞﾚｽ外函 A-1･S 590X390X105,!ﾀﾞﾝﾎﾞ,,0
59320003,ﾀﾞﾝﾎﾞｰﾙ 900X550X570 ﾄﾞﾚｽ用ﾊﾟｯｷﾝ 三星,!ﾀﾞﾝﾎﾞ,,0
59320004,ﾀﾞﾝﾎﾞｰﾙ 1370X690X430ﾄﾞﾚｽ用ﾊﾟｯｷﾝ 三星,!ﾀﾞﾝﾎﾞ,,0
59320005,A-1(S) ﾄﾞﾚｽ外箱･大･630X525X208  増田,!ﾀﾞﾝﾎﾞ,,0
59320006,A-1(S)BF ﾄﾞﾚｽ外函･特大 785X465X230 ﾏ,!ﾀﾞﾝﾎﾞ,,0
59320007,ﾀﾞﾝﾎﾞｰﾙ A-1(S) 1000X500X250    増田,!ﾀﾞﾝﾎﾞ,,0
59320008,ﾀﾞﾝﾎﾞｰﾙ A-1(S) 1000X500X500    増田,!ﾀﾞﾝﾎﾞ,,0
59320009,A-1(S)ﾄﾞﾚｽ函(特大･外函)777･445･230,!ﾀﾞﾝﾎﾞ,,0
59320010,ﾀﾞﾝﾎﾞｰﾙ   酸素ｾﾝｻｰ用 新,!ﾀﾞﾝﾎﾞ,枚,0
59320011,ﾀﾞﾝﾎﾞｰﾙ  790X450X470(ﾄﾞﾚｽ箱2個入り),!ﾀﾞﾝﾎﾞ,枚,0
59320012,ﾀﾞﾝﾎﾞｰﾙ　550X810X370　ﾄﾞﾚｽ用ﾊﾟｯｷﾝ,!ﾀﾞﾝﾎﾞ,枚,0
59320013,A-1(S)ﾄﾞﾚｽ函(小-Ⅱ外装)内640x445x118,!ﾀﾞﾝﾎﾞ,,0
59320014,ﾌﾟﾗ段A式　800X500X480(ｱｲﾗｯﾌﾟ通箱),!ﾌﾟﾗﾀﾞ,ｹｰｽ,0
59320015,ﾌﾟﾗ段A式　800X500X250(ｱｲﾗｯﾌﾟ通箱),!ﾌﾟﾗﾀﾞ,ｹｰｽ,0
59320016,ﾄﾞﾚｽ函用外箱･特大･白 780x450x240三星,!ﾀﾞﾝﾎﾞ,ｹｰｽ,0
59320017,ﾄﾞﾚｽ箱(白)　650X445X128　　(三星),!ﾀﾞﾝﾎﾞ,ｹｰｽ,0
59320018,A式ｹｰｽ　1000x500x310(白),!ﾀﾞﾝﾎﾞ,枚,0
59320019,A式ｹｰｽ　1000x500x150(白),!ﾀﾞﾝﾎﾞ,枚,0
59320020,A式ｹｰｽ　820x560x310(白),!ﾀﾞﾝﾎﾞ,枚,0
59320021,ﾄﾞﾚｽ大箱(社名入り)ﾗﾎﾞ分　三星,!ﾀﾞﾝ,,0
59320022,A-1(S)ｳﾞｭﾊﾟﾘﾄﾞﾚｽ(特々大)外)750･515･3,!ﾀﾞﾝ,,0
59320023,A-1(S)OP5×K6(和服3枚用）690･380･80,!ﾀﾞﾝ,,0
59320024,ﾄﾞﾚｽ用160　三星,!ﾀﾞﾝ,,0
59320025,NO.2ｳﾞｭﾊﾟﾘ函特大(C式)②　増田,!ﾀﾞﾝ,,0
59320026,ｳﾞｭﾊﾟﾘﾄﾞﾚｽ函(特大)ﾌﾞﾙｰ③,!ﾀﾞﾝ,,0
59320027,呉服函(ﾀﾄｰ式)OP×5内690×380×40,!ﾀﾞﾝ,,0
59320028,品名台紙(台形)　150×269①,!ﾀﾞﾝ,,0
59320029,呉服函(凛匠堂本店)②蓋,!ﾀﾞﾝ,,0
59320030,NO.1ｳﾞｭﾊﾟﾘﾄﾞﾚｽ函(特々大)ﾌﾞﾙｰ③,!ﾀﾞﾝ,,0
59320031,A-1(S)OP5×K6和服3枚用大895･380･80,!ﾀﾞﾝ,,0
59320032,NO.3ﾄﾞﾚｽ函(小ｰⅢ)ｱｲｽﾐﾝﾄﾍﾞﾀ②,!ﾀﾞﾝ,,0
59320033,ﾀﾄｰ式ﾄﾞﾚｽ函(特大)荷造100set入外装,!ﾀﾞﾝ,,0
59320034,A-1(S)OP5×K6.内)740*430*80(呉服函7c,!ﾀﾞﾝ,,0
59320035,ﾀﾄｰ式ﾄﾞﾚｽ函(小-Ⅲ)荷造10set入外装,!ﾀﾞﾝ,,0
59720001,ﾀﾞﾝﾎﾞｰﾙ  780X460X460(ﾄﾞﾚｽ入･ざまみ),!ﾀﾞﾝﾎﾞ,枚,0
59820001,宮城用ﾊﾟｯｷﾝｹｰｽ　850x520x550(lot30枚),!ﾀﾞﾝﾎﾞ,枚,0
59820002,ﾄﾞﾚｽ用 茶ﾑｼﾞ大 820x505x574　(渡部),!ﾀﾞﾝﾎﾞ,s,0
59820003,ﾄﾞﾚｽ用　茶ﾑｼﾞ中　790X450X470(渡部),!ﾀﾞﾝﾎﾞ,s,0
59820004,ﾄﾞﾚｽ用　茶ﾑｼﾞ小　650X445X128(渡部),!ﾀﾞﾝﾎﾞ,s,0
59820005,着物用　茶ﾑｼﾞ　外650×445×256,!ﾀﾞﾝ,,0
59820006,ﾄﾞﾚｽ用　茶ﾑｼﾞ小160ｻｲｽﾞ760×450×360,!ﾀﾞﾝ,,0
59820007,着物用茶ﾑｼﾞ小外650×445×128渡部,!ﾀﾞﾝ,,0
59820008,ﾄﾞﾚｽ箱用　ﾌﾟﾗﾈｼﾞ白　増田紙器,!ﾌﾟﾗ,,0
59820009,S提手(大)白ﾊﾞﾝﾄﾞ　T裏座,!Sﾄ,,0
59820010,着物用茶印付 外650×445×256社名入り,!ﾀﾞﾝ,s,0
59820011,ﾊﾝｶﾞｰBOX160ｻｲｽﾞ印付･ｺﾝﾃﾅﾊﾞｰ3型(渡部,!ﾊﾝ,SET,0
59820012,着物用ﾔｯｺ内645*440*42白BF,!ｷﾓﾉ,SET,0
60000001,展示会経費,'ﾃﾝｼﾞｶ,,0
60000002,ｶﾀﾛｸﾞ写真撮影代,'ｼｬｼﾝ,点,0
60000003,VVF 2.0X2C 展示会電気工事ｹｰﾌﾞﾙ 100m,'VVF,巻,0
60000004,VVF 2.0X4C 展示会電気工事ｹｰﾌﾞﾙ 100m,'VVF,巻,0
60000005,ﾅｼｮﾅﾙ　WK1212　展示会用電気工事ｺﾝｾﾝﾄ,'ﾅｼｮﾅﾙ,,0
60000006,圧着端子 5.5ｰ5  展示会電気工事用,'ｱｯﾁｬｸ,,0
60000007,圧着端子 8ｰ5  展示会電気工事用,'ｱｯﾁｬｸ,,0
60000008,圧着端子 14ｰ6  展示会電気工事用,'ｱｯﾁｬｸ,,0
60000009,BJC 3303N  展示会電気工事分電盤用,'BJC,,0
60000010,圧着端子　2ｰ5M　展示会電気工事用,'ｱｯﾁｬｸ,,0
60000011,"展示会消耗品,備品",'ﾃﾝｼﾞｶ,,0
60000012,VA　2’X2C　展示会電気工事用,'VA,ｍ,0
60000013,BKC　35031K　展示会電気工事用,'BKC,,0
60000014,ﾅｼｮﾅﾙ ﾌﾞﾚｰｶｰ BSｰ1112 展示会用,'ﾅｼｮﾅﾙ,,0
60000015,ﾎｰﾑﾍﾟｰｼﾞ制作費用,'ﾎｰﾑﾍﾟ,,0
60010001,ﾕﾄﾘﾛｺｰﾄ　Ａ版　<70.5>　A4ｶｯﾀｰ,'ﾕﾄﾘﾛ,枚,0
60010002,ﾏﾙｳ　上質　<70>　8切　S入,'ﾏﾙｳ,枚,0
60010003,TOﾏｯﾄ  <93.5>  菊Ｙ目 A/3ｶｯﾀｰ,'TOﾏｯﾄ,枚,0
60010004,ｵﾊﾟｰﾙ 4/6<160>うす鼠Y目 A/3ｶｯﾀｰ4枚取,'ｵﾊﾟｰﾙ,枚,0
60010005,V846　装丁紙　ｿｰﾃﾙ,'ｿｳﾃｲｼ,箱,0
60010006,V894　OKﾌﾟﾘﾝｽ　210g,'OKﾌﾟﾘ,冊,0
60010007,ﾀﾞｲﾅﾌｫﾝﾄﾀｲﾌﾟ ﾐｭｰｼﾞｱﾑ100書体ｿﾌﾄ,'ﾀﾞｲﾅ,,0
60010008,HDD　SHDｰV4　　(ﾊｰﾄﾞﾃﾞｨｽｸ),'HDD,,0
60010009,ML98/96用大容量ﾄﾅｰｶｰﾄﾘｯｼﾞ ﾌﾞﾗｯｸ,'ML98,箱,0
60010010,JD-A4(両面紙･250枚)V595<BIZNET価格>,'JD,冊,0
60010011,"ML98/96用ｲﾒｰｼﾞﾄﾞﾗﾑ (ｲｴﾛｰ,ﾏｾﾞﾝﾀﾞ,ｼｱﾝ)",'ML98,箱,0
60010012,ﾀﾞｸﾄ透明  38  展示会用,'ﾀﾞｸﾄ,ｍ,0
60010013,"ML98/96用大容量ﾄﾅｰｶｰﾄﾘｯｼﾞ(青,赤,黄)",'ML98,箱,0
60010014,ﾆｭｰVﾏｯﾄ　A版　<57.5>　A/4ｶｯﾄ,'ﾆｭｰV,枚,0
60010015,ML9800/9600用定着器,'ML98,,0
60010017,NK特両面ｱｰﾄ  A3,'NKﾄｸ,冊,0
60010018,両面ｱｰﾄ  菊版Ｙ目<93.5>  A/3(250枚),'ﾘｮｳﾒﾝ,枚,0
60010019,ML98/96用廃ﾄﾅｰﾎﾞｯｸｽ　MLWTB-C3A,'ML98,箱,0
60010020,片特面ｱｰﾄＡ３,'ｶﾀﾄｸ,,0
60010021,JD-A3(両面紙･250枚)V598<BIZNET価格>,'JD,冊,0
60010022,NK特両面ｱｰﾄ　A4,'NK,冊,0
60010024,ML930/910用大容量ﾄﾅｰ(黒),'ML93/91,,0
60010025,ML930/910用大容量ﾄﾅｰ(黄･ﾏｾﾞﾝﾀﾞ･ｼｱﾝ,'ML930/910,,0
60010026,C841dn/C811dn用大ﾄﾅｰ(K),'C841,,0
60010027,C841dn/C811dn用大ﾄﾅｰ(Y・M・C),'ﾄﾅｰ,,0
60010028,ML9800/9600用廃ﾄﾅｰﾎﾞｯｸｽ,'ML9800,,0
60010029,"ML930/910用ｲﾒｰｼﾞﾄﾞﾗﾑ(B,C,Y,M)",'ML,,0
60010030,"C841dn/C811dn用ｲﾒｰｼﾞﾄﾞﾗﾑ(K,C,Y,M)",'C8,,0
60010031,ML910PS　廃ﾄﾅｰﾎﾞｯｸｽ,'ML,,0
60010032,ML9800-9600用ﾍﾞﾙﾄ,'ML,,0
60020001,社名入りタオル(260匁･中国ﾀｵﾙ),'ﾀｵﾙ,枚,0
60320001,"ｶﾀﾛｸﾞ しみぬきくんRS1,2型",'ｶﾀﾛｸﾞ,枚,0
62920001,ｶﾀﾛｸﾞ　検反機ﾊﾞｷｭｰﾑ　ﾁﾗｼ(5000枚),'ｶﾀﾛｸﾞ,枚,0
63120001,ｶﾀﾛｸﾞ しみぬきやさんRSｰ221(ﾛｯﾄ5000),'ｶﾀﾛｸﾞ,枚,0
63820001,デモ機,'ﾃﾞﾓｷ,,0
63920001,ｶﾀﾛｸﾞ(総合)ﾃｸﾉｼｬﾜｰ　5000部　(創文堂),'ｶﾀﾛｸﾞ,部,0
63920002,ｶﾀﾛｸﾞ(総合)しみぬきやさん　(足羽),'ｶﾀﾛｸﾞ,,0
68110001,ﾒﾁﾙｴﾁﾙｹﾄﾝ(MEK)　500ml,'ﾒﾁﾙｴﾁ,本,0
68110002,ﾃﾄﾗﾋﾄﾞﾛﾌﾗﾝ　500ml,'ﾃﾄﾗ,本,0
68120001,ｶﾀﾛｸﾞ　ﾗﾛｰｻﾞﾆｭｰR2000　ﾁﾗｼ,'ｶﾀﾛｸﾞ,枚,0
68120002,ｶﾀﾛｸﾞ　ﾗﾛｰｻﾞβ21＆Σ21　(ﾛｯﾄ10000),'ｶﾀﾛｸﾞ,枚,0
68120003,ｶﾀﾛｸﾞ　ﾗﾛｰｻﾞRｾﾂﾄ　ﾁﾗｼ　(特価),'ｶﾀﾛｸﾞ,枚,0
69520001,ｱｲﾗｯﾌﾟ ｶﾀﾛｸﾞ制作費  (ﾈｯﾄﾜｰｸ),'ｶﾀﾛｸﾞ,,0
69520002,ｱｲﾗｯﾌﾟD･P (5色刷､ﾌﾟﾚｽ引､立掛式脚付),'ｱｲﾗｯﾌ,,0
69520003,ｱｲﾗｯﾌﾟPOPｽﾀﾝﾄﾞﾃﾞｻﾞｲﾝ料　(ﾈｯﾄﾜｰｸ),'ｱｲﾗｯﾌ,,0
70000001,ﾕﾆﾌｫｰﾑ,#NAME?,,0
88110001,Ｎ2　(窒素ｶﾞｽ),*ﾁｯｿ,,0
89010001,ｵｲﾙﾊﾟｰﾏ　DU-12,*ｵｲﾙ,本,0
89010002,ﾊﾟｰﾏｸﾞﾘｽ　12-SF06,*ﾊﾟｰﾏ,個,0
89010003,真空ﾎﾟﾝﾌﾟｵｲﾙ(ﾌｧｲﾉｰﾙ100 2Lﾄｯﾃ付),*ｼﾝｸ,,0
89010004,ｸﾞﾘｰｽ(ｼｪﾙ) EP2(400g)　<誤発注分>,*ｸﾞﾘ,,0
89010005,ﾎﾟﾝﾌﾟｵｲﾙ　#100　2L,*ﾎﾟﾝﾌﾟ,,0
89010006,45　R5-063　ｵｲﾙﾌｨﾙﾀｰ,*45,,0
89010007,灯油　税込＠90　　(千代田),*ﾄｳﾕ,,0
89010008,灯油　　(ｴﾝｾﾞﾙ商店),*ﾄｳﾕ,L,0
89010009,New ｼｪﾙ ﾌﾞﾗｲﾄｿﾙ 200Ｌ入り(ｴﾋﾞｽ),*ｼｪﾙ,,0
89010010,窒素ｶﾞｽ　宇野酸素,*ﾁｯｿ,,0
89010011,灯油(名古屋)　ｴｻﾞｯｸｽ,*ﾄｳﾕ,,0
89010012,水抜剤500ML　千代田,*ﾐｽﾞ,,0
89110001,×ｶﾏﾄｰﾙ  20kg入り   (三浦工業･福井),*ｶﾏ,,0
89110002,ｴﾋﾞｽｼﾘｺｰﾝKJｰ35  4Kg入り,*ｴﾋﾞｽ,箱,0
89110003,ﾀﾋﾞﾉﾋﾞｰﾙ  400ml          恵美須,*ﾀﾋﾞ,,0
89110004,ﾎﾞｲﾗﾒｲﾄ MRｰ101(S) 11Kg,*ﾎﾞｲ,,0
89110005,ｿﾌﾃｨｰｺｰﾄ(均染剤)  4Kg入り,*ｿﾌ,,0
89110006,ｵｲﾙﾊﾟﾙ A-50T 最新ﾀｲﾌﾟ 20Kg入り,*ｵｲ,,0
89110007,×(工)炭酸ﾏｸﾞﾈｼｳﾑ　　500g使用×,*ﾀﾝｻ,Kg,0
89110008,×ｼｭｳ酸　　　500g　使用×,*ｼｭｳ,,0
89110009,ﾎﾞｲﾗﾒｲﾄ　IM-101(L) 10Kg,*ﾎﾞｲﾗ,,0
89110010,(工)ﾁｵ硫酸ｿｰﾀﾞ(ﾊｲﾎﾟ)      恵美須,*ﾁｵ,,0
89110011,移染防止剤　5L入り,*ｲｾﾝ,,0
89110012,(劇物)(食)過酸化水素35％(500g)恵美須,*ｶｻﾝ,,0
89110013,(劇物)ｷｼﾚﾝ　500ml,*ｷｼ,,0
89110014,ﾌﾞﾗｲﾄｿﾙ　税込@200　(千代田),*ﾌﾞﾗｲ,,0
89110015,(共)簡潔主義EVO　15kg入り,*ｶﾝｹﾂ,,0
89110016,直接染料　ｽｶｲﾌﾞﾙｰ5B　100ｇ,*ﾁｮｸ,,0
89110017,×クエン酸(25KG)(ﾂｰｴﾑ化成)使用×,*ｸｴ,,0
89110018,ﾊﾞﾘｴｰｽ　1L　佐川商事,*ﾊﾞﾘ,,0
89110019,賀谷ｾﾛﾌｧﾝ 蒸着 三方袋(無地) 600X1000,*ﾊﾞﾘｴｰ,缶,0
89110020,ｼｪﾙﾌﾞﾗｲﾄｿﾙ200Lﾄﾞﾗﾑ(ｴｻﾞｯｸｽ),*ｼｪﾙﾌﾞﾗｲﾄ,,0
89110021,ﾀｰｺﾞｰ　1Kg,*ﾀｰ,,0
89110022,ｼｪﾙﾌﾞﾗｲﾄｿﾙ　(名古屋),*ｼｪﾙ,,0
89110023,515　15Kg(ETI洗剤),*515,,0
89210001,賀谷ｾﾛﾌｧﾝ 蒸着 三方袋(無地) 600X1500,*ｻﾝﾎﾟｳ,枚,0
89210002,布団ﾛｰﾙ(LL) 0.03X800X400m,*ﾌﾄﾝ,枚,0
89210003,PPﾛｰﾙ　無地　目なし　　(恵美須),*LL,本,0
89210004,無地ﾀｯｸ　青　連続　　(ﾊﾔｶﾜ),*ﾑｼﾞ,,0
89210005,たとう紙 平判 白雲竜並 800X450,*ﾀﾄｳ,,0
89210006,たとう紙 平判 白雲竜並 800X600,*ﾀﾄｳ,枚,0
89210007,無地ﾀｯｸ、B型ﾚｼﾞﾀｯｸ　　　(ﾊﾔｶﾜ),*ﾑｼﾞ,枚,0
89210008,無地 蒸着三方袋 800X1000 (福研),*ﾀｯｸ,箱,0
89210009,ｻﾝｿﾚｽ SA2000  (脱酸素剤･300ｹ/ｹｰｽ),*ｻﾝｿ,,0
89210010,酸素検知紙   5000枚入/箱,*ｻﾝｿ,ケ,0
89210011,LLｶﾞｰﾒﾝﾄ 018×570/720×600,*LL,本,0
89210012,ｴｰｼﾞﾚｽ ZP-2000 250ｹ入    (垣見),*ｴｰｼﾞ,,0
89210013,ｴｰｼﾞﾚｽ ｱｲｰK7 (酸素ｾﾝｻｰ材料)   垣見,*ｴｰｼﾞﾚ,ｹｰｽ,0
89210014,福助ﾅｲﾛﾝﾎﾟﾘS-2B 120X170(酸素ｾﾝｻｰ用,*ﾌｸｽｹ,,0
89210015,ﾄﾞﾚｽｱｯﾌﾟ 440 S (100本入り)紳士用ｸﾛ,*ﾄﾞﾚｽ,枚,0
89210016,ﾄﾞﾚｽｱｯﾌﾟ 440 W 黒 (70本/1箱),*ﾊﾝｶﾞｰ,本,0
89210017,印刷　PEｶﾞｾﾞｯﾄ ｵｰﾊﾞｰ用 (CL商品用袋),*ｲﾝｻﾂ,本,0
89210018,ｼﾗｶﾜ　薄葉紙　4/6 <12>,*ｼﾗｶﾜ,本,0
89210019,HS440 ｸﾘｽﾀﾙ　(ﾊﾝｶﾞｰ200本入り),*ﾊﾝｶﾞｰ,枚,0
89210020,ｻﾝｿﾚｽ　SA-1000　500ｹ入/箱,*ｻﾝｿ,,0
89210021,様　ﾀｯｸ　(青･橙)　　(ﾊﾔｶﾜ),*ﾀｯｸ,ケ,0
89210022,ﾀｸﾞ 60X120 白 社名なし　(ｱｿﾎﾟﾘ),*ﾀｸﾞ,,0
89210023,文庫紙(はおり)菊 10枚入　　(ｱｿﾎﾟﾘ),*ﾌﾞﾝｺ,点￥,0
89210024,文庫紙 きもの用 　10枚入　(ｱｿﾎﾟﾘ),*ﾌﾞﾝｺ,枚,0
89210025,無地 LL 018X570/720X500m(20本単価)ｱｿ,*LL,枚,0
89210026,ｺｰﾄ用LL020×500×700,*ｺｰﾄ,枚,0
89210027,ﾈｯﾄｸﾘｯﾌﾟ　　(ｱｿﾎﾟﾘ),*ﾈｯﾄ,ｹ,0
89210028,ﾌｧｽﾅｰｶﾊﾞｰ,*ﾌｧｽﾅｰ,ケ,0
89210029,ｳﾚﾀﾝﾊﾝｶﾞｰｶﾊﾞｰ　500枚入,*ｳﾚﾀﾝ,ケ,0
89210030,×OPPﾈｸﾀｲ袋(ﾋﾓ付き)　500枚入　ｱｿﾎﾟﾘ,*OPP,袋,0
89210031,×ﾈｸﾀｲ用ｸﾘｯﾌﾟ　500ケ入り　　ｱｿﾎﾟﾘ,*ﾈｸﾀｲ,袋,0
89210032,ｾｰﾀｰ中紙　八切り　(2000枚),*ｾｰﾀｰ,ケ,0
89210033,×ｴﾙﾋﾟﾝ　(1000ｹ)　　ｱｿﾎﾟﾘ使用×,*ｴﾙﾋﾟﾝ,包,0
89210034,ﾄﾞﾗｲﾈｯﾄ細目　F付　M　400X600,*ﾄﾞﾗｲ,箱,0
89210035,ﾄﾞﾗｲﾈｯﾄ細目　F付　L　660X830,*ﾄﾞﾗｲ,枚,0
89210036,ﾄﾞﾗｲﾈｯﾄ　F付　桃　M,*ﾄﾞﾗｲ,枚,0
89210037,ﾄﾞﾗｲﾈｯﾄ　F付　桃　L,*ﾄﾞﾗｲ,枚,0
89210038,ﾄﾞﾗｲﾈｯﾄやや荒目　F付　M　400X600,*ﾄﾞﾗｲ,枚,0
89210039,無地PP立体015X600X600m,*ﾑｼﾞ,枚,0
89210040,無地PP017X330X1000m,*ﾑｼﾞPP,本,0
89210041,無地LL018X360X300m,*ﾑｼﾞ,本,0
89210042,ｻﾝﾃﾅｰ　A#85,*ｻﾝ,本,0
89210043,ｻﾝﾊﾞｹｯﾄ　#120NB,*ｻﾝ,ケ,0
89210044,H型ﾊﾝｶﾞｰ掛　1200型,*Hｶﾞﾀ,ケ,0
89210045,無地ｴﾘﾀﾃ付台紙(500枚入）,*ﾑｼﾞｴﾘ,台,0
89210046,無地不織布ﾛｰﾙ 600X250m 箱,*ﾑｼﾞﾌｼｮｸ,包,0
89210047,無地OPPﾃｰﾌﾟ付 Yｼｬﾂ用 500枚 ＠5.94/枚,*ﾑｼﾞ,本,0
89210048,無地OPPﾃｰﾌﾟ付ｾｰﾀｰ用中 500枚@11.79/枚,*ﾑｼﾞ,袋,0
89210049,ｱｲﾛﾝ滑り　470ml,*ｱｲﾛﾝ,袋,0
89210050,×ﾈｯﾄｸﾘｯﾌﾟ　　　(佐川商事)　使用×,*ﾈｯﾄ,本,0
89210053,目印ﾃｰﾌﾟ(9mmX50m巻)　赤,*ﾒｼﾞﾙｼ,箱,0
89210055,防水ｽﾌﾟﾚｰ　420ml,*ﾎﾞｳｽｲ,巻,0
89210056,仕上馬　中袖馬本体,*ｼｱｹﾞ,本,0
89210057,Wｸﾘｰﾆﾝｸﾞ加工証(ﾋﾓ付),*Wｸﾘ,台,0
89210058,撥水加工証(ﾋﾓ付)鳥　100枚,*ﾊｯｽｲ,袋,0
89210059,ﾃﾞﾗｯｸｽ加工証(ﾋﾓ付き)100枚,*ﾃﾞﾗｯｸｽ,袋,0
89210060,ﾆｭｰﾄﾞｸﾀｰｶｰﾄﾞ(ﾎﾞﾀﾝﾎｰﾙ付),*ﾆｭｰ,袋,0
89210061,SW-17　TAKASE　9mm　50ｹ入,*SW,袋,0
89210062,SW-17　TAKASE　11.5mm　50ｹ入,*SW,袋,0
89210063,ZW-17　WHITE　9mm　50ｹ入,*ZW,袋,0
89210064,ZW-17　WHITE　11.5mm　50ｹ入,*ZW,袋,0
89210065,ﾎｯｸ240,*ﾎｯｸ,袋,0
89210066,ﾎｯｸ254,*ﾎｯｸ,袋,0
89210067,PPｸﾗｳﾝｽｰﾊﾟｰﾊﾝｶﾞｰみやび,*ﾊﾝｶﾞｰ,袋,0
89210068,PPｴﾚｶﾞﾝｽﾊﾝｶﾞｰ ｴｺ黒(520入),*ﾊﾝｶﾞｰ,箱,0
89210069,ﾆｭｰYHﾊﾝｶﾞｰDX　(東ﾎﾟﾘ),*ﾊﾝｶﾞｰ,箱,0
89210070,YｼｬﾂｱｲﾃﾞｨｱﾊﾝｶﾞｰDX左向き,*ﾊﾝｶﾞｰ,箱,0
89210071,ﾊﾞｰｺｰﾄﾞﾀｯｸ用ｽｶｰﾄﾊﾝｶﾞｰ黒ﾛｯｸ　0091411,*ﾊﾝｶﾞｰ,箱,0
89210072,案内ｶｰﾄﾞ(真空ﾊﾟｯｸ用)　足羽印刷,*ｱﾝｱｲ,箱,0
89210073,ｽﾗｲﾄﾞｸﾘｯﾌﾟ500入　(㈱ｵﾘﾀﾆ),*ｽﾗｲﾄﾞ,,0
89210074,ｸﾘｯﾌﾟﾊﾝｶﾞｰ　400本入り090800㈱ｵﾘﾀﾆ,*ﾊﾝｶﾞｰ,,0
89210075,×ﾐﾆｳﾚﾀﾝ　500枚入　(㈱ｵﾘﾀﾆ)使用×,*ﾐﾆ,,0
89210076,ｼﾝﾌﾟﾙﾘｰﾄﾞﾊﾝｶﾞｰ　黒　520本入　(ﾏﾙｿｰ),*ﾊﾝｶﾞｰ,,0
89210077,石油用撥水加工剤ｺﾞｰﾙﾄﾞ1L（佐川商事）,*ｾｷﾕ,ｹｰｽ,0
89210078,既製文庫紙雲竜椿64内張台紙付(ｷﾝｾｲ,*ｷｾｲ,,0
89210079,ﾊｲﾊﾟｯｸC-1(ｵｰﾊﾞｰ)　佐川商事,*ﾊｲ,,0
89210080,はっすい太郎ｵｰﾙｺｰﾄ(16K)佐川商事,*ﾊｯｽｲ,,0
89210081,ｼｰﾙVieux Paris39×197(ひし型)丸岡,*ｼｰﾙ,,0
89210082,ｶﾐﾅｶﾞ　貝ﾎﾞﾀﾝｶﾊﾞｰﾜｲﾄﾞ,*ｶﾐﾅｶﾞ,,0
89210084,ﾃﾞｨｱﾊｰﾄ指示ﾀｸﾞ60×100白,*ﾀｸﾞ,,0
89210085,PEﾛｰﾙ巻020×600/1000×300m無地,*PE,,0
89210086,菊水No.2193雲竜紙白270×800,*ｷｸｽｲ,,0
89210087,上質紙(55)台紙270×788(増田,*ｼﾞｮｳ,,0
89210088,上質紙(70)台紙150×788(増田),*ｼﾞｮｳ,,0
89210089,ﾎﾞｽﾃｯﾁ針　10入/CS,*ﾎﾞｽ,,0
89210090,ﾎﾞｽﾃｯﾁ本体　HP-50,*ﾎﾞｽ,,0
89210091,ﾃﾞﾗｯｸｽﾘｰﾄﾞ 黒　240本/ｹｰｽ(ﾏﾙｿｰ,*ﾃﾞﾗ,,0
89210092,別注ﾀｯｸ(ﾄﾞﾚｽ･ﾀｷｼｰﾄﾞ)　(ｶｼﾏ,*ﾍﾞｯﾁｭ,,0
89210093,黒　修正剤(水性)(ｶｼﾏ,*ｸﾛ,,0
89210094,×HSﾗﾝﾄﾞﾘｰﾍﾟﾝ(ｶｼﾏ　使用×,*HS,本,0
89210095,筆　小黒毛･中　ｶｼﾏ,*ﾌﾃﾞ,,0
89210096,手造り和服･ゆかた用ﾊﾝｶﾞｰW1360,*ﾊﾝ,,0
89210097,MC-ｴﾚﾉﾝ(石油用)15㎏　静電気防止剤,*MC,,0
89210098,ﾘｽﾎﾞｯｸｽNo.1200ﾌﾞﾙｰ　2ｲﾝﾁｷｬｽﾀｰ付,*ﾘｽ,,0
89210099,上質紙(55)台紙　449×299,*ｼﾞｮｳ,,0
89210100,ﾎﾞﾀﾝｶﾊﾞｰ(四角)大　ｱｿﾎﾟﾘ,*ﾎﾞﾀﾝ,,0
89210101,泥汚れ用洗剤(10ｋｇ)　ﾂｰｴﾑ,*ﾄﾞﾛ,,0
89210102,ｶﾞｰﾒﾝﾄIC目無折込付無地014×600ｍ,*ｶﾞｰ,,0
89210103,ﾋﾟﾝﾁﾊﾝｶﾞｰ(黒)　320入(佐川,*ﾋﾟﾝﾁ,,0
89210104,指示ﾀｯｸ　若草　Wｸﾘｰﾆﾝｸﾞ,*ｼｼﾞ,,0
89210105,無地OPPﾃｰﾌﾟ付ｽﾎﾟｰﾂ用箱,*ﾑｼﾞ,枚,0
89210106,単式伝票　10冊3P,*ﾀﾝ,包,0
89210107,安全ﾋﾟﾝ　1号(ﾊﾞﾗ)1000ヶ,*ｱﾝ,包,0
89210108,ﾓｳﾌLL550×850強化剤箱,*ﾓｳﾌ,枚,0
89210109,ｽﾞﾎﾞﾝ用PP020×400×600 6/1UP,*ｽﾞﾎﾞﾝ,枚,0
89210110,ｾﾛﾃｰﾌﾟ15mm(10ｹ入),*ｾﾛ,包,0
89211111,既製文庫紙雲竜椿87内張台紙付(ｷﾝｾｲ,*ｷｾｲ,,0
89220002,ﾄﾞﾚｽ函(特大) 蓋･身(金箔押し､手提付),*ﾀﾞﾝ,,0
89220003,酸素ｾﾝｻｰ(ﾜﾀﾍﾞ) 1ﾛｯﾄ/5000枚  足羽印刷,*ｻﾝｿ,,0
89220004,二重丸ｼｰﾙ(青)       ﾜﾀﾍﾞ真空ﾊﾟｯｸ資材,*ｼｰﾙ,ﾛｯﾄ,0
89220005,二重丸変形ｼｰﾙ(青)   ﾜﾀﾍﾞ真空ﾊﾟｯｸ資材,*ｼｰﾙ,枚,0
89220006,WATABE WEDDING(ｼﾙﾊﾞｰ)ｼｰﾙ     ﾜﾀﾍﾞ用,*ｼｰﾙ,枚,0
89220007,無地ﾀｲﾌﾟ(ｼﾙﾊﾞｰ)ｼｰﾙ         ﾜﾀﾍﾞ用,*ｼｰﾙ,枚,0
89220008,ｾｰﾋﾞｯｸｽ  625X2000　(垣見),*ｾｰ,枚,0
89220009,ﾄﾞﾚｽ用化粧箱(小-Ⅱ),!ﾀﾞﾝ,,0
89220010,酸素ｾﾝｻｰ(ﾏｰｸ有or無)3000枚,*ｻﾝｿ,ｾｯﾄ,0
89220011,ﾗﾐﾈｰﾄ ﾄﾞﾚｽｶﾊﾞｰ 625X1850,*ﾗﾐﾈｰﾄ,枚,0
89220012,ﾄﾞﾚｽ用ﾊﾝｶﾞｰ軸　(ｼﾞｭﾗｺﾝ),*ﾄﾞﾚｽ,枚,0
89220013,ﾗﾐﾈｰﾄ ﾄﾞﾚｽｶﾊﾞｰ　625X1000,*ﾗﾐﾈｰﾄ,ケ,0
89220014,×ﾗﾐﾈｰﾄ 三方袋　800X1000　(日本ｼｰﾘﾝｸ,*ﾗﾐﾈｰﾄ,枚,0
89220015,ﾗﾐﾈｰﾄ　三方袋　625X600(ﾜﾀﾍﾞ仕様),*ﾗﾐﾈｰﾄ,枚,0
89220016,×ﾗﾐﾈｰﾄ三方紙800×1100ｍｍ　ｳﾞｨﾉ　使,*ﾗﾐﾈｰﾄ,枚,0
89220017,×ﾗﾐﾈｰﾄ　三方袋　625×1000　ｳﾞｨﾉ　使,*ﾗﾐﾈｰﾄ,,0
89220018,Vieux Parisｼｰﾙ39×197(ひし型)丸岡,*ﾗﾐﾈｰﾄ,,0
89220019,ﾗｲﾄ Hi Junior ﾎﾞｰﾙﾍﾟﾝ(CL用) (ﾊﾔｶﾜ),*ﾗｲ,本,0
89220020,PE無地平袋　#30×900mm×1200mm,*PEﾑｼﾞ,,0
89220021,×ﾗﾐﾈｰﾄ　三方袋　625×1000　日本ｼｰﾘﾝ,*ﾗﾐﾈｰﾄ,,0
89220022,×ﾗﾐﾈｰﾄ　ﾄﾞﾚｽｶﾊﾞｰ625×2000　日本ｼｰﾘﾝ,*ﾗﾐﾈｰﾄ,,0
89220023,×ﾗﾐﾈｰﾄ　ﾄﾞﾚｽｶﾊﾞｰ625×1850　日本ｼｰﾘﾝ,*ﾗﾐﾈｰﾄ,,0
89220024,×ﾗﾐﾈｰﾄ　三方袋　430×1100(日本ｼｰﾘﾝｸ,*ﾗﾐ,,0
89220025,×ﾗﾐﾈｰﾄ　三方袋　800×1100(日本ｼｰﾘﾝｸ,*ﾗﾐ,,0
89220026,ﾄﾞﾚｽ三方袋　ｻｲｽﾞ直し一式,*ﾄﾞﾚｽ,,0
89220027,ﾄﾞﾚｽ三方袋　625×1850ﾌﾞﾚｰﾝｽﾞﾊﾟｯｸ,*ﾄﾞﾚｽ,,0
89220028,ﾄﾞﾚｽ三方袋　625×2000(ﾌﾞﾚｰﾝｽﾞﾊﾟｯｸ),*ﾄﾞﾚｽ,,0
89220029,ﾄﾞﾚｽ三方袋　625×1000(ﾌﾞﾚｰﾝｽﾞﾊﾟｯｸ),*ﾄﾞﾚｽ,,0
89220030,ﾄﾞﾚｽ三方袋　800×1100(ﾌﾞﾚｰﾝｽﾞﾊﾟｯｸ),*ﾄﾞﾚｽ,,0
89220031,ﾄﾞﾚｽ三方袋　430×1100(ﾌﾞﾚｰﾝｽﾞﾊﾟｯｸ),*ﾄﾞﾚｽ,,0
89220032,取扱注意ｼｰﾙ　35×185　丸岡ｼｰﾙ,*ｼｰﾙ,,0
89410001,SUS304  ﾈｼﾞ込BU  2X1 1/4,*SUS,本,0
89410002,ﾃﾄﾛﾝﾌﾞﾚｰﾄﾞﾎｰｽ  32X41,*SUS30,P,0
89410003,ﾂﾙﾐ  PROｰ15U,*ﾃﾄﾛﾝ,M,0
89410004,手作りﾊﾝｶﾞｰ和服用　10本入ﾎﾜｲﾄ①,*ﾂﾙﾐ,P,0
89410005,ｻｰﾏﾙﾛｰﾙ紙 80*80*12 白,*ﾊﾝｶﾞｰ,本,0
89410006,ﾏｲﾃﾞｨｱ(ｽﾍﾟｱ),*ｻｰﾏﾙ,個,0
89410007,ｱﾀﾃｶﾄｰﾙﾘｷｯﾄﾞ77　640cc,*ﾏｲﾃﾞｨ,個,0
89410008,貝ﾎﾞﾀﾝｶﾊﾞｰﾜｲﾄﾞ 10箱/ｹｰｽ　(ﾏﾙｿｰ),*ｱﾀﾃｶ,本,0
89410009,第2工場CL消耗品,*ｶｲﾎﾞﾀ,箱,0
89410010,ｱｲﾗｯﾌﾟ受注書(A5 3PX50部X100冊ﾛｯﾄ)ｱｽﾜ,*ｱｲﾗ,,0
89640001,色掛け 修整 等(外注分),*ｲﾛ,,0
89640002,古着ｸﾘｰﾆﾝｸﾞ代　　　(H&F),*ｲﾛｶｹ,点,0
89640003,外注その他,*ｸﾘｰﾆﾝ,,0
89640004,灯油　　(りゅうせき),*ｼｭｳﾘ,,0
89710001,ﾄﾞﾗｲｿﾙﾍﾞﾝﾄﾊｲｿﾌﾄ　SND　(りゅうせき),*ﾄﾞﾗｲ,,0
89710002,ﾎﾞｲﾗﾒｲﾄ　IM-102　11KG　(三浦/沖縄),*ﾎﾞｲﾗ,,0
89710004,A･DP440W用 ｽﾞﾎﾞﾝﾊﾞｰ 100本/ｹｰｽ(ﾏﾙｿｰ),*ﾊﾝｶﾞｰ,本,0
89710005,ＬＰｶﾞｽ(GHP)　　(りゅうせき),*ｶﾞｽ,M3,0
89710006,ＬＰｶﾞｽ(事務所)　　(りゅうせき),*LPｶﾞｽ,Ｍ3,0
89710007,LPｶﾞｽ　(給湯器・ﾎﾞｲﾗｰ)りゅうせきｶﾞｽ,*ｶﾞｽ,M3,0
89710008,酸素系漂白剤　PC-1(20KG)　佐川,*PC,,0
89810001,OPPﾈｸﾀｲ袋　(500枚入/袋)　佐川商事,*OPP,袋,0
89810002,ﾈｸﾀｲｸﾘｯﾌﾟ　(500個入/箱)　　佐川商事,*ﾈｸﾀｲ,袋,0
89810003,毛布Ｗ　0.25X650X900　(100枚入),*ﾈｸﾀｲｸ,箱,0
89810004,ｸﾘｰﾝﾊﾟｯｸ(ｾｰﾀｰ用)黒　(100枚入),*ｸﾘ,枚,0
89810005,和服用台紙　(20枚入),*ｸﾘｰﾝ,枚,0
89810006,ﾍﾞﾝﾘﾗﾍﾞﾙ(ｿﾌﾄﾘﾝｽ加工) (1000枚入),*ﾜﾌｸﾖｳ,枚,0
89810007,ﾎﾟｹｯﾄﾊﾝｶﾁ(山型)　(300入),*ﾍﾞﾝﾘ,コ,0
89810008,ｴｺﾘﾀｰﾝﾊﾞｯｸ　紺　650*550,*ﾎﾟｹｯﾄ,箱,0
89810009,ｿﾌﾀｰｴｲﾄﾌﾟﾗｽ(2L)　　　佐川商事,*ｿﾌﾀ,本,0
89810010,PPｸﾗｳﾝｽｰﾊﾟｰﾊﾝｶﾞｰみやび　(東ﾎﾟﾘ),*ｿﾌﾀｰｴ,本,0
89810011,×PPｴﾚｶﾞﾝｽﾊﾝｶﾞｰ ﾓｰﾄﾞ　(東ﾎﾟﾘ)　使用,*ﾊﾝｶﾞｰ,箱,0
89810012,ﾍﾞﾝﾘｰﾗﾍﾞﾙ(ｶﾞｰﾄﾞ加工),*ﾊﾝｶﾞｰ,箱,0
89810013,ﾘﾝｸﾞｸﾘｯﾌﾟ　黒　(ﾊﾞﾗ),*ﾘﾝｸﾞ,箱,0
89810014,ｼﾞｭﾆｱﾊﾝｶﾞｰ (黒)　480　ﾏﾙｿｰ,*ﾊﾝｶﾞｰ,本,0
89810015,ｹﾞﾝﾌﾞ　蛍光増白剤(5kg),*ﾊﾝｶﾞｰ,本,0
89810016,お知らせﾗﾍﾞﾙ(ﾊﾝﾄﾞﾌｨﾆｯｼｭ)、(Wｸﾘｰﾆﾝｸﾞ),*ｹﾞﾝﾌﾞ,個,0
89810017,ﾎﾞﾀﾝ NO.19 黒 10m/m ４穴(50ｹ入),*ｵｼﾗｾﾗ,箱,0
89810018,ﾎﾞﾀﾝ NO.20 黒 11.5m/m ４穴(50ｹ入),*ﾎﾞﾀﾝ,袋,0
89810019,PPｶﾞｰﾒﾝﾄ ﾑｼﾞ 015X480/600X600m(ｻｶﾞﾜ),*ﾎﾞﾀﾝ,袋,0
89810020,Yｼｬﾂ立体ﾛｰﾙ015(017)X330X1000m無地ﾒﾅｼ,*PPｶﾞｰ,本,0
89810021,360ﾁｭｰﾌﾞ無地(017),*360,本,0
89810022,ｴﾙﾋﾟﾝ(透明)　1000入　　佐川/ｱｿﾎﾟﾘ,*ｴﾙ,箱,0
89810023,劇)ｱﾝﾓﾆｱ(1.8L),*ｱﾝﾓ,箱,0
89810024,しみ抜きﾗﾍﾞﾙ,*ｱﾝﾓﾆｱ,本,0
89810025,ｽｺｯﾁﾃｰﾌﾟ　赤,*ｼﾐﾇｷ,個,0
89810026,ｴｺﾊﾞｯｸ(LL),*ｴｺ,本,0
89810027,H型1000番控付①-⑩ﾀｯｸ(白)､(桃)､(橙),*H,枚,0
89810028,特殊ﾀｯｸN-1(急日時)､(再洗),*ﾄｸ,箱,0
89810029,別製E型長方形<ﾌﾟﾚﾐｱﾑ>若草,*ﾍﾞｯｾｲ,,0
89810030,文庫紙(三つ折)中紙台紙付　(佐川商事),*ﾌﾞﾝｺ,箱,0
89810031,ｳﾚﾀﾝｶﾊﾞｰ,*ｳﾚﾀ,枚,0
89810032,ﾉｳﾞｧﾃｯｸ(420ml)<防水ｽﾌﾟﾚｰ>,*ﾉｳﾞｧ,枚,0
89810033,ﾏｯｸｽ針10-5M　　(佐川商事),*ﾏｯｸ,本,0
89810034,×(食)クエン酸　25kg　(恵美須)使用×,*ｸｴ,箱,0
89810035,(共)シワ取り名人ハード　10kg,$ｼﾜﾄﾘ,kg,0
89810036,×(共)万能洗択　10kg入り　(恵美須)使,$ﾊﾞﾝﾉ,,0
89810037,×ﾘﾝｸﾞﾌｫｰﾏｰＬ　ｵﾘﾀﾆ　　(佐川商事),*ﾘﾝｸﾞ,,0
89810038,ｱｲﾄﾞﾏ　しみぬき済証　1000枚入,*ﾘﾝｸﾞ,本,0
89810039,不織布ﾛｰﾙ無地LW135 20 02*600*250,*ｼﾐﾇｷ,箱,0
89810040,新T型1000番20行三連式①~⑩各色(別製,*ﾍﾞｯｾｲ,本,0
89810041,別製B大型無地ﾀｯｸ白「付属品」,*ﾍﾞｯｾｲ,箱,0
89810042,赤ﾏｰｸ針状石鹸(15K)　(佐川商事),*ｱｶﾏｰｸ,箱,0
89810043,ﾆｭｰﾌｧｲﾝ,*ｱｶﾏｰｸ,袋,0
89810044,ﾍﾞｰﾙﾜﾝ,*ﾆｭｰﾌｧ,本,0
89810045,純白ﾛｰﾙ紙(4000入り),*ｼﾞｭﾝ,本,0
89810046,椿柄雲竜文庫紙(三ッ折)　　(佐川商事),*ｼﾞｭﾝ,箱,0
89810047,布団袋　03*750*1100,*ﾌﾄﾝ,枚,0
89810048,文庫紙(二つ折)中紙台紙付　(佐川商事),*ﾌﾄﾝ,枚,0
89810049,ｻﾆﾀﾘｰｿﾞﾙｽﾌﾟﾚｰ(420ml),*ｻﾆ,枚,0
89810050,布団袋(L-2) 04*1000*1300,*ﾌﾄﾝ,本,0
89810051,×ﾎﾞｲﾗﾒｲﾄ IM-201(11kg)　　(佐川)使用,*ﾎﾞｲﾗ,,0
89810052,あらびき天日塩(25kg)　　(佐川),*ｱﾗﾋﾞ,,0
89810053,ｸﾘｰﾝﾊﾟｯｸ(ｶｯﾀｰ用)ﾌﾞﾙｰ　100枚入り,*ｸﾘ,,0
89810054,T型1000番控付①-⑩ﾀｯｸ(緑),*Tｶﾞ,枚,0
89810055,特注和服ﾊﾝｶﾞｰ W1355　色:ﾎﾜｲﾄ,*Tｶﾞﾀ,箱,0
89810056,ｽｶｲﾊﾟｯｸ025Ｙｼｬﾂ用　(佐川商事),*ｽｶｲ,本,0
89810057,PPｶﾞｰﾒﾝﾄ 015X480/600X600m無地(旭),*PP,枚,0
89810058,ｴｺ布団小　015x650x950mm　(佐川商事),*ｴｺ,枚,0
89810059,台紙付ｶﾗｰﾎﾙﾀﾞｰ(500入)無地S,*ﾀﾞｲｼ,枚,0
89810060,DMLL330ﾊｰﾌYｼｬﾂ目ﾅｼ1000m無地　(東ﾎﾟﾘ),*ﾀﾞｲｼ,箱,0
89810061,ﾊﾟﾌｺﾃ　小　純正　　(佐川商事),*ﾊﾟﾌﾃ,,0
89810062,ﾎﾞｲﾗﾒｲﾄ　IM-201　11KG　　(三浦/宮城),*ﾎﾞｲﾗ,個,0
89810063,一般ｶﾗｰﾎﾙﾀﾞｰ(2500入り)　　　佐川商事,*,,0
89810064,上下ﾗｲﾝＴ型控付①ｰ⑩ﾀｯｸ(各色)(佐川),*ｼﾞｮｳ,箱,0
89810065,Eｻｰﾏﾙﾛｰﾙ(白)　48入　　　佐川商事,*ｼﾞｮｳｹ,箱,0
89810066,×ﾊｲﾄﾞﾛｻﾙﾌｧｲﾄ　500g　　(佐川商事),*ﾊｲﾄﾞﾛ,,0
89810067,SPB袋　洋布団特　018x750x1000　(佐川,*SPB,瓶,0
89810068,ｴｺ布団特大　018x900x1200,*ｴｺ,枚,0
89810069,ﾊｲｼﾞｭﾆｱﾎﾞｰﾙﾍﾟﾝ　　佐川＠/ﾊﾔｶﾜ＠,*ﾊｲ,本,0
89810070,SC-1 黒 (ｼｮﾙﾀﾞｰﾁｪﾝｼﾞﾊﾝｶﾞｰ)　佐川商事,*SC,本,0
89810071,別製新T型20行控付①-⑩三連DWEF緑線,*ﾍﾞｯｾｲ,本,0
89810072,不織布ﾛｰﾙ無地Ｍ　600x250　(佐川),*ﾌｼｮｸ,箱,0
89810073,SC-1 ｼｮﾙﾀﾞｰﾁｪﾝｼﾞﾊﾝｶﾞｰ DP-52D　(ｵﾘﾀﾆ),*ﾊﾝｶﾞｰ,本,0
89810074,×ﾀｯｸｵﾌ(粘着防止剤ｽﾌﾟﾚｰ)　使用×,*ﾀｯｸ,本,0
89810075,ﾋﾟﾝﾁﾊﾝｶﾞｰDT　720本/1ｹｰｽ　　ﾏﾙｿｰ,*ﾊﾝｶﾞ,,0
89810076,ｼﾝﾌﾟﾙﾘｰﾄﾞS　520本入/1ｹｰｽ　　ﾏﾙｿｰ,*ﾊﾝｶﾞｰ,ｹｰｽ,0
89810077,ｽｶｲﾊﾟｯｸ025ｽﾞﾎﾞﾝ用(各色)　　佐川商事,*ｽｶｲ,ｹｰｽ,0
89810078,PPみやびﾊﾝｶﾞｰ240本入(佐川商事),*ﾊﾝｶﾞｰ,箱,0
89810079,PPﾓｰﾄﾞﾊﾝｶﾞｰ(黒)520本入(佐川1箱当たり,*ﾊﾝｶﾞｰ,箱,0
89810080,ﾆｭｰYHﾊﾝｶﾞｰDX(黒)1000本入　(佐川商事),*ﾊﾝｶﾞｰ,箱,0
89810081,棒石鹸(ｱｶｹﾞﾝ)　1K　　　佐川商事,*ﾎﾞｳ,,0
89810082,PP 014x480/600x600m無地･目無し(旭),*PP,本,0
89810083,×劇)過酸化水素(500g)　　　佐川商事,*ｻｶ,,0
89810084,ﾐﾆｳﾚﾀﾝ(ｸﾞﾚｰ) 500入　　(佐川商事),*ﾐﾆ,枚,0
89810085,×劇)過酸化水素35%(20kg)　　佐川使用,*ｶｻ,,0
89810086,ﾊｲﾊﾟｯｸＦ(ｾﾋﾞﾛ)　　佐川商事,*ﾊｲ,個,0
89810087,PPﾊｰﾌYｼｬﾂ330ﾛｰﾙ無地目ﾅｼ017x330x1000m,*PP,枚,0
89810088,×ｱｾﾄﾝ　(500ml)　　　(佐川商事)　使,*ｱｾ,本,0
89810089,×ｼﾞﾒﾁﾙﾎﾙﾑｱﾐﾄﾞ(500ml)　　(佐川商事),*ｼﾞﾒ,瓶,0
89810090,×ﾃﾞｽﾋﾟｱ　　　(佐川商事)　使用×,*ﾃﾞｽ,瓶,0
89810091,ﾎｯｸｶﾊﾞｰ(大のみ)　　(佐川商事）,*ﾎｯｸ,本,0
89810092,ﾁｵ硫酸ﾅﾄﾘｳﾑ(500g)　　(佐川商事),*ﾁｵ,箱,0
89810093,細字用両用ｻｲﾝﾍﾟﾝ(5本入り)　佐川商事,*ﾎｿ,本,0
89810094,原塩（25ｋｇ）　佐川商事,*ｹﾞﾝ,,0
89810095,YAC CPS-30胴立てｶﾊﾞｰ上　佐川商事,*YAC,袋,0
89810096,YAC　CPS-30胴立てｶﾊﾞｰ下　佐川商事,*YAC,,0
89810097,掛棒　佐川商事,*ｶｹ,,0
89810098,ﾃﾞﾗｯｸｽﾈｸﾀｲﾌｫｰﾏ　佐川商事,*ﾃﾞﾗ,,0
89810099,別注<確認票> (白/ｽﾐ1C) 27*120,*ﾍﾞｯﾁｭ,,0
89810100,ﾊﾟｯﾄ　434×631　AF　渡部紙業,*ﾊﾟｯﾄ,,0
89810101,×ｼﾞﾒﾁﾙﾎﾙﾑｱﾐﾄﾞ(500ml)　佐川商事使用,*ｼﾞﾒ,,0
89810102,安全ﾋﾟﾝ0号(ｽﾅｯﾋﾟﾝ)　佐川商事,*ｱﾝｾﾞﾝ,,0
89810103,HSﾗﾝﾄﾞﾘｰﾍﾟﾝ(ﾉｯｸ式)　佐川＠/,*HS,本,0
89810104,油洗王(16L)　佐川商事,*ﾕｾﾝ,,0
89810105,ｶﾞｽ料(伊藤忠),*ｶﾞｽ,,0
89810106,PPｶﾞｾﾞｯﾄｶﾊﾞｰ無地目ﾅｼ(014･015),*PP,,0
89810107,ﾊﾟﾌﾃｺｶﾊﾞｰ　佐川商事,*ﾊﾟﾌ,,0
89810108,ﾊﾟﾌﾃｺｽﾎﾟﾝｼﾞ　佐川商事,*ﾊﾟﾌ,,0
89810109,過酸化水素　容器,*ｶｻﾝ,,0
89810110,窒素(M3)　宮城　伊藤忠工業ｶﾞｽ,*ﾁｯｿ,m3,0
89810111,ﾌﾘｰﾊﾞｯｸﾞ中(紺)670×470×200,*ﾌﾘｰ,,0
89810112,背広袋(無地)02×450×650,*ｾﾋﾞﾛ,枚,0
89810113,ｽｶｲﾊﾟｯｸ25背広用無地,*ｽｶｲ,枚,0
89810114,H型(切りやすい)控付ﾀｯｸ①～⑩10000点,*H,,0
89810115,B型無地ﾀｯｸ　各色,*B,,0
89820001,別注<加工票> (白/ｽﾐ1C) 30*100,*ﾍﾞｯﾁｭ,点,0
89820002,ｸﾘｰﾆﾝｸﾞ依頼票(ﾛｯﾄ50冊/30冊@1150),*ｸﾘ,点,0
89820003,指示ﾀｸﾞ 60X100 白 左穴ｱﾘ ｹｰｱｲ(ｱｿﾎﾟﾘ),*ﾀｸﾞ,冊,0
90000000,値引き(仕入),$ﾈﾋﾞｷ,,0
90000001,修理･修繕代,"ｼｭｳ""",,0
90000002,廃液／廃棄　処分料,"ﾊｲ""",,0
90000003,送料梱包設置費用,"ｿｳ""",,0
90000004,金型改造費,"ｶﾅ""",式,0
90000005,金型一式  ﾌﾟﾗﾝｼﾞｬｰﾒﾀﾙ 3π (日新),"ｶﾅ""",式,0
90000006,金型管理費,"ｶﾅ""",,0
90200001,EXｶﾞﾝ　BLﾎﾞﾄﾙ金型(1個取),"""EX",面,0
98210001,HIOKIﾊﾟﾜｰﾊｲﾃｽﾀ(測定機械),"""HIO",,0
99910016,ｻﾝﾄﾞｲｯﾁﾌﾟﾚｽ　YZK-122A（ﾜｲｴｲｼｲ）,"ｻﾝﾄﾞ""",台,0
99910017,ｳｪｯﾄ用全自動洗濯機WN222DW(ﾂｰｴﾑ化成),"ｳｪｯﾄ""",,0
99910018,NC-750型立体自動包装機(日本ｼｰﾘﾝｸﾞ,"NC""",,0
99910019,K-700(立体ﾊﾟﾌ)改良型　広洋,"K""",,0
99910020,ﾊﾟﾝﾂﾄｯﾊﾟｰYZL-603A　ﾜｲｴｲｼｲ,"ﾊﾟﾝﾂ""",,0
99910021,人体ﾌｫｰﾏｰｱｰﾑ付YJK-016A(ﾜｲｴｲｼｲ),"ｼﾞﾝ""",,0
99910022,ｽﾋﾟﾝｳｫｯｼｭ(大型)SW(白馬館),"ｽﾋﾟﾝ""",,0
99910023,人体ﾌｫｰﾏｰ　ｱｰﾑ無　YJK-016B(ﾜｲｴｲｼｲ),"ｼﾞﾝ""",,0
99910024,縦型ﾊﾟﾌﾎﾞｰﾄﾞ　NPB-930　200V(直本工業,"ﾀﾃ""",,0
99910025,業務用洗濯機(大型ｳｪｯﾄ)NW-37-002-M(深,"ｷﾞｮｳ""",,0
99910026,全自動ﾄﾞﾗｲｸﾘｰﾆﾝｸﾞ機(FUD-01)(深見製作,"ｾﾞﾝ""",,0
99910027,業務用洗濯機(大型ｳｪｯﾄ)NW-37-001M(深,"ｷﾞｮｳ""",,0
99999999,,,,0
